Number of peaks,Avg Prominence,Max Prominence,Std Prominence,Avg h Width,Max h Width,Std h Width,Number of drops,Avg Drop Depth,Max Drop Depth,Std Drop Depth,Avg l Width,Max l Width,Std l Width
2,5.233990747761837,8.979209237488504,3.7452184897266676,1134.1139429709242,2149.448549150627,1015.334606179703,2,6.230358884120335,12.078307650277452,5.847948766157117,1247.540394224858,2410.723154478463,1163.1827602536052
2,4.02665368875024,7.771023351337504,3.744369662587264,1099.5128372125428,2170.0256744250855,1070.5128372125428,2,0.008269887395190523,0.009298730309510006,0.0010288429143194833,4.5,7.0,2.5
3,7.50375433823923,17.000480026217588,6.736386263834682,1181.7249653496092,2758.66254742871,1120.0071654483263,3,5.965836077326678,17.888094753965404,8.430310169706484,1060.9881534849358,3173.9644604548075,1494.099930919845
2,1.6609019143825172,3.301796434553232,1.6408945201707148,729.2073647669099,1456.4147295338198,727.2073647669099,3,5.4610761591920705,16.255567091769606,7.63291391982171,1928.0733875548885,5698.220162664666,2666.0325116050863
2,2.7082339432574685,2.9874060623296828,0.2791721190722143,376.87687766150185,405.7537553230037,28.87687766150185,3,0.12098900820129543,0.3077441915529917,0.1331284510256081,73.33333333333333,202.0,90.98107251266912
3,0.8527312354383128,1.6928382814951703,0.6889281151984431,752.5390664034463,1870.09268659813,803.3012991242691,3,2.1992797842587515,6.49739877257057,3.0394996905886855,1293.1849042653682,3676.9428192190635,1687.04377818703
3,0.8592115077115446,2.454184306422462,1.1279180275692242,129.414143362416,342.24243008724807,150.6008183303807,3,2.051906503368926,6.0552789299010925,2.8311023194163143,1150.8377664236975,3249.9014056940514,1485.934013279468
2,11.681315712284583,17.960730826531027,6.279415114246444,2234.449605967883,3489.990274459819,1255.540668491936,3,5.0107036732568195,14.938706027499585,7.020187356538436,942.6686485779878,2764.0059457339635,1288.0290272372426
0,0.0,0.0,0.0,0.0,0.0,0.0,0,0.0,0.0,0.0,0.0,0.0,0.0
1,0.07340657062896838,0.07340657062896838,0.0,19.0,19.0,0.0,1,0.04903918260763618,0.04903918260763618,0.0,6.0,6.0,0.0
2,0.06594689844975576,0.07340657062896838,0.0074596721792126175,11.0,19.0,8.0,2,1.3635471879390124,2.4625172151216645,1.0989700271826521,1004.2306800063354,1760.9824803277456,756.7518003214102
2,0.06594689844975576,0.07340657062896838,0.0074596721792126175,11.0,19.0,8.0,2,0.06130703048687103,0.08685606614817942,0.025549035661308395,35.5,68.0,32.5
2,7.411689708966762,14.650735832932718,7.239046123965956,1101.1120507416733,2197.2241014833467,1096.1120507416733,2,7.466396173838278,14.86521955018812,7.398823376349843,1398.1566582714406,2785.3133165428812,1387.1566582714406
2,7.292420807501756,14.412198030002706,7.11977722250095,1091.953562032588,2178.907124065176,1086.953562032588,2,7.5442525605037085,15.020932323518982,7.476679763015274,1403.0370513367307,2795.0741026734613,1392.0370513367307
2,8.663044845544217,17.232002674406814,8.568957828862597,1220.7071522727858,2410.4143045455717,1189.7071522727858,2,0.5489413821876523,1.096878948851277,0.5479375666636246,781.4020710881036,1557.8041421762073,776.4020710881036
2,9.666532420273295,16.404388956888518,6.737856536615222,1446.5408763453993,1968.2331433493503,521.6922670039509,2,4.8960111777155175,9.791018539907007,4.89500736219149,1770.1512796890229,3535.3025593780458,1765.1512796890229
2,3.3152120618502092,6.611906563004968,3.296694501154759,1486.466514241446,2966.933028482892,1480.466514241446,2,1.3874041832155335,2.7391773324042425,1.351773149188709,1421.2746911326649,2809.5493822653298,1388.2746911326649
2,1.196780101430095,2.289604894854417,1.092824793424322,290.2040911077629,567.4081822155258,277.2040911077629,2,2.1459312039091607,3.206471280082411,1.0605400761732504,1929.7885468251284,2898.1209034877734,968.332356662645
2,6.016992713491744,9.128070371929685,3.1110776584379405,2063.1377733244626,2359.9573238153594,296.81955049089675,2,3.5023973335544802,6.993105102835468,3.490707769280988,1536.3728071331143,3065.7456142662286,1529.3728071331143
2,6.356152010684598,9.128070371929685,2.7719183612450866,2285.1788013268315,2359.9573238153594,74.77852248852787,2,3.5023973335544802,6.993105102835468,3.490707769280988,1536.3728071331143,3065.7456142662286,1529.3728071331143
3,2.33895438005372,6.993105102835468,3.2909817530153953,1509.8645982766375,4485.593794829912,2104.1608285196417,2,0.17911332236854438,0.3161738470269704,0.137060524658426,145.5,282.0,136.5
3,0.001402007141836729,0.0019175345814197442,0.0006273871574512039,5.666666666666667,7.0,1.8856180831641267,3,0.32669838610660307,0.9465070512490605,0.43845574027112727,776.9922651988571,2045.9767955965713,901.2781863522235
3,0.16164715145504496,0.4768951306904263,0.22291797184160714,158.27384032480253,436.8215209744076,197.3433687703673,2,0.2336326251428451,0.4348805512923146,0.2012479261494695,696.2773706852155,1146.554741370431,450.2773706852155
3,0.16164715145504496,0.4768951306904263,0.22291797184160714,158.27384032480253,436.8215209744076,197.3433687703673,2,0.2336326251428451,0.4348805512923146,0.2012479261494695,696.2773706852155,1146.554741370431,450.2773706852155
2,1.68320451963835,3.1902551686395313,1.5070506490011812,1904.7008105383334,3612.4016210766667,1707.7008105383334,3,0.09483359677727303,0.24036959803724045,0.10395341508872333,247.33333333333334,690.0,313.05093657245123
3,0.5926686546746479,1.5229972413209225,0.6590398238357459,597.4154099262502,1576.2462297787504,695.942205655919,3,2.0343714391644085,4.052590127071385,1.643205547328203,2197.4171072012014,4745.994999200709,1949.9426890976777
2,2.7960337862702396,5.534409544297098,2.7383757580268586,1214.0967298343191,2419.1934596686383,1205.0967298343191,3,1.0739514438219668,2.4240021862521584,1.001613018928136,806.0945066774356,1531.2506752603176,622.6069157228789
2,0.010125596157209316,0.01076952168173051,0.0006439255245211939,3.0,4.0,1.0,2,3.9470213284109192,7.683112116235947,3.7360907878250273,2262.2552872563383,4186.633444376271,1924.3781571199327
3,25.413525819185946,75.42430764360593,35.363459530406224,1799.7220650985255,5381.1661952955765,2532.464615520117,2,0.2547613973305065,0.33247474059533744,0.07771334326483093,82.0,92.0,10.0
3,3.636961680539661,9.438390228541941,4.102708104034066,340.620093200777,935.8602796023309,421.21503584314866,3,0.6994812534525797,1.9491458914455073,0.8840860393053103,201.76741814271614,440.825258040938,174.33750563418877
3,0.2978765192275314,0.8454189388349569,0.38749446740847265,66.66666666666667,191.0,87.92547349254873,2,1.435109464147878,2.6029926510421717,1.1678831868942936,1636.7521055716452,2674.2431537870452,1037.4910482154
3,1.224538852484886,1.9491458914455073,0.512558492139403,696.4760582208154,1533.4941726374118,596.1055567382044,3,0.9019688772406127,2.6029926510421717,1.203235751291465,911.4143845956818,2674.2431537870452,1246.6889353046474
3,0.20031547407936756,0.3457495577298815,0.12736561657958992,91.0,142.0,48.92851929090027,3,1.714304802806642,5.1216862202168265,2.409382867273437,1858.3962093069667,5541.1886279209,2604.1491251398793
3,0.8935368894227137,2.351496170060681,1.034293878214799,279.17100217549887,715.5130065264966,312.0307234560774,3,1.3989198615525023,4.1755313964544065,1.9633612879777893,715.5155298016026,2112.546589404808,987.9071603216033
2,4.190221335214243,7.828995064052613,3.6387737288383697,1836.9946288722044,3483.989257744409,1646.9946288722044,2,1.7648364771953862,3.5226486115477798,1.7578121343523936,1015.2953797328018,2026.5907594656037,1011.2953797328018
2,2.6934140683489147,5.066879147454358,2.3734650791054435,2204.534598302309,3784.069196604618,1579.534598302309,2,20.72107103635743,37.807438297787954,17.086367261430524,2695.3148147362363,3408.054511033861,712.739696297625
3,1.5046788478007898,3.666078222019266,1.551911145619481,605.254500742319,1574.1494404583054,691.1667294589392,3,2.3709021959976084,7.053348224968957,3.31100177547788,1088.7607478713526,3242.2822436140577,1522.7716231638115
2,9.463371763905656,18.91301381114748,9.449642047241824,1066.7052428814195,2130.410485762839,1063.7052428814195,3,2.35597012398368,7.053348224968957,3.3215490901820597,1084.7607478713526,3242.2822436140577,1525.6000466360506
2,4.005408257431892,7.976799299805037,3.9713910423731456,609.5850616204334,1209.1701232408668,599.5850616204334,2,0.18259705902884704,0.36185544555841176,0.17925838652956472,43.0,83.0,40.0
2,0.02750007480354455,0.03262240519461557,0.005122330391071017,10.0,10.0,0.0,2,0.4843135806172718,0.6252862177069751,0.1409726370897033,639.3725165443257,1092.8612514985016,453.4887349541759
2,3.4604498199362084,5.76335083239195,2.3029010124557416,851.3155512357753,1548.6255982089115,697.3100469731362,2,3.876019212184932,6.698142134869727,2.8221229226847946,2428.418910821573,3592.138450841906,1163.719540020333
2,11.564053030330747,11.686759862614707,0.12270683228395995,3093.970883924513,4092.012949580514,998.0420656560007,2,0.8115497686971089,1.5959872382311744,0.7844374695340655,557.3846308865553,1108.7692617731107,551.3846308865553
2,7.310653316816925,11.53551386297417,4.224860546157245,1467.8406732193716,1978.2617896996599,510.4211164802882,2,17.93534555033906,24.429344902631335,6.493999352292274,2166.8634132129164,2420.678964689736,253.81555147681934
1,7.045477757250481,7.045477757250481,0.0,1369.7990806690368,1369.7990806690368,0.0,2,17.5112073234289,24.429344902631335,6.918137579202437,2042.807762270278,2420.678964689736,377.871202419458
1,26.64117934764399,26.64117934764399,0.0,3445.92449292136,3445.92449292136,0.0,1,0.005006752195132691,0.005006752195132691,0.0,52.0,52.0,0.0
1,9.226906075859944,9.226906075859944,0.0,1360.317729530949,1360.317729530949,0.0,1,40.052302114856566,40.052302114856566,0.0,1519.0990631725376,1519.0990631725376,0.0
1,9.292320756478134,9.292320756478134,0.0,1366.4842498642342,1366.4842498642342,0.0,1,38.257074705006325,38.257074705006325,0.0,1361.956183054718,1361.956183054718,0.0
1,10.149202837281045,10.149202837281045,0.0,1664.229202681068,1664.229202681068,0.0,1,1.4869612314453136,1.4869612314453136,0.0,859.7755742161976,859.7755742161976,0.0
2,6.47137457729157,11.997848253028934,5.526473675737364,1527.9564909998114,2911.912981999623,1383.9564909998114,1,3.02075237362353,3.02075237362353,0.0,593.0,593.0,0.0
3,1.7085665303934736,3.02075237362353,0.993362390949962,674.417779229798,1127.3452529222068,339.79528214157045,2,1.3841177154606417,2.7543715052942552,1.3702537898336136,403.0889970867329,803.1084912861397,400.01949419940684
2,7.4736249149583,14.91868055524391,7.445055640285609,912.7153946427027,1804.4307892854054,891.7153946427027,2,4.214955259561425,8.143551575130665,3.9285963155692407,1835.656605730659,3450.1987983563026,1614.5421926256436
2,1.8789124052821364,2.826340985894632,0.9474285806124954,350.258649826053,592.517299652106,242.258649826053,2,15.9232511697098,30.388333414816664,14.465082245106863,1845.1735340980952,3055.754310166876,1210.580776068781
2,1.4834108356488258,2.826340985894632,1.342930150245806,314.758649826053,592.517299652106,277.758649826053,2,15.24126022875446,30.388333414816664,15.147073186062205,1530.877155083438,3055.754310166876,1524.877155083438
2,12.545685060439574,22.265029134984516,9.719344074544942,2187.761765386911,3783.0062311217152,1595.2444657348044,2,8.082706934198097,16.07122682570394,7.988519891505842,845.5719163579686,1685.1438327159372,839.5719163579686
2,0.10984054135092691,0.17811445592984398,0.06827391457891707,11.0,18.0,7.0,2,24.905731391301003,46.86751052139209,21.961779130091088,2496.156183723078,4769.038109981151,2272.8819262580732
2,13.784369117101619,21.177398021997917,7.393028904896298,1932.6098684396118,2549.9820287121893,617.3721602725775,2,1.024196142441113,2.0210818129964565,0.9968856705553435,264.781068599666,509.562137199332,244.781068599666
2,12.616573730913174,21.177398021997917,8.560824291084742,1456.9910143560944,2549.982028712189,1092.9910143560944,2,6.74214205567457,13.45697363946337,6.714831583788801,812.6116691097482,1605.2233382194963,792.6116691097482
2,11.346843326676193,21.05898591667129,9.712142589995096,1375.5558306453968,2544.566838692252,1169.0110080468553,2,6.734311472391539,13.45697363946337,6.722662167071832,803.6116691097482,1605.2233382194963,801.6116691097482
2,6.898076599861888,13.45697363946337,6.558897039601483,813.386713739621,1549.773427479242,736.386713739621,2,14.800405694989298,29.051403956866643,14.250998261877346,1746.9693291257636,3352.938658251527,1605.9693291257636
2,11.611574212820209,20.888306712466033,9.276732499645824,606.356898051506,1137.713796103012,531.356898051506,2,4.399907742009617,8.776600357903689,4.376692615894072,883.979191715666,1764.958383431332,880.979191715666
2,18.32750547464378,34.32016923611317,15.992663761469395,772.0895995414817,1469.1791990829634,697.0895995414817,2,4.399907742009617,8.776600357903689,4.376692615894072,883.979191715666,1764.958383431332,880.979191715666
2,19.30886447620437,36.282887239234356,16.974022763029986,891.1023944864512,1707.2047889729024,816.1023944864512,2,4.399907742009617,8.776600357903689,4.376692615894072,883.979191715666,1764.958383431332,880.979191715666
2,19.33482950888554,36.3348173045967,16.999987795711156,1110.7032532260696,2146.406506452139,1035.7032532260696,2,3.458266827386222,6.8933185286568985,3.4350517012706767,669.845013599762,1336.690027199524,666.845013599762
2,19.33482950888554,36.3348173045967,16.999987795711156,1110.7032532260696,2146.406506452139,1035.7032532260696,2,3.049477669679355,6.075740213243165,3.02626254356381,476.5524028471181,950.1048056942362,473.5524028471181
2,21.170552121386194,40.006262529598004,18.83571040821181,2372.8380061655794,4670.676012331159,2297.8380061655794,2,10.769524477110018,16.027757356481175,5.258232879371157,695.9707779186424,893.1779424284823,197.2071645098399
2,4.097910620895924,7.736505992378767,3.638595371482843,410.4529554130099,795.9059108260197,385.4529554130099,2,11.401349447757568,20.66183452662868,9.260485078871113,1369.8943904121636,2319.788780824327,949.8943904121636
2,6.465076593583845,12.905855174959214,6.440778581375369,433.38425029854716,856.7685005970943,423.38425029854716,2,33.5019810481667,61.18037574797286,27.678394699806162,1464.3911194715251,2557.0332791014034,1092.6421596298783
2,16.88892447369649,33.753550935184506,16.864626461488015,999.7302073426497,1989.4604146852994,989.7302073426497,2,33.5019810481667,61.18037574797286,27.678394699806162,1464.391119471525,2557.033279101403,1092.642159629878
3,13.109568983261417,37.67131533680873,17.380191670662274,1133.682179277352,3204.1705184041793,1465.8359966033693,2,11.75132156258124,17.679056776801943,5.927735214220704,615.1074492214148,858.4659386011825,243.35848937976783
2,24.36438312617159,48.7044682401347,24.340085113963113,2056.8753551515683,4103.750710303137,2046.8753551515683,2,3.395487012997343,5.823586348360536,2.428099335363193,243.3744799208235,371.748959841647,128.3744799208235
3,6.697802746798023,18.133773960761772,8.124001272286943,471.40972657067806,1327.2291797120342,605.7735838201032,2,36.8421279286062,73.1906926448597,36.34856471625349,2287.8668327216765,4562.733665443353,2274.8668327216765
3,6.344285248833444,18.133773960761772,8.343654857597551,477.07639323734475,1327.2291797120342,602.1261331111111,3,23.754405281376876,65.2735083920582,29.429388900330956,1833.9871559407732,3918.0887638624463,1605.0652062646532
3,7.63006745368789,18.133773960761772,7.528000657002675,666.4097265706781,1327.2291797120342,507.330110964929,2,27.385774021737888,54.277984831123064,26.892210809385176,1582.9577661588476,3152.915532317695,1569.9577661588476
2,45.56690976406429,73.1906926448597,27.623782880795403,2305.2573437751325,3384.5645168612946,1079.307173086162,2,25.67501499393066,41.37866337619471,15.70364838226405,977.3072957951949,998.6341063046984,21.326810509503503
2,15.804513531286673,16.28368595234548,0.47917242105880575,932.2574548301136,986.1595629116518,53.902108081538245,2,45.27036841689568,83.42023554575906,38.14986712886338,1439.684284261231,2650.7278422281433,1211.0435579669124
2,0.16121161217417068,0.18249233729443404,0.021280725120263355,93.5,154.0,60.5,2,14.746018782047827,22.371536276063352,7.625517494015526,757.4699903190125,1286.2992543437065,528.829264024694
2,25.300718753343816,50.35870230323496,25.057983549891148,1202.4375280477173,2314.2562895130995,1111.8187614653823,2,11.70209362018889,16.28368595234548,4.581592332156589,1449.3854535806172,2670.130180866916,1220.7447272862987
2,25.310515585393333,50.378295967334,25.067780381940665,1204.0334832066997,2317.4481998310644,1113.4147166243647,2,11.70209362018889,16.28368595234548,4.581592332156589,1449.3854535806172,2670.130180866916,1220.7447272862987
2,25.310515585393333,50.378295967334,25.067780381940665,1204.0334832066997,2317.4481998310644,1113.4147166243647,2,11.70209362018889,16.28368595234548,4.581592332156589,1449.3854535806172,2670.130180866916,1220.7447272862987
2,28.093239956389297,53.38539132121548,25.292151364826182,2011.124181551116,3849.248363102232,1838.124181551116,2,29.21443246377717,51.793904386721124,22.579471922943952,1827.1344315205113,2845.7647673969445,1018.6303358764333
2,26.57429706788713,53.121083085083,26.54678601719587,1507.702637586662,2973.405275173324,1465.702637586662,2,29.694664984254672,52.754369427676124,23.059704443421452,2059.074186046543,3309.644276449008,1250.570090402465
2,47.34931262553451,52.79327562988402,5.443963004349513,2000.0904212234318,2202.6471137895696,202.5566925661377,2,29.71411808535862,52.79327562988402,23.0791575445254,2103.793628077374,3399.0831605106696,1295.2895324332958
2,27.79718211072357,52.79327562988402,24.996093519160453,1187.8235568947848,2202.6471137895696,1014.8235568947848,2,35.488438082606365,70.69772771244641,35.20928962984004,733.4954594820142,1460.9909189640284,727.4954594820142
3,14.417124452791606,40.3463332170698,18.367753217922104,694.6951914371651,1909.0855743114953,861.536709031502,2,43.58429857571156,70.69772771244641,27.11342913673485,1184.7759455446521,1460.9909189640282,276.2149734193762
3,26.868759975646118,68.92185246069965,29.95045701156817,1711.6846022618047,4657.053806785414,2085.692341201043,3,10.339250078801262,30.68010426224535,14.383166333163196,512.6204767196223,1532.8614301588668,721.4194121341454
3,8.961306803743033,16.470869438976706,6.706598933466527,719.7861625359443,1777.358487607833,762.9195750835385,3,28.698571305110452,66.77172612342278,28.020193668709524,2077.2927663789974,5289.78210127956,2303.630745040828
3,5.5801856313087415,16.470869438976706,7.700994218544415,598.1194958692777,1777.358487607833,833.8503861514661,3,22.649790300191395,48.6253831086656,19.942778271801256,1634.1076985953825,3960.2268979287164,1688.8120116892833
3,19.712109544926005,58.881221335057916,27.69677525563219,701.2732461391028,2094.819738417308,985.3862591578552,3,19.662630449992164,39.663903558067915,16.136113450714113,1405.737124604076,3275.115175954797,1376.2114283453461
3,28.0385040822889,83.64245571824355,39.31836566602948,932.5715675126436,2787.714702537931,1311.7845449548458,3,59.49114319649965,92.65437205704265,40.69415313793687,2650.1249967386025,5715.215574911388,2311.730779408677
3,1.412751655772799,3.8383339966817402,1.7171892409287621,209.5386241379771,599.6158724139314,275.91356704217515,3,31.055163705056888,90.43012026837434,41.989629242621355,1199.3399295046627,3461.3581512592546,1600.3506450957595
3,6.483028797308502,14.785830951868746,6.147857011028732,1055.7194520682722,2491.4107122975347,1047.235271170622,3,28.520414442460098,83.24270424721442,38.70341686951016,896.7818495773053,2547.683911477182,1168.4376128838176
3,6.483028797308502,14.785830951868746,6.147857011028732,1055.7194520682722,2491.4107122975347,1047.235271170622,3,25.770977509640748,74.99439344875637,34.8161214812178,728.7096808504457,2043.4674052966034,931.0217952359768
3,12.339515152636134,21.754714348787587,8.020449527395398,1437.501437432689,2513.1821488354135,815.9311583305613,3,11.835475986088122,19.05930042957567,7.40275085506307,1471.0363379602477,2369.2982712926064,925.8042883536187
3,14.416036186433777,22.034751098789002,8.755205167160653,2381.454490265076,4610.305779281344,1684.6991045599825,3,10.825098525480124,19.05930042957567,7.9847396983599035,1147.6850745735542,1846.8383957544997,814.0627594117268
3,12.246961533403606,19.05930042957567,7.280952163680732,1392.4254392203395,1996.0576915138836,621.104379259167,3,2.234661616288482,6.406649339121429,2.950524553825029,249.71716990259847,707.1515097077954,323.8267349728476
3,6.391555538295383,19.05930042957567,8.957463505163851,667.6858971712945,1996.0576915138836,939.3007924350652,2,12.377914573397348,14.366160675060172,1.9882461016628241,563.5370088293221,713.0740176586442,149.53700882932208
3,5.772615645265499,17.183429101144583,8.068668283941618,575.7182399172922,1721.1547197518764,809.9463138594981,3,26.22531550473863,59.420095718276116,23.480493004182897,1432.9046749260842,3506.7140247782527,1466.478301839866
2,23.99329529413164,47.89923727455246,23.90594198042082,1034.8399422423224,2065.679884484645,1030.8399422423224,2,34.90488209500532,59.420095718276116,24.515213623270796,1960.3570123891263,3506.7140247782527,1546.3570123891263
2,34.597224677304624,59.420095718276116,24.822871040971492,1635.760630148641,2929.8126255705365,1294.0519954218955,2,0.11993539235322714,0.12983377273403107,0.009898380380803928,4.0,5.0,1.0
2,34.597224677304624,59.420095718276116,24.822871040971492,1635.760630148641,2929.8126255705365,1294.0519954218955,2,0.28954551903044745,0.36855101653587496,0.07900549750542751,5.0,8.0,3.0
3,21.671078991815516,63.3166049190404,29.45565191217755,1138.6275448727915,3094.8826346183746,1389.3218326739188,2,21.63277921595503,42.74090419392152,21.108124977966494,1394.99669262599,2395.4455619414066,1000.4488693154167
3,42.925535310473244,127.07997387501361,59.510043519983135,1820.4653581758312,5140.3960745274935,2351.1099819775122,3,0.17121540416258677,0.47109262311463596,0.21205089962582185,9.666666666666666,19.0,6.599663291074444
3,0.10110117736914977,0.16615872046436664,0.0622608029381625,6.666666666666667,14.0,5.2493385826745405,3,8.156156554394661,24.11681509276704,11.285912853321257,1095.278636066906,3261.835908200718,1531.9873389548468
3,0.15611489962308886,0.26369550763050853,0.106903384807927,8.666666666666666,12.0,3.39934634239519,3,1.3378793315111455,3.145444673005244,1.3114145231525136,813.3019583533115,2145.8652147494495,944.4708701351084
3,2.980131006008031,5.809136834193449,2.0016874214615252,798.2585019683023,2088.775505904907,912.9554947484689,3,4.83269280029858,12.866055541995618,5.718827018923283,1539.628571280379,3829.9806532856137,1649.9757680679977
3,2.3604271832048163,6.75021814441023,3.1041244056928203,778.4318591215375,2314.2955773646127,1086.023410048968,3,0.5572276071505051,1.626126238465325,0.7558586622611387,266.6167698826732,780.9050605555235,363.6951372701394
3,2.325736470970847,6.75021814441023,3.128588774919851,777.4318591215375,2314.2955773646127,1086.7270636607113,3,0.617273568168418,1.626126238465325,0.7142547036680503,274.3016868518411,780.9050605555234,358.231055499068
3,3.3153742542299987,5.220548351219271,1.5260004136636571,482.4938667246406,900.0824600707374,296.0014490112654,3,2.553697548378699,6.75021814441023,2.9794110209093074,1005.2538230363652,2886.6085668552573,1330.3862815049804
2,19.14131758889961,35.87275020092849,16.731432612028883,2764.2424778040418,5254.4849556080835,2490.2424778040418,2,0.9156672563245252,1.548089339270419,0.6324220829458937,484.72426476373795,604.812900224973,120.08863546123501
2,14.841930410922771,27.273975844974814,12.432045434052043,1767.7354273870026,3261.470854774005,1493.7354273870026,2,0.28215721188386134,0.32161693123452295,0.039459719350661615,321.5,529.0,207.5
3,3.306076993863693,9.781447506436692,4.578809121244286,318.11430979751236,929.3429293925371,432.2596203356108,3,20.373033121409883,60.57109183330672,28.42467773235392,1675.7642203065286,4942.292660919586,2309.9186551334774
2,22.661468950752237,45.23400360177246,22.57253465102022,1210.3106640809126,2416.621328161825,1206.3106640809126,3,5.606442667110687,16.27132047040913,7.542556023343035,512.9816338873187,1453.944901661956,665.8273817719039
3,16.430372305050213,48.974410046907764,23.012179578414642,1564.2427162811766,4679.72814884353,2202.9818217408842,3,0.6395851186846618,1.7374779901456066,0.7772214773279139,134.07652560277197,382.22957680831587,175.47260492161539
3,16.430372305050213,48.974410046907764,23.012179578414642,1564.2427162811766,4679.72814884353,2202.9818217408842,3,1.1881941726796985,3.296989966207917,1.4911451864435974,178.35649574737204,522.1171823726618,243.08424747859294
3,15.524183061423367,46.25584231602723,21.73063857662768,1084.0241509419748,3239.0724528259243,1523.850635197923,3,2.6345508206735864,6.532587606190333,2.7956378528073116,397.5657776416142,943.6158066101948,397.28038967216673
3,9.881510406513693,29.327824351298204,13.750737278307657,514.1254460148965,1529.3763380446896,717.8936923739558,3,0.6185445774899136,1.6819186382687406,0.7519198601797843,166.45539960405645,450.0,200.74836877795028
3,1.27871632768138,2.114476195147674,0.893699042925473,337.595853077738,565.4854269830039,236.28572705227927,3,5.251649633420837,14.288863472689918,6.391116997067513,1781.653834405407,4117.656412283478,1659.276154665927
3,10.462010126090751,26.75764601673402,11.668701720831267,1723.27028326281,4045.2142559779586,1703.7506177166172,3,1.544610937859467,1.986585884387047,0.4908334370387579,930.9154017147144,1455.52548301529,387.6180608839551
3,5.640699179351446,12.293713176516107,5.051338726788622,1070.1566495828604,2085.8733549381095,850.2320118206042,3,5.285106581569441,12.512151566809877,5.1463082078860225,1479.4904567725546,3612.4116917274314,1523.5324090042157
3,4.144490349143155,9.964303361196194,4.154049982280777,781.1542012500839,2093.4626037502517,929.458626461091,3,5.295578559769825,12.543567501411026,5.1610144749154845,1486.5845748181164,3633.6940458641157,1533.4647189789487
3,4.986922938341093,11.522102260204754,4.820235115620466,1404.5309202071949,3749.3833674269904,1668.6717114361013,3,4.096469030403829,6.718360877544242,2.395701410521925,1449.8151761213046,2597.9877002755593,1005.6043036983262
2,4.8112689751539826,9.582660917671156,4.771391942517173,752.7480183596329,1503.4960367192657,750.7480183596329,2,1.5152796433485136,2.9781634395037315,1.462883796155218,580.6991943209182,1149.3983886418364,568.6991943209182
3,4.576412462121884,5.260886543135101,0.5046644642998132,1321.001149737458,1835.5134285272713,392.3012724188378,3,3.1756984096825627,9.421945202143831,4.416763466336715,1625.5481042309664,4860.644312692899,2287.5607982453826
3,4.96003082723927,9.702087805791393,3.561509123643438,1922.744887296875,4253.788273621954,1695.4405284568716,3,3.0288031685479524,8.677463737643912,3.9961358079832165,817.4038379814102,2367.1316594040095,1096.1067245866436
3,4.96003082723927,9.702087805791393,3.561509123643438,1922.744887296875,4253.788273621954,1695.4405284568716,3,3.3138778975889687,8.677463737643912,3.822048254151645,914.6498976120102,2367.1316594040095,1037.110599191331
3,4.780269589411948,7.291569688286202,3.2539159137213804,1412.8060433190903,3466.4023483514093,1481.241143525469,3,4.0964063675188624,11.025947195443543,4.922669070907052,884.6364738236902,2399.9094214710703,1076.156147097618
3,23.31714243059734,69.76551728852685,32.84400858167743,1220.755062648185,3634.265187944555,1706.6289078533491,3,5.136551743492299,9.799739855185102,3.545065237819641,1054.5601619794431,1635.4847988451274,587.3111997498492
3,23.31714243059734,69.76551728852685,32.84400858167743,1220.755062648185,3634.265187944555,1706.6289078533491,2,3.370262676046883,5.530007624691283,2.1597449486444003,1144.1947784732897,2038.3895569465794,894.1947784732897
2,27.727558342110253,55.26995548661193,27.542397144501674,963.5505724806802,1899.1011449613604,935.5505724806802,3,4.839210346146093,8.379117845637015,2.9852880627505254,1811.3234655431872,3686.877227322705,1399.214655321573
2,8.375103899615965,16.72584115591971,8.350737256303745,603.2444288346935,1202.488857669387,599.2444288346935,3,4.839210346146093,8.379117845637015,2.9852880627505254,1811.3234655431872,3686.877227322705,1399.214655321573
2,2.2767961505340715,4.243570498820446,1.9667743482863749,776.5179160121043,1528.0358320242085,751.5179160121043,3,5.398552100327394,10.05714310818092,3.6739226113721575,2343.6551673449844,5283.872332728095,2126.355846233355
2,4.940617378048202,5.637664257275958,0.6970468792277558,1082.359565655313,1528.0358320242085,445.67626636889554,3,2.7480367236981365,5.061669304071188,1.691144633824755,859.8832449608644,1419.8304325805184,470.5225303928919
2,4.21993324257603,8.218745372319034,3.998812129743005,390.847936075264,778.695872150528,387.847936075264,3,2.434445482374297,5.061669304071188,2.027621946482559,778.3594616034474,1419.8304325805184,575.4091342204
2,14.045180768112015,27.869240423391005,13.82405965527899,1888.1947704153595,3773.389540830719,1885.1947704153595,2,2.7733998212360618,5.061669304071188,2.288269482835126,740.9152162902592,1419.8304325805184,678.9152162902592
2,15.457923369516497,30.69472562619997,15.236802256683472,2140.578212424388,4278.156424848776,2137.578212424388,2,3.3580154310713493,4.7314580310304635,1.3734425999591142,915.3482291284105,1229.696458256821,314.3482291284105
2,13.62431885641826,27.027516600003494,13.403197743585235,1040.6536003552253,2078.3072007104506,1037.6536003552253,2,8.872455541537297,16.270935491996656,7.398479950459359,1693.1218480423543,3116.2436960847085,1423.1218480423543
2,13.62431885641826,27.027516600003494,13.403197743585235,1040.6536003552253,2078.3072007104506,1037.6536003552253,3,6.119412124234248,16.270935491996656,7.186805027271209,1166.747898694903,3116.2436960847085,1379.9720765364266
3,5.71272452405653,10.29245091044654,4.161855415908379,1077.3234816742895,2358.955046283843,972.9212115977657,3,6.119412124234248,16.270935491996656,7.186805027271209,1166.747898694903,3116.2436960847085,1379.9720765364266
3,3.3119414210255775,7.361936395444985,2.9930834441363507,964.9239332661746,2562.7717997985237,1137.660568428763,3,6.119412124234248,16.270935491996656,7.186805027271209,1166.747898694903,3116.2436960847085,1379.9720765364266
3,2.613869463438334,6.017415398174592,2.4323496387103734,441.6624145065701,1029.1347308068125,415.9446778783924,3,3.2377143599185465,8.158397350244556,3.525629605879644,996.4486953038986,2708.346085911696,1215.1034954486631
3,5.237895124485699,11.742834342703745,4.761014428955053,1017.0822724447586,2646.246817334276,1153.8668570633272,3,3.1677039767429185,8.158397350244556,3.5290335988997867,1036.4749292933532,2708.3460859116963,1182.1920336800374
3,7.522980655788989,15.369825713305161,6.1051403830618485,2210.061593486016,4956.53848468013,2027.8598929504217,2,4.421667073791319,7.21443499862383,2.7927679248325106,521.5663393599061,615.1326787198122,93.56633935990612
3,5.162831322921558,8.289377714702866,3.3725208062427052,1056.4065563696995,1551.6462957779186,661.1216492184273,2,7.488621467694966,8.38521698558035,0.8965955178853839,1376.6877506351304,1861.3792861584893,484.6915355233589
3,8.486122601549596,23.689006270102297,10.759441736615974,1307.7855345742503,3794.356603722751,1758.567032452794,3,5.8179619053387155,10.620527714356143,4.272493964017687,1016.6202644620816,2121.864578274473,856.098173880538
2,7.60577500494826,14.283623472614195,6.677848467665935,2372.7876878214033,4514.859272423517,2142.0715846021135,2,1.173591021954424,1.7908023375526483,0.6172113155982242,688.7591434875267,1036.1917678258042,347.4326243382775
2,5.498719618397814,10.069512699513304,4.5707930811154895,919.4850863167901,1608.2540694142904,688.7689830975003,2,6.125887667197103,11.695395628038007,5.5695079608409035,2337.731375459907,4334.136231770566,1996.4048563106587
2,5.789765440774307,11.130372270249389,5.340606829475082,702.2527054363577,1359.0493550716492,656.7966496352915,2,7.487932764402684,14.419485822449168,6.931553058046484,2498.9185687895006,4656.510618429752,2157.5920496402514
2,5.789765440774307,11.130372270249389,5.340606829475082,702.2527054363577,1359.0493550716492,656.7966496352915,2,3.715588000365887,6.8747962943755745,3.1592082940096873,2198.953503959473,4056.580488769697,1857.6269848102238
2,9.829324829248435,11.411780147783844,1.582455318535409,2709.667921359425,3624.146024331707,914.4781029722822,2,0.8835105546253761,1.2611166854256908,0.3776061308003147,382.54848187711934,448.99443502791746,66.44595315079815
2,10.93271434405014,13.618559177387255,2.6858448333371143,2993.3347955109352,4191.479772634728,1198.1449771237926,2,1.1891542384856049,2.16943941457399,0.9802851760883851,562.946563415328,878.893126830656,315.946563415328
2,0.8882079157079694,1.7526831435008319,0.8644752277928625,874.3754018227828,1708.7508036455656,834.3754018227828,2,0.8753886694985482,1.534405371419858,0.6590167019213098,1082.1451426508233,1944.2902853016467,862.1451426508233
2,4.916156329290075,8.079629515079318,3.1634731857892433,2739.650193272104,3770.5495828986423,1030.8993896265383,2,1.022922542789095,1.5098414623644132,0.4869189195753183,1064.4010182571105,1892.8020365142213,828.4010182571106
2,2.9235435558290597,4.900233852884142,1.9766902970550824,508.95196956816187,596.4858846952136,87.53391512705173,2,1.0545511771643916,2.083820574126726,1.0292693969623343,931.3074894036115,1794.614978807223,863.3074894036115
2,2.4322209206644665,4.795582186980987,2.36336126631652,224.8092085002627,401.6184170005254,176.8092085002627,2,10.458943986791645,20.892606193381233,10.433662206589588,2737.3885199990445,5406.777039998089,2669.3885199990445
2,7.477268619857881,14.866701993274063,7.389433373416182,374.5,652.0,277.5,2,4.8252402628497695,9.625198745497482,4.799958482647712,2295.687185598911,4523.374371197822,2227.687185598911
2,16.578564150390086,33.03309491273984,16.454530762349755,1266.4720348901928,2523.9440697803857,1257.4720348901928,2,0.015941721669094022,0.02528178020205729,0.009340058532963269,37.5,68.0,30.5
2,19.92164470859833,33.03309491273984,13.111450204141512,1741.7518319121864,2523.9440697803857,782.1922378681993,2,16.519848287937986,33.03309491273984,16.513246624801855,1432.9390893135146,2858.8781786270292,1425.9390893135146
2,14.562033650323528,22.654200038303344,8.092166387979816,1776.6248929203812,3148.0080560615716,1371.3831631411904,2,15.668303082711606,31.18389722876651,15.515594146054905,1411.3637808196781,2750.7275616393563,1339.3637808196781
2,19.808375375916455,39.57561751829701,19.767242142380553,1196.4240641858555,2390.848128371711,1194.4240641858555,2,11.35502350713816,22.654200038303344,11.299176531165184,1683.0489541446454,3273.097908289291,1590.0489541446454
2,21.896104565102988,43.75107589667007,21.854971331567086,1511.8659345647798,3021.7318691295595,1509.8659345647798,2,11.195897106155591,22.31387279619024,11.117975690034648,1212.9554057494752,2419.9108114989504,1206.9554057494752
2,21.896104565102988,43.75107589667007,21.854971331567086,1511.86593456478,3021.73186912956,1509.86593456478,2,0.4637145941057206,0.8829861864727349,0.4192715923670143,326.5,649.0,322.5
2,14.149980996210637,28.24696102658781,14.096980030377175,766.4956988212693,1519.9913976425387,753.4956988212693,2,4.672206222808267,9.299969443877828,4.627763221069561,902.7705326944412,1801.5410653888823,898.7705326944412
2,17.87903714035054,35.70507331486762,17.82603617451708,931.7998607436457,1850.5997214872914,918.7998607436457,2,7.689277539364145,15.266234868159422,7.576957328795277,875.6490652881537,1689.2981305763074,813.6490652881537
2,21.485626921553607,42.91825287727375,21.432625955720145,1992.310686473058,3971.621372946116,1979.310686473058,2,7.689277539364145,15.266234868159422,7.576957328795277,875.6490652881537,1689.2981305763074,813.6490652881537
2,21.49610674564719,42.492160002009726,20.996053256362536,2065.4623914402173,3921.9247828804346,1856.4623914402173,2,17.07772559448688,24.913921703217113,7.836196108730235,2527.010422920008,3888.9778104306397,1361.9673875106316
2,20.688463250407764,40.876873011530876,20.18840976112311,1916.389576608129,3623.779153216258,1707.389576608129,2,19.93428205441498,30.627034623073314,10.692752568658335,2747.5535781850895,4330.064120960803,1582.5105427757132
2,17.51776552453984,34.408380825744345,16.890615301204505,2116.0077524058124,3898.0155048116253,1782.0077524058127,2,8.948647716518106,16.091398408968296,7.142750692450189,1528.6115705931375,2567.666351090664,1039.0547804975267
2,10.687388020472486,16.091398408968296,5.404010388495809,1767.4117555705627,3268.1361367907357,1500.724381220173,2,9.852734708995968,16.091398408968296,6.238663699972328,1552.5623404640785,2567.666351090664,1015.1040106265857
2,8.046707413652765,14.194233626558606,6.1475262129058414,1567.2272593359073,2925.794261430778,1358.5670020948708,2,11.9211778161572,23.75867837425384,11.83750055809664,2077.78424812259,4067.5042594431798,1989.72001132059
2,5.28020222610709,5.387377690330396,0.1071754642233067,959.1716444880462,990.7922009269178,31.620556438871517,2,9.498619347325956,18.91356143659135,9.414942089265395,1825.3937988880557,3562.7233609741115,1737.3295620860558
2,8.2694629748956,11.842217635592633,3.572754660697033,1835.8514158977284,3127.2765695770354,1291.425153679307,2,6.086266190453941,12.08885512284732,6.00258893239338,989.8959822559439,1891.727727709888,901.8317454539442
2,13.385080705877645,22.073453097556722,8.688372391679078,2892.2453577487345,5240.0644532790475,2347.819095530313,2,0.02688065578599108,0.029742966962579942,0.002862311176588861,73.5,132.0,58.5
2,13.417440405809895,22.138172497421223,8.720732091611328,2895.767164060325,5247.108065902228,2351.3409018419034,2,1.5249104255358787,2.463371226910965,0.9384608013750864,278.5,327.0,48.5
2,7.213706724927523,9.730705135656478,2.516998410728956,1669.955889984051,2795.4855177496806,1125.5296277656296,2,2.0213026153943545,4.001243750505786,1.9799411351114315,535.8373810251087,1065.6747620502174,529.8373810251087
2,3.7482488382606185,7.422746362195753,3.674497523935134,412.55065304964137,803.1013060992827,390.55065304964137,2,14.736550884384577,29.25721687141526,14.520665987030682,2427.9277484745153,4706.855496949031,2278.9277484745153
2,5.155990191036025,7.422746362195753,2.2667561711597273,600.0506530496414,803.1013060992827,203.05065304964137,2,12.500642417202432,24.78539993705097,12.284757519848537,2047.7859109657215,3946.571821931443,1898.7859109657215
2,11.69095510766288,19.16489726393381,7.47394215627093,2321.24197696387,4410.913293066175,2089.6713161023054,2,12.273677368366492,17.848387544315557,5.574710175949065,1441.7552472569084,2206.9185891305315,765.163341873623
3,10.204652265648443,17.848387544315557,6.282428485577299,1327.914537225173,1932.3855525755976,655.8151147381312,2,8.994667040790972,17.848387544315557,8.853720503524585,1119.9764125330412,2206.9185891305315,1086.9421765974903
2,10.029866807667467,17.848387544315557,7.8185207366480896,926.0824489336369,1634.8598654102184,708.7774164765815,2,0.27647476048872477,0.41200298371106214,0.13552822322233737,42.517117967775675,52.0,9.482882032224325
2,8.958053407304945,17.848387544315557,8.890334137010612,819.9299327051092,1634.8598654102184,814.9299327051092,2,2.3827075771801844,4.18944478713405,1.8067372099538659,210.0,326.0,116.0
1,27.742267624477037,27.742267624477037,0.0,2530.065730485674,2530.065730485674,0.0,2,5.13115061622878,8.971448888600321,3.840298272371541,1224.2438273806658,1966.4876547613317,742.2438273806658
1,27.742267624477037,27.742267624477037,0.0,2530.065730485674,2530.065730485674,0.0,1,17.544800757517464,17.544800757517464,0.0,1911.2279083361777,1911.2279083361777,0.0
2,17.61749271990128,28.967396733808528,11.34990401390725,2407.2752986976275,3634.1785339516728,1226.9032352540455,2,15.41258659341424,27.742267624477037,12.329681031062798,2055.853081749469,3788.874772402406,1733.0216906529372
2,13.161084867685673,25.701544628126427,12.540459760440754,1650.4457945779477,2987.8915891558954,1337.4457945779477,2,12.567232071225522,23.530374740335347,10.963142669109825,1431.3325127890091,2641.822143102762,1210.4896303137527
2,12.778872737700091,24.937120368155263,12.158247630455172,1587.6852933145478,2862.3705866290957,1274.6852933145478,2,11.797354747179533,23.530374740335347,11.733019993155814,1328.411071551381,2641.822143102762,1313.411071551381
2,0.8969617533056002,1.5911978477292692,0.694236094423669,223.9490953508573,341.81489426822463,117.86579891736733,2,1.51527167755094,2.134863268063018,0.6195915905120781,766.3156950807963,923.9207879346945,157.6050928538982
2,0.8969617533056002,1.5911978477292692,0.694236094423669,223.9490953508573,341.81489426822463,117.86579891736733,2,1.0775206799723946,2.134863268063018,1.0573425880906235,502.9603939673473,923.9207879346945,420.9603939673473
2,0.7893660827951337,1.376006506708336,0.5866404239132024,370.0050786732146,633.9268609129392,263.9217822397246,2,1.735551085835235,2.134863268063018,0.3993121822277832,1450.6871271007128,1977.453466266731,526.7663391660183
1,0.04263251839599036,0.04263251839599036,0.0,7.0,7.0,0.0,1,4.2987284907322275e-08,4.2987284907322275e-08,0.0,803.8713760056519,803.8713760056519,0.0
1,0.028279696294418954,0.028279696294418954,0.0,3.0,3.0,0.0,1,2.765570828932436e-07,2.765570828932436e-07,0.0,2011.0001295939637,2011.0001295939637,0.0
2,14.76577642330301,14.798827303157282,0.03305087985427235,1518.0988137287177,2045.1664425035935,527.0676287748757,2,7.399413652934681,14.798827303157282,7.399413650222601,1740.42747509703,2729.7819987244193,989.3545236273891
2,40.17790705161876,79.70607481017151,39.528167758552755,1931.854865541353,3812.709731082706,1880.854865541353,2,3.6752439423137275,5.903473290203344,2.2282293478896165,1209.4765817329708,2157.1199678687894,947.6433861358187
2,40.337599755006195,80.02546021694639,39.68786046194019,2574.36597034386,5097.73194068772,2523.36597034386,2,1.0015051416909202,1.447014594424111,0.44550945273319087,425.62853181825477,589.4238680393573,163.79533622110256
2,39.989147021098674,79.89759802713593,39.908451006037254,1946.4958024127243,3886.9916048254486,1940.4958024127243,2,16.5521055863048,32.153179465355976,15.601073879051174,1781.663923802413,3321.327847604826,1539.663923802413
2,16.516140234196733,31.978063506456316,15.461923272259583,1255.5933423048327,2232.1866846096655,976.5933423048327,1,32.38888801154546,32.38888801154546,0.0,3367.9827140970615,3367.9827140970615,0.0
2,16.721552486741306,32.38888801154546,15.667335524804155,2540.5498795702465,4802.099759140493,2261.5498795702465,2,0.37310712703546045,0.6801515562134881,0.30704442917802766,483.5,801.0,317.5
2,16.721552486741306,32.38888801154546,15.667335524804155,2540.5498795702465,4802.099759140493,2261.5498795702465,2,0.37310712703546045,0.6801515562134881,0.30704442917802766,483.5,801.0,317.5
2,16.721552486741306,32.38888801154546,15.667335524804155,2540.5498795702465,4802.099759140493,2261.5498795702465,2,0.37310712703546045,0.6801515562134881,0.30704442917802766,483.5,801.0,317.5
2,4.841274093065717,8.628331224194284,3.7870571311285666,594.5,910.0,315.5,2,11.790146649030069,23.514230600202705,11.724083951172636,2470.921632917981,4775.843265835962,2304.921632917981
2,0.5240213693005664,0.6281801250636008,0.10415875576303435,288.5606152554783,371.6629189339974,83.10230367851909,2,1.3906507960013244,2.779073120636596,1.3884223246352718,732.686564844226,1463.373129688452,730.686564844226
2,0.6819805647410533,1.0853983490309957,0.40341778428994246,375.0,449.0,74.0,2,2.5356678706796245,5.0691072699931965,2.533439399313572,955.5346958007285,1909.069391601457,953.5346958007285
2,0.3984902636381271,0.7837260735268288,0.38523580988870165,386.7624198146184,766.5248396292368,379.7624198146184,3,1.3108202607308108,3.924101978610082,1.8478695063707842,1277.8236589693477,3823.470976908043,1800.0452217460827
2,0.3966258426205975,0.7799972314917696,0.38337138887117206,386.10971672220256,765.2194334444051,379.10971672220256,3,1.3108202607308108,3.924101978610082,1.8478695063707842,1277.8236589693477,3823.470976908043,1800.0452217460827
2,0.49751434622321966,0.8866259930160396,0.38911164679281995,266.0,391.0,125.0,2,12.3692641799672,23.111057173888085,10.741792993920885,2713.787106456677,4906.574212913354,2192.787106456677
2,6.6004522603338565,13.16532017463259,6.564867914298734,1477.2529279146643,2950.5058558293285,1473.2529279146643,2,11.075856261393302,20.52424133674029,9.448385075346987,2271.5392586046137,4022.078517209227,1750.5392586046135
2,3.996704715372033,7.957825084708944,3.9611203693369106,1142.7956617715693,2281.5913235431385,1138.7956617715693,2,11.142976895728289,21.98310209999076,10.84012520426247,1148.5449375432602,2027.4717573126568,878.9268197693966
2,8.835629960834297,17.488877916544148,8.653247955709851,595.1087461847169,1162.2174923694338,567.1087461847169,2,4.641361726574512,5.192012145327567,0.5506504187530545,1532.772989822142,1882.5459796442842,349.7729898221421
1,104.24683923504693,104.24683923504693,0.0,3469.9202271202576,3469.9202271202576,0.0,1,0.13475468826396764,0.13475468826396764,0.0,12.0,12.0,0.0
2,2.15537028071709,4.287525862538004,2.132155581820914,576.0073226429834,920.132703787041,344.12538114405766,2,2.47102930231498,4.930312686539295,2.4592833842243156,2175.0478440536785,4345.095688107357,2170.0478440536785
2,1.5290946359991562,2.3012840009089572,0.7721893649098011,1436.8967874315288,2460.207618467349,1023.3108310358205,2,0.6427440836229117,1.2802640069345017,0.63751992331159,821.4038976383338,1637.8077952766675,816.4038976383338
3,0.3742072786957837,1.0581911208655086,0.48384037758560233,720.8458670956364,2021.5376012869092,920.8038120921399,2,0.7014629156725203,0.9807771102672227,0.2793141945947024,1404.9993150305258,2215.7602754377403,810.7609604072145
3,0.3742072786957837,1.0581911208655086,0.48384037758560233,720.8458670956364,2021.5376012869092,920.8038120921399,2,0.7139050839558987,1.0056614468339795,0.2917563628780808,1413.5968836721747,2232.955412721038,819.3585290488634
2,9.195115975070255,16.346801516720895,7.1516855416506395,1830.3510737828558,3177.546092805026,1347.1950190221703,2,2.7680211674560944,3.6360620533336245,0.8680408858775301,1124.0395089495664,1405.323095748572,281.28358679900566
2,1.2387794883232282,1.8734199221140742,0.634640433790846,1627.5131023925658,2755.0262047851315,1127.5131023925658,2,0.45701622330022573,0.5945740403242112,0.1375578170239855,953.8757736753735,1327.507678290025,373.6319046146516
1,1.6899807648498957,1.6899807648498957,0.0,2272.237156943958,2272.237156943958,0.0,1,0.07872695950462827,0.07872695950462827,0.0,58.0,58.0,0.0
1,0.021195994340057922,0.021195994340057922,0.0,15.0,15.0,0.0,1,1.9698955148562192,1.9698955148562192,0.0,764.3915881639946,764.3915881639946,0.0
1,0.5886704152678348,0.5886704152678348,0.0,319.08269163286286,319.08269163286286,0.0,2,0.5035556637535521,0.957962585323493,0.4544069215699409,355.1581871496003,630.3163742992006,275.1581871496003
1,6.957419577045794,6.957419577045794,0.0,1537.914828857701,1537.914828857701,0.0,1,0.39882765317270596,0.39882765317270596,0.0,448.0,448.0,0.0
1,6.957419577045794,6.957419577045794,0.0,1537.914828857701,1537.914828857701,0.0,1,0.23158675161966968,0.23158675161966968,0.0,306.0,306.0,0.0
1,6.957419577045794,6.957419577045794,0.0,1537.914828857701,1537.914828857701,0.0,1,0.22490895598973637,0.22490895598973637,0.0,301.0,301.0,0.0
1,8.82667202580004,8.82667202580004,0.0,2934.0803803211047,2934.0803803211047,0.0,1,0.4317861887837964,0.4317861887837964,0.0,208.0,208.0,0.0
2,1.8815857893929717,3.671360758246337,1.789774968853365,963.1551417366115,1867.0198016946374,903.8646599580259,2,0.7931406283765856,1.5739497820377153,0.7808091536611297,1137.0289206336167,2265.0578412672335,1128.0289206336167
2,4.3759563826261285,8.668914491680848,4.2929581090547195,2329.539747635107,4551.079495270214,2221.539747635107,2,0.0029068873330970746,0.003964438282594074,0.0010575509494969992,4.0,4.0,0.0
2,0.3147918263345364,0.6247214164671071,0.3099295901325707,152.5,302.0,149.5,2,0.3233059745359199,0.6427937311865755,0.31948775665065554,932.3744369147842,1850.7488738295683,918.3744369147842
3,1.306961284384748,3.820833723577131,1.7779292692146569,1505.2873107609282,4508.861932282784,2123.8480219148796,3,0.381751114702831,1.1129874069615617,0.5170640698952764,467.3243419134845,1325.9730257404535,607.2639029166478
1,2.8074955826149335,2.8074955826149335,0.0,424.0,424.0,0.0,1,0.5739857174082132,0.5739857174082132,0.0,581.0,581.0,0.0
1,0.04622968892630297,0.04622968892630297,0.0,53.0,53.0,0.0,1,5.7742112850044265,5.7742112850044265,0.0,2198.4388953568914,2198.4388953568914,0.0
1,0.04622968892630297,0.04622968892630297,0.0,53.0,53.0,0.0,1,7.797300138783612,7.797300138783612,0.0,2386.9282612680126,2386.9282612680126,0.0
1,13.705773892373408,13.705773892373408,0.0,699.0,699.0,0.0,1,9.264388287265632,9.264388287265632,0.0,1802.7564402259704,1802.7564402259704,0.0
2,19.13685239256396,24.56793089275451,5.4310785001905515,1715.580197621297,2732.160395242594,1016.580197621297,2,0.2555955704767463,0.4333356313889922,0.17774006091224592,70.0,132.0,62.0
2,9.80983120653445,19.523291260418922,9.713460053884472,771.0589085557592,1529.1178171115184,758.0589085557592,1,4.724492514947656,4.724492514947656,0.0,916.2853071517193,916.2853071517193,0.0
2,2.9445880150577146,5.664437131716063,2.7198491166583487,293.15148553574534,430.3029710714907,137.15148553574534,1,19.27442466123096,19.27442466123096,0.0,2136.9374988413606,2136.9374988413606,0.0
1,0.13938993556648427,0.13938993556648427,0.0,5.0,5.0,0.0,1,19.90640610108901,19.90640610108901,0.0,2411.710571432716,2411.710571432716,0.0
1,16.984762453849832,16.984762453849832,0.0,1496.4691892274116,1496.4691892274116,0.0,1,15.658376292841922,15.658376292841922,0.0,1740.5064050410065,1740.5064050410065,0.0
1,4.547615603980837,4.547615603980837,0.0,397.68979532123603,397.68979532123603,0.0,1,1.2255726033310488,1.2255726033310488,0.0,1152.4952818507045,1152.4952818507045,0.0
1,6.201386444809614,6.201386444809614,0.0,1155.466684424618,1155.466684424618,0.0,1,3.6982367169265657,3.6982367169265657,0.0,680.4346042720888,680.4346042720888,0.0
1,0.9209105404334359,0.9209105404334359,0.0,508.0,508.0,0.0,1,0.4299181124705953,0.4299181124705953,0.0,308.5105927249833,308.5105927249833,0.0
2,21.444850346384623,42.80643470848481,21.361584362100185,963.6134398910426,1922.2268797820852,958.6134398910426,2,1.4728709616409343,2.7513007425588683,1.278429780917934,476.2416074342251,824.4832148684502,348.2416074342251
2,21.819153839855485,43.55504169542653,21.735887855571047,1171.0635722910977,2337.1271445821953,1166.0635722910977,2,1.3859275542134348,2.7513007425588683,1.3653731883454334,416.7416074342251,824.4832148684502,407.7416074342251
2,11.228195553425003,22.37312512256557,11.144929569140565,638.6526619336635,1272.305323867327,633.6526619336635,2,5.394962267400238,10.405691347900238,5.010729080499999,703.2611979813311,1326.5223959626621,623.2611979813311
2,2.6267507080066324,5.1778283017277715,2.551077593721139,550.3445341256534,1056.6890682513067,506.34453412565335,2,0.9847730652269018,1.7364814591194886,0.7517083938925868,1185.668390329743,2211.336780659486,1025.668390329743
2,2.211117166717779,4.321930940336326,2.1108137736185473,1076.1389240706187,2097.2778481412374,1021.1389240706187,2,0.24273120335028864,0.2523977353662623,0.009666532015973672,205.10507962688206,250.21015925376412,45.10507962688206
2,0.12379641951664588,0.20345183997478244,0.07965542045813656,15.5,28.0,12.5,2,2.333261561229156,4.658223741721166,2.32496218049201,847.8134210001188,1680.6268420002375,832.8134210001188
2,0.28713083895336666,0.3708098379319509,0.08367899897858422,48.5,69.0,20.5,2,2.333261561229156,4.658223741721166,2.32496218049201,847.8134210001186,1680.6268420002373,832.8134210001186
1,15.38589449715812,15.38589449715812,0.0,471.2273553333998,471.2273553333998,0.0,1,0.08723284158097044,0.08723284158097044,0.0,3.0,3.0,0.0
1,15.528749413219714,15.528749413219714,0.0,472.4760342804966,472.4760342804966,0.0,1,0.08723284158097044,0.08723284158097044,0.0,3.0,3.0,0.0
1,62.51796718645056,62.51796718645056,0.0,2441.04103490379,2441.04103490379,0.0,1,2.7409969350560743,2.7409969350560743,0.0,39.0,39.0,0.0
1,34.231917550036584,34.231917550036584,0.0,723.8293463130433,723.8293463130433,0.0,1,5.664518412101863,5.664518412101863,0.0,675.8148599304195,675.8148599304195,0.0
1,0.1090590342158535,0.1090590342158535,0.0,40.0,40.0,0.0,1,0.7319128139688829,0.7319128139688829,0.0,834.880954732298,834.880954732298,0.0
1,0.578469086814966,0.578469086814966,0.0,521.0,521.0,0.0,1,0.5586142737348467,0.5586142737348467,0.0,540.0,540.0,0.0
1,1.2407488959275526,1.2407488959275526,0.0,440.70923970966317,440.70923970966317,0.0,1,0.018709135734987115,0.018709135734987115,0.0,19.0,19.0,0.0
1,0.45055295906631443,0.45055295906631443,0.0,485.513920367256,485.513920367256,0.0,1,3.2353137380527848,3.2353137380527848,0.0,1475.8988537894957,1475.8988537894957,0.0
1,0.4783635915696749,0.4783635915696749,0.0,311.26607000148965,311.26607000148965,0.0,1,1.6270455535183537,1.6270455535183537,0.0,622.1713260216854,622.1713260216854,0.0
1,12.29809166550362,12.29809166550362,0.0,966.2415829280517,966.2415829280517,0.0,1,0.4783635915696749,0.4783635915696749,0.0,431.0434854609209,431.0434854609209,0.0
1,14.602499821370358,14.602499821370358,0.0,1365.3482688404877,1365.3482688404877,0.0,1,0.1418201406509425,0.1418201406509425,0.0,95.0,95.0,0.0
1,17.373196131339824,17.373196131339824,0.0,1668.3702340129307,1668.3702340129307,0.0,1,0.5925136701034432,0.5925136701034432,0.0,235.0,235.0,0.0
1,20.548052686676755,20.548052686676755,0.0,2216.257383535056,2216.257383535056,0.0,1,4.87489594716709,4.87489594716709,0.0,956.9337672204958,956.9337672204958,0.0
1,4.87489594716709,4.87489594716709,0.0,505.0,505.0,0.0,1,0.04548975206473216,0.04548975206473216,0.0,8.0,8.0,0.0
1,1.723411063528438,1.723411063528438,0.0,657.2865764075257,657.2865764075257,0.0,1,2.4847918371221063,2.4847918371221063,0.0,665.150899373268,665.150899373268,0.0
1,0.22276791397911921,0.22276791397911921,0.0,201.40603599605947,201.40603599605947,0.0,1,4.682423124339117,4.682423124339117,0.0,2268.3596800117816,2268.3596800117816,0.0
1,3.388940387465844,3.388940387465844,0.0,198.0,198.0,0.0,1,1.456281257372467,1.456281257372467,0.0,714.0954539168407,714.0954539168407,0.0
1,3.388940387465844,3.388940387465844,0.0,198.0,198.0,0.0,1,1.456281257372467,1.456281257372467,0.0,714.0954539168407,714.0954539168407,0.0
1,0.02476530902519869,0.02476530902519869,0.0,13.0,13.0,0.0,1,0.20346568381126318,0.20346568381126318,0.0,188.0,188.0,0.0
1,0.41587815346139223,0.41587815346139223,0.0,102.0,102.0,0.0,1,0.2500858051161501,0.2500858051161501,0.0,236.0,236.0,0.0
1,3.5939111496269334,3.5939111496269334,0.0,534.0,534.0,0.0,1,0.018938071304241078,0.018938071304241078,0.0,4.0,4.0,0.0
2,11.040396904899147,15.860673512410926,4.820276607511779,1294.9285923848736,1840.3352664852553,545.4066741003817,2,2.591650349786928,3.0771686535573863,0.48551830377045846,378.7139651721209,517.4279303442418,138.71396517212088
2,11.040396904899147,15.860673512410926,4.820276607511779,1294.9285923848736,1840.3352664852553,545.4066741003817,2,2.591650349786928,3.0771686535573863,0.48551830377045846,378.7139651721209,517.4279303442418,138.71396517212088
2,8.209271238843122,10.198422180298877,1.9891509414557547,967.8788863767293,1186.2358544689669,218.35696809223754,2,14.138152376320964,25.561803685451743,11.42365130913078,1803.3055772823893,2461.909085681233,658.6035083988438
2,6.6604662606298035,9.179956651324844,2.51949039069504,437.77518326286804,491.8032802392961,54.02809697642806,2,16.776448764058305,30.838396460926425,14.06194769686812,1964.2184068599959,2783.734744836446,819.5163379764504
2,5.663427381535065,9.179956651324844,3.5165292697897783,327.8778237845694,383.74708628643987,55.86926250187051,2,17.783973844810763,32.85344662243134,15.069472777620579,1992.6436425698892,2840.585216256233,847.9415736863436
2,5.663427381535065,9.179956651324844,3.5165292697897783,327.8778237845694,383.74708628643987,55.86926250187051,2,17.783973844810763,32.85344662243134,15.069472777620579,1992.6436425698892,2840.585216256233,847.9415736863436
2,7.9619613287683535,9.179956651324844,1.2179953225564901,388.87354314322,394.0,5.126456856780038,2,17.783973844810763,32.85344662243134,15.069472777620579,1992.6436425698892,2840.585216256233,847.9415736863436
2,4.566109446676691,7.48920448785384,2.923095041177149,336.88626521195556,529.7725304239111,192.88626521195556,2,17.783973844810763,32.85344662243134,15.069472777620579,1992.6436425698892,2840.585216256233,847.9415736863436
2,33.375794700004334,59.26238491215483,25.886590212150494,1601.6890551418128,2673.6055798597145,1071.9165247179017,2,3.304519224884036,3.8945373825778873,0.5900181576938515,1315.1145219183109,1485.526974953076,170.41245303476524
2,33.375794700004334,59.26238491215483,25.886590212150494,1601.6890551418128,2673.6055798597145,1071.9165247179017,2,1.9258083721646315,2.7145010671901844,0.7886926950255528,624.3510344417728,1144.7020688835455,520.3510344417728
2,33.375794700004334,59.26238491215483,25.886590212150494,1601.6890551418128,2673.6055798597145,1071.9165247179017,2,2.2402474502037855,2.451312777017101,0.21106532681331558,822.8789785680224,1099.7579571360448,276.8789785680224
2,33.375794700004334,59.26238491215483,25.886590212150494,1601.6890551418128,2673.6055798597145,1071.9165247179017,2,1.955906340774714,2.02918212339047,0.07327578261575596,500.5,546.0,45.5
2,33.375794700004334,59.26238491215483,25.886590212150494,1601.6890551418128,2673.6055798597145,1071.9165247179017,2,1.3740593823242087,2.02918212339047,0.6551227410662612,343.0,546.0,203.0
2,33.375794700004334,59.26238491215483,25.886590212150494,1601.6890551418128,2673.6055798597145,1071.9165247179017,2,0.5716272692017341,1.1055775296573813,0.5339502604556472,209.0,414.0,205.0
2,33.375794700004334,59.26238491215483,25.886590212150494,1601.6890551418128,2673.6055798597145,1071.9165247179017,2,0.38096285228777305,0.7242486958294592,0.3432858435416861,137.29379092360423,270.58758184720847,133.29379092360423
2,33.375794700004334,59.26238491215483,25.886590212150494,1601.6890551418128,2673.6055798597145,1071.9165247179017,2,0.2091519281318348,0.3806268475175827,0.17147491938574788,88.5,173.0,84.5
2,33.375794700004334,59.26238491215483,25.886590212150494,1601.6890551418128,2673.6055798597145,1071.9165247179017,2,0.0645780414461754,0.09147907414626388,0.02690103270008848,31.5,59.0,27.5
2,33.375794700004334,59.26238491215483,25.886590212150494,1601.6890551418128,2673.6055798597145,1071.9165247179017,2,0.050674375146613215,0.0636717415471395,0.012997366400526289,8.5,13.0,4.5
2,35.03885740360278,62.58851031935173,27.549652915748943,2752.1656913053516,4974.558852186792,2222.393160881441,2,17.016920847577914,18.79506277080884,1.7781419232309261,2685.3802981447207,3244.7621743250193,559.3818761802984
2,33.333517231860334,59.17782997586683,25.844312744006494,1597.481436461415,2665.190342498919,1067.708906037504,2,17.016920847577914,18.79506277080884,1.7781419232309261,2685.3802981447207,3244.7621743250193,559.3818761802984
2,25.744271641238484,43.99933879462313,18.255067153384644,1175.2864546702112,1820.8003789165116,645.5139242463003,2,17.016920847577914,18.79506277080884,1.7781419232309261,2685.3802981447207,3244.7621743250193,559.3818761802984
2,25.050743340579928,42.612282193306015,17.561538852726088,1159.367701178768,1788.9628719336247,629.5951707548568,2,17.016920847577914,18.79506277080884,1.7781419232309261,2685.3802981447207,3244.7621743250193,559.3818761802984
2,22.01367259609193,36.53814070433002,14.52446810823809,1084.3639082305779,1638.9552860372448,554.591377806667,2,17.016920847577914,18.79506277080884,1.7781419232309261,2685.3802981447207,3244.7621743250193,559.3818761802984
2,12.751346213088539,18.013487938323237,5.262141725234699,815.2140567113413,1100.6555829987717,285.44152628743035,2,17.016920847577914,18.79506277080884,1.7781419232309261,2685.3802981447207,3244.7621743250193,559.3818761802984
2,7.237026741083788,11.864287386994079,4.62726064591029,290.77490796998035,446.5498159399607,155.77490796998035,2,17.016920847577914,18.79506277080884,1.7781419232309261,2685.3802981447207,3244.7621743250193,559.3818761802984
2,14.643693152705964,18.79506277080884,4.151369618102876,1086.9249398423096,1742.7640524773506,655.8391126350409,2,17.016920847577914,18.79506277080884,1.7781419232309261,2685.3802981447207,3244.7621743250193,559.3818761802984
2,17.016920847577914,18.79506277080884,1.7781419232309261,1956.5115732125862,2170.259093947822,213.74752073523564,2,17.016920847577914,18.79506277080884,1.7781419232309261,2685.3802981447207,3244.7621743250193,559.3818761802984
2,17.016920847577914,18.79506277080884,1.7781419232309261,1956.5115732125862,2170.259093947822,213.74752073523564,2,9.800621285341503,18.564904331543886,8.764283046202383,630.9610525760688,1060.70902413462,429.74797155855117
2,11.734724737504209,18.79506277080884,7.060338033304632,1187.570081280922,1742.76405247735,555.193971196428,2,0.18760897034673718,0.32057357069952275,0.13296460035278557,14.0,23.0,9.0
2,10.66940648871757,16.664426273235563,5.995019784517993,1110.4088934331517,1588.4416767818095,478.03278334865774,2,0.8760192796374398,1.3575721676506163,0.4815528880131765,217.5,372.0,154.5
2,5.877004699141274,7.079622694082971,1.202617994941697,577.717298324285,632.376110084494,54.658811760209005,2,0.9417480574459383,1.4890297232676133,0.547281665821675,278.087847282392,493.17569456478395,215.08784728239198
1,1.3126936288738449,1.3126936288738449,0.0,206.31204050255462,206.31204050255462,0.0,1,13.724635023129736,13.724635023129736,0.0,2564.4613457129285,2564.4613457129285,0.0
1,1.3126936288738449,1.3126936288738449,0.0,206.31204050255462,206.31204050255462,0.0,1,14.269950872286614,14.269950872286614,0.0,2593.4649870517733,2593.4649870517733,0.0
1,0.024374041116772105,0.024374041116772105,0.0,3.0,3.0,0.0,1,9.026825958988667,9.026825958988667,0.0,1635.448877615592,1635.448877615592,0.0
1,0.024098714950156364,0.024098714950156364,0.0,13.0,13.0,0.0,1,9.026825958988667,9.026825958988667,0.0,1635.448877615592,1635.448877615592,0.0
2,1.4337066866871453,2.8375810038410236,1.4038743171538783,322.85559888876287,643.7111977775257,320.85559888876287,1,5.974505035336662,5.974505035336662,0.0,1453.237785722968,1453.237785722968,0.0
2,5.3557017492154415,10.681571128897616,5.3258693796821746,566.6635528824023,1131.3271057648046,564.6635528824023,2,1.3213431390153119,2.285948911098046,0.9646057720827343,572.640750556862,1083.837373734897,511.196623178035
1,1.9882111665578037,1.9882111665578037,0.0,1536.8113995879758,1536.8113995879758,0.0,1,1.9804103183643456,1.9804103183643456,0.0,232.97338693571737,232.97338693571737,0.0
1,1.090438840438111,1.090438840438111,0.0,420.81422872934326,420.81422872934326,0.0,1,4.442514445921962,4.442514445921962,0.0,795.0,795.0,0.0
1,1.090438840438111,1.090438840438111,0.0,420.81422872934326,420.81422872934326,0.0,1,4.442514445921962,4.442514445921962,0.0,795.0,795.0,0.0
1,0.7290098759434116,0.7290098759434116,0.0,264.4783026309322,264.4783026309322,0.0,1,4.442514445921962,4.442514445921962,0.0,795.0,795.0,0.0
1,0.30194293245988035,0.30194293245988035,0.0,120.0,120.0,0.0,1,4.442514445921962,4.442514445921962,0.0,795.0,795.0,0.0
1,0.4595652984954022,0.4595652984954022,0.0,74.0,74.0,0.0,1,2.4212686183524887,2.4212686183524887,0.0,683.4782131087095,683.4782131087095,0.0
1,0.7858615933229558,0.7858615933229558,0.0,63.0,63.0,0.0,1,6.785252530612894,6.785252530612894,0.0,2101.2719544744864,2101.2719544744864,0.0
1,0.14158395555790548,0.14158395555790548,0.0,9.0,9.0,0.0,1,6.785252530612894,6.785252530612894,0.0,2101.2719544744864,2101.2719544744864,0.0
1,14.714854461301243,14.714854461301243,0.0,2438.6273075436297,2438.6273075436297,0.0,2,0.2073829963560847,0.370222942426345,0.1628399460702603,44.0,81.0,37.0
1,13.889522968961586,13.889522968961586,0.0,2406.6230052041415,2406.6230052041415,0.0,2,4.324349297773399,8.278475653120452,3.9541263553470536,358.24598399948843,635.4919679989769,277.24598399948843
1,13.70218475554094,13.70218475554094,0.0,1506.1270367955308,1506.1270367955308,0.0,1,1.655945237519731,1.655945237519731,0.0,221.0,221.0,0.0
1,0.9291679369975157,0.9291679369975157,0.0,254.55436897655727,254.55436897655727,0.0,1,19.969596983768454,19.969596983768454,0.0,1287.9392052021333,1287.9392052021333,0.0
2,6.724515548600294,13.388077870056406,6.663562321456112,798.3642487499496,1593.7284974998993,795.3642487499496,2,9.187582502071976,18.10843981973875,8.920857317666773,404.4726009206814,803.9452018413627,399.4726009206814
2,6.724515548600294,13.388077870056406,6.663562321456112,798.3642487499496,1593.7284974998993,795.3642487499496,2,9.187582502071976,18.10843981973875,8.920857317666773,404.4726009206814,803.9452018413627,399.4726009206814
2,6.724515548600294,13.388077870056406,6.663562321456112,798.3642487499496,1593.7284974998993,795.3642487499496,2,9.187582502071976,18.10843981973875,8.920857317666773,404.4726009206814,803.9452018413627,399.4726009206814
2,6.724515548600294,13.388077870056406,6.663562321456112,798.3642487499496,1593.7284974998993,795.3642487499496,2,2.174576951473618,4.089660462220607,1.9150835107469888,220.5,429.0,208.5
2,6.706438712498532,13.388077870056406,6.681639157557875,798.3642487499496,1593.7284974998993,795.3642487499496,2,1.1038069665059886,1.948120492285348,0.8443135257793593,127.0,242.0,115.0
2,6.738602434983548,13.388077870056406,6.649475435072858,803.3642487499496,1593.7284974998993,790.3642487499496,2,6.823785655391518,13.388077870056406,6.5642922146648885,836.0134563606284,1660.0269127212568,824.0134563606284
2,7.0579181761844225,13.388077870056406,6.330159693871984,859.3642487499496,1593.7284974998993,734.3642487499496,2,6.823785655391518,13.388077870056406,6.5642922146648885,836.0134563606284,1660.0269127212568,824.0134563606284
2,7.115258755199456,13.388077870056406,6.272819114856951,914.8642487499496,1593.7284974998993,678.8642487499496,2,6.823785655391518,13.388077870056406,6.5642922146648885,836.0134563606284,1660.0269127212568,824.0134563606284
2,7.2674841380240665,13.388077870056406,6.12059373203234,933.1591530188339,1593.7284974998993,660.5693444810654,2,6.823785655391518,13.388077870056406,6.5642922146648885,836.0134563606284,1660.0269127212568,824.0134563606284
2,7.281010990934071,13.388077870056406,6.1070668791223355,935.5648614352885,1593.7284974998993,658.1636360646107,2,6.823785655391518,13.388077870056406,6.5642922146648885,836.0134563606284,1660.0269127212568,824.0134563606284
2,7.243337119864442,13.210535627355142,5.9671985074907,948.7333749452517,1571.4667498905035,622.7333749452517,2,6.7359619789555225,13.388077870056406,6.652115891100884,832.5134563606284,1660.0269127212568,827.5134563606284
2,5.971444811076836,10.66675100977993,4.6953061987030935,776.8679576233206,1227.7359152466413,450.86795762332065,2,6.7359619789555225,13.388077870056406,6.652115891100884,832.5134563606284,1660.0269127212568,827.5134563606284
1,0.4810541038792877,0.4810541038792877,0.0,79.0,79.0,0.0,1,2.344364078793543,2.344364078793543,0.0,572.0,572.0,0.0
1,2.344364078793543,2.344364078793543,0.0,941.7985156248287,941.7985156248287,0.0,1,0.5686335827183591,0.5686335827183591,0.0,447.0,447.0,0.0
1,0.8061680156790132,0.8061680156790132,0.0,258.0,258.0,0.0,1,4.18906899010371,4.18906899010371,0.0,2296.146118604436,2296.146118604436,0.0
1,0.05214982324990558,0.05214982324990558,0.0,4.0,4.0,0.0,1,3.352780210019379,3.352780210019379,0.0,1733.5614872418637,1733.5614872418637,0.0
1,0.05214982324990558,0.05214982324990558,0.0,4.0,4.0,0.0,1,3.352780210019379,3.352780210019379,0.0,1733.5614872418637,1733.5614872418637,0.0
1,0.05214982324990558,0.05214982324990558,0.0,4.0,4.0,0.0,1,3.324458503484113,3.324458503484113,0.0,1719.4735274875586,1719.4735274875586,0.0
1,0.20065955735471164,0.20065955735471164,0.0,54.0,54.0,0.0,1,3.25396975199563,3.25396975199563,0.0,1646.769129184255,1646.769129184255,0.0
1,0.00432774428750804,0.00432774428750804,0.0,3.0,3.0,0.0,1,3.2390789141448018,3.2390789141448018,0.0,1633.3360028998688,1633.3360028998688,0.0
1,0.26496205315680754,0.26496205315680754,0.0,155.0,155.0,0.0,1,2.892129661195728,2.892129661195728,0.0,1510.1994992453292,1510.1994992453292,0.0
1,0.6457946772047904,0.6457946772047904,0.0,193.0,193.0,0.0,1,2.8333481905762774,2.8333481905762774,0.0,970.1168889697785,970.1168889697785,0.0
1,0.9438314513124482,0.9438314513124482,0.0,271.91049761609156,271.91049761609156,0.0,1,2.8333481905762774,2.8333481905762774,0.0,970.1168889697785,970.1168889697785,0.0
1,1.144728208608555,1.144728208608555,0.0,295.0,295.0,0.0,1,2.8333481905762774,2.8333481905762774,0.0,970.1168889697785,970.1168889697785,0.0
1,1.2859441416354684,1.2859441416354684,0.0,369.19708789202423,369.19708789202423,0.0,1,2.8333481905762774,2.8333481905762774,0.0,970.1168889697785,970.1168889697785,0.0
1,2.552496592331991,2.552496592331991,0.0,622.2008059424779,622.2008059424779,0.0,1,2.8333481905762774,2.8333481905762774,0.0,970.1168889697785,970.1168889697785,0.0
1,2.7388264196838676,2.7388264196838676,0.0,692.0,692.0,0.0,2,1.4314317932334415,2.8333481905762774,1.401916397342836,491.05844448488926,970.1168889697785,479.05844448488926
1,3.1672680434422134,3.1672680434422134,0.0,730.0546338348204,730.0546338348204,0.0,2,1.419443417576927,2.8333481905762774,1.4139047729993504,488.05844448488926,970.1168889697785,482.05844448488926
1,3.1672680434422134,3.1672680434422134,0.0,730.0546338348204,730.0546338348204,0.0,2,1.444772555728731,2.8333481905762774,1.3885756348475464,499.97132821540765,970.1168889697784,470.14556075437076
1,3.1672680434422134,3.1672680434422134,0.0,730.0546338348204,730.0546338348204,0.0,2,1.444772555728731,2.8333481905762774,1.3885756348475464,499.97132821540765,970.1168889697784,470.14556075437076
1,3.1672680434422134,3.1672680434422134,0.0,730.0546338348204,730.0546338348204,0.0,1,2.2521370543096033,2.2521370543096033,0.0,802.0722796060475,802.0722796060475,0.0
1,3.1672680434422134,3.1672680434422134,0.0,730.0546338348204,730.0546338348204,0.0,1,1.3858562693433107,1.3858562693433107,0.0,638.1447557943379,638.1447557943379,0.0
1,5.78179226616362,5.78179226616362,0.0,1578.0873146326294,1578.0873146326294,0.0,1,0.014835911219094555,0.014835911219094555,0.0,4.0,4.0,0.0
1,6.57307921600102,6.57307921600102,0.0,2127.664676215553,2127.664676215553,0.0,1,0.014835911219094555,0.014835911219094555,0.0,4.0,4.0,0.0
1,7.093250856861829,7.093250856861829,0.0,2268.7305794188555,2268.7305794188555,0.0,2,0.04123643436311397,0.06763695750713339,0.026400523144019417,7.0,10.0,3.0
1,7.007049600292319,7.007049600292319,0.0,2248.475610057491,2248.475610057491,0.0,2,0.04123643436311397,0.06763695750713339,0.026400523144019417,7.0,10.0,3.0
1,6.331591134337756,6.331591134337756,0.0,2007.5522563821205,2007.5522563821205,0.0,1,0.3035711596733712,0.3035711596733712,0.0,184.0,184.0,0.0
1,0.11572135729406341,0.11572135729406341,0.0,9.0,9.0,0.0,1,1.8408855153201884,1.8408855153201884,0.0,596.0,596.0,0.0
1,0.11572135729406341,0.11572135729406341,0.0,9.0,9.0,0.0,1,2.236542893486572,2.236542893486572,0.0,637.0,637.0,0.0
1,2.893223602624481,2.893223602624481,0.0,517.9271988517744,517.9271988517744,0.0,1,3.734252573258196,3.734252573258196,0.0,899.9972950802121,899.9972950802121,0.0
1,1.9959389376319763,1.9959389376319763,0.0,341.76905152973364,341.76905152973364,0.0,1,3.734252573258196,3.734252573258196,0.0,899.9972950802121,899.9972950802121,0.0
1,3.1972868622958828,3.1972868622958828,0.0,753.5270817000362,753.5270817000362,0.0,1,6.445868934016147,6.445868934016147,0.0,1700.0642440470965,1700.0642440470965,0.0
1,3.1972868622958828,3.1972868622958828,0.0,753.5270817000362,753.5270817000362,0.0,1,0.05220210705252981,0.05220210705252981,0.0,17.0,17.0,0.0
2,1.637782620341678,3.1972868622958828,1.5595042419542047,393.7635408500181,753.5270817000362,359.7635408500181,1,0.04181157846572603,0.04181157846572603,0.0,13.24324369244773,13.24324369244773,0.0
2,1.6166452823350674,3.1972868622958828,1.5806415799608153,380.7635408500181,753.5270817000362,372.7635408500181,1,0.03602414857840586,0.03602414857840586,0.0,70.0,70.0,0.0
1,0.6356875152203685,0.6356875152203685,0.0,243.73597207982993,243.73597207982993,0.0,1,3.1972868622958828,3.1972868622958828,0.0,1931.4851965235348,1931.4851965235348,0.0
2,0.3625299367100361,0.6356875152203685,0.2731575785103324,128.36798603991497,243.73597207982993,115.36798603991497,2,2.1459870592323043,3.1972868622958828,1.0512998030635785,1295.4062733116593,1931.4851965235348,636.0789232118753
2,0.03591730670860116,0.05707504319673262,0.021157736488131462,8.0,8.0,0.0,2,2.1459870592323043,3.1972868622958828,1.0512998030635785,1295.4062733116593,1931.4851965235348,636.0789232118753
2,0.12196460159860933,0.2121337779001422,0.09016917630153287,11.5,17.0,5.5,2,0.9413101773409736,1.0946872561687258,0.1533770788277522,562.589061342134,659.3273500997841,96.73828875765014
2,0.34907241612648576,0.6501848205941556,0.30111240446766985,68.99386509442706,133.98773018885413,64.99386509442706,2,0.8334680860905408,1.0946872561687258,0.26121917007818496,423.66367504989205,659.3273500997841,235.66367504989205
2,0.45519219687961154,0.6501848205941556,0.19499262371454407,99.49386509442706,133.98773018885413,34.493865094427065,2,0.6416191811732794,1.0946872561687258,0.4530680749954463,377.16367504989205,659.3273500997841,282.16367504989205
2,0.469493749231777,0.6501848205941556,0.1806910713623786,111.99386509442706,133.98773018885413,21.993865094427065,2,0.6416191811732794,1.0946872561687258,0.4530680749954463,377.16367504989205,659.3273500997841,282.16367504989205
2,0.20523562105710624,0.2888026778693984,0.08356705681229215,49.0,90.0,41.0,2,0.5639833871931277,1.0946872561687258,0.5307038689755981,334.66367504989205,659.3273500997841,324.66367504989205
2,0.6725571857955863,0.9039810827030053,0.23142389690741894,501.0,830.0,329.0,2,0.2927158406755126,0.49601685637104964,0.20330101569553705,98.5,178.0,79.5
2,0.7527819325634013,0.9039810827030053,0.15119915013960394,504.5821437161637,830.0,325.4178562838363,2,0.011011541712468542,0.013248770062091353,0.0022372283496228107,4.0,6.0,2.0
2,1.4321668625667705,1.9603526424305358,0.5281857798637652,1164.8539438380128,1499.7078876760256,334.8539438380128,2,0.32698369181206033,0.6356875152203685,0.30870382340830815,112.5,223.0,110.5
2,1.4394759090107954,1.9749707353185855,0.5354948263077901,1177.8138360695298,1525.6276721390595,347.81383606952977,2,0.32698369181206033,0.6356875152203685,0.30870382340830815,112.5,223.0,110.5
2,1.8567280959314267,2.809475109159848,0.9527470132284215,1279.754090348883,1729.508180697766,449.754090348883,2,0.3298487318281662,0.6356875152203685,0.3058387833922023,113.5,223.0,109.5
2,1.8708640284045757,2.837746974106146,0.9668829457015704,1282.953620088821,1735.907240177642,452.953620088821,2,0.3298487318281662,0.6356875152203685,0.3058387833922023,113.5,223.0,109.5
2,1.963812690283298,3.0236442978635907,1.0598316075802927,1372.3722464174155,1914.744492834831,542.3722464174155,2,0.3298487318281662,0.6356875152203685,0.3058387833922023,113.5,223.0,109.5
1,1.5968208116360394,1.5968208116360394,0.0,969.6897454128757,969.6897454128757,0.0,2,0.004445892699848741,0.005249169050728142,0.0008032763508794005,6.0,6.0,0.0
1,2.889641034768836,2.889641034768836,0.0,2096.065423691516,2096.065423691516,0.0,2,0.7514600532994109,1.5023274805833609,0.75086742728395,223.2018714330672,439.4037428661344,216.2018714330672
2,0.6180806491113806,1.1234663188810003,0.5053856697696197,420.95496447423966,714.9099289484793,293.95496447423966,2,1.1143651583898553,1.6878991077602947,0.5735339493704394,424.64994961667935,611.2829621965902,186.63301257991088
1,4.19873024784674,4.19873024784674,0.0,2686.562063280877,2686.562063280877,0.0,2,0.20870097448783298,0.3265179970921537,0.1178170226043207,145.70737917006846,267.4147583401369,121.70737917006846
1,3.5628617359367354,3.5628617359367354,0.0,2370.9672364532225,2370.9672364532225,0.0,2,0.2190242653633412,0.3265179970921537,0.10749373172881249,150.7073791700685,267.414758340137,116.70737917006849
1,2.966442605894926,2.966442605894926,0.0,1778.1717016695793,1778.1717016695793,0.0,2,0.6656791812135374,1.2349020792054972,0.5692228979919598,192.253687215725,290.50737443145,98.253687215725
1,1.8348166952363627,1.8348166952363627,0.0,697.8200383411629,697.8200383411629,0.0,2,1.6425312428962506,2.050160406587004,0.4076291636907534,764.1337460962122,1237.7601177609747,473.6263716647625
1,1.8348166952363627,1.8348166952363627,0.0,697.8200383411629,697.8200383411629,0.0,2,1.6425312428962506,2.050160406587004,0.4076291636907534,764.1337460962122,1237.7601177609747,473.6263716647625
1,0.9009552164102246,0.9009552164102246,0.0,221.38250155139258,221.38250155139258,0.0,2,4.008218283077657,6.781534486949816,2.7733162038721595,1311.546241302699,2332.585108173948,1021.0388668712491
1,0.9009552164102246,0.9009552164102246,0.0,221.38250155139258,221.38250155139258,0.0,2,4.008218283077657,6.781534486949816,2.7733162038721595,1311.546241302699,2332.585108173948,1021.0388668712491
1,1.782121072068584,1.782121072068584,0.0,450.0,450.0,0.0,2,2.6952015622736063,4.155501045341715,1.460299483068109,1024.183613596802,1757.8598527621539,733.676239165352
1,0.6524850763138446,0.6524850763138446,0.0,153.69864229721406,153.69864229721406,0.0,1,2.0637661807955894,2.0637661807955894,0.0,603.0,603.0,0.0
1,11.3950460984981,11.3950460984981,0.0,2417.9432788784534,2417.9432788784534,0.0,2,1.106577869447598,1.952971677263676,0.846393807816078,375.99973267659334,613.9994653531867,237.99973267659334
1,6.22687546987806,6.22687546987806,0.0,2085.438150699232,2085.438150699232,0.0,1,2.617182189554427,2.617182189554427,0.0,1209.3411624988134,1209.3411624988134,0.0
1,6.22687546987806,6.22687546987806,0.0,2085.438150699232,2085.438150699232,0.0,1,2.617182189554427,2.617182189554427,0.0,1209.3411624988134,1209.3411624988134,0.0
1,2.8152403922959834,2.8152403922959834,0.0,986.5669687239449,986.5669687239449,0.0,1,0.039277087796875776,0.039277087796875776,0.0,22.0,22.0,0.0
1,1.6103013596657334,1.6103013596657334,0.0,725.0,725.0,0.0,1,0.010219949232855186,0.010219949232855186,0.0,3.0,3.0,0.0
1,0.007697729217184701,0.007697729217184701,0.0,94.0,94.0,0.0,1,0.017927311092854836,0.017927311092854836,0.0,2.0,2.0,0.0
1,1.015907864946783,1.015907864946783,0.0,525.9816106428029,525.9816106428029,0.0,1,0.017927311092854836,0.017927311092854836,0.0,2.0,2.0,0.0
1,1.015907864946783,1.015907864946783,0.0,525.9816106428029,525.9816106428029,0.0,1,0.017927311092854836,0.017927311092854836,0.0,2.0,2.0,0.0
1,1.420148546912344,1.420148546912344,0.0,734.4897233458926,734.4897233458926,0.0,1,1.5484125689987636,1.5484125689987636,0.0,749.5115684527486,749.5115684527486,0.0
1,2.212667448793354,2.212667448793354,0.0,1537.2997802226173,1537.2997802226173,0.0,1,2.2924427443540267,2.2924427443540267,0.0,1589.0737639394438,1589.0737639394438,0.0
1,2.212667448793354,2.212667448793354,0.0,1537.2997802226173,1537.2997802226173,0.0,1,2.2924427443540267,2.2924427443540267,0.0,1589.0737639394438,1589.0737639394438,0.0
1,0.1490338153459163,0.1490338153459163,0.0,35.0,35.0,0.0,1,2.2924427443540267,2.2924427443540267,0.0,1589.0737639394438,1589.0737639394438,0.0
1,0.09566738353837678,0.09566738353837678,0.0,16.0,16.0,0.0,1,2.2924427443540267,2.2924427443540267,0.0,1589.0737639394438,1589.0737639394438,0.0
2,0.5493017767667983,1.0649337840224113,0.5156320072556131,249.0,488.0,239.0,2,1.015362354128186,2.0288321046454563,1.0134697505172703,1687.7638792610592,3330.5277585221183,1642.7638792610592
2,9.860822844584252,19.500791241196545,9.639968396612293,2494.8552014302936,4967.710402860587,2472.8552014302936,2,0.10943008472162674,0.2115146346383412,0.10208454991671445,195.33074962863355,385.6614992572671,190.33074962863355
2,9.860822844584252,19.500791241196545,9.639968396612293,2494.8552014302936,4967.710402860587,2472.8552014302936,2,0.10943008472162674,0.2115146346383412,0.10208454991671445,195.33074962863355,385.6614992572671,190.33074962863355
2,1.4565844048966419,2.9098662072973553,1.4532818024007135,365.7455335930532,729.4910671861064,363.7455335930532,2,1.1941837302804998,2.377412971512946,1.1832292412324463,1670.0782315849374,3320.1564631698748,1650.0782315849374
2,1.522633828198357,2.902995594656641,1.3803617664582841,1856.3617358318957,3406.7234716637913,1550.3617358318957,2,1.492250070414233,2.1952911546263323,0.7030410842120993,1945.9868534432155,3191.240376378007,1245.2535229347916
2,1.45505961026754,2.767847158795007,1.3127875485274672,1323.2453888348225,2340.490777669645,1017.2453888348225,2,1.663738516612403,2.4160450727149794,0.7523065561025764,1585.2018263804034,2244.6930723841924,659.491246003789
1,0.8051827050837055,0.8051827050837055,0.0,372.0,372.0,0.0,1,0.5317720635194476,0.5317720635194476,0.0,563.2214666100699,563.2214666100699,0.0
2,0.0307880450475313,0.04838509958397097,0.01759705453643967,17.5,32.0,14.5,1,0.5838085636553281,0.5838085636553281,0.0,677.6264389245829,677.6264389245829,0.0
1,0.620911395919336,0.620911395919336,0.0,370.0,370.0,0.0,1,0.3976725658576292,0.3976725658576292,0.0,419.82685607309145,419.82685607309145,0.0
1,4.353425482512279,4.353425482512279,0.0,1607.7075477551896,1607.7075477551896,0.0,1,0.007811216479137073,0.007811216479137073,0.0,7.0,7.0,0.0
2,0.285683355309315,0.5356289661533467,0.24994561084403166,159.5777382855906,300.1554765711812,140.5777382855906,2,6.052738145698305,11.00019547517336,4.947457329475055,3180.9158792783014,4790.400354265208,1609.4844749869067
2,8.922219274720362,17.79138087444896,8.8691615997286,818.0950395567932,1627.1900791135863,809.0950395567932,2,2.6549171011065393,4.204553385989829,1.5496362848832899,2452.801542799903,3334.171681308411,881.3701385085079
1,1.245898674760241,1.245898674760241,0.0,107.41724178167306,107.41724178167306,0.0,1,1.5071232116323081,1.5071232116323081,0.0,607.0,607.0,0.0
1,21.071453704630095,21.071453704630095,0.0,2335.41700318639,2335.41700318639,0.0,2,0.7457263303569182,1.245898674760241,0.5001723444033228,103.0,124.0,21.0
2,1.126723682159561,2.248861302231518,1.1221376200719568,217.0,432.0,215.0,2,3.3570203422484273,6.6753544845177295,3.3183341422693022,1170.8888848627596,2323.777769725519,1152.8888848627596
2,8.549126016667948,16.598848385659977,8.049722368992029,957.5868449579723,1678.1736899159446,720.5868449579723,2,2.771957090964447,5.505227981949769,2.733270890985322,964.0649119323259,1910.1298238646518,946.0649119323259
2,4.60830098791727,7.003636503489034,2.395335515571764,2240.509657432385,3887.5140203913716,1647.0043629589861,2,3.5197280918874885,6.4639462610653595,2.944218169177871,1736.1383937690534,2573.5908157663207,837.4524219972674
2,0.7908521212297899,1.5618934266310873,0.7710413054012974,618.0340160168589,1220.0680320337178,602.0340160168589,2,3.504977209249878,7.003636503489034,3.4986592942391557,1418.6434698927696,2802.2869397855393,1383.6434698927696
2,0.012316228153274267,0.020144084178539856,0.00782785602526559,5.0,6.0,1.0,2,3.504977209249878,7.003636503489034,3.4986592942391557,1418.6434698927696,2802.2869397855393,1383.6434698927696
2,2.5230425318291445,5.026419206691273,2.5033766748621282,634.2885157196056,1263.5344314277008,629.2459157080953,2,0.26035488175844357,0.5143918485061647,0.25403696674772114,280.5,526.0,245.5
2,2.3911413670488884,4.423410608817925,2.0322692417690362,859.4475963453729,1197.8951926907457,338.44759634537286,2,1.7863836147764918,3.561959984936525,1.7755763701600333,634.6042773027889,1234.2085546055778,599.6042773027889
2,36.95485775668075,69.48630490454357,32.53144714786282,1019.3740770712438,1197.8951926907457,178.52111561950187,2,1.6894435888335586,3.368079933050659,1.6786363442171002,601.6805596159616,1168.361119231923,566.6805596159616
2,80.69665086524958,147.0400114863423,66.34336062109273,1940.5225991120988,2076.1275797776802,135.60498066558148,2,10.397858158443103,20.474027051035492,10.076168892592388,1366.024460612756,2523.048921225512,1157.024460612756
2,3.4274432935439165,5.58160984543305,2.1541665518891335,122.22593790890369,218.45187581780738,96.22593790890369,2,10.146509152916813,20.112184918888957,9.965675765972144,1602.1244083548527,3159.2488167097054,1557.1244083548527
2,23.793682405046162,42.005754964659275,18.212072559613112,1752.0565864035957,3285.661296989384,1533.6047105857883,2,11.142371894401514,19.801599464940296,8.659227570538782,1554.7407594858728,2479.078265194263,924.3375057083905
2,23.793682405046162,42.005754964659275,18.212072559613112,1752.0565864035957,3285.661296989384,1533.6047105857886,2,27.97154142590947,48.93425898801077,20.962717562101297,1825.508693196391,2362.8296937863824,537.3210005899915
2,32.84395184060945,42.005754964659275,9.161803124049825,2116.88519271363,3285.6612969893845,1168.7761042757545,2,26.457420921157883,48.93425898801077,22.476838066852885,1342.4148468931912,2362.8296937863824,1020.4148468931912
1,77.04087895571517,77.04087895571517,0.0,2499.3770448445766,2499.3770448445766,0.0,2,25.073039567422136,48.93425898801077,23.861219420588633,1241.9148468931915,2362.829693786383,1120.9148468931915
1,77.04087895571517,77.04087895571517,0.0,2499.3770448445766,2499.3770448445766,0.0,2,25.073039567422136,48.93425898801077,23.861219420588633,1241.9148468931915,2362.829693786383,1120.9148468931915
1,77.04087895571517,77.04087895571517,0.0,2499.3770448445766,2499.3770448445766,0.0,2,25.073039567422136,48.93425898801077,23.861219420588633,1241.9148468931915,2362.829693786383,1120.9148468931915
1,77.04087895571517,77.04087895571517,0.0,2499.3770448445766,2499.3770448445766,0.0,2,24.492252707871216,48.93425898801077,24.44200628013955,1182.4148468931915,2362.829693786383,1180.4148468931915
1,77.04087895571517,77.04087895571517,0.0,2499.3770448445766,2499.3770448445766,0.0,2,25.319080472610377,48.93425898801077,23.61517851540039,1420.9148468931915,2362.829693786383,941.9148468931915
2,36.86621953488478,73.68022578090192,36.814006246017144,1131.0196896506793,2256.0393793013586,1125.0196896506793,2,3.8032363347041986,4.401491863015643,0.5982555283114444,1197.6839997629613,1452.272545974486,254.58854621152477
2,12.201283848127368,24.3503544073871,12.149070559259734,483.27523241486443,960.5504648297289,477.27523241486443,2,5.0706505518500755,6.936320297307397,1.8656697454573212,1363.9460471031146,1784.7966406547926,420.850593551678
2,6.226435193743022,12.40065709861841,6.174221904875388,266.3590629730747,526.7181259461494,260.3590629730747,2,5.0706505518500755,6.936320297307397,1.8656697454573212,1363.9460471031146,1784.7966406547926,420.850593551678
2,0.12134083988170374,0.1904683908957736,0.06912755101406987,30.0,54.0,24.0,2,5.0706505518500755,6.936320297307397,1.8656697454573212,1363.9460471031146,1784.7966406547926,420.850593551678
3,3.6980423759132983,11.043295849426109,5.193879246139073,1234.278973513272,3697.8369205398158,1741.9985780262527,3,5.216251342512014,11.043295849426109,4.4558436888488275,1674.6137744671369,4207.719675256272,1809.9045676995006
2,4.775679853074948,9.490264200354915,4.714584347279967,849.793675279735,1576.58735055947,726.793675279735,2,2.110006236276778,4.196851279605731,2.086845043328953,747.1772704912474,1492.3545409824949,745.1772704912474
2,5.975024058999907,11.888952612204832,5.913928553204926,1635.6662102389341,3148.3324204778683,1512.6662102389341,2,1.1732783218033909,2.330045703802888,1.1567673819994972,402.5,801.0,398.5
2,9.778612146385527,19.496128786976072,9.717516640590546,2213.6163712285274,4304.232742457055,2090.6163712285274,2,0.01852530899432736,0.02873114775614738,0.010205838761820019,4.0,6.0,2.0
1,9.062193491152115,9.062193491152115,0.0,1294.810546247123,1294.810546247123,0.0,1,19.498875056972906,19.498875056972906,0.0,2091.763791550936,2091.763791550936,0.0
1,3.0464005209449283,3.0464005209449283,0.0,660.9338538249118,660.9338538249118,0.0,1,19.498875056972906,19.498875056972906,0.0,2091.763791550936,2091.763791550936,0.0
1,0.10090082961923486,0.10090082961923486,0.0,4.0,4.0,0.0,1,19.498875056972906,19.498875056972906,0.0,2091.763791550936,2091.763791550936,0.0
1,2.8363027426197505,2.8363027426197505,0.0,72.0,72.0,0.0,1,2.648332749515106,2.648332749515106,0.0,999.7970687432846,999.7970687432846,0.0
1,42.41457770411239,42.41457770411239,0.0,728.3928935796762,728.3928935796762,0.0,1,1.0552426726793271,1.0552426726793271,0.0,396.58501421205386,396.58501421205386,0.0
1,100.23824198530929,100.23824198530929,0.0,1607.112949271967,1607.112949271967,0.0,1,0.10090082961923486,0.10090082961923486,0.0,7.0,7.0,0.0
1,36.32640827139318,36.32640827139318,0.0,548.7860795886618,548.7860795886618,0.0,1,3.9294633501779543,3.9294633501779543,0.0,787.7798963611763,787.7798963611763,0.0
1,17.083196347540138,17.083196347540138,0.0,261.26689727649,261.26689727649,0.0,1,13.474838031286893,13.474838031286893,0.0,1462.1059561041939,1462.1059561041939,0.0
1,0.16059876964894215,0.16059876964894215,0.0,8.0,8.0,0.0,1,17.520476350316457,17.520476350316457,0.0,1779.6820816568807,1779.6820816568807,0.0
1,0.16059876964894215,0.16059876964894215,0.0,8.0,8.0,0.0,1,17.520476350316457,17.520476350316457,0.0,1779.6820816568807,1779.6820816568807,0.0
1,0.28055010741508113,0.28055010741508113,0.0,134.73969558673025,134.73969558673025,0.0,1,15.915106867378952,15.915106867378952,0.0,1614.3005145896673,1614.3005145896673,0.0
1,11.016465053020852,11.016465053020852,0.0,1720.403896349523,1720.403896349523,0.0,1,1.6235261040131803,1.6235261040131803,0.0,593.9048054179792,593.9048054179792,0.0
1,11.016465053020852,11.016465053020852,0.0,1720.403896349523,1720.403896349523,0.0,2,4.935738755782811,9.69905823789773,4.76331948211492,414.33026788046976,811.7628074113727,397.4325395309029
1,6.956254377540077,6.956254377540077,0.0,1533.2236720238232,1533.2236720238232,0.0,1,9.69905823789773,9.69905823789773,0.0,811.7628074113727,811.7628074113727,0.0
1,1.5430869388859492,1.5430869388859492,0.0,264.348372205548,264.348372205548,0.0,1,11.016465053020852,11.016465053020852,0.0,2096.9003143871714,2096.9003143871714,0.0
1,1.7387696044746974,1.7387696044746974,0.0,296.89810636155653,296.89810636155653,0.0,1,11.016465053020852,11.016465053020852,0.0,2096.9003143871714,2096.9003143871714,0.0
1,1.7387696044746974,1.7387696044746974,0.0,296.89810636155653,296.89810636155653,0.0,1,11.016465053020852,11.016465053020852,0.0,2096.9003143871714,2096.9003143871714,0.0
1,5.390803556409537,5.390803556409537,0.0,1665.0307555051618,1665.0307555051618,0.0,2,2.8904043547725315,5.776634217801643,2.8862298630291114,532.2843304032839,1062.5686608065678,530.2843304032839
1,5.568293871547027,5.568293871547027,0.0,1743.0942116077297,1743.0942116077297,0.0,2,2.9099811183447173,5.776634217801643,2.8666530994569257,532.2843304032839,1062.5686608065678,530.2843304032839
1,6.294207207268059,6.294207207268059,0.0,1859.4378801072094,1859.4378801072094,0.0,2,2.947327359476546,5.776634217801643,2.829306858325097,552.7843304032839,1062.5686608065678,509.7843304032839
2,4.147845743801533,7.0988504215582395,2.951004677756707,1274.1230173667086,2106.308125412423,832.1851080457145,2,0.017590162820319222,0.02811116198947161,0.01052099916915239,35.5,65.0,29.5
2,3.8288813500791647,6.460921634113504,2.632040284034339,1155.150552289291,1868.3631952575877,713.2126429682967,2,0.14484101017891504,0.25203596078871726,0.10719495060980222,38.5,73.0,34.5
2,2.6216544349627853,4.046467803880745,1.4248133689179596,765.0482087673572,1088.15850821372,323.1102994463629,2,0.14484101017891504,0.25203596078871726,0.10719495060980222,38.5,73.0,34.5
2,1.7381990161323984,2.8678206552092007,1.1296216390768024,283.0,366.0,83.0,2,0.708495964111826,1.2375845579599698,0.5290885938481438,297.00132171990003,541.4138277147208,244.41250599482078
2,1.6648343498908105,2.8678206552092007,1.2029863053183902,269.5,366.0,96.5,2,0.708495964111826,1.2375845579599698,0.5290885938481438,297.00132171990003,541.4138277147208,244.41250599482078
2,1.6013711621298725,2.8678206552092007,1.2664494930793282,210.0,366.0,156.0,2,0.8551608606605186,1.5309143510573548,0.6757534903968363,417.9690195363312,783.3492233475831,365.38020381125193
2,1.6013711621298725,2.8678206552092007,1.2664494930793282,210.0,366.0,156.0,2,0.824833353028847,1.6065165035471196,0.7816831505182726,444.6245165205264,877.2490330410528,432.6245165205264
2,1.5615661644017749,2.7882106597530054,1.2266444953512305,169.83457926350758,285.66915852701516,115.83457926350758,2,1.2002554436433002,2.357360684776026,1.1571052411327258,649.4389704854029,1286.8779409708059,637.4389704854029
2,0.10492007805921233,0.1180205011514488,0.013100423092236468,18.5,19.0,0.5,2,3.136154600135434,6.229158997760294,3.09300439762486,1153.6070188943859,2295.2140377887717,1141.6070188943859
2,2.482469878694353,4.7129037965999885,2.2304339179056356,241.07111666203718,402.14223332407437,161.07111666203718,2,5.291391466841205,10.539632731171835,5.24824126433063,1421.1550857308334,2830.310171461667,1409.1550857308334
2,3.2686249912375587,4.7129037965999885,1.4442788053624298,496.1308264579329,590.1194195917915,93.98859313385856,2,1.459334256934298,2.8755183113580216,1.4161840544237236,797.5843280807003,1583.1686561614006,785.5843280807003
2,4.859989619432831,5.007075442265673,0.14708582283284244,678.6143869578068,955.0865405915392,276.47215363373243,1,2.052785122946837,2.052785122946837,0.0,1062.8837208656898,1062.8837208656898,0.0
1,0.5597654960751868,0.5597654960751868,0.0,65.0,65.0,0.0,1,4.7129037965999885,4.7129037965999885,0.0,478.0,478.0,0.0
1,8.729187602073395,8.729187602073395,0.0,1934.0914639546131,1934.0914639546131,0.0,2,3.2968261960884995,3.3487773814001613,0.051951185311661874,420.2200913473944,541.3703364062145,121.15024505882013
1,9.64061440636489,9.64061440636489,0.0,2056.7075829648393,2056.7075829648393,0.0,2,2.5438743823200944,3.3487773814001613,0.8049029990800669,357.0357170388218,415.0015877890694,57.965870750247575
2,6.198874866536087,9.708838504850974,3.5099636383148862,1123.959160382985,2061.155206455148,937.196046072163,2,6.161090663829693,8.973403946259225,2.812313282429532,1063.0268896939576,1826.983933099341,763.9570434053833
1,1.6853968797372545,1.6853968797372545,0.0,346.0,346.0,0.0,2,4.545694615826211,8.973403946259225,4.427709330433014,935.4919665496705,1826.983933099341,891.4919665496705
1,0.735039952278612,0.735039952278612,0.0,184.0,184.0,0.0,1,0.11992862278773941,0.11992862278773941,0.0,48.0,48.0,0.0
1,8.973403946259225,8.973403946259225,0.0,1221.9697473233955,1221.9697473233955,0.0,2,3.7388260792408303,7.352576250250479,3.6137501710096487,849.2756652065262,1668.5513304130525,819.2756652065262
2,4.5482170799697315,8.973403946259225,4.4251868662894935,614.4848736616977,1221.9697473233955,607.4848736616977,1,2.4424167416520604,2.4424167416520604,0.0,770.3030755888594,770.3030755888594,0.0
1,8.89433708483071,8.89433708483071,0.0,1199.788425648723,1199.788425648723,0.0,1,3.457458551670733,3.457458551670733,0.0,1075.9588629083464,1075.9588629083464,0.0
1,0.04933053698091783,0.04933053698091783,0.0,92.87375134223566,92.87375134223566,0.0,1,8.089125232730211,8.089125232730211,0.0,2731.270891031727,2731.270891031727,0.0
2,0.383656751377373,0.7492862947434986,0.36562954336612563,109.33997251250366,215.67994502500733,106.33997251250366,1,7.247441813101759,7.247441813101759,0.0,2124.1590175503566,2124.1590175503566,0.0
1,5.23075073543194,5.23075073543194,0.0,980.5205532388793,980.5205532388793,0.0,1,5.233492325417352,5.233492325417352,0.0,1537.5602741380546,1537.5602741380546,0.0
2,4.446311475945507,8.874595743879766,4.428284267934259,936.8950950590298,1870.7901901180596,933.8950950590298,2,1.5805134777427945,3.0741727758208413,1.4936592980780468,475.26375761674103,926.5275152334821,451.26375761674103
1,8.874595743879766,8.874595743879766,0.0,1870.7901901180596,1870.7901901180596,0.0,1,6.072533784321564,6.072533784321564,0.0,801.9308844595769,801.9308844595769,0.0
1,0.02888642336590408,0.02888642336590408,0.0,4.0,4.0,0.0,1,8.874595743879766,8.874595743879766,0.0,1612.2404128072462,1612.2404128072462,0.0
1,5.391645608273933,5.391645608273933,0.0,685.2294666837124,685.2294666837124,0.0,2,4.90392666230073,8.763798936348763,3.8598722740480333,792.4323063937198,1353.5925854441025,561.1602790503827
1,39.760328079583324,39.760328079583324,0.0,2407.5261114688237,2407.5261114688237,0.0,1,0.07430109767062021,0.07430109767062021,0.0,2.0,2.0,0.0
1,42.18658303058445,42.18658303058445,0.0,2779.072865967744,2779.072865967744,0.0,1,3.09567791574932,3.09567791574932,0.0,580.287603605911,580.287603605911,0.0
1,42.18658303058445,42.18658303058445,0.0,2779.072865967744,2779.072865967744,0.0,1,3.1817160314679,3.1817160314679,0.0,596.9558374877452,596.9558374877452,0.0
1,41.32573259752759,41.32573259752759,0.0,2660.0537499427105,2660.0537499427105,0.0,1,3.881681292145174,3.881681292145174,0.0,737.0,737.0,0.0
2,14.156189094097144,28.267137978716363,14.11094888461922,884.9036118409455,1764.807223681891,879.9036118409455,1,4.574546278403474,4.574546278403474,0.0,1176.9608214582095,1176.9608214582095,0.0
2,0.7798620969894827,1.2198788194638084,0.44001672247432566,150.5,173.0,22.5,2,2.6822135369668025,5.289395371803771,2.607181834836968,603.9366944253496,1191.8733888506993,587.9366944253496
1,4.90682952285124,4.90682952285124,0.0,1412.0506492254208,1412.0506492254208,0.0,1,0.8315666227365242,0.8315666227365242,0.0,398.3073844477799,398.3073844477799,0.0
1,7.779330475624882,7.779330475624882,0.0,2043.8515566961414,2043.8515566961414,0.0,1,4.134044679963637,4.134044679963637,0.0,887.0895867891682,887.0895867891682,0.0
1,40.01649410778407,40.01649410778407,0.0,1783.2816448429408,1783.2816448429408,0.0,1,22.820108364487183,22.820108364487183,0.0,1991.8991394104382,1991.8991394104382,0.0
1,43.8025528877868,43.8025528877868,0.0,2433.7506554632387,2433.7506554632387,0.0,2,0.05188368593623238,0.09086928017233475,0.03898559423610237,10.0,11.0,1.0
2,1.8332077210693782,3.59175944186174,1.7585517207923616,819.6992050114169,1624.3984100228338,804.6992050114169,2,0.3187427898625437,0.43934198796139157,0.12059919809884789,153.04511253168084,213.0902250633617,60.04511253168084
2,1.0527662778764366,2.0627630665734813,1.0099967886970447,325.48074851821275,636.9614970364255,311.48074851821275,2,4.932967473022256,8.726564211773876,3.7935967387516207,1825.5451515023094,3156.927960550898,1331.3828090485888
2,5.251294562267784,10.001433875883777,4.750139313615993,1866.8919619194878,3528.7839238389756,1661.8919619194878,2,0.5785961043500834,1.139370734270635,0.5607746299205516,248.08117122686042,494.16234245372084,246.08117122686042
2,5.254559831705805,10.007964414759819,4.753404583054014,1868.8609973146088,3532.7219946292175,1663.8609973146088,2,0.5457852846504743,1.04871889154267,0.5029336068921957,231.8443535581586,437.6887071163172,205.8443535581586
2,5.0697187646040724,9.638282280556353,4.568563515952281,1744.508616207333,3284.017232414666,1539.508616207333,2,0.8634419772171817,1.6650062396063987,0.801564262389217,350.6268313491005,697.253662698201,346.6268313491005
2,2.3402184638298245,4.1792816790078575,1.839063215178033,1016.3933407788588,1827.7866815577177,811.3933407788588,2,0.8602517505998861,1.705438979904116,0.84518722930423,356.0,708.0,352.0
2,1.5701357367667406,2.6391162248816897,1.0689804881149492,802.2546442875216,1399.5092885750432,597.2546442875216,2,1.6749792454752246,1.705438979904116,0.030459734428891494,1154.332504691004,1600.665009382008,446.33250469100403
2,0.08056806532630745,0.15188264165906418,0.07131457633275673,22.0,35.0,13.0,2,2.2377115512758756,2.7735962182108693,0.5358846669349937,2328.139007433592,3038.0058167860975,709.8668093525057
2,0.4164986021640473,0.7934361262173368,0.3769375240532895,593.4877906268921,1182.9755812537842,589.4877906268921,2,2.2377115512758756,2.7735962182108693,0.5358846669349937,2328.139007433592,3038.0058167860975,709.8668093525057
2,0.4164986021640473,0.7934361262173368,0.3769375240532895,593.4877906268921,1182.9755812537842,589.4877906268921,2,2.2377115512758756,2.7735962182108693,0.5358846669349937,2328.139007433592,3038.0058167860975,709.8668093525057
2,2.099586819243118,3.4057375122688995,1.3061506930257814,2377.07649937634,3571.177417498896,1194.1009181225559,2,0.8223989581480851,1.5869141552805957,0.7645151971325106,807.0143832043116,1584.0287664086231,777.0143832043116
2,1.5830244924291001,2.3726128586408635,0.7895883662117633,1915.6922122305086,2648.408843207233,732.7166309767244,2,0.034831518794437244,0.04281406760700435,0.007982548812567103,18.5,32.0,13.5
2,0.7572198055033184,1.4373654671350735,0.6801456616317552,414.9760779852951,778.9521559705902,363.9760779852951,2,0.4352595889672841,0.8692508553248359,0.4339912663575518,615.961490924421,1227.922981848842,611.961490924421
2,0.22856488618138826,0.3956163088834046,0.16705142270201634,143.0037508687661,261.0075017375322,118.0037508687661,2,1.0772463428411143,2.1532243630724963,1.075978020231382,873.7927688753405,1743.585537750681,869.7927688753405
2,0.012179218139827697,0.013396192818369457,0.0012169746785417601,8.5,15.0,6.5,2,1.153651803610865,2.1532243630724963,0.9995725594616314,959.7927688753405,1743.585537750681,783.7927688753405
2,0.47710552670056217,0.9292768447272977,0.4521713180267355,244.10677243900818,483.21354487801636,239.10677243900818,2,2.4844128198890534,4.814746395628873,2.33033357573982,1639.029386900352,3102.058773800704,1463.029386900352
2,0.48548039953941924,0.954897520910805,0.4694171213713858,399.8192661068558,794.6385322137116,394.8192661068558,2,2.235950361112879,4.3178214780765245,2.0818711169636455,1490.6136260439555,2805.227252087911,1314.6136260439555
2,0.9186664538176359,1.3746066533521457,0.4559401995345098,836.6054199319008,1291.5826960609534,454.9772761290526,2,1.7864520692437615,3.5716358158777908,1.7851837466340292,1238.5620353473785,2473.124070694757,1234.5620353473785
2,1.1688965213887208,1.8750667884943155,0.7061702671055947,900.5756801841826,1419.523216565517,518.9475363813344,2,1.7018721728383017,3.24966510152737,1.5477929286890681,1272.1363486757725,2368.272697351545,1096.1363486757725
1,4.4231922673751995,4.4231922673751995,0.0,2682.239943628771,2682.239943628771,0.0,2,0.5784445969621377,1.1499074541101564,0.5714628571480187,204.3160640253916,406.6321280507832,202.3160640253916
1,1.669773386062257,1.669773386062257,0.0,1371.3557143743865,1371.3557143743865,0.0,2,1.5050929514295337,3.0032041630449484,1.4981112116154147,490.07579482574806,978.1515896514961,488.07579482574806
1,0.4627262542831261,0.4627262542831261,0.0,381.6281438028482,381.6281438028482,0.0,2,2.520719492425105,3.0032041630449484,0.48248467061984357,789.5757948257481,978.1515896514961,188.57579482574806
1,0.36139216318808565,0.36139216318808565,0.0,194.0,194.0,0.0,2,2.6588529971230166,3.0032041630449484,0.3443511659219318,897.5757948257481,978.1515896514961,80.57579482574806
1,0.36139216318808565,0.36139216318808565,0.0,194.0,194.0,0.0,2,2.6588529971230166,3.0032041630449484,0.3443511659219318,897.5757948257481,978.1515896514961,80.57579482574806
1,0.36139216318808565,0.36139216318808565,0.0,194.0,194.0,0.0,2,2.6588529971230166,3.0032041630449484,0.3443511659219318,897.5757948257481,978.1515896514961,80.57579482574806
1,3.499033551611795,3.499033551611795,0.0,798.8644607003203,798.8644607003203,0.0,2,2.745240398277815,2.814805084965073,0.0695646866872579,1314.429079629445,1782.1913527471975,467.76227311775256
1,0.11129489058257747,0.11129489058257747,0.0,163.0,163.0,0.0,1,2.4716229094092768,2.4716229094092768,0.0,830.1130529246576,830.1130529246576,0.0
1,0.12347942744081308,0.12347942744081308,0.0,168.0,168.0,0.0,1,2.4716229094092768,2.4716229094092768,0.0,830.1130529246576,830.1130529246576,0.0
2,1.0306772512212916,2.0414638988390053,1.0107866476177136,542.573766816467,1083.147533632934,540.573766816467,2,2.7563559355688625,5.500817744129172,2.7444618085603096,1132.8599953494167,2260.7199906988335,1127.8599953494167
2,2.5572022848424005,4.3220066616149,1.7648043767724992,1129.9385909090693,2036.8771818181388,906.9385909090694,2,3.1462248993457465,6.28055567168294,3.1343307723371936,1395.1966255888453,2785.3932511776907,1390.1966255888453
2,2.889649797195114,4.986901686320326,2.0972518891252125,1276.9862400980314,2330.972480196063,1053.9862400980314,2,3.1406397080672868,6.269332014954493,3.1286923068872063,1365.7792615176697,2726.5585230353395,1360.7792615176697
2,61.48210078438954,122.69612480013642,61.21402401574688,1474.7780366865404,2920.556073373081,1445.7780366865404,1,2.597721359024142,2.597721359024142,0.0,727.3671840355405,727.3671840355405,0.0
1,116.56911542079206,116.56911542079206,0.0,2653.9279191833252,2653.9279191833252,0.0,1,5.222817211382228,5.222817211382228,0.0,1006.3716350628997,1006.3716350628997,0.0
1,41.03052082474329,41.03052082474329,0.0,1474.5308687486527,1474.5308687486527,0.0,1,6.820167474254454,6.820167474254454,0.0,1411.4804577981868,1411.4804577981868,0.0
2,3.494316432550619,6.72055609645858,3.226239663907961,147.0,265.0,118.0,1,6.820167474254454,6.820167474254454,0.0,1411.4804577981868,1411.4804577981868,0.0
2,3.966706077010212,6.426733258832222,2.46002718182201,1039.016178920099,2025.032357840198,986.016178920099,2,3.41325911186515,6.820167474254454,3.406908362389304,706.7402288990934,1411.4804577981868,704.7402288990934
2,3.4692994739736704,6.820167474254454,3.3508680002807836,1229.2196644370154,2410.4393288740307,1181.2196644370154,1,0.011751944334228881,0.011751944334228881,0.0,4.0,4.0,0.0
2,3.4692994739736704,6.820167474254454,3.3508680002807836,1229.2196644370154,2410.4393288740307,1181.2196644370154,2,1.4870002671546825,2.9669280412610064,1.479927774106324,383.25767905540584,751.5153581108117,368.25767905540584
2,3.4692994739736704,6.820167474254454,3.3508680002807836,1229.2196644370154,2410.4393288740307,1181.2196644370154,2,0.4423815211661264,0.5077258366883903,0.06534431552226394,385.951279859127,465.0,79.048720140873
2,3.4692994739736704,6.820167474254454,3.3508680002807836,1229.2196644370154,2410.4393288740307,1181.2196644370154,2,0.534646585310437,0.6285378349590083,0.09389124964857132,361.5,521.0,159.5
2,1.9239632990354423,3.303272648702844,1.3793093496674018,109.92164309548752,193.5391771217728,83.61753402628528,2,1.5890298156353921,2.549521796311776,0.9604919806763839,1115.5406138596409,1710.081227719282,594.540613859641
2,1.019178418379994,1.324569935874564,0.30539151749457005,113.0,158.0,45.0,2,1.2424822358850864,1.8564266368111646,0.6139444009260782,756.818191979919,992.636383959838,235.818191979919
2,5.47001938933937,9.615468842804177,4.145449453464806,614.6779950102064,1071.3559900204127,456.67799501020636,2,0.4454400658425346,0.7003394142244908,0.25489934838195616,150.0,282.0,132.0
2,19.657901701209386,34.0171867400396,14.359285038830212,1654.8263588392765,3005.652717678553,1350.8263588392765,2,0.3186837677685901,0.5446539493680405,0.22597018159945037,34.2694761060319,56.538952212063805,22.269476106031902
2,20.077272925832936,34.8559291892867,14.778656263453762,1684.155357849207,3064.310715698414,1380.155357849207,2,0.3186837677685901,0.5446539493680405,0.22597018159945037,34.2694761060319,56.538952212063805,22.269476106031902
1,6.142866686440357,6.142866686440357,0.0,571.5522844154025,571.5522844154025,0.0,2,0.47657973739759996,0.49919707241824796,0.022617335020648,99.5,131.0,31.5
1,5.298616662379175,5.298616662379175,0.0,304.0,304.0,0.0,2,0.6596851455248469,0.8654078886727419,0.20572274314789496,131.72527597700082,195.45055195400164,63.72527597700082
2,0.038654311584391365,0.07570399076064405,0.03704967917625268,3.5199147891150346,5.0,1.4800852108849654,2,0.3740540516806288,0.6388556276871604,0.26480157600653165,158.5,300.0,141.5
1,0.4771053678417161,0.4771053678417161,0.0,20.0,20.0,0.0,1,18.080054177598637,18.080054177598637,0.0,2448.4724461301935,2448.4724461301935,0.0
1,36.967339430427145,36.967339430427145,0.0,1045.1641388738008,1045.1641388738008,0.0,1,5.732156859462204,5.732156859462204,0.0,1054.0,1054.0,0.0
1,67.85730955791833,67.85730955791833,0.0,1451.6315664593785,1451.6315664593785,0.0,1,3.2679254461407545,3.2679254461407545,0.0,760.0,760.0,0.0
1,98.56385399978637,98.56385399978637,0.0,2004.4304900592676,2004.4304900592676,0.0,1,0.41366377699660006,0.41366377699660006,0.0,8.0,8.0,0.0
1,99.0358076200777,99.0358076200777,0.0,2070.4563244444153,2070.4563244444153,0.0,1,0.022049765371036756,0.022049765371036756,0.0,4.0,4.0,0.0
1,31.06554831159994,31.06554831159994,0.0,920.0,920.0,0.0,1,0.7052615607731454,0.7052615607731454,0.0,73.87059150607911,73.87059150607911,0.0
1,30.074577735196655,30.074577735196655,0.0,901.6643783827722,901.6643783827722,0.0,1,0.980482038920016,0.980482038920016,0.0,155.0,155.0,0.0
1,28.67948831917701,28.67948831917701,0.0,871.4250267004558,871.4250267004558,0.0,1,1.067208765711733,1.067208765711733,0.0,177.20383973764592,177.20383973764592,0.0
1,0.04835768194093504,0.04835768194093504,0.0,7.0,7.0,0.0,1,5.244423861187805,5.244423861187805,0.0,1485.6425936611554,1485.6425936611554,0.0
2,3.7350195452041532,7.433960581523962,3.698941036319809,406.2030689941307,800.4061379882614,394.2030689941307,1,4.067659909640973,4.067659909640973,0.0,901.8435347249816,901.8435347249816,0.0
2,24.669172979985838,49.30226745108733,24.633094471101494,1481.0722056368454,2950.144411273691,1469.0722056368454,2,11.054588743342443,17.969777334311374,6.915188590968931,568.5128970659371,945.1966571870726,376.6837601211355
2,24.669172979985838,49.30226745108733,24.633094471101494,1481.0722056368454,2950.144411273691,1469.0722056368454,2,15.703459846231425,17.969777334311374,2.266317488079949,729.5802345538432,945.1966571870726,215.61642263322938
2,24.669172979985838,49.30226745108733,24.633094471101494,1481.0722056368454,2950.144411273691,1469.0722056368454,2,15.703459846231425,17.969777334311374,2.266317488079949,729.5802345538432,945.1966571870726,215.61642263322938
2,6.98123870910068,13.926398909317015,6.9451602002163355,579.3501525968517,1146.7003051937033,567.3501525968517,2,11.303172677302868,13.437142358151476,2.133969680848608,645.6914031661588,777.4189944117038,131.727591245545
1,4.6224552808614305,4.6224552808614305,0.0,538.0,538.0,0.0,1,13.72693038864088,13.72693038864088,0.0,892.8940260182076,892.8940260182076,0.0
1,16.785703862235408,16.785703862235408,0.0,459.0,459.0,0.0,1,0.019925748337371374,0.019925748337371374,0.0,2.0,2.0,0.0
1,9.297742205777965,9.297742205777965,0.0,306.0,306.0,0.0,1,5.522591344825081,5.522591344825081,0.0,1177.7148108841388,1177.7148108841388,0.0
1,13.443243696530715,13.443243696530715,0.0,752.1943124100075,752.1943124100075,0.0,1,25.371486509559716,25.371486509559716,0.0,2139.9764995696696,2139.9764995696696,0.0
1,8.782561197163943,8.782561197163943,0.0,528.1663846501665,528.1663846501665,0.0,1,25.556258244966777,25.556258244966777,0.0,2259.8459734998696,2259.8459734998696,0.0
1,6.4118668979899525,6.4118668979899525,0.0,593.4471276299637,593.4471276299637,0.0,1,7.468566045625842,7.468566045625842,0.0,1328.8332916910235,1328.8332916910235,0.0
1,15.05546868198789,15.05546868198789,0.0,1502.5221112956622,1502.5221112956622,0.0,1,0.42972880308096606,0.42972880308096606,0.0,469.0,469.0,0.0
1,18.896634266210263,18.896634266210263,0.0,756.560747678398,756.560747678398,0.0,2,6.5827991651053,13.145614198931824,6.562815033826524,376.2055262682911,749.4110525365822,373.2055262682911
1,42.01292670882435,42.01292670882435,0.0,2182.310831573426,2182.310831573426,0.0,1,14.26536693528088,14.26536693528088,0.0,771.63764520168,771.63764520168,0.0
1,42.127039213011784,42.127039213011784,0.0,2186.819710532098,2186.819710532098,0.0,2,7.321406849784104,14.26536693528088,6.9439600854967765,430.31882260084,771.63764520168,341.31882260084
2,27.969873773981295,42.127039213011784,14.15716543903049,1584.84901763551,2186.819710532098,601.9706928965877,2,14.816651571795997,22.776459233406428,7.95980766161043,953.3843015289794,1415.768603057959,462.38430152897945
2,28.567311966702942,42.127039213011784,13.559727246308842,1750.7887633015057,2186.819710532098,436.0309472305921,2,12.182629399685524,22.776459233406428,10.593829833720903,794.8843015289794,1415.768603057959,620.8843015289794
2,37.02228187840788,51.26810452340934,14.245822645001457,2984.3918096964694,4281.577862581501,1297.1860528850316,2,12.369308052279447,22.776459233406428,10.40715118112698,791.5418338177329,1415.768603057959,624.226769240226
2,15.309554467332937,22.776459233406428,7.46690476607349,1186.602878405719,1687.2057568114378,500.6028784057189,2,25.628618367419634,28.48077750143284,2.852159134013206,1564.849604431939,1713.9306058059192,149.08100137398014
2,14.718964320960161,22.776459233406428,8.057494912446266,1176.102878405719,1687.2057568114378,511.1028784057189,2,25.628618367419634,28.48077750143284,2.852159134013206,1564.849604431939,1713.9306058059192,149.08100137398014
2,0.25556634524379973,0.43162327299982906,0.17605692775602932,6.5,10.0,3.5,2,34.45953391294974,46.14260859249305,11.68307467954331,2800.77131334202,4185.7740236260815,1385.0027102840613
2,21.124822808538255,22.776459233406428,1.6516364248681725,1190.2138859461431,1687.2057568114378,496.9918708652947,2,28.022856314721764,33.2692533960371,5.246397081315337,2558.3795811113814,3700.9905591648035,1142.6109780534223
2,25.364276728611955,27.952094223817483,2.5878174952055275,1458.970457854928,1687.2057568114378,228.23529895650972,2,17.948684699740088,32.58427967494612,14.635594975206029,1240.2811706561051,2168.039050793443,927.7578801373378
2,32.7017459638217,42.62703269423697,9.925286730415273,1695.838761283078,1704.471765754718,8.63300447164022,2,16.355477943650868,32.58427967494612,16.22880173129525,1104.0195253967215,2168.039050793443,1064.0195253967215
2,29.985763028992153,46.14260859249305,16.156845563500895,1591.8030345849584,1950.056794747045,358.2537601620867,2,16.513443947873064,32.58427967494612,16.070835727073053,1111.5195253967215,2168.039050793443,1056.5195253967215
2,26.03644850059601,46.14260859249305,20.10616009189704,1124.0073261830025,1950.056794747045,826.0494685640423,2,0.24475190698832883,0.4849973382575037,0.24024543126917486,68.54074874706407,135.08149749412814,66.54074874706407
2,26.03644850059601,46.14260859249305,20.10616009189704,1124.0073261830025,1950.0567947470447,826.0494685640422,2,0.37909093398253013,0.4849973382575037,0.10590640427497355,204.04074874706407,273.0,68.95925125293593
2,25.661933151894466,45.39357789508996,19.731644743195496,1099.0709592226804,1900.1840608264001,801.1131016037199,2,0.7750667828844708,1.065136227511438,0.29006944462696715,374.5856313099607,614.0897651257933,239.50413381583257
2,25.253393158650496,44.57649790860202,19.323104749951526,1058.8335522446337,1819.7092468703067,760.8756946256732,1,1.7937184829261312,1.7937184829261312,0.0,809.1811952463904,809.1811952463904,0.0
2,8.337718356624812,16.232828492449613,7.895110135824801,337.0,617.0,280.0,1,15.197692601452843,15.197692601452843,0.0,2439.3182729584382,2439.3182729584382,0.0
2,1.8238713357410958,3.2051344506821806,1.3812631149410848,150.0,243.0,93.0,1,18.896432890137767,18.896432890137767,0.0,2695.4060509876635,2695.4060509876635,0.0
2,0.07508215884813296,0.10454474872561548,0.029462589877482515,20.012364299454475,36.02472859890895,16.012364299454475,2,16.215504597433757,31.946011856610006,15.730507259176251,1773.3032368881168,3411.5249762821054,1638.2217393939886
2,7.945390834419676,15.792794390204321,7.847403555784645,879.6014934117422,1739.2029868234845,859.6014934117422,2,1.2540477023192818,2.02309806638106,0.7690503640617781,656.1612516135209,1177.2410057329134,521.0797541193926
2,7.999796818743114,15.901606358851197,7.901809540108083,892.672035497601,1765.344070995202,872.672035497601,2,0.5943514753391899,0.6065354741140361,0.012183998774846216,319.2819924727326,491.46732072251336,172.18532824978075
1,10.888748741295572,10.888748741295572,0.0,1506.1215005675017,1506.1215005675017,0.0,1,14.64356577099305,14.64356577099305,0.0,1300.43653843729,1300.43653843729,0.0
1,11.219074306068677,11.219074306068677,0.0,1093.3020102279306,1093.3020102279306,0.0,1,10.888748741295572,10.888748741295572,0.0,1351.162891320876,1351.162891320876,0.0
1,12.122677532153546,12.122677532153546,0.0,1140.0,1140.0,0.0,1,10.888748741295572,10.888748741295572,0.0,1351.162891320876,1351.162891320876,0.0
1,14.609471414919597,14.609471414919597,0.0,1295.3302686546797,1295.3302686546797,0.0,1,10.888748741295572,10.888748741295572,0.0,1351.162891320876,1351.162891320876,0.0
2,32.98020709120532,37.91105642848514,4.930849337279817,1569.2175511204557,2050.7388778301643,481.52132670970855,2,0.05336350633525733,0.06123496487924385,0.00787145854398652,18.5,33.0,14.5
2,32.78751552224661,37.91105642848514,5.123540906238528,1562.1220952703707,2036.5479661299942,474.4258708596235,2,0.05336350633525733,0.06123496487924385,0.00787145854398652,18.5,33.0,14.5
2,20.58611248822833,37.91105642848514,17.32494394025681,711.0515088446521,1087.6962244107472,376.6447155660951,2,0.9101190990735422,1.5455218031799696,0.6354027041064274,386.47548101164716,719.9509620232943,333.47548101164716
2,20.348495848670744,37.91105642848514,17.562560579814395,660.8481122053737,1087.6962244107474,426.8481122053737,2,0.8036826282750376,1.5455218031799696,0.741839174904932,365.47548101164716,719.9509620232943,354.47548101164716
2,20.598681715272043,37.91105642848514,17.312374713213096,632.0052543440502,1087.6962244107474,455.6909700666972,2,0.8036826282750376,1.5455218031799696,0.741839174904932,365.47548101164716,719.9509620232943,354.47548101164716
2,19.57359938951364,37.91105642848514,18.3374570389715,567.3481122053737,1087.6962244107474,520.3481122053737,2,1.3431321969085879,2.62442094044707,1.2812887435384823,370.5,730.0,359.5
2,19.669046518852667,37.91105642848514,18.242009909632472,604.3481122053737,1087.6962244107474,483.3481122053737,2,1.6299532982258427,3.19806314308158,1.5681098448557371,418.0,825.0,407.0
2,18.978274238138205,37.91105642848514,18.932782190346934,545.3481122053737,1087.6962244107474,542.3481122053737,2,2.5049824744745877,4.8674486178424985,2.362466143367911,589.1700206827638,1125.3400413655277,536.1700206827638
2,18.978274238138205,37.91105642848514,18.932782190346934,545.3481122053737,1087.6962244107474,542.3481122053737,2,2.548413631218594,4.954310931330511,2.405897300111917,615.8725478380047,1178.7450956760094,562.8725478380047
2,16.056372336966312,32.067252626141354,16.01088028917504,478.54213858382263,954.0842771676453,475.54213858382263,2,3.927951225425229,7.713386119743781,3.785434894318552,1477.1182258092222,2901.2364516184443,1424.1182258092222
2,5.007111787532359,9.968731527273448,4.961619739741089,341.4000881916377,679.8001763832754,338.4000881916377,2,7.106836996371051,14.071157661635425,6.964320665264374,1682.1569912256084,3311.313982451217,1629.1569912256084
2,1.8581886565152317,3.6809849436896798,1.822796287174448,118.0,175.0,57.0,2,7.173209822988667,14.203903314870658,7.0306934918819906,1686.1863819065998,3319.3727638131995,1633.1863819065998
2,0.24681796422817825,0.4112584384717053,0.16444047424352704,11.5,21.0,9.5,2,7.805920867958832,15.469325404810988,7.6634045368521555,1740.89224197121,3428.78448394242,1687.89224197121
2,0.034867086581222395,0.04549204779127081,0.010624961210048411,6.5,10.0,3.5,2,8.070869828345991,15.999223325585305,7.928353497239314,1905.522473820942,3758.044947641884,1852.522473820942
2,1.8311384035295504,2.1712553633094984,0.34011695977994805,325.43596683275905,372.8719336655181,47.43596683275905,2,8.477008351712712,16.811500372318747,8.334492020606035,2028.5769538173734,4004.1539076347467,1975.5769538173734
2,8.896462265186312,17.308178913348904,8.411716648162592,607.5279476833639,1074.0558953667278,466.5279476833639,2,3.4212143266249164,6.699912322143156,3.2786979955182396,993.502016918879,1934.004033837758,940.502016918879
2,10.563882422446511,20.643019227869303,10.079136805422792,940.7672455312172,1740.5344910624344,799.7672455312172,2,3.171065983999833,6.19961563689299,3.0285496528931564,750.2761364141461,1447.5522728282922,697.2761364141461
2,13.115915422696496,25.747085228369272,12.631169805672776,1435.5025279915008,2730.0050559830015,1294.5025279915008,2,0.16860320761519,0.19469008412370314,0.026086876508513157,260.5,468.0,207.5
2,13.633359119308821,26.781972621593923,13.148613502285102,1538.6851598118983,2936.3703196237966,1397.6851598118983,2,0.07516184108878576,0.14251633110667683,0.06735449001789107,27.5,53.0,25.5
2,13.678254250034996,26.871762883046273,13.193508633011277,1605.6542220794024,3070.308444158805,1464.6542220794024,2,0.23339627822675268,0.32427622534682854,0.09087994712007585,122.46284045251491,191.92568090502982,69.46284045251491
2,14.234353885639678,27.983962154255636,13.749608268615958,1700.5469847966983,3260.0939695933967,1559.5469847966983,1,0.022245790490956097,0.022245790490956097,0.0,6.0,6.0,0.0
2,9.901992198955348,19.319238780886977,9.417246581931629,674.2828393443608,1207.5656786887216,533.2828393443608,1,1.6937315153037886,1.6937315153037886,0.0,403.711624625239,403.711624625239,0.0
2,9.901992198955348,19.319238780886977,9.417246581931629,674.2828393443608,1207.5656786887216,533.2828393443608,1,2.042850230000397,2.042850230000397,0.0,453.05883329015023,453.05883329015023,0.0
2,7.131351229099863,13.777956841176007,6.646605612076144,514.2355154252389,887.4710308504776,373.2355154252388,2,1.2274402142380207,2.4023082144030568,1.174868000165036,286.0,557.0,271.0
2,0.08489638706527103,0.1147139377725992,0.029817550707328166,5.0,8.0,3.0,1,2.4023082144030568,2.4023082144030568,0.0,557.0,557.0,0.0
2,0.9139317906142956,1.3431179642048718,0.4291861735905762,160.5,180.0,19.5,1,2.4023082144030568,2.4023082144030568,0.0,557.0,557.0,0.0
2,0.10386374441844382,0.19992013776599293,0.09605639334754912,42.0,81.0,39.0,1,2.6421704490487556,2.6421704490487556,0.0,404.07100812812314,404.07100812812314,0.0
2,0.011131908230185061,0.014456465389475426,0.0033245571592903644,6.0,9.0,3.0,1,5.940331422831843,5.940331422831843,0.0,752.6905709089165,752.6905709089165,0.0
2,0.011131908230185061,0.014456465389475426,0.0033245571592903644,6.0,9.0,3.0,2,3.5429750560886095,5.940331422831843,2.3973563667432334,511.34528545445824,752.6905709089165,241.34528545445824
2,1.3632922198749426,2.4023082144030568,1.039015994528114,631.6362173908866,1175.2328979570175,543.5966805661309,2,7.322248778434801,11.078159963692968,3.7559111852581673,1743.0117821339404,3119.023564267881,1376.0117821339404
2,0.0254407499444671,0.036425034499458775,0.010984284554991675,22.0,35.0,13.0,1,10.153316577376131,10.153316577376131,0.0,3018.5351301987102,3018.5351301987102,0.0
1,1.906679313938966,1.906679313938966,0.0,76.0,76.0,0.0,2,5.942473609926971,8.318609626677308,2.376136016750337,1301.29444526111,2235.58889052222,934.29444526111
1,8.170312998191633,8.170312998191633,0.0,588.7806055683532,588.7806055683532,0.0,2,5.033457762967606,6.500577932758578,1.467120169790972,890.4811812108156,1413.9623624216313,523.4811812108156
1,13.545910391133972,13.545910391133972,0.0,1449.7798552985025,1449.7798552985025,0.0,1,3.566337593176634,3.566337593176634,0.0,367.0,367.0,0.0
1,24.47537554163641,24.47537554163641,0.0,2182.840785595027,2182.840785595027,0.0,1,3.566337593176634,3.566337593176634,0.0,367.0,367.0,0.0
2,18.575578971439747,30.834421715100618,12.258842743660871,1578.7458973785167,2569.324219150985,990.5783217724681,2,1.1292309390268116,2.0228284271724704,0.8935974881456588,146.67828998742198,250.35657997484395,103.67828998742198
2,14.423677530651823,22.53061883352477,8.106941302872947,1353.3443854358543,2118.52119526566,765.1768098298057,1,1.9612653164940141,1.9612653164940141,0.0,664.7804561813646,664.7804561813646,0.0
2,13.67103485546102,21.025333483143164,7.3542986276821445,1286.2912136331317,1984.414851660215,698.1236380270832,2,2.937682219168634,3.8525360111647977,0.9148537919961637,813.4336383809375,1376.510696787031,563.0770584060936
2,10.398946013829331,14.481155799879787,4.082209786050456,1139.663547971822,1691.1595203375955,551.4959723657735,1,6.763535446705909,6.763535446705909,0.0,1699.3238128857151,1699.3238128857151,0.0
2,9.998042602378,13.679348976977124,3.6813063745991244,1025.7365160645827,1463.3054565231168,437.56894045853414,1,8.253732321765284,8.253732321765284,0.0,1871.4591984131494,1871.4591984131494,0.0
2,3.2108433157763336,6.3167362277788754,3.105892912002542,327.5837878030242,588.1675756060484,260.5837878030242,1,15.90852116775217,15.90852116775217,0.0,2705.464451896094,2705.464451896094,0.0
2,2.019282361227134,2.88099988554643,0.861717524319296,115.59201324829587,206.81778898690936,91.22577573861349,2,10.060108177603574,18.097387928034678,8.037279750431104,1792.8637638816913,3335.3709477885386,1542.5071839068473
2,5.173280590539058,9.659315396615881,4.486034806076823,1129.028800201147,2048.057600402294,919.0288002011471,2,8.320890062133024,14.618951697093578,6.298061634960554,1419.8855904047791,2589.4146008347143,1169.529010429935
2,5.202672693361073,9.718099602259912,4.515426908898839,1151.2119711959372,2092.4239423918743,941.2119711959372,2,4.214772318317809,6.4067162094631485,2.191943891145339,959.3973273543552,1668.4380747338662,709.0407473795111
2,5.079245977391341,9.718099602259912,4.63885362486857,1088.2119711959372,2092.4239423918743,1004.2119711959372,2,1.3730090081278767,2.6993191980758553,1.3263101899479786,474.81209925829046,936.6241985165809,461.81209925829046
2,7.397143228284239,9.718099602259912,2.3209563739756724,1239.9074581365726,2092.4239423918743,852.5164842553017,2,1.048592613335817,2.0886619140372673,1.0400693007014503,351.0,699.0,348.0
2,10.009436798335361,10.716289316641138,0.7068525183057766,1805.526505694978,2939.7694823493603,1134.2429766543823,2,5.215990945490418,10.42345857834647,5.207467632856051,936.6474021641275,1870.294804328255,933.6474021641275
2,8.495158336015283,10.716289316641138,2.221130980625855,1826.7628390058003,2939.7694823493607,1113.0066433435604,2,5.299358903052099,10.59019449346983,5.290835590417732,990.7081882278205,1978.416376455641,987.7081882278205
2,10.588993891852407,10.59019449346983,0.0012006016174233025,1965.728536175674,2913.582863953905,947.854327778231,2,5.395043075159279,10.59019449346983,5.195151418310552,1006.7081882278205,1978.416376455641,971.7081882278205
2,6.7119868164871015,10.59019449346983,3.878207676982729,831.1640593527875,1017.874208397443,186.71014904465557,2,0.8401552346198464,1.669630289798178,0.8294750551783316,152.5,303.0,150.5
2,6.7119868164871015,10.59019449346983,3.878207676982729,831.1640593527875,1017.874208397443,186.71014904465557,2,0.886634757691672,1.669630289798178,0.7829955321065061,161.0,303.0,142.0
2,6.7119868164871015,10.59019449346983,3.878207676982729,831.1640593527875,1017.874208397443,186.71014904465557,2,0.9192260586890093,1.669630289798178,0.7504042311091688,183.0,303.0,120.0
2,6.678649961080868,10.59019449346983,3.9115445323889624,817.5515198026853,1017.874208397443,200.32268859475772,2,0.9192260586890093,1.669630289798178,0.7504042311091688,183.0,303.0,120.0
2,9.946389386749708,10.59019449346983,0.6438051067201229,844.5788687190194,1017.874208397443,173.2953396784236,2,1.6305883688053768,2.6316837980258114,1.0010954292204346,285.9689171596824,503.9378343193648,217.9689171596824
2,9.946389386749708,10.59019449346983,0.6438051067201229,844.5788687190193,1017.874208397443,173.29533967842366,2,1.9982189011034066,2.6316837980258114,0.6334648969224048,420.55853869742305,503.9378343193648,83.37929562194176
1,10.59019449346983,10.59019449346983,0.0,1017.8742083974428,1017.8742083974428,0.0,1,6.700374713062022,6.700374713062022,0.0,1532.5325300149466,1532.5325300149466,0.0
1,10.59019449346983,10.59019449346983,0.0,1017.8742083974428,1017.8742083974428,0.0,2,4.9001266887043045,8.342013967533948,3.4418872788296433,1254.1114002254646,2159.600428723026,905.4890284975615
1,10.59019449346983,10.59019449346983,0.0,1017.8742083974428,1017.8742083974428,0.0,2,5.136997609625226,8.81575580937579,3.6787581997505647,1266.9639587481659,2185.3055457684286,918.3415870202628
1,8.600704352568023,8.600704352568023,0.0,854.0566156921749,854.0566156921749,0.0,2,7.415734589782986,13.37322976969131,5.9574951799083244,1516.3270831339232,2684.0317945399433,1167.7047114060201
2,2.8414993148008065,5.673567148661746,2.8320678338609397,230.62554519096443,458.25109038192886,227.62554519096443,2,1.2923729120821843,1.4582394098746612,0.16586649779247686,232.3111858639515,348.622371727903,116.3111858639515
2,2.8414993148008065,5.673567148661746,2.8320678338609397,230.62554519096443,458.25109038192886,227.62554519096443,2,1.2923729120821843,1.4582394098746612,0.16586649779247686,232.3111858639515,348.622371727903,116.3111858639515
2,10.981398841579619,16.66502143359571,5.683622592016093,1323.0378948776383,2274.0757897552767,951.0378948776383,2,2.6533739371098335,3.823191637781761,1.1698177006719277,922.9465389619327,1254.8930779238653,331.9465389619327
2,11.045689500807875,16.793602752052223,5.7479132512443485,1407.9478939669502,2443.8957879339005,1035.9478939669502,2,0.8107846159442218,1.4835562364379058,0.672771620493684,333.5,591.0,257.5
1,16.793602752052223,16.793602752052223,0.0,2443.8957879339005,2443.8957879339005,0.0,2,7.178137445595844,13.588040839647732,6.409903394051888,963.6677748921313,1569.3355497842626,605.6677748921313
1,16.793602752052223,16.793602752052223,0.0,2443.8957879339005,2443.8957879339005,0.0,2,8.65669291639264,16.56706137990477,7.910368463512132,1312.6178251869949,2280.2356503739898,967.6178251869949
2,7.06198159295807,13.810511637739651,6.748530044781582,349.0,684.0,335.0,2,8.425754379315855,16.793602752052223,8.367848372736368,1153.2855953573219,2294.5711907146438,1141.2855953573219
2,9.856221841203343,19.660709653873283,9.80448781266994,499.8631685464368,953.7263370928736,453.8631685464368,2,8.425754379315855,16.793602752052223,8.367848372736368,1153.2855953573219,2294.5711907146438,1141.2855953573219
2,20.7169100888841,41.382086149234794,20.665176060350696,819.9747472206245,1593.949494441249,773.9747472206245,2,8.573888933628673,16.793602752052223,8.21971381842355,1178.2855953573219,2294.5711907146438,1116.2855953573219
1,9.1092820947689,9.1092820947689,0.0,469.9936617287167,469.9936617287167,0.0,1,14.402900487006889,14.402900487006889,0.0,1774.8581276390978,1774.8581276390978,0.0
2,7.752428906467806,15.018176787447516,7.26574788097971,765.2340453414301,1498.4680906828603,733.2340453414301,2,3.382821938486728,6.702849574395287,3.320027635908559,358.9327154259808,707.8654308519616,348.9327154259808
2,7.752428906467806,15.018176787447516,7.26574788097971,765.2340453414301,1498.4680906828603,733.2340453414301,2,2.6790048674606695,5.29521543234317,2.6162105648825005,323.26689613574115,636.5337922714823,313.26689613574115
1,0.7314558263792321,0.7314558263792321,0.0,17.0,17.0,0.0,1,1.723362185483353,1.723362185483353,0.0,98.0,98.0,0.0
1,0.08826373535379162,0.08826373535379162,0.0,4.0,4.0,0.0,1,0.08826373535379162,0.08826373535379162,0.0,10.0,10.0,0.0
1,4.719376987063441,4.719376987063441,0.0,861.7331433511475,861.7331433511475,0.0,1,6.983740975805546,6.983740975805546,0.0,701.574312519766,701.574312519766,0.0
1,18.2858131386933,18.2858131386933,0.0,2138.7210559858268,2138.7210559858268,0.0,1,7.83480813709329,7.83480813709329,0.0,1570.1715308157923,1570.1715308157923,0.0
1,19.425132336916448,19.425132336916448,0.0,2294.107673355374,2294.107673355374,0.0,1,19.117653548132267,19.117653548132267,0.0,1607.4185637998855,1607.4185637998855,0.0
2,10.563967776504875,19.425132336916448,8.861164560411574,1178.553836677687,2294.107673355374,1115.553836677687,1,19.5353317691701,19.5353317691701,0.0,1613.5427824069848,1613.5427824069848,0.0
2,10.563967776504875,19.425132336916448,8.861164560411574,1178.553836677687,2294.107673355374,1115.553836677687,1,19.5353317691701,19.5353317691701,0.0,1613.5427824069848,1613.5427824069848,0.0
2,11.035105237824368,18.408912391565934,7.373807153741566,1240.1770568246218,2221.5945034976853,981.4174466730635,1,19.5353317691701,19.5353317691701,0.0,1613.5427824069848,1613.5427824069848,0.0
2,10.710385494946344,17.300369421976853,6.589983927030509,576.2210398817617,743.4420797635235,167.22103988176173,2,13.839910857490707,23.260189549791207,9.4202786923005,1363.748406396175,2474.571396140855,1110.8229897446802
1,17.300369421976853,17.300369421976853,0.0,743.4420797635235,743.4420797635235,0.0,1,23.260189549791207,23.260189549791207,0.0,2474.571396140855,2474.571396140855,0.0
2,16.261782480864397,19.328989272758236,3.067206791893838,1276.5923654302712,2010.533165713299,733.9408002830278,2,13.245780134717855,23.260189549791207,10.014409415073352,1326.1123634530375,2474.571396140855,1148.4590326878176
2,11.596148970248763,19.328989272758236,7.732840302509473,1147.2665828566496,2010.533165713299,863.2665828566495,2,11.910360808135785,13.682609251294735,1.7722484431589507,975.6653364279377,1063.418471553528,87.75313512559023
2,11.596148970248763,19.328989272758236,7.732840302509473,1147.2665828566496,2010.533165713299,863.2665828566495,1,9.995305350502633,9.995305350502633,0.0,1032.719647813159,1032.719647813159,0.0
1,19.328989272758236,19.328989272758236,0.0,2010.533165713299,2010.533165713299,0.0,1,1.2639698462365914,1.2639698462365914,0.0,94.0,94.0,0.0
1,57.79528638545551,57.79528638545551,0.0,2767.004363667655,2767.004363667655,0.0,2,6.882473377529855,12.588215219166543,5.705741841636687,485.3917279570545,731.783455914109,246.3917279570545
1,53.73439031238394,53.73439031238394,0.0,2316.879780557661,2316.879780557661,0.0,2,1.5524921846726372,1.694647138767536,0.14215495409489876,188.0,260.0,72.0
1,53.73439031238394,53.73439031238394,0.0,2316.879780557661,2316.879780557661,0.0,2,1.665980578754919,1.9216239269320994,0.2556433481771805,199.0,260.0,61.0
1,31.81710063342672,31.81710063342672,0.0,1295.1069730551412,1295.1069730551412,0.0,2,6.493347972677213,11.337527031180556,4.844179058503343,489.9819513641237,846.3676477360827,356.38569637195906
1,23.56832778281239,23.56832778281239,0.0,651.7363904371387,651.7363904371387,0.0,2,7.063446543374333,11.337527031180556,4.2740804878062235,579.9383273003125,846.3676477360827,266.42932043577025
1,23.56832778281239,23.56832778281239,0.0,651.7363904371387,651.7363904371387,0.0,2,7.5413170893572,11.337527031180556,3.7962099418233564,613.3511782699825,846.3676477360827,233.01646946610026
1,1.4103372305777384,1.4103372305777384,0.0,339.0,339.0,0.0,2,6.017213291884552,11.337527031180556,5.3203137392960045,494.1838238680413,846.3676477360826,352.1838238680413
1,1.4103372305777384,1.4103372305777384,0.0,339.0,339.0,0.0,2,6.260717944180783,11.337527031180556,5.0768090869997735,517.1838238680414,846.3676477360826,329.1838238680413
1,1.4103372305777384,1.4103372305777384,0.0,339.0,339.0,0.0,2,6.2817049453541856,11.337527031180556,5.055822085826371,523.1389458552405,846.3676477360826,323.22870188084215
1,1.4103372305777384,1.4103372305777384,0.0,339.0,339.0,0.0,2,6.334907331757172,11.337527031180556,5.002619699423384,531.4654905286411,846.3676477360826,314.9021572074416
1,1.4103372305777384,1.4103372305777384,0.0,339.0,339.0,0.0,2,6.334907331757172,11.337527031180556,5.002619699423384,531.4654905286411,846.3676477360826,314.9021572074416
1,1.4103372305777384,1.4103372305777384,0.0,339.0,339.0,0.0,2,6.53982035434877,11.337527031180556,4.797706676831787,563.1372811125827,846.3676477360826,283.23036662349995
1,1.4103372305777384,1.4103372305777384,0.0,339.0,339.0,0.0,2,6.53982035434877,11.337527031180556,4.797706676831787,563.1372811125827,846.3676477360826,283.23036662349995
1,1.4103372305777384,1.4103372305777384,0.0,339.0,339.0,0.0,2,6.580403903354842,11.337527031180556,4.7571231278257144,564.1838238680414,846.3676477360826,282.1838238680413
1,0.7311947146779119,0.7311947146779119,0.0,81.0,81.0,0.0,1,30.220729052505703,30.220729052505703,0.0,2899.7046591784606,2899.7046591784606,0.0
2,4.523315960463421,9.021624855895197,4.4983088954317765,445.90783168511007,884.8156633702201,438.90783168511007,2,7.534297102729546,15.052551382748817,7.518254280019271,467.8933362716291,931.7866725432582,463.8933362716291
2,25.241850589081388,29.860545465125014,4.618694876043627,3738.988795051263,4688.400417254077,949.4116222028142,2,16.014285609480496,20.62315571303776,4.6088701035572655,1559.8413492869952,2184.8747344365333,625.0333851495382
2,14.748560385156082,26.64236584161779,11.893805456461706,883.7803256004104,1621.5606512008208,737.7803256004104,2,7.668097569540201,12.671670218234667,5.003572648694465,594.9419735269173,1013.8839470538346,418.9419735269173
2,19.47602099096803,26.280371763701396,6.804350772733365,1151.9387545482568,1350.521325518345,198.5825709700881,2,0.37163939732481666,0.6865861217365392,0.31494672441172256,118.0,208.0,90.0
2,15.862499156405441,19.053328094576216,3.1908289381707746,1050.0358666270502,1146.7155496759315,96.67968304888132,2,0.3878569706123898,0.6865861217365392,0.29872915112414944,110.0,208.0,98.0
2,6.375320952239342,12.671670218234667,6.296349265995325,478.1780917890843,953.3561835781686,475.1780917890843,2,0.23349976810666817,0.377871716725096,0.14437194861842784,79.5,147.0,67.5
2,0.3467431891009767,0.6836738748534401,0.33693068575246343,94.02118492781483,182.04236985562966,88.02118492781483,2,4.7931762156391,9.538159931404856,4.7449837157657555,1100.9910784028884,2192.982156805777,1091.9910784028884
2,1.2121605939332625,2.1060273744962075,0.893866780562945,292.5630104180766,547.1260208361532,254.5630104180766,2,7.230580842118162,14.405902980474544,7.175322138356382,1074.808939279268,2066.617878558536,991.8089392792681
2,3.160534646860313,6.300643109038248,3.1401084621779347,729.2024584711612,1456.4049169423224,727.2024584711612,2,7.230580842118162,14.405902980474544,7.175322138356382,1074.808939279268,2066.617878558536,991.8089392792681
2,3.197318147029563,6.374210109376747,3.1768919623471845,774.1459237239217,1545.2918474478433,771.1459237239217,2,7.230580842118162,14.405902980474544,7.175322138356382,1074.808939279268,2066.617878558536,991.8089392792681
2,3.197318147029563,6.374210109376747,3.1768919623471845,774.1459237239217,1545.2918474478433,771.1459237239217,2,7.230580842118162,14.405902980474544,7.175322138356382,1074.808939279268,2066.617878558536,991.8089392792681
2,11.55429606540919,20.316385614464963,8.762089549055773,1978.8988572873316,3734.8230190429354,1755.9241617556038,3,5.623676097866664,15.771678524875455,7.187746477201796,635.9545395542142,1480.2125344002538,621.5296891247518
3,0.7733694240983056,1.803012845107915,0.7325381225638794,183.7483376695791,405.24501300873726,158.2815695519124,3,8.908002352690522,20.316385614464963,8.472104766521621,1193.474585606602,2252.67946259188,923.1064306290538
3,2.671187620761652,6.958395051519275,3.03945319116655,218.7896755036442,376.3690265109326,133.9264447321953,3,6.907518378581173,20.316385614464963,9.482513010230914,766.8931541972934,2252.67946259188,1050.7494835146993
3,3.377936207173974,9.07864081075624,4.036981349074189,340.403825555172,741.2114766655159,292.9915583441991,2,10.294664400031039,20.316385614464963,10.021721214433924,1218.33973129594,2252.67946259188,1034.33973129594
2,21.73276016656162,42.50211092750877,20.769350760947148,2302.2572422417684,4561.514484483537,2259.2572422417684,2,0.04370231146415193,0.053993288698450215,0.010290977234298282,11.0,19.0,8.0
2,15.290039931176224,30.424212218050712,15.134172286874488,1834.3588428466799,3658.7176856933597,1824.3588428466799,2,0.7989752032146242,1.374582752493069,0.5756075492784447,216.09083358607586,403.1816671721517,187.09083358607586
2,14.612611084884477,29.06935452546722,14.456743440582741,1682.0758570336711,3354.1517140673423,1672.0758570336711,2,0.7989752032146242,1.374582752493069,0.5756075492784447,216.09083358607586,403.1816671721517,187.09083358607586
2,13.849558288234753,27.54324893216777,13.693690643933017,1538.4508472403584,3066.9016944807167,1528.4508472403584,2,0.7989752032146242,1.374582752493069,0.5756075492784447,216.09083358607586,403.1816671721517,187.09083358607586
2,11.926137995558527,23.696408346815318,11.77027035125679,1065.1649120132377,2120.3298240264753,1055.1649120132377,2,1.9442791332625688,3.665190612588958,1.7209114793263893,560.4863581456741,1091.9727162913482,531.4863581456741
2,5.127395508039392,10.098923371777047,4.971527863737656,492.9442480603754,975.8884961207508,482.9442480603754,2,5.43820123302477,8.727117107641334,3.2889158746165634,1395.5906821101735,2488.004654898563,1092.4139727883894
1,32.88371940759802,32.88371940759802,0.0,2721.101113522991,2721.101113522991,0.0,1,0.035977927826863265,0.035977927826863265,0.0,2.0,2.0,0.0
1,4.379246187087091,4.379246187087091,0.0,1579.1187547535721,1579.1187547535721,0.0,1,9.692781045902393,9.692781045902393,0.0,1747.5137340155402,1747.5137340155402,0.0
1,4.379246187087091,4.379246187087091,0.0,1579.1187547535721,1579.1187547535721,0.0,1,9.692781045902393,9.692781045902393,0.0,1747.5137340155402,1747.5137340155402,0.0
2,4.106995509410808,8.167256087427276,4.060260578016468,1133.400570542963,2264.801141085926,1131.400570542963,1,9.2040337927329,9.2040337927329,0.0,1058.0,1058.0,0.0
2,1.9375453325427827,3.1310979416557245,1.1935526091129418,243.78462626975943,320.56925253951886,76.78462626975943,2,8.332089289197569,10.217339080523914,1.8852497913263448,980.7364638104027,1622.6720824825798,641.935618672177
2,1.9375453325427827,3.1310979416557245,1.1935526091129418,243.78462626975943,320.56925253951886,76.78462626975943,2,8.332089289197569,10.217339080523914,1.8852497913263448,980.7364638104027,1622.6720824825798,641.935618672177
2,0.6740447923146036,0.7439927234298409,0.06994793111523734,101.0,167.0,66.0,2,8.332089289197569,10.217339080523914,1.8852497913263448,980.7364638104027,1622.6720824825798,641.935618672177
2,11.702140962151518,23.034904763012747,11.33276380086123,1325.850798599292,2640.701597198584,1314.850798599292,2,3.9448677837176547,6.446839497871224,2.5019717141535693,404.8907894958403,470.98073385345464,66.08994435761437
2,12.420292071536757,24.471206981783226,12.050914910246469,1501.8280602738846,2992.656120547769,1490.8280602738846,2,3.2562909687682975,6.446839497871224,3.1905485291029265,170.40042256911295,338.8008451382259,168.40042256911295
2,11.931448512856278,23.493519864422268,11.56207135156599,1391.7639959481169,2772.5279918962337,1380.7639959481169,2,3.1737309863335526,6.114461828119133,2.94073084178558,434.70507584296604,843.8586483065442,409.15357246357814
2,10.030755882695402,19.692134604100517,9.661378721405114,1076.4737736338375,2141.947547267675,1065.4737736338375,2,3.3586679624732767,6.114461828119133,2.755793865645856,448.9293241532721,843.8586483065442,394.9293241532721
2,10.030755882695402,19.692134604100517,9.661378721405114,1076.4737736338375,2141.947547267675,1065.4737736338375,2,3.3586679624732767,6.114461828119133,2.755793865645856,448.9293241532721,843.8586483065442,394.9293241532721
2,4.872454195535276,9.375531229780265,4.503077034244988,491.12918378240454,971.2583675648091,480.12918378240454,1,8.993581114722147,8.993581114722147,0.0,1537.7722939105902,1537.7722939105902,0.0
1,6.114461828119133,6.114461828119133,0.0,843.0,843.0,0.0,1,26.91069407792783,26.91069407792783,0.0,3993.80019226657,3993.80019226657,0.0
1,0.16362522414283376,0.16362522414283376,0.0,6.0,6.0,0.0,1,6.8906169155366825,6.8906169155366825,0.0,1301.5159060968977,1301.5159060968977,0.0
1,0.2514507166867759,0.2514507166867759,0.0,56.60403248945022,56.60403248945022,0.0,1,5.970890343000548,5.970890343000548,0.0,1199.1160851782522,1199.1160851782522,0.0
1,17.27056245268514,17.27056245268514,0.0,650.3462285820356,650.3462285820356,0.0,1,0.5856537266229083,0.5856537266229083,0.0,406.3602791226447,406.3602791226447,0.0
1,21.42335480646389,21.42335480646389,0.0,866.8801485293088,866.8801485293088,0.0,1,0.09188866628083758,0.09188866628083758,0.0,128.0,128.0,0.0
1,21.42335480646389,21.42335480646389,0.0,866.8801485293088,866.8801485293088,0.0,1,0.05691750254017336,0.05691750254017336,0.0,4.0,4.0,0.0
1,46.59420287678901,46.59420287678901,0.0,2100.707210277109,2100.707210277109,0.0,2,0.20339636749058343,0.3261253967927473,0.1227290293021639,16.5,28.0,11.5
2,37.358680218501675,69.29736599220863,31.93868577370695,1624.1124770890824,2798.2586034506558,1174.1461263615734,2,0.20339636749058343,0.3261253967927473,0.1227290293021639,16.5,28.0,11.5
2,37.43814471399904,69.45629498320335,32.01815026920431,1644.6171139983658,2839.2678772692225,1194.6507632708567,2,6.88277646459197,13.649580953630334,6.766804489038364,261.4372661855018,516.8745323710036,255.4372661855018
2,40.25908515735084,75.09817586990695,34.839090712556114,1990.4427327408034,3530.919114754098,1540.4763820132944,2,6.853172296512454,13.649580953630334,6.79640865711788,259.6996683236871,516.8745323710036,257.17486404731653
2,17.000496706469605,28.580998968144485,11.58050226167488,1100.6993587392521,1751.432366750995,650.733008011743,2,5.4668386855093445,10.250373485577342,4.783534800067997,285.60829171185674,549.2165834237135,263.60829171185674
2,16.259790870067363,27.09958729534,10.839796425272638,1085.206372070206,1720.446393412903,635.240021342697,2,5.4668386855093445,10.250373485577342,4.783534800067997,285.60829171185674,549.2165834237135,263.60829171185674
2,10.502345293790356,15.584696142785987,5.082350848995631,529.4831753637545,609.0,79.51682463624547,2,11.31472260863984,12.37907173170234,1.0643491230624988,503.1615169465547,549.2165834237135,46.05506647715879
2,5.164271689098712,5.419994444794725,0.2557227556960129,328.9831753637545,449.96635072750905,120.98317536375453,2,19.781271156566035,29.31216882755473,9.530897670988693,774.6082917118567,1000.0,225.39170828814326
2,5.164271689098712,5.419994444794725,0.2557227556960129,328.9831753637545,449.96635072750905,120.98317536375453,2,19.781271156566035,29.31216882755473,9.530897670988693,774.6082917118567,1000.0,225.39170828814326
2,5.164271689098712,5.419994444794725,0.2557227556960129,328.9831753637545,449.966350727509,120.9831753637545,2,19.81748107976125,29.38458867394516,9.56710759418391,851.2623479869021,1153.3081125500908,302.04576456318864
2,8.468001694428622,13.649580953630334,5.181579259201712,330.0,501.0,171.0,2,15.255830322040794,29.699939566827027,14.444109244786233,650.2800756631843,1271.5601513263687,621.2800756631843
2,7.125258047824701,13.649580953630334,6.524322905805633,262.5,501.0,238.5,2,16.86423734693838,29.699939566827027,12.835702219888645,766.2800756631842,1271.5601513263684,505.2800756631842
2,11.949977219603838,13.649580953630334,1.6996037340264962,486.6347340503238,501.0,14.3652659496762,2,16.86423734693838,29.699939566827027,12.835702219888645,766.2800756631842,1271.5601513263684,505.2800756631842
2,5.4668386855093445,10.250373485577342,4.783534800067997,253.63473405032374,472.2694681006475,218.63473405032374,2,15.346531088456999,29.699939566827027,14.353408478370028,658.7800756631843,1271.5601513263687,612.7800756631843
2,5.412156934355821,10.250373485577342,4.838216551221521,254.13473405032374,472.2694681006475,218.13473405032374,2,16.52648118594538,29.699939566827027,13.173458380881648,697.866519368414,1271.5601513263687,573.6936319579547
2,15.161783647718707,29.699939566827027,14.53815591910832,983.6724713607773,1918.3449427215546,934.6724713607773,2,25.97980316517527,48.60658352528681,22.62678036011154,790.7748459715776,1457.376804532696,666.6019585611184
1,1.5933243139499211,1.5933243139499211,0.0,634.0,634.0,0.0,2,46.24699558729967,89.14096836953561,42.89397278223594,1449.9207147700747,2775.66854212969,1325.7478273596155
2,10.151567581309024,20.254594171305712,10.103026589996688,691.8907905610565,1266.781581122113,574.8907905610565,2,46.24699558729967,89.14096836953561,42.89397278223594,1449.9207147700747,2775.66854212969,1325.7478273596155
2,19.55975606860038,38.88840288259544,19.328646813995064,924.5502049236,1823.1004098472,898.5502049236,1,82.8587630388042,82.8587630388042,0.0,2537.0934577249404,2537.0934577249404,0.0
1,83.0740284942477,83.0740284942477,0.0,2780.19607331869,2780.19607331869,0.0,1,31.21038224300088,31.21038224300088,0.0,1217.3371766338917,1217.3371766338917,0.0
1,85.0598329631579,85.0598329631579,0.0,2895.958617155897,2895.958617155897,0.0,1,22.181976412380536,22.181976412380536,0.0,1007.4007351884331,1007.4007351884331,0.0
1,85.88476915113958,85.88476915113958,0.0,3094.6455968765217,3094.6455968765217,0.0,1,39.3401685410731,39.3401685410731,0.0,1282.235784124045,1282.235784124045,0.0
1,45.68885113869487,45.68885113869487,0.0,2144.75436681761,2144.75436681761,0.0,1,61.08136051174566,61.08136051174566,0.0,2427.2220738643186,2427.2220738643186,0.0
2,10.975212900806369,21.719316547007423,10.744103646201054,669.1849120817162,1312.3698241634324,643.1849120817162,1,61.08136051174566,61.08136051174566,0.0,2427.2220738643186,2427.2220738643186,0.0
2,1.3770504386242237,1.8697920428141401,0.4927416041899164,185.0,237.0,52.0,2,28.323840222226515,50.88624566578282,22.562405443556308,1146.7761045730233,2128.5522091460466,981.7761045730233
2,14.776491958255932,27.96196114358716,13.185469185331229,1770.0290718730416,3125.282946827091,1355.2538749540495,2,6.557818547863832,7.354202317057457,0.7963837691936249,349.0510158244356,533.1020316488712,184.05101582443558
2,14.776491958255932,27.96196114358716,13.185469185331229,1770.0290718730419,3125.2829468270916,1355.2538749540497,2,7.960812024801825,10.019675065402708,2.058863040600883,901.8139035113284,1394.6479641308788,492.8340606195505
2,14.776491958255932,27.96196114358716,13.185469185331229,1770.0290718730416,3125.2829468270916,1355.25387495405,2,14.411295891291658,27.96196114358716,13.550665252295502,1653.024436117225,3276.04887223445,1623.024436117225
2,29.48875295075375,44.64220438500982,15.15345143425607,1553.550280312071,1604.7765993984185,51.22631908634753,2,14.226365178711447,27.96196114358716,13.735595964875714,1736.0244361172247,3276.0488722344494,1540.0244361172247
2,28.172273224754306,44.92297877941647,16.75070555466216,1506.881266819952,1522.398811076006,15.517544256053839,2,14.226365178711447,27.96196114358716,13.735595964875714,1736.0244361172247,3276.0488722344494,1540.0244361172247
2,26.184030475943075,44.92297877941647,18.738948303473393,1266.405105809401,1522.398811076006,255.99370526660505,2,14.226365178711447,27.96196114358716,13.735595964875714,1736.0244361172247,3276.0488722344494,1540.0244361172247
2,26.184030475943075,44.92297877941647,18.738948303473393,1266.405105809401,1522.398811076006,255.99370526660505,2,14.226365178711447,27.96196114358716,13.735595964875714,1736.0244361172247,3276.0488722344494,1540.0244361172247
2,22.70682103360396,45.31660471324446,22.6097836796405,1027.9261571245804,2052.852314249161,1024.9261571245804,2,12.591262666196613,24.691756118557493,12.10049345236088,1397.197155430085,2598.39431086017,1201.197155430085
2,22.70682103360396,45.31660471324446,22.6097836796405,1027.9261571245804,2052.852314249161,1024.9261571245804,2,11.410533200546695,22.330297187257656,10.919763986710961,1351.6915315770311,2507.3830631540623,1155.6915315770311
2,38.112368263198036,45.31660471324446,7.204236450046423,1618.8824944434266,2052.8523142491604,433.9698198057338,2,5.534222934940388,10.577676656045043,5.043453721104655,814.3694374405576,1432.7388748811152,618.3694374405576
2,39.50116999370064,46.74542254493991,7.244252551239271,3361.8340406645284,4617.14505830445,1255.3110176399214,2,6.232876105732771,11.974982997629809,5.742106891897038,266.8114607597554,337.6229215195108,70.81146075975539
2,39.27946024816181,46.30200305386225,7.022542805700439,3220.1734897153588,4333.8239564061105,1113.6504666907517,2,24.80847714231456,32.25691744246137,7.448440300146814,1145.8441234063785,1790.1971322759712,644.3530088695926
2,30.88551005440354,32.25691744246137,1.3714073880578326,1514.723902248356,2106.523023024607,591.7991207762512,2,9.1153926864989,17.360036842167744,8.244644155668844,394.245557268393,501.491114536786,107.24555726839299
2,27.04287745596477,32.25691744246137,5.214039986496601,1431.5026410176156,2106.523023024607,675.0203820069913,2,10.625897536766189,17.360036842167744,6.7341393054015555,546.3531747426023,591.2152349484186,44.862060205816306
2,17.205388747398544,32.25691744246137,15.051528695062828,1224.6373323542407,2106.523023024607,881.8856906703663,2,21.920282271660668,30.682700583026303,8.762418311365636,1127.5314877607132,1440.0119347057312,312.480446945018
1,32.25691744246137,32.25691744246137,0.0,2106.523023024607,2106.523023024607,0.0,2,43.821310553989434,74.48475714768384,30.663446593694403,2883.7772587564536,4952.503476697212,2068.7262179407585
1,32.25691744246137,32.25691744246137,0.0,2106.523023024607,2106.523023024607,0.0,2,40.239836996282506,67.32181003226998,27.081973035987474,1836.7604276987395,2858.469814581784,1021.7093868830443
1,32.25691744246137,32.25691744246137,0.0,2106.523023024607,2106.523023024607,0.0,2,40.239836996282506,67.32181003226998,27.081973035987474,1836.7604276987397,2858.469814581784,1021.7093868830441
1,0.016269410168206377,0.016269410168206377,0.0,2.0,2.0,0.0,2,40.239836996282506,67.32181003226998,27.081973035987474,1836.7604276987397,2858.469814581784,1021.7093868830441
1,21.822147497765968,21.822147497765968,0.0,829.5055750537281,829.5055750537281,0.0,1,53.4106202587804,53.4106202587804,0.0,1889.7869435569487,1889.7869435569487,0.0
1,192.4262380477744,192.4262380477744,0.0,3415.7885314495456,3415.7885314495456,0.0,1,48.64306295829181,48.64306295829181,0.0,1788.5055793737686,1788.5055793737686,0.0
1,192.4262380477744,192.4262380477744,0.0,3415.7885314495456,3415.7885314495456,0.0,1,45.50277409102199,45.50277409102199,0.0,1673.1479943008844,1673.1479943008844,0.0
1,192.4262380477744,192.4262380477744,0.0,3415.7885314495456,3415.7885314495456,0.0,1,15.714974687989695,15.714974687989695,0.0,479.46701862819305,479.46701862819305,0.0
1,188.2240651659017,188.2240651659017,0.0,2433.7244827863265,2433.7244827863265,0.0,1,13.157863960295032,13.157863960295032,0.0,815.0510408156955,815.0510408156955,0.0
1,188.2240651659017,188.2240651659017,0.0,2433.7244827863265,2433.7244827863265,0.0,1,51.59750092581501,51.59750092581501,0.0,967.8127617398204,967.8127617398204,0.0
1,167.63575434784653,167.63575434784653,0.0,2138.6945401817943,2138.6945401817943,0.0,1,92.92192647060324,92.92192647060324,0.0,1183.7588488287438,1183.7588488287438,0.0
1,119.06676849743198,119.06676849743198,0.0,1780.6625824491796,1780.6625824491796,0.0,1,97.25310764586217,97.25310764586217,0.0,1358.8633916815675,1358.8633916815675,0.0
1,70.273550638859,70.273550638859,0.0,1444.4761113835611,1444.4761113835611,0.0,1,129.15366598141216,129.15366598141216,0.0,1598.4473059925162,1598.4473059925162,0.0
1,38.27262113525887,38.27262113525887,0.0,1104.414902284604,1104.414902284604,0.0,1,139.7930132711042,139.7930132711042,0.0,1755.628665674599,1755.628665674599,0.0
1,67.82987372470456,67.82987372470456,0.0,2371.001578103099,2371.001578103099,0.0,1,0.11063897305677983,0.11063897305677983,0.0,5.0,5.0,0.0
1,87.7041136530577,87.7041136530577,0.0,2695.3216880284895,2695.3216880284895,0.0,1,0.8703288585396933,0.8703288585396933,0.0,54.73152632656138,54.73152632656138,0.0
2,18.049034499486908,35.809635780476356,17.760601280989448,884.0679220790643,1759.1358441581285,875.0679220790643,2,37.939103091219266,56.710371572614065,18.7712684813948,1582.135916811648,1933.0405542701224,350.9046374584743
2,17.962344360884344,35.809635780476356,17.84729141959201,882.5679220790643,1759.1358441581285,876.5679220790643,2,32.20254745472566,44.28027875203415,12.077731297308489,1252.4265733182156,1437.875793030922,185.4492197127064
2,21.015341187902862,41.91562943451339,20.90028824661053,2058.356663605971,4110.713327211942,2052.356663605971,2,3.652267385879327,5.083192823210027,1.4309254373306999,245.39923464292363,297.79846928584726,52.39923464292363
2,10.239248694563827,20.124816157417172,9.885567462853345,1037.1540284255573,2028.3080568511145,991.1540284255573,2,2.825299230466797,5.41113193231115,2.585832701844353,488.25180754499615,943.5036150899923,455.25180754499615
2,1.1160434838882338,2.221341948548627,1.1052984646603932,124.17508372859673,246.0,121.82491627140327,2,1.2391337280974213,1.5239838093434344,0.2848500812460131,295.0,431.0,136.0
2,2.7262428302043133,5.41113193231115,2.684889102106837,474.5,944.0,469.5,2,1.2560233889015961,1.745918647349768,0.48989525844817194,392.78964629148845,491.0,98.21035370851155
2,0.15431576068527875,0.23914613187082523,0.08483037118554648,21.0,31.0,10.0,2,0.41261950654303803,0.6247469747330285,0.2121274681899905,69.0,132.0,63.0
2,0.15903174259196362,0.23914613187082523,0.08011438927886161,19.5,31.0,11.5,2,0.56567304670439,0.7036747912929044,0.13800174458851444,168.60809795805335,297.2161959161067,128.60809795805335
2,6.5901198597122,10.497670104902333,3.9075502451901336,1464.8523112963098,2160.711506621864,695.8591953255541,2,6.4547543902298585,12.654738748393662,6.199984358163803,1278.2422581668263,2540.4845163336527,1262.2422581668263
2,4.298391895160375,5.9142141757986835,1.6158222806383087,1127.2071187746303,1485.4211215785049,358.21400280387456,2,3.842766943449181,5.507685629498653,1.6649186860494716,861.0837644572867,1260.923451084235,399.83968662694826
2,2.2750937610377058,4.318663784152328,2.043570023114622,216.5,426.0,209.5,2,9.566640883968603,13.625596138438553,4.05895525446995,2371.028111787818,3481.132772491401,1110.104660703583
2,0.3722029754150995,0.37838446173971363,0.006181486324614127,17.0,18.0,1.0,2,9.566640883968603,13.625596138438553,4.05895525446995,2371.028111787818,3481.132772491401,1110.104660703583
2,0.48272782960878047,0.5080225553246578,0.02529472571587732,38.0,41.0,3.0,2,9.566640883968603,13.625596138438553,4.05895525446995,2371.028111787818,3481.132772491401,1110.104660703583
2,8.867898971459582,17.227775387594505,8.359876416134924,853.3330264092042,1671.6660528184084,818.3330264092042,2,5.980660926904861,8.635611663034872,2.6549507361300115,1328.0360261281508,1766.043164704807,438.00713857665625
2,9.802200887350693,19.09637921937673,9.294178332026036,892.4871911614077,1749.9743823228155,857.4871911614077,2,5.980660926904861,8.635611663034872,2.6549507361300115,1328.0360261281508,1766.043164704807,438.00713857665625
2,15.213642350562978,29.919262145801298,14.70561979523832,1103.7572881705764,2172.514576341153,1068.7572881705764,2,4.569576253548938,7.929395591881573,3.3598193383326347,472.5,850.0,377.5
2,18.1830838413617,35.85814512739874,17.675061286037042,1175.1231699677173,2315.2463399354347,1140.1231699677173,2,4.496624846295898,7.929395591881573,3.4327707455856746,472.66088825497746,850.0,377.3391117450226
2,18.253665443723122,35.999308332121586,17.745642888398464,1195.6597493661056,2356.3194987322113,1160.6597493661056,2,4.165445724510754,7.929395591881573,3.763949867370819,448.0,850.0,402.0
2,18.253665443723122,35.999308332121586,17.745642888398464,1195.6597493661056,2356.3194987322113,1160.6597493661056,2,3.981181629919341,7.929395591881573,3.9482139619622316,497.0,850.0,353.0
1,3.6377317062906513,3.6377317062906513,0.0,278.0,278.0,0.0,2,5.7152978994684815,11.38599679759858,5.670698898130098,519.7716081914615,1019.543216382923,499.7716081914615
1,11.38599679759858,11.38599679759858,0.0,1365.3088221023518,1365.3088221023518,0.0,1,5.888567116428618,5.888567116428618,0.0,1139.9235533071128,1139.9235533071128,0.0
1,11.367641035794847,11.367641035794847,0.0,1244.0,1244.0,0.0,1,6.751296280105919,6.751296280105919,0.0,1421.7085577020262,1421.7085577020262,0.0
1,11.35302912964147,11.35302912964147,0.0,923.1232825941295,923.1232825941295,0.0,1,6.751296280105919,6.751296280105919,0.0,1421.7085577020262,1421.7085577020262,0.0
2,3.427645021220826,6.751296280105919,3.323651258885093,724.6042410887385,1443.208482177477,718.6042410887385,2,7.105241283793944,11.292839041727305,4.187597757933361,1037.2127886938072,1764.4255773876143,727.2127886938072
2,4.110485053952559,6.751296280105919,2.6408112261533603,855.8412820441426,1443.208482177477,587.3672001333343,2,10.597551160727456,18.277458795594328,7.679907634866872,2025.667869987019,3741.335739974038,1715.667869987019
2,6.956788291316364,11.84573353415152,4.888945242835156,1566.5395640391298,2459.717757424684,893.1781933855541,2,8.209727042325717,13.50181055879085,5.292083516465134,1110.4510616854302,1910.9021233708604,800.4510616854302
2,11.149208786288206,20.230574524095204,9.081365737806998,1864.8972163397614,3056.433062025947,1191.5358456861857,2,8.209727042325717,13.50181055879085,5.292083516465134,1110.4510616854302,1910.9021233708604,800.4510616854302
2,11.149208786288206,20.230574524095204,9.081365737806998,1864.8972163397614,3056.433062025947,1191.5358456861857,2,6.642102650026111,13.27350267432162,6.631400024295509,954.2138517421073,1891.4277034842146,937.2138517421073
2,11.149208786288206,20.230574524095204,9.081365737806998,1864.8972163397611,3056.4330620259466,1191.5358456861854,2,6.158672094061927,8.41935173012999,2.260679636068062,927.7216475544317,1218.3976299646042,290.67598241017254
2,11.149208786288206,20.230574524095204,9.081365737806998,1864.8972163397611,3056.4330620259466,1191.5358456861854,2,5.393367063247915,5.832587290967254,0.4392202277193391,615.6278977607546,831.0337490548895,215.40585129413495
2,11.055406125555827,18.89616014365909,7.840754018103262,1130.8658136191807,1593.001125762613,462.1353121434322,2,13.218945518709262,26.2407508641559,13.021805345446637,1107.5414445186439,2153.1944578935095,1045.6530133748656
1,27.697225803194613,27.697225803194613,0.0,3263.311841339376,3263.311841339376,0.0,1,27.697225803194613,27.697225803194613,0.0,3284.215031885623,3284.215031885623,0.0
1,2.560357702059406,2.560357702059406,0.0,136.0,136.0,0.0,2,16.667499491698074,27.697225803194613,11.029726311496539,2256.4308309129915,3284.215031885623,1027.7842009726314
2,11.175245039075634,21.92957549299149,10.754330453915856,567.653655570155,1117.30731114031,549.653655570155,2,19.634536542881037,25.127030001397685,5.492493458516648,2023.272119523554,3135.292205470993,1112.020085947439
2,20.130957728706633,39.84100087225349,19.710043143546855,1483.9710400968702,2949.9420801937404,1465.9710400968702,2,9.329955157980493,10.6887541529548,1.3587989949743076,983.9067691110695,1286.627377954876,302.7206088438065
2,38.17953987539195,39.93799978152035,1.7584599061283939,2173.4736012036155,3009.594605027437,836.1210038238214,2,22.18028401112531,41.17251677586623,18.99223276474092,1039.0524767915097,1732.1049535830193,693.0524767915097
2,40.62104305083086,46.84850402827095,6.227460977440089,1974.4855748681352,2095.334067605514,120.84849273737882,2,34.7565699016633,41.17251677586623,6.41594687420293,1462.9507036209532,1732.1049535830193,269.15424996206616
2,24.285326651225873,46.84850402827095,22.56317737704508,1077.318541065378,1853.637082130756,776.318541065378,2,33.24938959778541,41.10539698952732,7.856007391741912,1447.372914524868,1592.9182559128599,145.54534138799193
2,24.285326651225873,46.84850402827095,22.56317737704508,1077.318541065378,1853.637082130756,776.318541065378,1,41.10539698952732,41.10539698952732,0.0,1592.9182559128599,1592.9182559128599,0.0
2,24.285326651225873,46.84850402827095,22.56317737704508,1077.318541065378,1853.637082130756,776.318541065378,2,24.553306684648554,41.10539698952732,16.552090304878767,1099.4591279564297,1592.9182559128596,493.4591279564298
2,22.180524979188945,42.6389006841971,20.45837570500815,948.9672512319862,1596.9345024639724,647.9672512319862,1,85.97315914751624,85.97315914751624,0.0,1857.1425402503514,1857.1425402503514,0.0
2,2.3491088984662127,4.096224825017458,1.7471159265512455,414.3099352381737,743.6198704763474,329.3099352381737,2,56.970233720509384,90.9157299521992,33.945496231689816,1774.6040802384407,2617.241821641205,842.6377414027644
2,4.602710668902674,5.109196512787889,0.5064858438852156,437.20627978808443,743.6198704763474,306.41359068826296,2,45.48825738691241,90.9157299521992,45.42747256528679,1310.1209108206026,2617.241821641205,1307.1209108206026
2,10.753933954433279,16.074972084998706,5.321038130565427,336.6310889831234,449.0,112.36891101687661,2,45.48825738691241,90.9157299521992,45.42747256528679,1310.1209108206026,2617.241821641205,1307.1209108206026
2,52.73588540923953,100.0388749946112,47.30298958537168,2067.523525694397,3910.7848734225463,1843.2613477281495,2,31.554043460965758,61.737527852572924,30.183484391607166,671.9198200845037,1263.8396401690075,591.9198200845037
2,49.683305920488635,93.93371601710942,44.25041009662078,1879.9929484401123,3535.723718913978,1655.7307704738655,2,2.990837722837547,3.092003589691373,0.101165866853826,419.3066906692743,508.6133813385486,89.3066906692743
2,6.5324014059576285,10.585152424241471,4.052751018283843,82.0,119.0,37.0,2,7.270981326549105,14.456953794410708,7.185972467861603,732.8666789699987,1444.7333579399974,711.8666789699987
2,0.6344532264539282,0.7181053485282405,0.08365212207431227,41.5,53.0,11.5,2,7.300039686939726,14.456953794410708,7.156914107470982,742.8666789699987,1444.7333579399974,701.8666789699987
2,7.3828368707800465,14.456953794410708,7.074116923630662,783.3559165513353,1525.0257417594307,741.6698252080954,2,9.088640774809292,18.147837819274855,9.059197044465563,1043.3973526482594,2083.7947052965187,1040.3973526482594
2,7.3828368707800465,14.456953794410708,7.074116923630662,783.3559165513353,1525.0257417594307,741.6698252080954,2,9.251853160331876,18.147837819274855,8.895984658942979,1048.8973526482594,2083.7947052965187,1034.8973526482594
1,0.029443730343729158,0.029443730343729158,0.0,23.0,23.0,0.0,1,36.10785090205985,36.10785090205985,0.0,2913.5340963704907,2913.5340963704907,0.0
1,11.062758223673413,11.062758223673413,0.0,589.0,589.0,0.0,1,14.864114893892086,14.864114893892086,0.0,1844.0595911188666,1844.0595911188666,0.0
2,34.14422607030002,68.07512341657443,33.930897346274406,1140.3474262447849,2260.6948524895697,1120.3474262447849,2,10.69695491342074,20.72405682018936,10.027101906768621,963.5665847952171,1924.1331695904341,960.5665847952171
2,4.838447159647117,9.654191708134107,4.81574454848699,208.34500454454462,414.69000908908924,206.34500454454462,2,1.5306959844760826,3.048102744887032,1.5174067604109496,712.9384813971608,1421.8769627943216,708.9384813971608
2,0.05738916181049092,0.09207571246085422,0.0346865506503633,6.5,11.0,4.5,2,1.7403678135215834,3.467446402978034,1.7270785894564504,865.0393949197489,1726.0787898394979,861.0393949197489
2,0.013432773199337333,0.022702611160127617,0.009269837960790284,2.0,2.0,0.0,2,1.764557569491373,3.467446402978034,1.7028888334866608,877.0393949197489,1726.0787898394979,849.0393949197489
2,0.005034376178450373,0.007513586502284397,0.0024792103238340246,2.5,3.0,0.5,2,2.9399036357076724,3.5156982340853276,0.5757945983776551,1612.809886214791,2493.0287634354036,880.2188772206125
2,0.2659190045364568,0.41979241006295354,0.15387340552649675,289.0,558.0,269.0,2,3.541707644012309,4.719306250694601,1.1775986066822917,1055.0379344733014,1377.4848599524244,322.44692547912285
2,1.7773455162732716,2.0613412090320367,0.283995692758765,495.88751037604106,565.9207020443082,70.03319166826714,2,9.739827875514624,19.42032307313412,9.680495197619496,1647.4841440338396,3287.968288067679,1640.4841440338396
2,5.252505221130868,8.443669233229699,3.191164012098831,1089.9646295507566,1614.008557057205,524.0439275064484,2,9.612490351659073,19.165648025423017,9.553157673763945,1593.042166273598,3179.084332547196,1586.042166273598
1,19.49089344557831,19.49089344557831,0.0,2590.3153723477035,2590.3153723477035,0.0,1,11.475565613196913,11.475565613196913,0.0,1909.1674544323523,1909.1674544323523,0.0
2,1.4128892047739257,2.3128051387582076,0.8999159339842819,355.5,610.0,254.5,1,13.212251775911852,13.212251775911852,0.0,1585.6738310227852,1585.6738310227852,0.0
2,9.446090598705666,18.65273514680358,9.206644548097913,1409.8255009966128,2764.6510019932257,1354.8255009966128,1,13.212251775911852,13.212251775911852,0.0,1585.6738310227852,1585.6738310227852,0.0
2,12.340585592218655,24.441725133829557,12.101139541610902,1845.9912241495967,3636.9824482991935,1790.9912241495967,1,13.212251775911852,13.212251775911852,0.0,1585.6738310227852,1585.6738310227852,0.0
2,2.3684814675321526,4.70385072632066,2.335369258788507,1045.1562156216255,2084.312431243251,1039.1562156216255,2,5.800396336549788,10.358162736654975,4.557766400105187,2017.9920818223395,3428.984163644679,1410.9920818223395
2,4.405623560285104,8.769785309729052,4.364161749443948,1906.3099989681227,3794.6199979362455,1888.3099989681227,2,0.9290968857433839,1.242629936444601,0.31353305070121706,463.39361701960905,607.0,143.60638298039095
2,2.319250540216256,4.597039269591356,2.2777887293751,1000.7818995922617,1983.5637991845233,982.7818995922617,2,0.15668182810167508,0.1674415796441906,0.010759751542515517,143.5,156.0,12.5
2,2.249552218157323,4.45764262547349,2.208090407316167,939.895270069015,1861.79054013803,921.895270069015,2,0.20478489876222739,0.2636477209652952,0.05886282220306782,239.0,322.0,83.0
2,0.18422097662298853,0.3269801424048211,0.14275916578183256,125.0,232.0,107.0,2,0.20478489876222739,0.2636477209652952,0.05886282220306782,239.0,322.0,83.0
1,0.008438899259758159,0.008438899259758159,0.0,6.0,6.0,0.0,1,0.0075742217177960924,0.0075742217177960924,0.0,16.0,16.0,0.0
2,0.6797764448844816,1.1441904355421926,0.46441399065771094,263.9816843532376,414.9633687064752,150.9816843532376,1,4.134201276069426,4.134201276069426,0.0,1611.687784429223,1611.687784429223,0.0
1,4.134201276069426,4.134201276069426,0.0,1646.5370608832623,1646.5370608832623,0.0,1,4.134201276069426,4.134201276069426,0.0,1611.6877844292228,1611.6877844292228,0.0
2,2.214747403520942,4.134201276069426,1.919453872548484,1001.7685304416311,1646.5370608832623,644.7685304416311,1,0.29456256257277147,0.29456256257277147,0.0,307.0,307.0,0.0
2,2.214747403520942,4.134201276069426,1.919453872548484,1001.7685304416311,1646.5370608832623,644.7685304416311,1,2.2942684297727567,2.2942684297727567,0.0,1267.3913264723478,1267.3913264723478,0.0
2,2.214747403520942,4.134201276069426,1.919453872548484,1001.768530441631,1646.537060883262,644.768530441631,2,1.5494369755682946,3.096225436249135,1.5467884606808404,736.8877331826915,1469.775466365383,732.8877331826915
1,4.134201276069426,4.134201276069426,0.0,1646.537060883262,1646.537060883262,0.0,2,1.5494369755682946,3.096225436249135,1.5467884606808404,736.8877331826915,1469.775466365383,732.8877331826915
2,0.13027204764975053,0.16914575392509335,0.03887370627534281,114.0,219.0,105.0,2,3.627205789610933,7.185957642315174,3.5587518527042405,1903.050417073702,3774.5142083948394,1871.4637913211375
1,0.5296110009282131,0.5296110009282131,0.0,172.0,172.0,0.0,2,4.761083951457913,9.453713966009133,4.69263001455122,2028.3117630391605,4025.0369003257565,1996.725137286596
1,3.312622063704488,3.312622063704488,0.0,561.0,561.0,0.0,2,3.0173878150554003,5.966321693204108,2.9489338781487078,1130.7015272144292,2229.816428676294,1099.1149014618647
1,5.022057749765921,5.022057749765921,0.0,955.5906479346843,955.5906479346843,0.0,1,5.876733050702754,5.876733050702754,0.0,1987.5884930437805,1987.5884930437805,0.0
1,5.022057749765921,5.022057749765921,0.0,955.5906479346843,955.5906479346843,0.0,1,5.876733050702754,5.876733050702754,0.0,1987.5884930437803,1987.5884930437803,0.0
1,5.022057749765921,5.022057749765921,0.0,955.5906479346843,955.5906479346843,0.0,1,4.822053365205456,4.822053365205456,0.0,1643.3196214490804,1643.3196214490804,0.0
2,0.5103325797641887,0.982079180936033,0.4717466011718443,45.0,84.0,39.0,1,0.016149970593872354,0.016149970593872354,0.0,7.0,7.0,0.0
1,0.982079180936033,0.982079180936033,0.0,84.0,84.0,0.0,1,5.022057749765921,5.022057749765921,0.0,1351.631286024168,1351.631286024168,0.0
2,4.101150190346168,8.194314780851855,4.093164590505687,1278.227226745073,2550.454453490146,1272.227226745073,2,2.8997793078723255,4.4099525309759855,1.51017322310366,424.1143420404153,529.2286840808306,105.1143420404153
2,4.540287925910732,9.072590251980984,4.532302326070251,1351.8380475496444,2697.676095099289,1345.8380475496444,2,2.476543788822923,4.925076945043223,2.4485331562203,499.0,908.0,409.0
2,6.7860673266302385,11.268555413885338,4.482488087255099,1292.6552719340527,2160.3105438681055,867.6552719340527,2,1.970838755410064,2.7489249891004093,0.7780862336903454,457.52664835146265,588.0532967029253,130.52664835146265
2,6.7860673266302385,11.268555413885338,4.482488087255099,1292.6552719340527,2160.3105438681055,867.6552719340527,2,2.635387542892701,3.56154303975935,0.9261554968666488,1007.681512779191,1472.363025558382,464.68151277919105
2,6.7860673266302385,11.268555413885338,4.482488087255099,1292.6552719340527,2160.3105438681055,867.6552719340527,2,2.6602021005571466,3.56154303975935,0.9013409392022034,916.187688777278,1472.363025558382,556.1753367811041
1,73.4164219753477,73.4164219753477,0.0,1175.581495457027,1175.581495457027,0.0,1,48.57991615006972,48.57991615006972,0.0,2046.2480412836235,2046.2480412836235,0.0
1,105.50132321233909,105.50132321233909,0.0,1610.497394416294,1610.497394416294,0.0,1,48.57991615006972,48.57991615006972,0.0,2046.2480412836235,2046.2480412836235,0.0
1,121.66589822768773,121.66589822768773,0.0,2043.6495062293723,2043.6495062293723,0.0,1,46.35681850805122,46.35681850805122,0.0,1892.0311471087555,1892.0311471087555,0.0
1,136.64101995974923,136.64101995974923,0.0,3033.6150858297365,3033.6150858297365,0.0,1,24.348606638216054,24.348606638216054,0.0,1281.0033920839105,1281.0033920839105,0.0
1,136.69182709523162,136.69182709523162,0.0,3038.7133039815785,3038.7133039815785,0.0,1,7.036558912210026,7.036558912210026,0.0,951.9154144027231,951.9154144027231,0.0
1,136.16027275588587,136.16027275588587,0.0,2635.913578987223,2635.913578987223,0.0,1,0.5513867660247627,0.5513867660247627,0.0,301.2804060440203,301.2804060440203,0.0
1,135.5368971953993,135.5368971953993,0.0,2601.0522282130923,2601.0522282130923,0.0,1,1.0689298132588831,1.0689298132588831,0.0,236.46018691031122,236.46018691031122,0.0
1,121.8867003797815,121.8867003797815,0.0,2055.690714151425,2055.690714151425,0.0,1,8.916894387888277,8.916894387888277,0.0,1099.785949568356,1099.785949568356,0.0
1,0.24581334294055068,0.24581334294055068,0.0,19.0,19.0,0.0,1,40.339560876540276,40.339560876540276,0.0,2531.3146605611537,2531.3146605611537,0.0
1,0.046910678562596786,0.046910678562596786,0.0,9.0,9.0,0.0,1,44.98823104688768,44.98823104688768,0.0,2827.6387740032187,2827.6387740032187,0.0
1,45.07767142690382,45.07767142690382,0.0,2216.2134597965965,2216.2134597965965,0.0,1,1.299113968831918,1.299113968831918,0.0,377.0,377.0,0.0
1,44.24132856874494,44.24132856874494,0.0,2064.8487089256646,2064.8487089256646,0.0,1,8.754238256887632,8.754238256887632,0.0,1401.634408106267,1401.634408106267,0.0
1,25.507791014420917,25.507791014420917,0.0,2044.2786815857983,2044.2786815857983,0.0,2,2.5926660961358685,4.916354449585462,2.323688353449594,944.8485713142571,1700.6971426285143,755.8485713142571
2,0.025226264116589903,0.03254743478132127,0.007321170664731369,3.5,5.0,1.5,2,0.243982397469388,0.47376029924370755,0.22977790177431956,97.53772039574028,188.07544079148056,90.53772039574028
1,2.0666157035477397,2.0666157035477397,0.0,210.95033163903912,210.95033163903912,0.0,1,0.3916025068630091,0.3916025068630091,0.0,115.0,115.0,0.0
1,2.093011152101461,2.093011152101461,0.0,431.0,431.0,0.0,1,1.2085063198170367,1.2085063198170367,0.0,216.0,216.0,0.0
1,2.6218028358019865,2.6218028358019865,0.0,353.9933080829169,353.9933080829169,0.0,1,5.986364862190719,5.986364862190719,0.0,2091.430857718987,2091.430857718987,0.0
1,6.143061108473397,6.143061108473397,0.0,732.1983031903032,732.1983031903032,0.0,1,1.0970132566424127,1.0970132566424127,0.0,222.13665866604788,222.13665866604788,0.0
1,6.143061108473397,6.143061108473397,0.0,732.1983031903032,732.1983031903032,0.0,1,5.158891776626142,5.158891776626142,0.0,2419.359481237537,2419.359481237537,0.0
1,0.006316807813973924,0.006316807813973924,0.0,2.0,2.0,0.0,1,3.776032097053225,3.776032097053225,0.0,1666.4334190204013,1666.4334190204013,0.0
2,1.4870436851888336,2.243430310942209,0.7563866257533753,572.7238890034706,863.5365255751972,290.81263657172656,2,1.1986310423491595,2.243430310942209,1.0447992685930494,1242.1214065490715,2445.242813098143,1203.1214065490715
2,1.1744206138778424,2.243430310942209,1.0690096970643665,453.7330458167842,863.5365255751972,409.80347975841295,2,0.8154191019881161,1.3312788153538762,0.5158597133657601,847.2797184964816,1494.5594369929631,647.2797184964816
2,0.5417404925874134,1.0677554094892017,0.5260149169017883,220.59523955616518,438.19047911233037,217.59523955616518,2,1.9010240114466441,3.5024886342709323,1.6014646228242881,1326.621925072349,2453.243850144698,1126.621925072349
2,0.30253402641168314,0.5879256008063436,0.28539157439466045,246.06085365807434,488.1217073161487,242.06085365807434,2,1.4780590442973516,2.538675746849112,1.0606167025517603,1909.3024624323643,3424.4252246903707,1515.122762258006
2,0.3636064599086044,0.7024847500780531,0.3388782901694487,231.61847812737415,438.2369562547483,206.61847812737415,2,1.2648856737241108,2.1123290057026303,0.8474433319785195,1700.4373464746745,3006.694992774991,1306.2576463003163
2,0.8685061751865923,1.711213040094819,0.8427068649082265,641.3062786576618,1279.6991403152128,638.3928616575511,2,1.1898298303926342,1.9622173190396772,0.772387488647043,1443.9340978841828,2493.6884955940077,1049.7543977098248
2,0.8439678595847102,1.6809828563920703,0.8370149968073601,332.5,643.0,310.5,2,1.9450574954041038,2.712309261950672,0.7672517665465683,1708.7980004111344,2902.677480312212,1193.8794799010777
2,0.8572928966675963,1.6930240234062808,0.8357311267386844,447.0,889.0,442.0,2,0.8552077318915821,1.1778057288575354,0.32259799696595337,578.4592602550284,642.0,63.540739744971575
2,1.0414183327981554,1.6930240234062808,0.6516056906081253,627.5,889.0,261.5,2,0.8273454531040692,1.1778057288575354,0.3504602757534663,536.9592602550284,559.0,22.040739744971575
2,1.4134326047300192,1.6930240234062808,0.2795914186762616,1005.2079328367174,1121.4158656734348,116.20793283671742,2,0.5969498038988093,1.1778057288575354,0.5808559249587262,259.4592602550284,514.9185205100569,255.45926025502843
2,1.5854380378257709,1.6930240234062808,0.10758598558050991,1110.3372588973614,1331.6745177947228,221.33725889736138,2,0.7006691392817341,1.1778057288575354,0.4771365895758013,335.4592602550284,514.9185205100569,179.45926025502843
2,1.2750201667945547,1.7824625171215516,0.5074423503269969,911.4173920522135,1475.6028789071256,564.1854868549121,1,0.003236877986992681,0.003236877986992681,0.0,3.0,3.0,0.0
2,1.0306169872475301,1.7824625171215516,0.7518455298740214,925.3014394535628,1475.6028789071256,550.3014394535628,1,0.2770445205704064,0.2770445205704064,0.0,440.0,440.0,0.0
2,1.0306169872475301,1.7824625171215516,0.7518455298740214,925.3014394535628,1475.6028789071256,550.3014394535628,1,0.3326473991255874,0.3326473991255874,0.0,480.9774277882875,480.9774277882875,0.0
2,0.017716312558558656,0.022072317974632938,0.004356005416074282,17.5,31.0,13.5,2,0.16943445856818506,0.3289260029019516,0.15949154433376656,262.9086101743526,517.8172203487052,254.9086101743526
2,0.023435797636114586,0.037449628049145645,0.014013830413031059,14.5,24.0,9.5,2,0.3753752132331929,0.742543306786736,0.3671680935535431,611.4178931580991,1220.8357863161982,609.4178931580991
2,0.30673659287696253,0.5669733807213433,0.26023678784438076,438.03058206277336,855.0611641255467,417.03058206277336,2,0.24374586737801351,0.26400278087509577,0.020256913497082252,167.0,211.0,44.0
1,0.021409457779402175,0.021409457779402175,0.0,27.0,27.0,0.0,1,1.458839731030782,1.458839731030782,0.0,1513.2508778646725,1513.2508778646725,0.0
1,2.0174121438649095,2.0174121438649095,0.0,2308.7356477486574,2308.7356477486574,0.0,1,0.20691093332174404,0.20691093332174404,0.0,114.10007311505692,114.10007311505692,0.0
1,0.5350044851769198,0.5350044851769198,0.0,423.28349408999145,423.28349408999145,0.0,1,0.012045700220433275,0.012045700220433275,0.0,6.0,6.0,0.0
1,0.05050438674728497,0.05050438674728497,0.0,19.0,19.0,0.0,1,2.167718419730832,2.167718419730832,0.0,1482.653772415625,1482.653772415625,0.0
1,0.010343882862585474,0.010343882862585474,0.0,3.0,3.0,0.0,1,3.178365148054226,3.178365148054226,0.0,2389.6469652754217,2389.6469652754217,0.0
1,0.1271120611160903,0.1271120611160903,0.0,134.0,134.0,0.0,1,2.894413950620784,2.894413950620784,0.0,2071.234183702574,2071.234183702574,0.0
2,1.0086095111884958,1.5439560176688403,0.5353465064803444,887.4252163083863,1374.8504326167727,487.4252163083863,1,0.8300600445952888,0.8300600445952888,0.0,595.4377175092412,595.4377175092412,0.0
1,5.353204746520756,5.353204746520756,0.0,2666.0686408293036,2666.0686408293036,0.0,1,0.03015600854927314,0.03015600854927314,0.0,40.0,40.0,0.0
1,0.014272649210290922,0.014272649210290922,0.0,4.0,4.0,0.0,1,0.0052738620358638855,0.0052738620358638855,0.0,6.0,6.0,0.0
1,0.014272649210290922,0.014272649210290922,0.0,4.0,4.0,0.0,1,0.4762565911855816,0.4762565911855816,0.0,328.7355866998921,328.7355866998921,0.0
1,0.1684261139628589,0.1684261139628589,0.0,48.0,48.0,0.0,1,0.03150457206534085,0.03150457206534085,0.0,86.0,86.0,0.0
2,0.14218468959549213,0.2584858166674593,0.11630112707196716,150.5,287.0,136.5,2,0.027322765231820867,0.03961502238796655,0.01229225715614568,16.5,27.0,10.5
1,11.431629394730919,11.431629394730919,0.0,489.3966969799386,489.3966969799386,0.0,1,9.990014940969786,9.990014940969786,0.0,419.0,419.0,0.0
1,11.431629394730919,11.431629394730919,0.0,489.3966969799386,489.3966969799386,0.0,1,24.040411331917767,24.040411331917767,0.0,1143.9110444057826,1143.9110444057826,0.0
1,11.431629394730919,11.431629394730919,0.0,489.3966969799386,489.3966969799386,0.0,1,24.73977614848235,24.73977614848235,0.0,1153.0921970339691,1153.0921970339691,0.0
1,34.7126577641572,34.7126577641572,0.0,623.0,623.0,0.0,1,55.37640002704984,55.37640002704984,0.0,1570.3447931461021,1570.3447931461021,0.0
1,97.51578470188804,97.51578470188804,0.0,791.1328050854643,791.1328050854643,0.0,1,6.45627954797942,6.45627954797942,0.0,378.0,378.0,0.0
1,298.7063123540366,298.7063123540366,0.0,2538.6817760874965,2538.6817760874965,0.0,1,57.470140505221764,57.470140505221764,0.0,686.0,686.0,0.0
1,3.7724039339288993,3.7724039339288993,0.0,464.919009576568,464.919009576568,0.0,1,0.09845611708513502,0.09845611708513502,0.0,13.0,13.0,0.0
1,1.1594347823045297,1.1594347823045297,0.0,775.5982037259062,775.5982037259062,0.0,1,0.7473014260073683,0.7473014260073683,0.0,330.8637465378142,330.8637465378142,0.0
1,0.4074089208853593,0.4074089208853593,0.0,26.0,26.0,0.0,1,0.21095733963019825,0.21095733963019825,0.0,29.0,29.0,0.0
1,82.01691995637162,82.01691995637162,0.0,1956.803524775743,1956.803524775743,0.0,1,0.653310705711931,0.653310705711931,0.0,68.0,68.0,0.0
1,27.224323531582,27.224323531582,0.0,1088.8295414587444,1088.8295414587444,0.0,1,1.6132748070570244,1.6132748070570244,0.0,476.8157962454734,476.8157962454734,0.0
1,8.95305214870666,8.95305214870666,0.0,360.9119135467946,360.9119135467946,0.0,1,19.74185854031265,19.74185854031265,0.0,892.0029962383749,892.0029962383749,0.0
1,4.239521316885202,4.239521316885202,0.0,89.0,89.0,0.0,1,25.043407128202603,25.043407128202603,0.0,1394.739448132925,1394.739448132925,0.0
1,2.9492040062568208,2.9492040062568208,0.0,438.24916525474305,438.24916525474305,0.0,1,7.707293643405848,7.707293643405848,0.0,1134.6072708740128,1134.6072708740128,0.0
1,2.877893625316659,2.877893625316659,0.0,432.0,432.0,0.0,1,7.871641054654859,7.871641054654859,0.0,1148.7162367295502,1148.7162367295502,0.0
1,2.7370528603740922,2.7370528603740922,0.0,415.09278885360294,415.09278885360294,0.0,1,7.892943034138938,7.892943034138938,0.0,1150.2517799870952,1150.2517799870952,0.0
1,1.7556305867632602,1.7556305867632602,0.0,171.8221899785924,171.8221899785924,0.0,1,9.035204739515777,9.035204739515777,0.0,1288.0010806281077,1288.0010806281077,0.0
1,9.772504998722496,9.772504998722496,0.0,1523.7610430279055,1523.7610430279055,0.0,1,7.678266412483197,7.678266412483197,0.0,1130.863692607727,1130.863692607727,0.0
1,9.772504998722496,9.772504998722496,0.0,1523.7610430279055,1523.7610430279055,0.0,1,0.3532397341848039,0.3532397341848039,0.0,9.0,9.0,0.0
1,2.1400714953897477,2.1400714953897477,0.0,661.4385417887108,661.4385417887108,0.0,1,22.45825914182943,22.45825914182943,0.0,368.0,368.0,0.0
1,16.018310371940572,16.018310371940572,0.0,1902.935283040162,1902.935283040162,0.0,1,0.026209369179795772,0.026209369179795772,0.0,3.0,3.0,0.0
1,7.14615469583876,7.14615469583876,0.0,2150.621457475485,2150.621457475485,0.0,1,0.004147886427251279,0.004147886427251279,0.0,2.0,2.0,0.0
1,1.3208837538394782,1.3208837538394782,0.0,594.0328986870447,594.0328986870447,0.0,1,1.8595027932232675,1.8595027932232675,0.0,1435.4535236676634,1435.4535236676634,0.0
1,1.3208837538394782,1.3208837538394782,0.0,594.0328986870447,594.0328986870447,0.0,1,1.6549051573536637,1.6549051573536637,0.0,1072.4969764387242,1072.4969764387242,0.0
1,212.50471521891177,212.50471521891177,0.0,1932.6092641225976,1932.6092641225976,0.0,1,0.10390144287566727,0.10390144287566727,0.0,18.563955584300402,18.563955584300402,0.0
1,28.15869270420042,28.15869270420042,0.0,1655.2360407817387,1655.2360407817387,0.0,1,4.62950871185609,4.62950871185609,0.0,188.44586967274475,188.44586967274475,0.0
1,28.007527512760277,28.007527512760277,0.0,1016.9336603881438,1016.9336603881438,0.0,2,16.191461405600595,30.552832039979712,14.361370634379117,700.1134851180902,1270.2269702361805,570.1134851180902
2,14.901817602626807,28.007527512760277,13.10570991013347,554.4668301940719,1016.9336603881438,462.4668301940719,2,16.177017604440014,31.490550634185546,15.313533029745532,714.6676669770115,1333.335333954023,618.6676669770115
1,0.09208663176961807,0.09208663176961807,0.0,5.0,5.0,0.0,2,15.961919698418573,31.490550634185546,15.528630935766973,752.6676669770115,1333.335333954023,580.6676669770115
2,15.791318632977582,31.490550634185546,15.699232001207964,1346.516482425077,2688.032964850154,1341.516482425077,2,15.82595791816815,31.490550634185546,15.664592716017395,668.6676669770115,1333.335333954023,664.6676669770115
2,9.744527889691213,11.512664899459764,1.7681370097685516,1084.658441645695,1425.7449032044967,341.0864615588017,2,0.2938689279805722,0.4263726538103896,0.1325037258298174,116.14651814952413,228.29303629904825,112.14651814952413
1,81.18666217859109,81.18666217859109,0.0,1157.3957687596292,1157.3957687596292,0.0,1,12.221906239182303,12.221906239182303,0.0,902.1516175216134,902.1516175216134,0.0
1,19.105124739987374,19.105124739987374,0.0,1727.9072686924283,1727.9072686924283,0.0,1,19.105124739987374,19.105124739987374,0.0,1553.1641724003573,1553.1641724003573,0.0
1,18.29321079243207,18.29321079243207,0.0,1611.3813651687688,1611.3813651687688,0.0,1,1.1372541592803813,1.1372541592803813,0.0,371.0,371.0,0.0
1,8.641919333467342,8.641919333467342,0.0,1005.9780056172473,1005.9780056172473,0.0,1,7.252737234807064,7.252737234807064,0.0,1351.08513347753,1351.08513347753,0.0
1,8.530814200223695,8.530814200223695,0.0,2422.0191660442733,2422.0191660442733,0.0,2,0.3223857343929666,0.5646484865785766,0.24226275218561,100.0,193.0,93.0
2,1.5184801859476984,3.0263459392725807,1.5078657533248823,179.5,357.0,177.5,2,1.1324944423512413,2.0896526091366923,0.957158166785451,521.0,999.0,478.0
1,2.4704609195948706,2.4704609195948706,0.0,652.0,652.0,0.0,1,1.5939372290390281,1.5939372290390281,0.0,232.0,232.0,0.0
1,3.6217501881375824,3.6217501881375824,0.0,1392.1277313013666,1392.1277313013666,0.0,1,0.02102482240211856,0.02102482240211856,0.0,149.0,149.0,0.0
1,0.6588568640576327,0.6588568640576327,0.0,692.7620546535849,692.7620546535849,0.0,1,0.006164296685621906,0.006164296685621906,0.0,3.0,3.0,0.0
1,3.9355519722182635,3.9355519722182635,0.0,469.43215362929504,469.43215362929504,0.0,1,1.3963277886859657,1.3963277886859657,0.0,193.6878511181112,193.6878511181112,0.0
0,0.0,0.0,0.0,0.0,0.0,0.0,0,0.0,0.0,0.0,0.0,0.0,0.0
1,6.098573447586318,6.098573447586318,0.0,1283.953592187696,1283.953592187696,0.0,1,3.347264585494372,3.347264585494372,0.0,605.1947165319543,605.1947165319543,0.0
1,22.1732066184467,22.1732066184467,0.0,1268.3782426729176,1268.3782426729176,0.0,1,7.120571384739009,7.120571384739009,0.0,837.3980110580771,837.3980110580771,0.0
1,0.3385836216879454,0.3385836216879454,0.0,41.59027210331007,41.59027210331007,0.0,1,0.053295284879112614,0.053295284879112614,0.0,8.0,8.0,0.0
