season,month norm,Time of the Day norm,month,Time of the Day,t1,Lahares,magnitude,Number of peaks RSAM VRBA,Avg Prominence RSAM VRBA,Max Prominence RSAM VRBA,Std Prominence RSAM VRBA,Avg h Width RSAM VRBA,Max h Width RSAM VRBA,Std h Width RSAM VRBA,Avg peak RSAM VRBA,Max peak RSAM VRBA,Std peak RSAM VRBA,Number of drops RSAM VRBA,Avg Drop Depth RSAM VRBA,Max Drop Depth RSAM VRBA,Std Drop Depth RSAM VRBA,Avg l Width RSAM VRBA,Max l Width RSAM VRBA,Std l Width RSAM VRBA,Avg drop RSAM VRBA,Max drop RSAM VRBA,Std drop RSAM VRBA,Quantile Changes RSAM VRBA,Avg Value RSAM VRBA,Std Value RSAM VRBA,Median Value RSAM VRBA,Var Value RSAM VRBA,Mean Min Values RSAM VRBA,Number of peaks DSAR VRBA,Avg Prominence DSAR VRBA,Max Prominence DSAR VRBA,Std Prominence DSAR VRBA,Avg h Width DSAR VRBA,Max h Width DSAR VRBA,Std h Width DSAR VRBA,Avg peak DSAR VRBA,Max peak DSAR VRBA,Std peak DSAR VRBA,Number of drops DSAR VRBA,Avg Drop Depth DSAR VRBA,Max Drop Depth DSAR VRBA,Std Drop Depth DSAR VRBA,Avg l Width DSAR VRBA,Max l Width DSAR VRBA,Std l Width DSAR VRBA,Avg drop DSAR VRBA,Max drop DSAR VRBA,Std drop DSAR VRBA,Quantile Changes DSAR VRBA,Avg Value DSAR VRBA,Std Value DSAR VRBA,Median Value DSAR VRBA,Var Value DSAR VRBA,Mean Min Values DSAR VRBA,Number of peaks RSAM VORI,Avg Prominence RSAM VORI,Max Prominence RSAM VORI,Std Prominence RSAM VORI,Avg h Width RSAM VORI,Max h Width RSAM VORI,Std h Width RSAM VORI,Avg peak RSAM VORI,Max peak RSAM VORI,Std peak RSAM VORI,Number of drops RSAM VORI,Avg Drop Depth RSAM VORI,Max Drop Depth RSAM VORI,Std Drop Depth RSAM VORI,Avg l Width RSAM VORI,Max l Width RSAM VORI,Std l Width RSAM VORI,Avg drop RSAM VORI,Max drop RSAM VORI,Std drop RSAM VORI,Quantile Changes RSAM VORI,Avg Value RSAM VORI,Std Value RSAM VORI,Median Value RSAM VORI,Var Value RSAM VORI,Mean Min Values RSAM VORI,Number of peaks DSAR VORI,Avg Prominence DSAR VORI,Max Prominence DSAR VORI,Std Prominence DSAR VORI,Avg h Width DSAR VORI,Max h Width DSAR VORI,Std h Width DSAR VORI,Avg peak DSAR VORI,Max peak DSAR VORI,Std peak DSAR VORI,Number of drops DSAR VORI,Avg Drop Depth DSAR VORI,Max Drop Depth DSAR VORI,Std Drop Depth DSAR VORI,Avg l Width DSAR VORI,Max l Width DSAR VORI,Std l Width DSAR VORI,Avg drop DSAR VORI,Max drop DSAR VORI,Std drop DSAR VORI,Quantile Changes DSAR VORI,Avg Value DSAR VORI,Std Value DSAR VORI,Median Value DSAR VORI,Var Value DSAR VORI,Mean Min Values DSAR VORI,Coverage Percentage VRBA,Coverage Percentage VORI RSAM,Coverage Percentage VORI DSAR,is_cascading_material_failure VRBA,is_possible_seal_failure VRBA,inv_rsam_quality_acceleration VRBA,is_pressurizing VRBA,slope_ratio VRBA,num_state_changes_inv_rsam VRBA,num_state_changes_log_dsar VRBA,is_hydrothermal_seal VRBA,falling_rsam_acceleration VRBA,falling_rsam_slope VRBA,falling_rsam_mean_derivative VRBA,falling_rsam_mean_abs_derivative VRBA,quiescence_rsam_duration VRBA,quiescence_rsam_drop_ratio VRBA,is_cascading_material_failure VORI,is_possible_seal_failure VORI,inv_rsam_quality_acceleration VORI,is_pressurizing VORI,slope_ratio VORI,num_state_changes_inv_rsam VORI,num_state_changes_log_dsar VORI,is_hydrothermal_seal VORI,falling_rsam_acceleration VORI,falling_rsam_slope VORI,falling_rsam_mean_derivative VORI,falling_rsam_mean_abs_derivative VORI,quiescence_rsam_duration VORI,quiescence_rsam_drop_ratio VORI,Sum_VT,Last_VT,Max_VT,Delta_Max_Min_VT,is_swarm_detected_VT,Sum_LP,Last_LP,Max_LP,Delta_Max_Min_LP,is_swarm_detected_LP,Sum_tornillo,Last_tornillo,Max_tornillo,Delta_Max_Min_tornillo,is_swarm_detected_tornillo,Sum_Precipitations,Last_Precipitations,Max_Precipitations,Delta_Max_Min_Precipitations,Type,Stratification
0,0.0,0.9288095528719242,1,7.45,2019-01-20 07:27:05.050,1,4.866784653389207,1,11.105245708158463,11.105245708158463,0.0,2446.37330389885,2446.37330389885,0.0,48.24541386727296,48.24541386727296,0.0,1,0.014770766539371,0.014770766539371,0.0,2.0,2.0,0.0,34.780842443469524,34.780842443469524,0.0,94.506541704119,53.15541394118527,521.4787916074281,38.89799102904009,271940.1300963434,27.563837670397056,1,0.0001144332025674,0.0001144332025674,0.0,2.0,2.0,0.0,0.7367019089526986,0.7367019089526986,0.0,1,0.00036957694453,0.00036957694453,0.0,4.0,4.0,0.0,0.4329476887675039,0.4329476887675039,0.0,0.0391469122959014,0.551272227955988,0.1769847362317957,0.5459258144695601,0.0313235968590383,0.2521704824165063,1,91.2747744853188,91.2747744853188,0.0,2425.999629505077,2425.999629505077,0.0,414.4835586527556,414.4835586527556,0.0,1,0.2411765447518519,0.2411765447518519,0.0,2.0,2.0,0.0,313.2426920871593,313.2426920871593,0.0,36.58782031539752,360.5155965626706,111.12357485938622,339.9730785299089,12348.448889529613,200.823349931908,1,0.004894364049151,0.004894364049151,0.0,4.0,4.0,0.0,3.516715747582433,3.516715747582433,0.0,1,0.0222957410537301,0.0222957410537301,0.0,136.0,136.0,0.0,2.1929287559312387,2.1929287559312387,0.0,0.4327102498935811,3.028162134586628,0.7884338941386148,2.9345867449553538,0.6216280054265804,1.8858497149440816,88.10572687224669,76.93021099003015,76.93021099003015,0,0,0,1,36.86440785339693,4,3,0,0.0,0.0,0.0,0.0,0.0,0.0,0,0,0,0,-4364.615339784717,4,2,0,0.0,0.0,0.0,0.0,0.0,0.0,1.0,0.0,1.0,1.0,0,3.0,1.0,2.0,2.0,0,0.0,0.0,0.0,0.0,0,0.0,0.0,0.0,0.0,1,erup_dry
0,0.0,-0.9914448613738105,1,18.5,2019-01-23 18:30:57.625,0,2.954262175905408,1,8.42630800986143,8.42630800986143,0.0,2886.8842862266324,2886.8842862266324,0.0,41.50527563836198,41.50527563836198,0.0,1,0.0049073265782162,0.0049073265782162,0.0,2.0,2.0,0.0,28.8444684513274,28.8444684513274,0.0,10.051059454465138,43.5697434011502,34.34845751489037,34.01369895279136,1179.8165336522288,27.06074307808605,1,0.0098448356857797,0.0098448356857797,0.0,242.0,242.0,0.0,0.5630873268351586,0.5630873268351586,0.0,1,0.0013646828799244,0.0013646828799244,0.0,20.0,20.0,0.0,0.4617483252435118,0.4617483252435118,0.0,0.0470856502715518,0.5032546871097369,0.1590167371831748,0.508241007113402,0.0252863227043829,0.2295378077857065,1,116.1200894096279,116.1200894096279,0.0,1810.6400018423565,1810.6400018423565,0.0,436.2255223679691,436.2255223679691,0.0,1,0.0010600046365709,0.0010600046365709,0.0,2.0,2.0,0.0,210.5227323834817,210.5227323834817,0.0,48.50097380509653,359.4040489319533,189.5697720605878,309.5568141991403,35936.698479103216,163.7535086398527,1,0.170994231801207,0.170994231801207,0.0,457.5725750475144,457.5725750475144,0.0,5.531346638117021,5.531346638117021,0.0,1,0.897923014778077,0.897923014778077,0.0,1828.8615426861463,1828.8615426861463,0.0,3.5388287282344564,3.5388287282344564,0.0,0.5162824796180762,4.381168730459445,1.2415939261825164,4.3064908386045335,1.5415554775333162,2.313234868801552,98.9566427080918,99.95362856480408,99.95362856480408,0,0,0,0,-24.83216250928031,5,6,0,0.0,0.0,0.0,0.0,0.0,0.0,0,0,0,0,-192.4933448296969,3,6,0,0.0,0.0,0.0,0.0,0.0,0.0,0.0,0.0,0.0,0.0,0,2.0,0.0,1.0,1.0,0,0.0,0.0,0.0,0.0,0,0.0,0.0,0.0,0.0,1,erup_dry
0,0.49999999999999994,0.7193398003386512,2,3.066666666666667,2019-02-02 03:04:51.113,0,1.587372137468673,1,19.842652652503048,19.842652652503048,0.0,3371.4400530018006,3371.4400530018006,0.0,63.00191180633385,63.00191180633385,0.0,1,1.8237575169219011,1.8237575169219011,0.0,204.0,204.0,0.0,37.74383253757144,37.74383253757144,0.0,38.79845838980231,62.16552324839739,150.9131527326541,49.75541456340079,22774.77966770939,29.61596713100256,1,0.1954967849219905,0.1954967849219905,0.0,3277.9924652279456,3277.9924652279456,0.0,0.8466378691001578,0.8466378691001578,0.0,1,0.0114020009181052,0.0114020009181052,0.0,112.0,112.0,0.0,0.4580896830953486,0.4580896830953486,0.0,0.0867056498744689,0.7436421753768486,0.3056981318201472,0.7305312129279509,0.093451347798328,0.2729265309453026,1,133.9056711675115,133.9056711675115,0.0,3222.7246435504817,3222.7246435504817,0.0,425.5206510561886,425.5206510561886,0.0,1,0.1639280673430789,0.1639280673430789,0.0,8.0,8.0,0.0,239.2745271626655,239.2745271626655,0.0,85.07420139425845,358.91779713138175,260.5578546256371,333.3660953007094,67890.39560711464,182.40918454195904,1,0.0702116878471432,0.0702116878471432,0.0,168.0,168.0,0.0,2.779800230260099,2.779800230260099,0.0,1,0.0839675677225608,0.0839675677225608,0.0,632.0,632.0,0.0,2.2219111842733987,2.2219111842733987,0.0,0.5441152099769533,2.542321832502344,1.93518620734345,2.407362586044669,3.744945657092327,1.7024098737549282,98.88708555529794,99.95362856480408,99.95362856480408,0,0,0,0,432.8156192672487,4,4,0,0.0,0.0,0.0,0.0,0.0,0.0,0,0,0,0,-2.968389569364592,3,5,0,0.0,0.0,0.0,0.0,0.0,0.0,0.0,0.0,0.0,0.0,0,99.0,23.0,48.0,25.0,0,0.0,0.0,0.0,0.0,0,0.0,0.0,0.0,0.0,1,erup_dry
0,0.49999999999999994,0.28401534470392265,2,1.1,2019-02-06 01:06:17.275,0,3.1412538258862392,1,0.0044886225412312,0.0044886225412312,0.0,4.0,4.0,0.0,56.251455097540216,56.251455097540216,0.0,1,0.0546805825876646,0.0546805825876646,0.0,74.0,74.0,0.0,32.39369129170393,32.39369129170393,0.0,7.701263720734587,41.69271707451506,17.79581082166717,34.920520935549334,316.69088280056644,26.576613690178384,1,0.2220061585050685,0.2220061585050685,0.0,2044.520049143324,2044.520049143324,0.0,0.8651034026712447,0.8651034026712447,0.0,1,0.0007537638157021,0.0007537638157021,0.0,10.0,10.0,0.0,0.6198306458680966,0.6198306458680966,0.0,0.0660380124467123,0.7518795799561478,0.22964940957311,0.7422791509000538,0.052738851317278,0.3737903017715228,1,0.0282892137457224,0.0282892137457224,0.0,2.0,2.0,0.0,392.5332291221096,392.5332291221096,0.0,1,17.847521599232607,17.847521599232607,0.0,1019.20222297782,1019.20222297782,0.0,213.56006236318484,213.56006236318484,0.0,23.75474804825108,287.0623968119739,79.46124310352266,271.47924922747626,6314.089155557127,184.312313303337,1,0.0933640868333927,0.0933640868333927,0.0,358.0,358.0,0.0,3.0971464732629927,3.0971464732629927,0.0,2,0.0877799503860079,0.1732522135383236,0.0854722631523157,851.8438595182782,1687.6877190365565,835.8438595182782,2.741274477955501,2.732215280302392,0.0090591976531091,0.3071960335758229,2.892538959771935,0.5434805112910168,2.8396216769443035,0.295371066153145,2.0696993476065964,76.9533967076281,99.95362856480408,99.95362856480408,0,0,0,0,130.91404621011037,4,4,0,0.0,0.0,0.0,0.0,0.0,0.0,0,0,0,0,372.7535955067213,5,7,0,0.0,0.0,0.0,0.0,0.0,0.0,0.0,0.0,0.0,0.0,0,3.0,0.0,3.0,3.0,0,0.0,0.0,0.0,0.0,0,0.0,0.0,0.0,0.0,1,erup_dry
0,0.8660254037844386,0.6527597524627224,3,2.716666666666667,2019-03-30 02:43:59.494,0,2.894721393711892,1,1.639263576523014,1.639263576523014,0.0,2284.6103979174227,2284.6103979174227,0.0,27.776140368141636,27.776140368141636,0.0,1,0.078344286947793,0.078344286947793,0.0,44.56049685694279,44.56049685694279,0.0,23.869708237563888,23.869708237563888,0.0,7.608479200604892,28.75892917602984,13.05925014980593,26.41026759321537,170.54401447520618,20.910853119011637,1,0.060298140935933,0.060298140935933,0.0,3266.5890383230926,3266.5890383230926,0.0,0.4615383168106586,0.4615383168106586,0.0,1,0.0627953365748186,0.0627953365748186,0.0,3267.2108724853592,3267.2108724853592,0.0,0.39874298023584,0.39874298023584,0.0,0.0305493832453816,0.3989616343818216,0.1331124495723507,0.424331030663904,0.0177189242311516,0.1625203530623158,1,1.1766493442331123,1.1766493442331123,0.0,144.0,144.0,0.0,189.31164672613065,189.31164672613065,0.0,1,0.9841539624241592,0.9841539624241592,0.0,63.0,63.0,0.0,116.56097094954032,116.56097094954032,0.0,21.72008232147528,150.60269969464971,58.54131077528876,154.2980001294083,3427.08506728894,56.480909661162855,2,0.1428134334400368,0.252707068078827,0.1098936346387902,893.7877289743296,1555.5754579486593,661.7877289743296,3.897467581031493,3.937887399909081,0.0404198188775886,1,0.000303962544522,0.000303962544522,0.0,2.0,2.0,0.0,3.275287273204774,3.275287273204774,0.0,0.4153223130200123,3.7856587039418503,0.7530981737444561,3.67495592510001,0.567156859297235,2.6907425525768915,86.92325527475076,99.95362856480408,99.95362856480408,0,0,0,0,-2.6670630414813137,5,4,0,0.0,0.0,0.0,0.0,0.0,0.0,0,0,0,0,-21.21689827025837,2,3,0,0.0,0.0,0.0,0.0,0.0,0.0,3.0,3.0,3.0,3.0,1,0.0,0.0,0.0,0.0,0,2.0,1.0,1.0,1.0,0,0.0,0.0,0.0,0.0,1,erup_dry
0,1.0,0.6259234721840591,4,2.5833333333333335,2019-04-10 02:35:30.702,0,1.660496444966089,1,1.7759246688723564,1.7759246688723564,0.0,554.0,554.0,0.0,53.02053146371054,53.02053146371054,0.0,1,2.041639751153305,2.041639751153305,0.0,678.0,678.0,0.0,50.62833981408284,50.62833981408284,0.0,9.49679331584287,51.72830179734768,16.501534588702672,51.11918348235639,272.30064378215064,28.155544621412925,1,0.0009966163857176,0.0009966163857176,0.0,4.0,4.0,0.0,0.643655502240094,0.643655502240094,0.0,1,0.0432901555501628,0.0432901555501628,0.0,194.0,194.0,0.0,0.3518126223023503,0.3518126223023503,0.0,0.0313768929324853,0.517336019807601,0.2308144747785191,0.5791867091108829,0.0532753217672836,0.1487838123474276,1,259.5847362244092,259.5847362244092,0.0,2395.716447131055,2395.716447131055,0.0,423.3068975641103,423.3068975641103,0.0,1,10.836573043823975,10.836573043823975,0.0,626.0,626.0,0.0,83.06966291274705,83.06966291274705,0.0,55.46156703442858,234.6730661680578,222.2859370466906,179.42511508573676,49411.037808725305,56.15718238280918,1,0.0030103388748878,0.0030103388748878,0.0,2.0,2.0,0.0,4.394284929339999,4.394284929339999,0.0,2,0.0023299255288229,0.0031507811883897,0.0008208556595667,9.0,14.0,5.0,3.165401007809804,3.1106278409127968,0.0547731668970068,0.4749631059146054,3.7285414634737486,1.3555349488235209,3.475733067217601,1.8374749974819853,2.545658544629801,31.76443310920473,99.95362856480408,99.95362856480408,0,0,0,0,4578.187082708299,2,3,0,0.0,0.0,0.0,0.0,0.0,0.0,0,1,0,1,-734.4979694370913,4,4,0,0.0,0.0,0.0,0.0,0.0,0.0,1.0,0.0,1.0,1.0,0,9.0,7.0,7.0,7.0,1,0.0,0.0,0.0,0.0,0,0.0,0.0,0.0,0.0,1,erup_dry
1,0.8660254037844387,-0.3173046564050915,5,13.233333333333333,2019-05-11 13:14:13.274,0,2.38695895078415,1,0.0531925634328658,0.0531925634328658,0.0,2.0,2.0,0.0,44.62284050187443,44.62284050187443,0.0,1,0.1167329380886634,0.1167329380886634,0.0,10.0,10.0,0.0,27.67985893495749,27.67985893495749,0.0,21.445952378699907,41.91862164359586,40.6210919568707,34.59519699433942,1650.0731117685457,20.97099834176654,1,7.854208564939125e-05,7.854208564939125e-05,0.0,8.0,8.0,0.0,0.6657170940488619,0.6657170940488619,0.0,1,0.0007539384107135,0.0007539384107135,0.0,6.0,6.0,0.0,0.342079330747465,0.342079330747465,0.0,0.044167705900995,0.4510283917438989,0.2131294255884071,0.4408537964860756,0.0454241520516443,0.1451756007627826,1,0.2070757494086024,0.2070757494086024,0.0,4.0,4.0,0.0,142.92576506398063,142.92576506398063,0.0,1,105.62041378605522,105.62041378605522,0.0,3810.4864678270487,3810.4864678270487,0.0,26.83738406009877,26.83738406009877,0.0,101.80583681917469,117.13636828593036,201.4335639428088,62.20524023349614,40575.48068270165,22.72517535923424,1,0.5042358909480935,0.5042358909480935,0.0,1476.167292917434,1476.167292917434,0.0,3.923060276814776,3.923060276814776,0.0,2,0.1596018446593274,0.313392889050573,0.1537910443912455,728.4354333432307,1446.870866686461,718.4354333432307,3.0619100626539346,2.923830481280539,0.1380795813733955,0.3365740760305658,3.527017190328978,0.8619894934341784,3.4880900665055385,0.7430258867909115,2.3616994723986493,54.97333642476234,93.0442847206121,99.95362856480408,0,0,0,0,-39.76191608563873,3,5,0,0.0,0.0,0.0,0.0,0.0,0.0,0,0,0,1,-18.557684960750382,5,5,1,1.4433884313761512e-05,-3.985273143829256,-0.0011971207259495,0.0018922976897173,20.433333333333334,0.6750582836872037,3.0,3.0,3.0,3.0,1,65.0,58.0,58.0,58.0,1,0.0,0.0,0.0,0.0,0,12.1694,12.1694,12.1694,12.1694,1,erup_rainy
1,0.8660254037844387,0.056692787563377506,5,0.21666666666666667,2019-05-21 00:13:37.042,0,2.770101976045712,1,2.9723650327678257,2.9723650327678257,0.0,370.0,370.0,0.0,38.56861392500417,38.56861392500417,0.0,1,0.006241118237849,0.006241118237849,0.0,2.0,2.0,0.0,26.47892916951904,26.47892916951904,0.0,10.01387685164229,38.95146636648239,35.01106545177648,27.818251921605963,1225.7747040685767,20.63492157681654,1,0.2711483917698032,0.2711483917698032,0.0,478.0,478.0,0.0,1.0229454408326004,1.0229454408326004,0.0,1,0.0719816599503289,0.0719816599503289,0.0,240.0,240.0,0.0,0.4971476257141964,0.4971476257141964,0.0,0.0554656906304633,0.6275676542585285,0.4617014658928935,0.4497963476353362,0.2131682436076467,0.1613123076030709,1,9.323110938010856,9.323110938010856,0.0,1485.38916818677,1485.38916818677,0.0,120.52728488144535,120.52728488144535,0.0,1,0.0680623550286867,0.0680623550286867,0.0,4.0,4.0,0.0,45.44316018281336,45.44316018281336,0.0,13.280505473869486,81.87917025078008,48.4797560164246,63.59931836083456,2350.2867434120576,35.60792351906647,2,0.4376345956371295,0.8722909501910765,0.434656354553947,1063.2539917315826,2078.507983463165,1015.2539917315826,5.862757731150843,6.127442516874599,0.2646847857237553,1,0.566735813848751,0.566735813848751,0.0,2004.6215618824451,2004.6215618824451,0.0,3.971101145283733,3.971101145283733,0.0,0.3685844381926949,5.036465706176268,1.4495304269552538,4.810663279193814,2.1011384586690807,2.9033475011049044,38.88244841177834,99.95362856480408,99.95362856480408,0,0,0,0,-175.23161405397806,2,2,0,0.0,0.0,0.0,0.0,0.0,0.0,0,0,0,0,-126.38478387513231,4,4,0,0.0,0.0,0.0,0.0,0.0,0.0,3.0,0.0,2.0,2.0,0,4.0,0.0,3.0,3.0,0,2.0,0.0,2.0,2.0,0,50.7304,12.6826,31.7065,25.3652,1,erup_rainy
1,0.5000000000000003,-0.5628049276950696,6,21.716666666666665,2019-06-05 21:43:17.056,0,1.72198360834624,0,0.0,0.0,0.0,0.0,0.0,0.0,0.0,0.0,0.0,0,0.0,0.0,0.0,0.0,0.0,0.0,0.0,0.0,0.0,19.45219553234812,31.24379705081615,22.29085636518891,24.92563673833345,496.8822774934829,20.34060574482674,0,0.0,0.0,0.0,0.0,0.0,0.0,0.0,0.0,0.0,0,0.0,0.0,0.0,0.0,0.0,0.0,0.0,0.0,0.0,0.1252112342739371,0.280572639263667,0.176735582937605,0.2185125555973245,0.031235466276295,0.1326500588119933,1,0.302420822717508,0.302420822717508,0.0,47.83551013989589,47.83551013989589,0.0,85.43341132870687,85.43341132870687,0.0,1,0.4745406662609071,0.4745406662609071,0.0,16.0,16.0,0.0,67.53217880898696,67.53217880898696,0.0,94.33542546862002,114.55226879817018,284.4501156577357,74.72107946313683,80911.86829769923,32.52072105697951,1,0.0073505246493867,0.0073505246493867,0.0,42.0,42.0,0.0,3.3096669965688155,3.3096669965688155,0.0,1,0.0011773435165181,0.0011773435165181,0.0,14.0,14.0,0.0,3.239245828231894,3.239245828231894,0.0,0.7131929829110571,3.356905274389101,1.769719818656256,3.2671780822329626,3.1319082365447315,2.21361162075745,0.0,29.23718989102713,33.7352191050313,0,0,0,0,0.0,0,0,0,0.0,0.0,0.0,0.0,0.0,,0,0,0,1,6.05123761429425,1,3,0,0.0,0.0,0.0,0.0,0.0,0.0,0.0,0.0,0.0,0.0,0,3.0,2.0,2.0,2.0,1,0.0,0.0,0.0,0.0,0,4.0142,4.0142,4.0142,4.0142,1,erup_rainy
1,-0.8660254037844385,-0.6087614290087203,9,14.5,2019-09-12 14:30:20.875,0,3.9246789508282567,1,3.761761447297968,3.761761447297968,0.0,1560.6933631292682,1560.6933631292682,0.0,27.752118101233343,27.752118101233343,0.0,1,0.0010607488177605,0.0010607488177605,0.0,2.0,2.0,0.0,21.795855968045405,21.795855968045405,0.0,20.76592909834757,32.09840144948103,69.47259737117936,24.176554662607405,4826.441785497997,20.283646192516866,1,0.0749401102245845,0.0749401102245845,0.0,2005.9858958464831,2005.9858958464831,0.0,0.5306108632578113,0.5306108632578113,0.0,1,0.0002806260859999,0.0002806260859999,0.0,2.0,2.0,0.0,0.406293908774648,0.406293908774648,0.0,0.0383115474194189,0.4648838090215538,0.1572538033166368,0.452901762670478,0.0247287586575475,0.2367535648126962,1,41.71257115796038,41.71257115796038,0.0,2560.0255072357468,2560.0255072357468,0.0,126.85538070464376,126.85538070464376,0.0,2,0.0875113869885844,0.1124194448020716,0.0249080578134872,8.5,13.0,4.5,55.11535935880667,49.74011811022101,5.375241248585663,30.93495498398308,96.04721495780728,106.39822062845153,81.92844818185625,11320.581352900645,38.91094204592353,2,0.0447695407712394,0.0639467272184681,0.0191771864472287,210.0,296.0,86.0,3.6930104611076944,3.769273898486391,0.076263437378697,1,0.000904403098926,0.000904403098926,0.0,10.0,10.0,0.0,3.115021357308386,3.115021357308386,0.0,0.3954723075439403,3.472182608899132,0.7705151695820364,3.39336125797093,0.5936936265560343,2.4191306097685543,65.1750521678646,99.95362856480408,99.95362856480408,0,0,0,1,50.16393112499332,3,4,0,0.0,0.0,0.0,0.0,0.0,0.0,0,0,0,0,-15.863225905537586,3,5,0,0.0,0.0,0.0,0.0,0.0,0.0,0.0,0.0,0.0,0.0,0,2.0,0.0,2.0,2.0,0,0.0,0.0,0.0,0.0,0,42.1592,21.869,21.869,11.7239,1,erup_rainy
1,-0.8660254037844385,-0.9753423205085127,9,18.85,2019-09-16 18:51:06.127,0,2.060621354466739,1,19.567403710560143,19.567403710560143,0.0,1549.422258963505,1549.422258963505,0.0,98.2798177561302,98.2798177561302,0.0,1,0.9865605718926992,0.9865605718926992,0.0,252.0,252.0,0.0,25.53280704596789,25.53280704596789,0.0,18.22559951496953,69.0587134303498,44.6714034291262,56.29770542040285,1995.534284327748,21.295720410384124,1,0.0497730231828855,0.0497730231828855,0.0,2850.081106102361,2850.081106102361,0.0,0.5794361910492548,0.5794361910492548,0.0,1,0.029921967617327,0.029921967617327,0.0,768.1209112601523,768.1209112601523,0.0,0.4849636652463981,0.4849636652463981,0.0,0.0272818423571005,0.5281776915322199,0.1184769667992581,0.5331440668394561,0.0140367916619525,0.317860371309718,1,2.542202527620816,2.542202527620816,0.0,14.0,14.0,0.0,544.8353740117618,544.8353740117618,0.0,1,4.13572526589104,4.13572526589104,0.0,142.0,142.0,0.0,61.108552961859175,61.108552961859175,0.0,98.82673347695304,319.5732686093772,231.2818817595007,323.6339816117859,53491.30883021566,32.42485795822407,2,0.1752711309939125,0.3251194108616122,0.1498482798676996,161.0,290.0,129.0,4.699623710564179,5.03807453261736,0.3384508220531805,2,0.4608930247854992,0.8648054720943303,0.4039124473088311,2080.5090538824365,3847.4533084699497,1766.9442545875131,3.5764504445017,3.4963674164166685,0.0800830280850317,0.7308536657335427,4.223913064676609,1.5022731503283713,3.8733281193453046,2.256824618197529,2.6952796841973523,87.8738696962671,98.35381405054488,99.95362856480408,0,0,0,1,57.0812047540532,3,7,1,4.795583193598552e-06,-2.0755394120575943,-0.0005484347008116,0.0006390233547146,21.666666666666668,0.7175608647951702,0,1,0,1,27.214598767760165,2,3,1,2.096014427537634e-05,-12.915574889868337,-0.0033518147297586,0.0036250832756354,21.933333333333334,0.8032103093602718,0.0,0.0,0.0,0.0,0,1.0,1.0,1.0,1.0,1,0.0,0.0,0.0,0.0,0,36.4484,21.869,21.869,21.869,1,erup_rainy
1,-0.8660254037844385,-0.8191520442889916,9,15.666666666666666,2019-09-28 15:40:12.162,0,2.495231395772308,1,0.0628340284707604,0.0628340284707604,0.0,2.0,2.0,0.0,48.13805924803282,48.13805924803282,0.0,1,0.7520929538397354,0.7520929538397354,0.0,274.0,274.0,0.0,26.15491065115532,26.15491065115532,0.0,22.09055143196664,44.458920641729485,31.005284880445803,34.157456011263776,961.327690517601,20.721999382851138,1,0.0004817193780294,0.0004817193780294,0.0,2.0,2.0,0.0,0.7715808183018988,0.7715808183018988,0.0,1,0.1690108380542949,0.1690108380542949,0.0,2013.1022884359888,2013.1022884359888,0.0,0.5601951535123497,0.5601951535123497,0.0,0.0576183757875091,0.6350127129824272,0.2429290843137535,0.6797760707963347,0.0590145400055187,0.2519533162199767,2,0.4238266306442568,0.4787393948226679,0.054912764178411,8.5,11.0,2.5,239.0444331752799,255.58278698728756,16.538353812007657,2,5.997697514311529,11.429658718508854,5.431961204197325,927.0431846654678,1803.086369330936,876.0431846654678,60.06209376710929,57.60635424646579,2.455739520643501,86.35647684565676,150.03104610912814,144.8571294163342,100.34449088528658,20983.5879427406,28.13241292967198,1,1.6954606321748091,1.6954606321748091,0.0,2063.252306867529,2063.252306867529,0.0,7.315079333217572,7.315079333217572,0.0,1,0.0676693867343334,0.0676693867343334,0.0,444.0,444.0,0.0,2.9883394638456666,2.9883394638456666,0.0,3.707549008793497,5.878919636504794,36.99913654559059,4.931967381227941,1368.936105119257,1.984470900580815,82.54115464873638,99.90725712960815,99.95362856480408,0,0,0,1,131.30718514739127,4,6,0,0.0,0.0,0.0,0.0,0.0,0.0,0,1,0,1,76.9991379867822,4,5,1,1.3010319648286616e-05,-6.00028229713423,-0.0014092775989853,0.0016935053748588,29.016666666666666,0.5653064617321361,1.0,1.0,1.0,1.0,1,9.0,4.0,4.0,2.0,0,0.0,0.0,0.0,0.0,0,26.3426,21.0868,21.0868,21.0868,1,erup_rainy
0,-0.5000000000000004,-0.4344452574044166,12,13.716666666666667,2019-12-05 13:43:11.000,0,3.477376153030644,1,0.0179192566261221,0.0179192566261221,0.0,1.9030618539862016,1.9030618539862016,0.0,41.583387660673125,41.583387660673125,0.0,1,0.6680804453774485,0.6680804453774485,0.0,356.0,356.0,0.0,28.69007759657991,28.69007759657991,0.0,5.377245219807162,41.24460421067267,23.4758647588913,36.30817214936404,551.1162261777545,27.37396146592816,1,0.0126158692092833,0.0126158692092833,0.0,244.0,244.0,0.0,0.8236356590548348,0.8236356590548348,0.0,2,0.0392556733712414,0.078359954298173,0.0391042809269315,1710.672594226657,3417.345188453314,1706.672594226657,0.7212608291895726,0.7061418152690558,0.0151190139205166,0.0465713195368794,0.7645624353051879,0.2459088411968708,0.7747202751039289,0.0604711581787878,0.3438693142837515,1,57.1686416098791,57.1686416098791,0.0,2347.1676061905378,2347.1676061905378,0.0,276.4742700220839,276.4742700220839,0.0,1,3.387932797472942,3.387932797472942,0.0,406.0,406.0,0.0,110.59808804942624,110.59808804942624,0.0,20.819777626197457,217.70125573126745,86.2486191411191,212.2867032235378,7438.824303749814,94.62371158170234,1,0.2647071601170485,0.2647071601170485,0.0,1836.6320285157508,1836.6320285157508,0.0,3.325327933628434,3.325327933628434,0.0,1,0.2430119455550796,0.2430119455550796,0.0,2273.897671646605,2273.897671646605,0.0,2.66764583799395,2.66764583799395,0.0,0.3018729556474268,3.00435156297425,0.6575756014270104,2.954767820154669,0.4324056715920945,1.935548575984153,99.95362856480408,99.95362856480408,99.95362856480408,0,0,0,1,181.16680431863315,6,6,0,0.0,0.0,0.0,0.0,0.0,0.0,0,0,0,0,-1.9964605309323664,4,5,0,0.0,0.0,0.0,0.0,0.0,0.0,0.0,0.0,0.0,0.0,0,10.0,3.0,4.0,1.0,0,1.0,1.0,1.0,1.0,1,6.3795,0.0,6.3795,6.3795,1,erup_dry
0,0.0,0.9832549075639545,1,5.3,2020-01-03 05:18:51.000,0,2.680263564228942,1,5.606923588521617,5.606923588521617,0.0,2512.2420101879597,2512.2420101879597,0.0,38.94758167590536,38.94758167590536,0.0,1,0.9532687560381916,0.9532687560381916,0.0,1493.2062040368214,1493.2062040368214,0.0,32.51324286832023,32.51324286832023,0.0,6.187532100829829,37.27298942426806,15.50936297808712,34.96923302357112,240.5403399860594,29.315076631164256,2,0.0004711569242312,0.0006539547682842,0.0001827978440529,6.5,10.0,3.5,0.8106768001384006,0.8156291358472291,0.0049523357088285,1,0.0946650913681012,0.0946650913681012,0.0,632.0,632.0,0.0,0.5826479455560865,0.5826479455560865,0.0,0.0258047970524182,0.7052747966784096,0.1864118346758424,0.785670354912223,0.0347493721072136,0.3325284188802953,1,67.99651794229219,67.99651794229219,0.0,3660.261765361104,3660.261765361104,0.0,193.97970969334227,193.97970969334227,0.0,1,0.0100543416057945,0.0100543416057945,0.0,2.0,2.0,0.0,84.48085225557654,84.48085225557654,0.0,222.77357984359253,184.78348439537407,1349.9626846914168,151.2499323574473,1822399.2500592575,70.46627983882864,1,0.3171196035581132,0.3171196035581132,0.0,3680.4863280193695,3680.4863280193695,0.0,2.9965511889254763,2.9965511889254763,0.0,1,0.0002122467542369,0.0002122467542369,0.0,2.0,2.0,0.0,2.674974914883154,2.674974914883154,0.0,0.2809708807098989,2.866017705398727,0.5445195107692327,2.833795918841913,0.2965014976083645,2.016842484203593,99.95362856480408,99.86088569441225,99.95362856480408,0,0,0,0,-445.8892991215712,4,2,0,0.0,0.0,0.0,0.0,0.0,0.0,0,0,0,0,-13.773433950872718,5,6,0,0.0,0.0,0.0,0.0,0.0,0.0,0.0,0.0,0.0,0.0,0,9.0,4.0,5.0,1.0,0,0.0,0.0,0.0,0.0,0,3.862,3.862,3.862,3.862,1,erup_dry
0,0.0,-0.39874906892524664,1,22.433333333333334,2020-01-29 22:26:46.289,0,2.71019618982938,1,0.0612581656934878,0.0612581656934878,0.0,4.0,4.0,0.0,57.3617736014776,57.3617736014776,0.0,1,2.8987578645557903,2.8987578645557903,0.0,2382.8782872861702,2382.8782872861702,0.0,29.835216419782952,29.835216419782952,0.0,25.46344283827361,47.18661292291643,106.77617661058038,34.52936106256766,11401.151891573852,27.21145627326565,1,5.729424255174198e-05,5.729424255174198e-05,0.0,2.0,2.0,0.0,0.8575608499600704,0.8575608499600704,0.0,1,6.856479604233634e-05,6.856479604233634e-05,0.0,2.0,2.0,0.0,0.6670850416222163,0.6670850416222163,0.0,0.035970899736915,0.7005214782591651,0.2024222104727458,0.7424831929437682,0.0409747512926726,0.3213322469103628,2,11.319249482131326,21.163467661259205,9.844218179127878,442.6551488810046,845.3102977620092,402.6551488810046,242.68765606588403,247.73760909332023,5.049953027436231,1,40.408632258343545,40.408632258343545,0.0,2350.6057795985957,2350.6057795985957,0.0,78.9273954880573,78.9273954880573,0.0,61.17098881568928,176.67975228310854,174.44405596917437,136.3077331851871,30430.72866297644,50.06730411611312,1,0.4376791968852744,0.4376791968852744,0.0,488.0,488.0,0.0,6.916223772232611,6.916223772232611,0.0,1,0.6724862143976682,0.6724862143976682,0.0,2619.6802640380947,2619.6802640380947,0.0,1.9599115275952763,1.9599115275952763,0.0,2.076884527313648,4.788333458050652,15.936296959553736,2.675748079912224,253.9655607830816,1.5606292146623872,99.81451425921632,99.90725712960815,99.95362856480408,0,0,0,0,69.98843764976938,4,3,0,0.0,0.0,0.0,0.0,0.0,0.0,0,0,0,1,-54.15980070500922,3,4,0,0.0,0.0,0.0,0.0,0.0,0.0,3.0,3.0,3.0,3.0,1,19.0,4.0,10.0,6.0,0,2.0,2.0,2.0,2.0,1,0.0,0.0,0.0,0.0,1,erup_dry
0,0.49999999999999994,0.9896513868196702,2,6.55,2020-02-17 06:33:29.106,0,3.9582707937693713,1,0.0052141789942581,0.0052141789942581,0.0,2.0,2.0,0.0,52.232279135514375,52.232279135514375,0.0,1,0.1252905295464721,0.1252905295464721,0.0,174.0,174.0,0.0,30.109802295342508,30.109802295342508,0.0,4.535428380500237,42.823227241015154,13.608155986108857,42.74798883955339,185.18190934227027,28.84003473814096,1,4.5835093264057214e-05,4.5835093264057214e-05,0.0,2.0,2.0,0.0,0.5667649013152617,0.5667649013152617,0.0,2,0.0290119158441905,0.0504387850101973,0.0214268691660068,1446.9477103321994,2429.895420664399,982.9477103321994,0.4623309949099166,0.4443742255961522,0.0179567693137644,0.0335371776558911,0.4975295219256812,0.1280948564963087,0.4928258002606553,0.0164082922608099,0.2777152705059821,1,0.0597601204572129,0.0597601204572129,0.0,6.0,6.0,0.0,531.2103016288111,531.2103016288111,0.0,1,4.889500154329824,4.889500154329824,0.0,520.0,520.0,0.0,220.18360054546287,220.18360054546287,0.0,176.52980916875305,386.5783790787215,1012.8870037578896,376.4674628232835,1025940.082381635,179.47425519160237,1,0.1654336186962695,0.1654336186962695,0.0,987.432938462176,987.432938462176,0.0,4.185956400422063,4.185956400422063,0.0,1,0.0547957506202707,0.0547957506202707,0.0,392.0,392.0,0.0,3.2132005068077616,3.2132005068077616,0.0,0.4963139892508694,3.6937361497354826,0.8958110382941473,3.577883394327863,0.8024774163296382,2.4164255336497384,99.95362856480408,99.7681428240204,99.95362856480408,0,0,0,0,-5.049459805545546,3,6,0,0.0,0.0,0.0,0.0,0.0,0.0,0,0,0,0,-254.5454519653555,5,3,1,9.93091169768975e-06,-5.197180309042845,-0.0015615818488504,0.0016349096863855,16.833333333333332,0.5341000202782784,2.0,1.0,1.0,1.0,0,1.0,1.0,1.0,1.0,1,0.0,0.0,0.0,0.0,0,0.0,0.0,0.0,0.0,1,erup_dry
0,0.49999999999999994,-0.49621650367520886,2,22.016666666666666,2020-02-24 22:01:27.438,0,2.2035228723481097,1,3.658823448043407,3.658823448043407,0.0,1731.7336197859238,1731.7336197859238,0.0,34.88499188654761,34.88499188654761,0.0,1,0.6851558910267137,0.6851558910267137,0.0,648.0,648.0,0.0,29.167139026200346,29.167139026200346,0.0,7.303834773252563,34.3150154494423,20.911653056179585,31.413276417117743,437.297233542025,25.434709628444548,1,0.0076763072610824,0.0076763072610824,0.0,248.0,248.0,0.0,0.4636447568065354,0.4636447568065354,0.0,2,0.0002006556501138,0.0002481994450254,4.754379491156424e-05,4.530908084964494,5.0618161699289885,0.5309080849644943,0.3904537504355536,0.3823277589033129,0.0081259915322406,0.0219288600336752,0.4066025956050097,0.0930474015069434,0.4143808975333368,0.0086578189271943,0.2295236038454711,1,18.21045241048688,18.21045241048688,0.0,592.229008111089,592.229008111089,0.0,287.50590009835287,287.50590009835287,0.0,2,0.6193689646174647,0.894948618677688,0.2755796540602233,35.0,36.0,1.0,185.6855179784501,175.5960335419948,10.089484436455251,29.554720057748646,252.13040248410024,81.87192442294914,237.96752135307705,6703.012008717095,152.13480865639616,2,0.2435254508870323,0.4857177400644468,0.2421922891774144,1418.3628049334577,2834.725609866915,1416.3628049334577,3.3977259395013477,3.7128930321383855,0.3151670926370384,1,0.0564926056617967,0.0564926056617967,0.0,244.0,244.0,0.0,2.5897279066257983,2.5897279066257983,0.0,0.4395158638264048,3.0446463737611844,0.8678849072366759,2.876108406715828,0.7532242122092135,1.9511691804085811,99.95362856480408,99.90725712960815,99.95362856480408,0,0,0,0,-318.26896702970123,9,6,0,0.0,0.0,0.0,0.0,0.0,0.0,0,0,0,0,-133.570075630416,4,5,0,0.0,0.0,0.0,0.0,0.0,0.0,0.0,0.0,0.0,0.0,0,9.0,5.0,5.0,3.0,1,0.0,0.0,0.0,0.0,0,0.0,0.0,0.0,0.0,1,erup_dry
0,0.8660254037844386,0.9624552364536474,3,7.05,2020-03-17 07:03:25.450,0,3.5018506546178463,1,4.82893240220362,4.82893240220362,0.0,688.7190183648054,688.7190183648054,0.0,52.66907325421876,52.66907325421876,0.0,1,0.0140668328853337,0.0140668328853337,0.0,4.0,4.0,0.0,32.55051868765093,32.55051868765093,0.0,14.924898389592457,59.02840858013533,86.02102674572163,44.28641593368405,7399.617042388157,26.107805988571297,1,0.0025243579733185,0.0025243579733185,0.0,12.0,12.0,0.0,0.5454867252884351,0.5454867252884351,0.0,1,0.0399328116855055,0.0399328116855055,0.0,863.1866021086084,863.1866021086084,0.0,0.4081965802305258,0.4081965802305258,0.0,0.0348039292954237,0.4690673842360062,0.1666523129490783,0.4690076640581618,0.0277729934112775,0.2534028503209868,1,29.351959821356388,29.351959821356388,0.0,705.7194053353437,705.7194053353437,0.0,507.2517982705622,507.2517982705622,0.0,1,59.61396062171866,59.61396062171866,0.0,1916.886237672096,1916.886237672096,0.0,291.5441856905927,291.5441856905927,0.0,61.58750413583736,381.2631143596354,306.1215391609677,327.838047255931,93710.39673827987,154.76373383793216,1,0.0206180710446357,0.0206180710446357,0.0,34.0,34.0,0.0,3.56798015092642,3.56798015092642,0.0,1,0.0800015061534846,0.0800015061534846,0.0,190.0,190.0,0.0,2.11365604041849,2.11365604041849,0.0,65.3286546418062,13.206205153765003,188.8536275421401,3.059372539114229,35665.69263582537,1.4647015971216948,99.95362856480408,79.57338279619755,99.95362856480408,0,0,0,1,19.578069335007097,5,6,0,0.0,0.0,0.0,0.0,0.0,0.0,0,0,0,0,2815.0898573610825,5,6,0,0.0,0.0,0.0,0.0,0.0,0.0,0.0,0.0,0.0,0.0,0,8.0,0.0,7.0,7.0,0,0.0,0.0,0.0,0.0,0,0.0,0.0,0.0,0.0,1,erup_dry
0,0.8660254037844386,0.8638355052043957,3,3.9833333333333334,2020-03-29 03:59:37.992,0,3.654751076286602,1,0.0780586112012997,0.0780586112012997,0.0,2.0,2.0,0.0,44.55109692583487,44.55109692583487,0.0,1,2.18397035031424,2.18397035031424,0.0,851.2884319261984,851.2884319261984,0.0,36.24790959135301,36.24790959135301,0.0,6.916458528221017,49.66274188747411,22.032251162441263,42.41803621885772,485.4200912848944,27.4513372356928,1,0.0005793848068391,0.0005793848068391,0.0,6.0,6.0,0.0,0.9121677156911842,0.9121677156911842,0.0,1,0.1112588639804806,0.1112588639804806,0.0,346.0,346.0,0.0,0.4202857991995006,0.4202857991995006,0.0,0.0773891588241032,0.6481105225801197,0.3324676684445731,0.6729328778559884,0.1105347505609706,0.19633087376764,1,73.60758576172395,73.60758576172395,0.0,2299.0793997350925,2299.0793997350925,0.0,284.5113115581904,284.5113115581904,0.0,1,2.265164588810564,2.265164588810564,0.0,238.0,238.0,0.0,199.89496617126773,199.89496617126773,0.0,20.7862612322132,245.4805016146874,69.76565470344602,229.65856352889003,4867.24657620046,156.81767298579257,1,6.206537735753415e-05,6.206537735753415e-05,0.0,2.0,2.0,0.0,3.590281280515145,3.590281280515145,0.0,1,0.3255946444191706,0.3255946444191706,0.0,1767.6549192613163,1767.6549192613163,0.0,2.720513917823516,2.720513917823516,0.0,0.318559757283146,3.0536038326244634,0.717853500939118,2.984088337341233,0.5153136488105484,1.9803664616164705,40.06492000927429,72.0148388592627,72.10758172965454,0,0,0,0,191.50784879642677,2,2,0,0.0,0.0,0.0,0.0,0.0,0.0,0,0,0,1,1121.6827343807015,4,4,0,0.0,0.0,0.0,0.0,0.0,0.0,1.0,0.0,1.0,1.0,0,4.0,1.0,3.0,3.0,0,1.0,1.0,1.0,1.0,1,0.0,0.0,0.0,0.0,1,erup_dry
0,1.0,-0.386710961636821,4,22.483333333333334,2020-04-14 22:29:41.509,0,4.1820600886343975,1,5.1431151996848,5.1431151996848,0.0,490.0,490.0,0.0,92.62612616750016,92.62612616750016,0.0,1,7.4879310150852945,7.4879310150852945,0.0,1491.5582610268057,1491.5582610268057,0.0,48.77416957848668,48.77416957848668,0.0,8.98754454133894,73.71320068939661,29.756815961527444,67.17121680925442,885.4680961682145,40.09014992274084,1,0.0967872345411084,0.0967872345411084,0.0,1335.9815938244124,1335.9815938244124,0.0,1.280213269493128,1.280213269493128,0.0,1,0.0427228886365026,0.0427228886365026,0.0,260.0,260.0,0.0,0.7143646558232143,0.7143646558232143,0.0,0.0757467968815076,1.0026347452620477,0.3791072799758743,1.0029510622245703,0.1437223297307059,0.3731549097038231,2,38.62096185812345,45.699698110950806,7.078736252827355,1401.5565480229834,1722.036017595746,320.4794695727626,352.8810800733436,354.662231657075,1.781151583731372,1,0.115299131390401,0.115299131390401,0.0,16.0,16.0,0.0,182.43206147973305,182.43206147973305,0.0,22.801988727859207,282.5619122803538,96.06242880126408,268.86076902574735,9227.990227197932,153.33384335728246,1,0.0812595455098605,0.0812595455098605,0.0,268.0,268.0,0.0,3.5168829342186587,3.5168829342186587,0.0,1,0.3337371555720607,0.3337371555720607,0.0,2452.952175434306,2452.952175434306,0.0,2.3424201802055302,2.3424201802055302,0.0,14.89103712922674,4.224079202873121,67.92139719330775,2.6990316115382056,4613.316196691075,1.2852860363862475,99.6522142360306,93.94852770693252,99.95362856480408,0,0,0,0,261.320658940495,3,4,0,0.0,0.0,0.0,0.0,0.0,0.0,0,0,0,1,169.60251604881842,5,7,0,0.0,0.0,0.0,0.0,0.0,0.0,0.0,0.0,0.0,0.0,0,6.0,2.0,3.0,2.0,0,0.0,0.0,0.0,0.0,0,0.0,0.0,0.0,0.0,1,erup_dry
1,0.8660254037844387,0.9824503977255098,5,6.716666666666667,2020-05-19 06:43:36.338,0,3.246551696218856,2,0.14393908684292,0.1623887864395214,0.0184496995966014,4.0,4.0,0.0,187.5328078154544,193.65866001434944,6.125852198895018,2,40.74664706776826,80.9635825000983,40.21693543233004,1768.2557322947514,3532.511464589503,1764.2557322947514,115.70859911030922,100.63497328191248,15.073625828396736,21.36560715240477,152.02080917938036,79.56573901987159,169.6897219174854,6330.706825778316,25.874068850775675,2,0.0059245597636919,0.0101769742514949,0.004252414487803,24.5,47.0,22.5,1.714311870749622,1.8851759826515184,0.1708641119018962,1,0.3688302866742559,0.3688302866742559,0.0,3154.921228761132,3154.921228761132,0.0,1.0770615649048356,1.0770615649048356,0.0,0.1528679452335024,1.3985884372467288,0.6085056507746447,1.3569725141340947,0.3702791270246738,0.4156735193828104,2,2.3640443006819964,4.233005296814213,1.868960996132216,114.0,226.0,112.0,689.7496805685523,697.6728000344242,7.923119465871878,1,379.09392363183656,379.09392363183656,0.0,3577.7847117564747,3577.7847117564747,0.0,307.8198100520204,307.8198100520204,0.0,84.30002365117987,553.2977535465868,305.9300703199142,627.0527997326694,93593.20792594764,85.2422006019127,2,0.0016466908399841,0.0016868680632891,4.017722330496021e-05,12.0,20.0,8.0,3.284635985500909,3.3452998089333144,0.0606638234324052,2,0.4929615757601919,0.9682881952347268,0.4753266194745349,1989.1969589885716,3968.393917977143,1979.1969589885716,2.3277288910362106,2.255683966833777,0.0720449242024336,0.4873545074842196,3.0458222373712105,1.0357433118127726,2.9967201569234216,1.0727642079648902,1.5828841212430445,98.284256897751,99.95362856480408,99.95362856480408,0,0,0,1,-910.7834320131824,4,7,0,0.0,0.0,0.0,0.0,0.0,0.0,0,0,0,0,-1302.2526090442032,5,4,0,0.0,0.0,0.0,0.0,0.0,0.0,4.0,1.0,2.0,1.0,0,1.0,0.0,1.0,1.0,0,0.0,0.0,0.0,0.0,0,5.022,0.0,5.022,5.022,1,erup_rainy
1,0.5000000000000003,-0.25881904510252157,6,23.0,2020-06-01 23:00:57.331,0,4.067278057786187,1,50.16914297065003,50.16914297065003,0.0,3277.8914779891584,3277.8914779891584,0.0,156.3991917912537,156.3991917912537,0.0,2,0.2238020985882869,0.306409985687182,0.0826078870988951,11.5,18.0,6.5,81.75481823180498,63.72685807998894,18.027960151816032,44.70362936210734,129.67647393408018,82.98436751594814,127.4604470404116,6886.405252021948,26.506184716590987,1,0.7936210944884731,0.7936210944884731,0.0,3185.752974538425,3185.752974538425,0.0,1.7669751726788987,1.7669751726788987,0.0,1,0.3088890160471114,0.3088890160471114,0.0,1480.350003687515,1480.350003687515,0.0,0.8908046107596559,0.8908046107596559,0.0,0.1276954649915657,1.3247634125259091,0.5490554334224595,1.328425964864994,0.3014618689707249,0.4403112444487125,1,287.9785641791369,287.9785641791369,0.0,4063.853593439437,4063.853593439437,0.0,502.7969699531232,502.7969699531232,0.0,2,0.1085872173456437,0.1100344971307833,0.0014472797851396,2.0,2.0,0.0,198.68990945864132,182.5614131432964,16.128496315344975,103.0882328422141,400.1800732590541,226.78297281344203,397.8379598982142,51430.51675810239,100.19404103356608,2,0.2842981335894843,0.5677743707388232,0.2834762371493389,1709.9180608515303,3415.8361217030606,1705.9180608515303,3.1904252886007494,3.2300915905810204,0.0396663019802709,2,0.0037280501659916,0.0037440988932329,1.6048727241257943e-05,4.5,5.0,0.5,2.271322107562028,1.9909725805848888,0.2803495269771392,0.4024547863448965,2.9012412301101724,0.9314521859682964,2.91350276563682,0.8676031747451176,1.3862744230131463,96.54532807790402,99.95362856480408,99.95362856480408,0,0,0,0,-53.27871204558693,2,4,0,0.0,0.0,0.0,0.0,0.0,0.0,0,0,0,0,-174.9015086309844,5,5,0,0.0,0.0,0.0,0.0,0.0,0.0,4.0,0.0,3.0,3.0,0,11.0,7.0,7.0,5.0,1,1.0,1.0,1.0,1.0,1,33.1355,24.8516,24.8516,24.8516,1,erup_rainy
1,0.5000000000000003,0.32556815445715703,6,10.733333333333333,2020-06-11 10:44:59.053,0,3.6506129822326674,1,9.253282728961814,9.253282728961814,0.0,753.5892339079498,753.5892339079498,0.0,51.12163691026549,51.12163691026549,0.0,1,2.6901362394225004,2.6901362394225004,0.0,74.0,74.0,0.0,34.13721672198059,34.13721672198059,0.0,73.95180454217504,115.53405774570024,126.8909369938,42.82982016712006,16101.309891164525,20.63489198514648,1,0.1004835627136697,0.1004835627136697,0.0,1489.060946618081,1489.060946618081,0.0,0.8366315193930073,0.8366315193930073,0.0,1,0.0081351326463795,0.0081351326463795,0.0,20.0,20.0,0.0,0.5799474479371366,0.5799474479371366,0.0,0.3286882585140604,0.842860467341895,0.4915464956564675,0.7643942678497441,0.2416179573921536,0.2199608368360456,1,3.959299846519727,3.959299846519727,0.0,632.5900954060677,632.5900954060677,0.0,123.42479055730564,123.42479055730564,0.0,1,0.0927902537953144,0.0927902537953144,0.0,10.0,10.0,0.0,92.96908285482178,92.96908285482178,0.0,281.88289032934057,247.64418836024808,301.45742520834364,105.87654914766829,90876.57921324408,73.61990948700732,2,0.0024736378753082,0.0044199666548019,0.0019463287794936,5.5,7.0,1.5,2.342136756508081,2.449516989300073,0.1073802327919917,1,0.4748340540402447,0.4748340540402447,0.0,3234.1310002255377,3234.1310002255377,0.0,1.6451514718515048,1.6451514718515048,0.0,0.7899290911351365,2.319017643118962,1.0151840585918612,2.001761142381731,1.0305986728190435,1.3172106963842307,56.66589380941341,99.8840714120102,99.95362856480408,0,0,0,0,194.4761140776069,2,5,0,0.0,0.0,0.0,0.0,0.0,0.0,0,0,0,1,738.3345714557851,5,2,0,0.0,0.0,0.0,0.0,0.0,0.0,0.0,0.0,0.0,0.0,0,8.0,2.0,3.0,1.0,0,1.0,1.0,1.0,1.0,1,28.082700000000003,21.062,21.062,21.062,1,erup_rainy
1,0.5000000000000003,0.7518398074789773,6,3.25,2020-06-18 03:15:37.516,0,4.1144391348030815,1,8.530124433322698,8.530124433322698,0.0,844.7013035778537,844.7013035778537,0.0,45.11018419015369,45.11018419015369,0.0,1,1.4025671648155509,1.4025671648155509,0.0,172.0,172.0,0.0,29.944942889643112,29.944942889643112,0.0,64.82020437913071,82.56165756798679,88.78994872970107,35.527279289343795,7883.654995422945,20.804379252988355,1,0.131748556358429,0.131748556358429,0.0,795.922286419197,795.922286419197,0.0,0.8073280721852322,0.8073280721852322,0.0,1,0.1324192052714529,0.1324192052714529,0.0,904.7752056249932,904.7752056249932,0.0,0.55414132009496,0.55414132009496,0.0,0.1355627321404796,0.6976697623224981,0.3338213939403343,0.656021179795995,0.1114367230522678,0.249247175283299,1,3.098243052497807,3.098243052497807,0.0,1779.229354400065,1779.229354400065,0.0,105.81170691639802,105.81170691639802,0.0,1,1.582016421648632,1.582016421648632,0.0,36.0,36.0,0.0,93.145721502376,93.145721502376,0.0,276.32526818967824,215.2668639130773,510.5393365930799,102.71346386390022,260650.41420890213,64.8243867129568,1,0.2388971807064708,0.2388971807064708,0.0,2386.062313545619,2386.062313545619,0.0,2.261029803391372,2.261029803391372,0.0,1,0.1438193990381511,0.1438193990381511,0.0,650.0,650.0,0.0,2.0120344943323065,2.0120344943323065,0.0,33.807713446484605,8.45561599445601,155.1527146360358,1.960324199701977,24072.36485893116,0.8540586055693163,68.21238117319731,63.96939485277069,99.95362856480408,0,0,0,0,-483.252892952606,6,3,0,0.0,0.0,0.0,0.0,0.0,0.0,0,0,0,0,-63.34535422627655,2,4,0,0.0,0.0,0.0,0.0,0.0,0.0,3.0,1.0,2.0,2.0,0,4.0,1.0,3.0,3.0,0,1.0,0.0,1.0,1.0,0,45.9223,17.6219,28.3004,28.3004,1,erup_rainy
1,1.2246467991473532e-16,0.5664062369248332,7,9.7,2020-07-23 09:42:45.703,0,3.8648309915018224,1,22.930943128408224,22.930943128408224,0.0,3033.734368322256,3033.734368322256,0.0,73.11340083708411,73.11340083708411,0.0,1,1.4805240372945292,1.4805240372945292,0.0,492.0,492.0,0.0,29.61223248057426,29.61223248057426,0.0,17.32068318314114,64.32915866317455,36.763211102817465,57.679297852525465,1351.5336905903214,22.894738854810416,1,0.1423645155852011,0.1423645155852011,0.0,2234.242928760665,2234.242928760665,0.0,0.9222851562316424,0.9222851562316424,0.0,1,0.080006988524963,0.080006988524963,0.0,870.6906591975367,870.6906591975367,0.0,0.6656790061897214,0.6656790061897214,0.0,0.0445006148012611,0.7725640285977506,0.2319416578657972,0.7873187277562619,0.0537969326535345,0.3787850142692188,1,21.23171472366215,21.23171472366215,0.0,646.0,646.0,0.0,339.6720069231688,339.6720069231688,0.0,1,2.766429978777481,2.766429978777481,0.0,704.0,704.0,0.0,77.52586026715854,77.52586026715854,0.0,33.38438486287224,260.4201781771412,135.61288674473403,278.38947888790085,18390.855051240054,59.54960914840572,1,0.5317795219269883,0.5317795219269883,0.0,3654.871236580364,3654.871236580364,0.0,2.438083839464035,2.438083839464035,0.0,1,0.0731042089648652,0.0731042089648652,0.0,274.0,274.0,0.0,1.8497580200427988,1.8497580200427988,0.0,0.73071699047021,2.32856478534225,1.2331218637060004,2.125294992783282,1.5205895307497597,1.3365479326124792,96.17435659633664,99.7681428240204,99.95362856480408,0,0,0,1,-109.21566729920546,6,3,0,0.0,0.0,0.0,0.0,0.0,0.0,0,0,0,1,-509.5539308588964,3,3,1,1.674291083830174e-05,-11.92903858938425,-0.0027007645903828,0.0027634322583974,8.95,0.520387370825209,0.0,0.0,0.0,0.0,0,13.0,4.0,5.0,1.0,0,0.0,0.0,0.0,0.0,0,16.185200000000002,14.5858,14.5858,14.5858,1,erup_rainy
1,1.2246467991473532e-16,-0.9988483864849507,7,17.816666666666666,2020-07-30 17:49:32.741,0,3.776369107237026,2,1.2367287827615954,2.309461245833589,1.0727324630719934,149.0,296.0,147.0,107.91590820155253,117.2908165214264,9.374908319873882,2,1.2614614471963037,2.216372280555568,0.9549108333592642,211.0,402.0,191.0,40.50382223172575,34.72284683619838,5.780975395527374,18.31365007867096,76.5064118007004,52.93095034359909,70.24935675154356,2801.6855042765533,25.42586362326112,1,0.0107146990234247,0.0107146990234247,0.0,276.2154494122104,276.2154494122104,0.0,0.737743631109813,0.737743631109813,0.0,1,0.0674617890486219,0.0674617890486219,0.0,3667.912446954791,3667.912446954791,0.0,0.6677247487446842,0.6677247487446842,0.0,0.031947662754478,0.6639579211739745,0.1690590396240115,0.7020245696884269,0.0285809588785931,0.3467441880406557,2,4.800013148637788,9.503066592480875,4.703053443843089,292.5,582.0,289.5,303.07474240931765,316.26107281686853,13.186330407550912,2,14.04094356853993,26.89997148958764,12.859027921047712,352.5,646.0,293.5,155.75958301640105,138.75148758576196,17.008095430639088,35.93692697687265,244.50408932268675,122.50323923662,256.6963956716785,15007.043623464557,91.48907864824297,1,0.2564463160969392,0.2564463160969392,0.0,546.0,546.0,0.0,4.511919122569868,4.511919122569868,0.0,2,0.0748339171771865,0.0862051600510045,0.0113712428738179,343.5,438.0,94.5,2.2178023314155606,2.1832618511535835,0.0345404802619768,8.95692163209742,4.903767811717496,75.64591621914157,3.171270901563132,5722.304640633386,1.629903545182662,99.16531416647344,99.23487131926731,99.95362856480408,0,0,0,0,192.5893340428991,5,3,0,0.0,0.0,0.0,0.0,0.0,0.0,0,0,0,1,156.20682464940265,3,5,0,0.0,0.0,0.0,0.0,0.0,0.0,0.0,0.0,0.0,0.0,0,13.0,1.0,6.0,5.0,0,1.0,0.0,1.0,1.0,0,9.5697,3.1899,6.3798,6.3798,1,erup_rainy
1,-0.8660254037844385,-0.5591929034707467,9,14.266666666666667,2020-09-06 14:16:32.806,0,2.0460038383475494,1,1.745943448383521,1.745943448383521,0.0,292.0,292.0,0.0,39.57252844080071,39.57252844080071,0.0,1,2.0627407913018736,2.0627407913018736,0.0,2642.2731070959107,2642.2731070959107,0.0,22.89614476456149,22.89614476456149,0.0,21.376782985713927,35.09240196126491,90.82027357077877,24.949481566924355,8248.322091471093,20.512396170750563,1,0.1264672117433357,0.1264672117433357,0.0,3180.373550585536,3180.373550585536,0.0,0.8211087695763556,0.8211087695763556,0.0,1,0.0536670389973475,0.0536670389973475,0.0,735.319318532037,735.319318532037,0.0,0.6582655787730219,0.6582655787730219,0.0,0.0440293964757047,0.7336764295798498,0.2059074382721447,0.7643526864108758,0.0423978731357971,0.372655234178305,1,1.4587051330390182,1.4587051330390182,0.0,92.0,92.0,0.0,124.3338253849528,124.3338253849528,0.0,1,3.38180351216441,3.38180351216441,0.0,893.7082050334261,893.7082050334261,0.0,61.2207844118726,61.2207844118726,0.0,52.526784757491725,101.9928641909185,198.957991609141,71.92846675089899,39584.28242514302,44.04075659061451,1,0.0798982720731023,0.0798982720731023,0.0,933.6231458846552,933.6231458846552,0.0,2.282553997274404,2.282553997274404,0.0,2,0.0008471181805543,0.001621589844984,0.0007744716644296,3.0,4.0,1.0,1.762767122270659,1.6188268018500298,0.1439403204206291,0.4856214041343358,2.2076556353157395,1.4036703331212157,2.087962041646682,1.970290404084624,1.4087826185534256,93.11384187340596,99.8840714120102,99.95362856480408,0,0,0,0,-8.390622917401014,2,6,0,0.0,0.0,0.0,0.0,0.0,0.0,0,0,0,0,109.8953161207778,4,5,0,0.0,0.0,0.0,0.0,0.0,0.0,0.0,0.0,0.0,0.0,0,16.0,7.0,7.0,3.0,0,1.0,1.0,1.0,1.0,1,99.3791,24.8448,49.6895,24.844700000000003,1,erup_rainy
1,-0.8660254037844385,-0.9510565162951535,9,16.8,2020-09-16 16:48:48.160,0,4.264665535524605,1,5.969415661086451,5.969415661086451,0.0,3906.177755720044,3906.177755720044,0.0,38.75040722546072,38.75040722546072,0.0,1,0.001353113201592,0.001353113201592,0.0,2.0,2.0,0.0,28.5180567561169,28.5180567561169,0.0,8.008549612913955,43.627421422791,30.987497849802217,35.66350859236158,960.225022991497,26.882145015998287,1,0.1270708435539038,0.1270708435539038,0.0,4031.276090897452,4031.276090897452,0.0,0.9695357816019974,0.9695357816019974,0.0,1,0.0077947961449321,0.0077947961449321,0.0,110.0,110.0,0.0,0.8424649380480935,0.8424649380480935,0.0,0.0423108333342176,0.8581398466307396,0.2008662819490395,0.8860568977670475,0.040347263224031,0.4776846808326504,1,38.79385939314119,38.79385939314119,0.0,3736.94019997876,3736.94019997876,0.0,196.82976594055413,196.82976594055413,0.0,1,0.5020063482676562,0.5020063482676562,0.0,108.0,108.0,0.0,134.36787771838956,134.36787771838956,0.0,17.973270995298456,188.43811593292415,64.03620000877976,178.01021324608345,4100.634911564445,123.25095755336842,1,0.0106136827940401,0.0106136827940401,0.0,186.0,186.0,0.0,1.551115282693344,1.551115282693344,0.0,1,0.1654250402586452,0.1654250402586452,0.0,3121.620266483912,3121.620266483912,0.0,1.132838271938752,1.132838271938752,0.0,0.121679524033684,1.30323608452204,0.2862446413115634,1.2423278133911595,0.0819359946795856,1.018734497959088,99.95362856480408,99.83769997681428,99.95362856480408,0,0,0,0,-11.69312165935639,5,6,0,0.0,0.0,0.0,0.0,0.0,0.0,0,0,0,1,71.34537781061658,7,3,0,0.0,0.0,0.0,0.0,0.0,0.0,0.0,0.0,0.0,0.0,0,77.0,15.0,34.0,32.0,0,12.0,2.0,4.0,4.0,0,50.8591,8.4765,16.953,8.4765,1,erup_rainy
1,-1.0,0.05233595624294383,10,0.2,2020-10-07 00:12:19.675,0,3.6878015577217913,2,3.4109568859906503,5.809781575871057,2.3988246898804064,421.6893333979933,839.3786667959866,417.6893333979933,70.13398015971383,84.2362696502168,14.102289490502969,1,16.285542919735676,16.285542919735676,0.0,2571.865749901664,2571.865749901664,0.0,39.74614774947519,39.74614774947519,0.0,11.96471304489423,65.13461211983095,50.75742902203422,49.20207925327109,2576.316600926842,31.971568318671128,1,0.0032473937225523,0.0032473937225523,0.0,142.0,142.0,0.0,0.8412680805172262,0.8412680805172262,0.0,1,0.0006436844556318,0.0006436844556318,0.0,2.0,2.0,0.0,0.6744821346774463,0.6744821346774463,0.0,0.0411126004404078,0.7524585645782975,0.2212131796332236,0.7813701117038644,0.0489352708434408,0.3294042319095585,1,13.69732461976443,13.69732461976443,0.0,258.0,258.0,0.0,225.3961691354071,225.3961691354071,0.0,1,3.297634991451304,3.297634991451304,0.0,240.0,240.0,0.0,139.53751934752853,139.53751934752853,0.0,33.87911151027641,230.27908626513505,212.71574767086744,161.45918078529454,45247.98930717615,92.0707910807922,1,0.1406753509208442,0.1406753509208442,0.0,652.5650590574277,652.5650590574277,0.0,4.036339106699188,4.036339106699188,0.0,1,3.1489548403498904,3.1489548403498904,0.0,3325.9338480519154,3325.9338480519154,0.0,0.8540608636720709,0.8540608636720709,0.0,9.624206881834017,4.290606268928307,60.467233427621245,3.5089742317205705,3656.286318390436,0.854060863672071,99.62902851843263,77.11569673081382,99.95362856480408,0,0,0,0,578.0836573970747,4,2,0,0.0,0.0,0.0,0.0,0.0,0.0,0,0,0,0,485.7243553104419,4,5,0,0.0,0.0,0.0,0.0,0.0,0.0,0.0,0.0,0.0,0.0,0,2.0,2.0,2.0,2.0,1,1.0,1.0,1.0,1.0,1,58.482,15.653,21.4145,5.7615,1,erup_rainy
1,-0.866025403784439,0.9320078692827986,11,7.416666666666667,2020-11-01 07:25:14.413,0,2.042499469542155,1,0.0296170912537618,0.0296170912537618,0.0,4.0,4.0,0.0,29.607984533800312,29.607984533800312,0.0,1,0.911429556812788,0.911429556812788,0.0,931.0700084523774,931.0700084523774,0.0,21.986400605439123,21.986400605439123,0.0,41.759264200620905,37.45102173012607,259.57424154956203,23.95355822424699,67378.78687603038,20.402329493714447,1,0.0538327078319195,0.0538327078319195,0.0,1008.6256496811905,1008.6256496811905,0.0,0.8133558515047965,0.8133558515047965,0.0,1,0.0009483933791274,0.0009483933791274,0.0,34.0,34.0,0.0,0.6181817943052228,0.6181817943052228,0.0,0.0459629949349104,0.7458843485312724,0.2300452518431712,0.7639259236317644,0.052920817895588,0.3994146462412717,1,2.5020960653288284,2.5020960653288284,0.0,525.211082357848,525.211082357848,0.0,107.1583583455304,107.1583583455304,0.0,1,13.966087932085514,13.966087932085514,0.0,2294.298893607569,2294.298893607569,0.0,64.88119931134065,64.88119931134065,0.0,78.38242886141654,103.27719825628904,402.2237108359799,77.60140473788385,161783.91355866595,37.271876545546775,1,0.3604493730192515,0.3604493730192515,0.0,2785.1520634304024,2785.1520634304024,0.0,2.994223374803093,2.994223374803093,0.0,1,0.0006795196775382,0.0006795196775382,0.0,4.0,4.0,0.0,1.717498624349835,1.717498624349835,0.0,0.4219594163745961,2.652444406089193,1.1916108520451572,2.559591250884734,1.4199364227117854,1.41516828750996,83.7931833990262,99.8840714120102,99.95362856480408,0,0,0,0,12.118241852546673,2,2,0,0.0,0.0,0.0,0.0,0.0,0.0,0,0,0,0,32.70191322611663,5,5,0,0.0,0.0,0.0,0.0,0.0,0.0,3.0,0.0,3.0,3.0,0,4.0,0.0,4.0,4.0,0,1.0,0.0,1.0,1.0,0,84.094,44.7622,44.7622,25.8995,1,erup_rainy
1,-0.866025403784439,0.9998476951563913,11,5.933333333333334,2020-11-09 05:56:31.017,0,3.901954130208023,1,4.627504841079755,4.627504841079755,0.0,1058.0,1058.0,0.0,76.10877032025068,76.10877032025068,0.0,1,5.108361080643576,5.108361080643576,0.0,2028.1669649259225,2028.1669649259225,0.0,35.309597858240394,35.309597858240394,0.0,11.924180502872886,56.78213721661514,31.003585906934816,43.73407305586447,961.2223390886872,31.04842769112195,1,0.0203460417390601,0.0203460417390601,0.0,492.0,492.0,0.0,1.0742180094145868,1.0742180094145868,0.0,1,0.0143396445697677,0.0143396445697677,0.0,352.0,352.0,0.0,0.9476603100706424,0.9476603100706424,0.0,0.0400089073038806,0.9698432949958136,0.1966412585210233,1.0112529619750736,0.0386677845527319,0.5511053907389386,1,20.72923744344021,20.72923744344021,0.0,1096.1364909650415,1096.1364909650415,0.0,246.40233396490945,246.40233396490945,0.0,1,12.180377610203095,12.180377610203095,0.0,2285.1428355403764,2285.1428355403764,0.0,95.0824581461394,95.0824581461394,0.0,27.37810025055968,159.32505650401572,89.39996636471643,120.95430154347942,7992.35398601243,67.82503205839663,1,0.5794866927283078,0.5794866927283078,0.0,1723.134325091685,1723.134325091685,0.0,4.843546670098524,4.843546670098524,0.0,1,0.0763158873054132,0.0763158873054132,0.0,853.8457384287481,853.8457384287481,0.0,2.638713239276436,2.638713239276436,0.0,0.3908321632858775,3.835881522619945,1.0868998730676118,3.7328030803739214,1.1813513340743909,2.294489776202016,83.81636911662416,99.8840714120102,99.95362856480408,0,0,0,0,-335.5403848143095,3,6,0,0.0,0.0,0.0,0.0,0.0,0.0,0,0,0,0,16.868071300113222,4,4,0,0.0,0.0,0.0,0.0,0.0,0.0,1.0,1.0,1.0,1.0,1,11.0,8.0,8.0,7.0,1,1.0,1.0,1.0,1.0,1,7.0256,0.0,7.0256,7.0256,1,erup_rainy
1,-0.866025403784439,0.9713420698132614,11,6.916666666666667,2020-11-13 06:55:08.072,0,3.637234335262904,1,0.0360452609202042,0.0360452609202042,0.0,6.0,6.0,0.0,40.19848039547534,40.19848039547534,0.0,1,0.2683697179571496,0.2683697179571496,0.0,52.0,52.0,0.0,33.49356403839485,33.49356403839485,0.0,61.13924520755991,55.92132885543588,126.31583666189026,38.2915845488369,15955.690591593338,24.5895186960908,1,0.0117580542697453,0.0117580542697453,0.0,294.0,294.0,0.0,0.9406378861790377,0.9406378861790377,0.0,1,0.0149453315687608,0.0149453315687608,0.0,641.2700904119386,641.2700904119386,0.0,0.9228074626855018,0.9228074626855018,0.0,0.0604432344841399,0.8713344684438575,0.1946533975230343,0.8722474212948205,0.0378899451672604,0.5389765221613606,1,36.94543748193317,36.94543748193317,0.0,1460.2161982818857,1460.2161982818857,0.0,166.47481562824714,166.47481562824714,0.0,1,72.27849748299845,72.27849748299845,0.0,2159.368035381217,2159.368035381217,0.0,52.33535499225566,52.33535499225566,0.0,62.78048861106872,131.96828632916754,182.1597547956929,108.08314318901904,33182.17626722695,40.27815453831561,1,0.5046241475135522,0.5046241475135522,0.0,3017.655046770573,3017.655046770573,0.0,2.9965479696606057,2.9965479696606057,0.0,1,0.1891023432771761,0.1891023432771761,0.0,1194.786276479111,1194.786276479111,0.0,2.2043646135323294,2.2043646135323294,0.0,9.56778837866666,3.69711559659101,60.11592475061504,2.67852686442627,3613.9244086216095,1.4492166533197222,25.11013215859031,84.21052631578947,99.95362856480408,0,0,0,0,1.106933702817645,2,1,0,0.0,0.0,0.0,0.0,0.0,0.0,0,0,0,0,-27.98779597927932,4,5,0,0.0,0.0,0.0,0.0,0.0,0.0,0.0,0.0,0.0,0.0,0,12.0,3.0,6.0,3.0,0,1.0,0.0,1.0,1.0,0,0.0,0.0,0.0,0.0,1,erup_rainy
1,-0.866025403784439,0.8410390129643925,11,8.183333333333334,2020-11-16 08:11:27.957,0,3.4405735550133043,1,14.719079969429814,14.719079969429814,0.0,975.2499633861404,975.2499633861404,0.0,46.10562739501428,46.10562739501428,0.0,1,10.50723691993305,10.50723691993305,0.0,2406.0997256057267,2406.0997256057267,0.0,25.51470717912724,25.51470717912724,0.0,26.499527932792123,51.557843937297655,52.05854646739671,31.37945372376301,2710.0922602981027,21.57983586174653,2,0.0282146985114574,0.0539760046040631,0.0257613060926056,1970.3970631761624,3887.794126352325,1917.3970631761624,0.8515005857214859,0.8619970924603093,0.0104965067388233,1,0.0335082361908212,0.0335082361908212,0.0,810.8624777946188,810.8624777946188,0.0,0.8059234817172589,0.8059234817172589,0.0,0.045796716363639,0.8114083768399157,0.1451958980884686,0.8309498220593776,0.0210818488217169,0.5099718795384597,1,49.32347967945008,49.32347967945008,0.0,1069.4274747008749,1069.4274747008749,0.0,133.16322019566644,133.16322019566644,0.0,1,39.09580918608914,39.09580918608914,0.0,2400.868645191946,2400.868645191946,0.0,69.20088574849323,69.20088574849323,0.0,58.3716785838894,146.54008753746638,134.8137595451828,90.7741499666581,18174.749762706368,44.87858395011636,2,0.0015103433817329,0.0017473377327172,0.0002369943509843,4.0,6.0,2.0,3.1980605249816585,3.4656824967554742,0.2676219717738157,1,0.327407859091338,0.327407859091338,0.0,2632.9140034518578,2632.9140034518578,0.0,2.307762469304359,2.307762469304359,0.0,0.7411557513461963,2.866100005238636,0.965159995692146,2.604643414123532,0.9315338172844636,1.87460104027762,99.93044284720612,99.8840714120102,99.95362856480408,0,0,0,1,14.9953016359675,5,7,0,0.0,0.0,0.0,0.0,0.0,0.0,0,0,0,1,56.69280284003451,5,5,0,0.0,0.0,0.0,0.0,0.0,0.0,0.0,0.0,0.0,0.0,0,8.0,2.0,4.0,2.0,0,1.0,1.0,1.0,1.0,1,34.7471,34.7471,34.7471,34.7471,1,erup_rainy
1,-0.866025403784439,-0.6915130557822698,11,21.083333333333332,2020-11-19 21:05:38.532,0,2.2248471141783392,1,68.78731203800558,68.78731203800558,0.0,2553.174901403449,2553.174901403449,0.0,112.24412063159122,112.24412063159122,0.0,1,1.588181553356435,1.588181553356435,0.0,1275.0463220105753,1275.0463220105753,0.0,32.23747490936423,32.23747490936423,0.0,17.583671462119003,76.45110230674456,62.54201939877248,48.23635437409396,3911.504190476433,27.71677636444486,1,0.6867718895150063,0.6867718895150063,0.0,4025.052719601112,4025.052719601112,0.0,1.4398040928388265,1.4398040928388265,0.0,1,0.0012159244020626,0.0012159244020626,0.0,2.0,2.0,0.0,0.6824662282349445,0.6824662282349445,0.0,0.0634569848156397,1.0898938738021289,0.3863226866926177,1.1026844987432125,0.1492452182534025,0.4314128691221567,1,83.51573347385431,83.51573347385431,0.0,1791.5571867143024,1791.5571867143024,0.0,218.53311011958027,218.53311011958027,0.0,1,11.405994545482583,11.405994545482583,0.0,1946.0709804831044,1946.0709804831044,0.0,58.54917014087621,58.54917014087621,0.0,80.73700771618759,164.5476425004636,161.00575114063048,89.50863970925917,25922.85190035863,42.46360041443791,1,2.699565973169595,2.699565973169595,0.0,2499.8367405105746,2499.8367405105746,0.0,6.084144896270801,6.084144896270801,0.0,1,0.0011996262069384,0.0011996262069384,0.0,2.0,2.0,0.0,2.9254765531675253,2.9254765531675253,0.0,0.578882896515724,4.413995641966451,1.7913205775986256,4.218800914328839,3.2088294117282734,1.5877189026050715,99.95362856480408,99.8840714120102,99.95362856480408,0,0,0,0,11953.125567695402,4,3,0,0.0,0.0,0.0,0.0,0.0,0.0,0,0,0,0,549.2873728812185,4,4,1,1.2453238623995185e-05,-7.46709839948954,-0.0016876358584972,0.0018000768759001,29.316666666666663,0.5399895028853513,6.0,1.0,3.0,2.0,0,12.0,1.0,9.0,8.0,0,0.0,0.0,0.0,0.0,0,68.2006,0.0,68.2006,68.2006,1,erup_rainy
1,-0.866025403784439,-0.4539904997395478,11,22.2,2020-11-28 22:12:47.411,0,3.190274611494433,1,3.080866074582474,3.080866074582474,0.0,753.0177178008325,753.0177178008325,0.0,64.79449907091055,64.79449907091055,0.0,1,10.315315519462146,10.315315519462146,0.0,4281.88131810745,4281.88131810745,0.0,55.41429198451418,55.41429198451418,0.0,6.282352057246884,62.10527587156922,24.485467846443377,59.95571646570616,599.5381356592125,49.91884126325642,1,0.0107729229876354,0.0107729229876354,0.0,186.0,186.0,0.0,1.0499715497968398,1.0499715497968398,0.0,1,0.0610575745088166,0.0610575745088166,0.0,1586.5999744565,1586.5999744565,0.0,0.8763429081669489,0.8763429081669489,0.0,0.0373648760818701,0.9038251749377412,0.2102565057358795,0.9415004916970332,0.0442077982042619,0.5033571890889343,1,0.037461899633854,0.037461899633854,0.0,2.0,2.0,0.0,419.0885842392639,419.0885842392639,0.0,1,20.239150602574117,20.239150602574117,0.0,1472.0747693683743,1472.0747693683743,0.0,325.2032451597745,325.2032451597745,0.0,20.63967050870011,383.5838133432128,73.18657929141736,383.6754942610962,5356.275388378921,281.06008135534483,1,0.0007776071686871,0.0007776071686871,0.0,4.0,4.0,0.0,2.850873705706055,2.850873705706055,0.0,1,0.7256245290706294,0.7256245290706294,0.0,4150.722467232076,4150.722467232076,0.0,1.9858800123833644,1.9858800123833644,0.0,0.194461057943696,2.485677101968109,0.5604468470745261,2.45575428815708,0.3141006683957772,1.6531365403762353,99.95362856480408,99.8840714120102,99.95362856480408,0,0,0,0,104.45635742709172,6,5,0,0.0,0.0,0.0,0.0,0.0,0.0,0,0,0,1,2960.608647367778,3,4,0,0.0,0.0,0.0,0.0,0.0,0.0,25.0,1.0,18.0,17.0,0,2.0,0.0,1.0,1.0,0,0.0,0.0,0.0,0.0,0,0.0,0.0,0.0,0.0,1,erup_rainy
0,-0.5000000000000004,-0.5372996083468236,12,14.166666666666666,2020-12-13 14:10:15.489,0,3.4057006145343878,1,1.22274484940257,1.22274484940257,0.0,909.8011825452944,909.8011825452944,0.0,32.48091359044706,32.48091359044706,0.0,1,3.898139402207889,3.898139402207889,0.0,3089.873617873888,3089.873617873888,0.0,28.556811611836977,28.556811611836977,0.0,8.63850622535285,33.39450662766499,33.988145024358275,31.41917308968815,1155.19400219681,26.627119117281065,2,0.0488464423340659,0.0959506179949052,0.0471041756608392,1711.5702507006824,3368.109401050941,1656.5391503502583,0.7834918989407812,0.7864798779964441,0.0029879790556629,2,0.0297021049728906,0.0560577494520104,0.0263556444791198,867.1615041750683,1702.323008350137,835.1615041750683,0.6842614351865421,0.6779936103715453,0.0062678248149968,0.0338854529661322,0.7165944307583845,0.1570117653453155,0.7404599957563226,0.0246526944568524,0.4132248297214452,1,1.210774557603429,1.210774557603429,0.0,36.0,36.0,0.0,234.1999763168092,234.1999763168092,0.0,1,0.1564756415002648,0.1564756415002648,0.0,4.0,4.0,0.0,133.8856112236515,133.8856112236515,0.0,25.9461890277888,174.76651380710888,77.25817364603452,161.07289132739095,5968.825395120823,111.42233903229372,1,0.794694876602756,0.794694876602756,0.0,3083.600237402771,3083.600237402771,0.0,3.774821836858573,3.774821836858573,0.0,1,0.0023528765501157,0.0023528765501157,0.0,4.0,4.0,0.0,2.9801269602558165,2.9801269602558165,0.0,0.3755070143671352,2.9667899138784586,1.2166980765194029,3.1989742956610097,1.480354209406015,0.854060863672071,99.95362856480408,80.26895432413633,99.95362856480408,0,0,0,1,45.45086527502438,5,4,0,0.0,0.0,0.0,0.0,0.0,0.0,0,0,0,0,581.9752264861943,3,2,0,0.0,0.0,0.0,0.0,0.0,0.0,0.0,0.0,0.0,0.0,0,12.0,1.0,7.0,6.0,0,0.0,0.0,0.0,0.0,0,0.0,0.0,0.0,0.0,1,erup_dry
1,0.8660254037844387,-0.8987940462991668,5,16.266666666666666,2021-05-29 16:16:29.258,0,3.647754976859595,1,1.4032121959490098,1.4032121959490098,0.0,1235.6194434478548,1235.6194434478548,0.0,72.97028763646632,72.97028763646632,0.0,2,4.188302161627245,4.548695129882709,0.3603929682554643,506.50195270909273,590.0,83.49804729090727,48.43486009946756,47.01048973635688,1.4243703631106823,7.518200509535532,65.71388959424245,20.41256705512331,65.95242152474306,416.6728937799056,41.23695312193205,1,0.0009377364401821,0.0009377364401821,0.0,8.0,8.0,0.0,1.2206468713951877,1.2206468713951877,0.0,2,0.041540031358124,0.0816556991746819,0.0401156678165579,932.5618651144308,1844.1237302288612,911.5618651144308,0.8175330474287337,0.7929530007050853,0.0245800467236483,0.0444236445961509,0.8713625573231252,0.2820602764196067,0.8846146171880278,0.0795579995339049,0.376063014119104,1,19.590808358720096,19.590808358720096,0.0,1922.5950729526132,1922.5950729526132,0.0,411.86290063057055,411.86290063057055,0.0,1,17.138172888248732,17.138172888248732,0.0,502.0,502.0,0.0,270.3276244655105,270.3276244655105,0.0,25.79642942416566,365.38824158110816,90.17012250385316,373.0824080269818,8130.650992359886,234.22279658606837,1,0.168399606051055,0.168399606051055,0.0,1867.109273624915,1867.109273624915,0.0,2.343725790000285,2.343725790000285,0.0,1,0.026423606260516,0.026423606260516,0.0,958.5768655278398,958.5768655278398,0.0,1.6164513433445986,1.6164513433445986,0.0,0.2026526974961633,2.043701466669865,0.4982814218174504,1.9315231091846643,0.2482843753284199,1.4104855506775869,100.02318571759795,99.95362856480408,99.95362856480408,0,1,0,1,2441.9148716605223,3,4,0,0.0,0.0,0.0,0.0,0.0,0.0,0,0,0,0,487.4719657344705,3,4,0,0.0,0.0,0.0,0.0,0.0,0.0,3.0,2.0,2.0,2.0,1,5.0,1.0,2.0,1.0,0,0.0,0.0,0.0,0.0,0,10.4788,0.0,5.2394,5.2394,1,erup_rainy
1,0.5000000000000003,-0.9920049496797149,6,17.516666666666666,2021-06-06 17:31:25.991,0,3.8851043919468817,1,26.3739959146101,26.3739959146101,0.0,1784.6366503787667,1784.6366503787667,0.0,74.96547553484,74.96547553484,0.0,1,0.1115158851530324,0.1115158851530324,0.0,20.0,20.0,0.0,39.63025021445153,39.63025021445153,0.0,6.13145944668385,52.34086838663177,26.75378155857334,45.41611042778938,715.7648276838589,26.415780689180156,1,0.0002632155006231,0.0002632155006231,0.0,2.0,2.0,0.0,0.9432267967680864,0.9432267967680864,0.0,1,0.0002198067762888,0.0002198067762888,0.0,2.0,2.0,0.0,0.7075885585980399,0.7075885585980399,0.0,0.0397618851057045,0.7553570651151095,0.2365127309652571,0.80088605916607,0.0559382719086441,0.3237849103574256,1,120.11185157427764,120.11185157427764,0.0,3581.3270845439583,3581.3270845439583,0.0,365.71976953056657,365.71976953056657,0.0,1,0.9886573794508706,0.9886573794508706,0.0,24.0,24.0,0.0,146.67013223775658,146.67013223775658,0.0,70.46421964259807,296.788005349013,310.6335213669757,275.99369992402364,96493.18459684734,109.58006360858336,2,0.1737574277438678,0.3451003917661883,0.1713429640223205,976.410739203708,1950.821478407416,974.410739203708,2.90233317233762,2.985621167769402,0.083287995431782,2,0.0087199468831508,0.0167158390839576,0.0079958922008068,105.5,205.0,99.5,1.6703599388795134,1.633618550085286,0.0367413887942273,0.3588883536674284,2.3757285304026583,1.4942738630999095,2.3466376994644023,2.232854377943527,1.4172242103640855,90.21562717366103,99.83769997681428,99.95362856480408,0,0,0,0,0.3167133427281344,6,4,0,0.0,0.0,0.0,0.0,0.0,0.0,0,0,0,0,-30.40583938910992,4,5,1,2.34572825560343e-05,-17.838117276567957,-0.0040482650472357,0.0040840714811092,7.333333333333333,0.6218814313908273,0.0,0.0,0.0,0.0,0,5.0,2.0,2.0,1.0,0,0.0,0.0,0.0,0.0,0,0.0,0.0,0.0,0.0,1,erup_rainy
1,0.5000000000000003,-0.5037739770455262,6,14.016666666666667,2021-06-15 14:01:32.525,0,2.630208295075467,1,58.35480443008845,58.35480443008845,0.0,1965.426958557932,1965.426958557932,0.0,217.05064658388176,217.05064658388176,0.0,1,12.4925096274209,12.4925096274209,0.0,532.1602127407141,532.1602127407141,0.0,83.90828628771729,83.90828628771729,0.0,17.089276813125245,151.0604309448889,74.28817755648909,144.22112491296895,5518.733324664448,64.76046878773803,1,0.3340889874613608,0.3340889874613608,0.0,1417.446240521425,1417.446240521425,0.0,1.909138440514672,1.909138440514672,0.0,2,0.1109195416482147,0.2215988792465617,0.110679337598347,760.7327999243034,1504.4655998486069,743.7327999243034,0.9011099835285936,0.8288464981765358,0.0722634853520577,0.1000176913567574,1.240398080185129,0.5714379665775352,1.1518854125060356,0.3265413496462682,0.4261250906166911,1,78.7905584057346,78.7905584057346,0.0,1289.0096981041568,1289.0096981041568,0.0,1100.6155632968762,1100.6155632968762,0.0,1,32.00307143530762,32.00307143530762,0.0,400.5300984355245,400.5300984355245,0.0,434.3518200476674,434.3518200476674,0.0,72.14998998279822,813.9918394183325,345.66995474593955,811.9190215092597,119487.7176140599,345.63303700319113,1,0.413287833626311,0.413287833626311,0.0,1933.570726405257,1933.570726405257,0.0,2.434135881219538,2.434135881219538,0.0,1,0.0008043527800585,0.0008043527800585,0.0,2.0,2.0,0.0,1.5712822654028007,1.5712822654028007,0.0,0.2047285983416289,2.159793066028312,0.5824494565727175,2.126245111024634,0.3392473694618539,1.3749293387960322,100.02318571759795,99.95362856480408,99.95362856480408,0,0,0,1,107.04493349691404,6,3,0,0.0,0.0,0.0,0.0,0.0,0.0,0,0,0,0,82.38721292753692,2,4,0,0.0,0.0,0.0,0.0,0.0,0.0,0.0,0.0,0.0,0.0,0,1.0,0.0,1.0,1.0,0,1.0,0.0,1.0,1.0,0,20.9016,6.9672,6.9672,0.0,1,erup_rainy
1,0.5000000000000003,0.07845909572784551,6,11.7,2021-06-28 11:42:04.132,1,5.431984385624636,1,0.0786114491352165,0.0786114491352165,0.0,4.0,4.0,0.0,28.95436752421432,28.95436752421432,0.0,1,1.248573180123337,1.248573180123337,0.0,1847.3286751531489,1847.3286751531489,0.0,22.79359430124942,22.79359430124942,0.0,8.279955636820661,28.181419862757544,17.928552075188474,23.502211529119293,321.43297951274496,20.49794029924158,1,0.0002923217171063,0.0002923217171063,0.0,4.0,4.0,0.0,0.7639114703474408,0.7639114703474408,0.0,1,0.0002537913752505,0.0002537913752505,0.0,1.3501812176251171,1.3501812176251171,0.0,0.6175717772015301,0.6175717772015301,0.0,0.0373254833132224,0.6452664330257623,0.207935906675364,0.6924926046024507,0.0432373412849057,0.2818671813501581,1,1.041421385397399,1.041421385397399,0.0,580.0,580.0,0.0,95.96715664928932,95.96715664928932,0.0,1,2.9927499140272964,2.9927499140272964,0.0,1083.6427288243026,1083.6427288243026,0.0,25.87112146005532,25.87112146005532,0.0,10.0696420357425,73.92023989550275,48.85185895849445,80.77806585850712,2386.504123700634,21.52065088203497,1,2.5742784569689032,2.5742784569689032,0.0,1542.889751179947,1542.889751179947,0.0,7.815655832832003,7.815655832832003,0.0,1,0.0594340937720809,0.0594340937720809,0.0,834.2747664047438,834.2747664047438,0.0,1.7887882264157031,1.7887882264157031,0.0,0.7374821430657343,4.070865216694945,3.115425896951652,2.360081784520628,9.705878519397007,1.4893724353787356,65.22142360306052,92.37189891027128,99.95362856480408,0,0,0,1,26.85424073819796,3,5,0,0.0,0.0,0.0,0.0,0.0,0.0,0,0,0,0,66.43200906124629,4,3,0,0.0,0.0,0.0,0.0,0.0,0.0,1.0,1.0,1.0,1.0,1,23.0,8.0,9.0,3.0,0,0.0,0.0,0.0,0.0,0,26.5605,15.9363,15.9363,15.9363,1,erup_rainy
1,1.2246467991473532e-16,-0.5628049276950682,7,14.283333333333333,2021-07-01 14:17:18.530,0,2.968275428105888,0,0.0,0.0,0.0,0.0,0.0,0.0,0.0,0.0,0.0,0,0.0,0.0,0.0,0.0,0.0,0.0,0.0,0.0,0.0,13.863448877177673,37.39916621422677,31.90686420105947,28.415173319713023,1018.0479831448504,20.27572987306378,0,0.0,0.0,0.0,0.0,0.0,0.0,0.0,0.0,0.0,0,0.0,0.0,0.0,0.0,0.0,0.0,0.0,0.0,0.0,0.0627072761808201,0.5329940960642741,0.2550838650440667,0.4913897698139214,0.0650677782058196,0.2362534603677988,1,0.0008894107757129,0.0008894107757129,0.0,2.0,2.0,0.0,126.2419351806212,126.2419351806212,0.0,1,0.0633844916610044,0.0633844916610044,0.0,12.0,12.0,0.0,48.73146105869547,48.73146105869547,0.0,31.55258262282693,94.69392804656005,111.66941561986272,73.64532868369339,12470.05838488164,39.27691720457594,1,0.1035356842687731,0.1035356842687731,0.0,410.0,410.0,0.0,2.781486430913834,2.781486430913834,0.0,1,0.0016013970562402,0.0016013970562402,0.0,12.0,12.0,0.0,1.2652951289405292,1.2652951289405292,0.0,0.233857987178836,2.0017497643418727,0.8403892160583325,1.6897914425075464,0.7062540344671386,0.930000724613318,0.0,68.86158126594019,68.86158126594019,0,0,0,0,0.0,0,0,0,0.0,0.0,0.0,0.0,0.0,,0,0,0,0,29.345802619052936,1,3,0,0.0,0.0,0.0,0.0,0.0,0.0,1.0,1.0,1.0,1.0,1,7.0,0.0,4.0,4.0,0,2.0,1.0,1.0,1.0,0,26.5605,10.6242,10.6242,5.3121,1,erup_rainy
1,1.2246467991473532e-16,-0.386710961636821,7,22.483333333333334,2021-07-04 22:29:30.450,0,3.279114668781568,0,0.0,0.0,0.0,0.0,0.0,0.0,0.0,0.0,0.0,0,0.0,0.0,0.0,0.0,0.0,0.0,0.0,0.0,0.0,8.455714844582236,37.49449545505312,43.97016804339484,23.6907342206483,1933.375677764381,20.259340626694453,0,0.0,0.0,0.0,0.0,0.0,0.0,0.0,0.0,0.0,0,0.0,0.0,0.0,0.0,0.0,0.0,0.0,0.0,0.0,0.0623176932682751,0.4906655863984026,0.324581589753101,0.385460583527965,0.1053532084066503,0.1997108318745066,1,10.4232320549622,10.4232320549622,0.0,850.0,850.0,0.0,82.00199455460884,82.00199455460884,0.0,1,1.6539374657189114,1.6539374657189114,0.0,267.89089459878346,267.89089459878346,0.0,64.78407097839892,64.78407097839892,0.0,10.961587423394546,88.14508081345282,86.03639235333151,70.82145744761829,7402.2608091764,51.8059074523905,1,0.0209239151074069,0.0209239151074069,0.0,106.0,106.0,0.0,2.4840876601208985,2.4840876601208985,0.0,1,0.0266176618004143,0.0266176618004143,0.0,270.0,270.0,0.0,2.322024286510662,2.322024286510662,0.0,0.1776380122798903,2.2923956870384976,0.5320509679807147,2.351801396436163,0.2830782325292155,1.2628184402213816,0.0,55.87757941108278,55.87757941108278,0,0,0,0,0.0,0,0,0,0.0,0.0,0.0,0.0,0.0,,0,0,0,0,-117.49809247863864,4,4,0,0.0,0.0,0.0,0.0,0.0,0.0,0.0,0.0,0.0,0.0,0,14.0,3.0,7.0,4.0,0,4.0,2.0,2.0,2.0,0,17.5539,0.0,13.1654,13.1654,1,erup_rainy
1,1.2246467991473532e-16,-0.8012538126910612,7,20.45,2021-07-12 20:27:38.397,0,3.5670190197439613,1,6.50468615822507,6.50468615822507,0.0,1407.8800977665996,1407.8800977665996,0.0,43.101440728676735,43.101440728676735,0.0,1,5.8406106828887125,5.8406106828887125,0.0,2338.757342092149,2338.757342092149,0.0,23.06895665823362,23.06895665823362,0.0,4.029360812803724,34.84662725406619,17.0361007373787,28.934156624779177,290.22872833411503,20.750034323232143,1,0.1326364851345891,0.1326364851345891,0.0,2048.556640219803,2048.556640219803,0.0,0.6217821071619675,0.6217821071619675,0.0,1,0.1187987314455336,0.1187987314455336,0.0,2713.35640139508,2713.35640139508,0.0,0.4786563086716464,0.4786563086716464,0.0,0.0404327026516817,0.5441785102392542,0.2079305399802271,0.5259908390218387,0.0432351094564688,0.2343138284849637,1,0.1223388700071836,0.1223388700071836,0.0,2.0,2.0,0.0,148.54613997375668,148.54613997375668,0.0,1,40.8416488342024,40.8416488342024,0.0,2885.708553863888,2885.708553863888,0.0,46.95323437486104,46.95323437486104,0.0,17.721650442635976,88.99634475627239,51.36885102121855,70.57619764880982,2638.758855240146,40.832863103707815,1,1.1907684857641447,1.1907684857641447,0.0,3152.3794143973755,3152.3794143973755,0.0,4.58033362346976,4.58033362346976,0.0,1,0.0005117091621449,0.0005117091621449,0.0,2.0,2.0,0.0,2.449650872387423,2.449650872387423,0.0,0.3950892716374187,3.7391803788240967,1.221515989341894,3.542193073764194,1.492101312217906,2.0697251372643968,97.28727104103872,99.95362856480408,99.95362856480408,0,0,0,1,-12.612435285216696,4,5,0,0.0,0.0,0.0,0.0,0.0,0.0,0,0,0,0,237.0078270176105,4,3,0,0.0,0.0,0.0,0.0,0.0,0.0,1.0,0.0,1.0,1.0,0,3.0,1.0,2.0,2.0,0,0.0,0.0,0.0,0.0,0,65.3535,12.8663,26.2436,13.3773,1,erup_rainy
1,1.2246467991473532e-16,-0.9935718556765875,7,17.566666666666666,2021-07-31 17:34:29.119,0,3.0926978423457867,1,2.242561779694107,2.242561779694107,0.0,2667.943088374246,2667.943088374246,0.0,38.27120137224598,38.27120137224598,0.0,1,0.92652325496978,0.92652325496978,0.0,1485.117268657487,1485.117268657487,0.0,35.85759803165166,35.85759803165166,0.0,37.32422777141359,46.62320315265509,162.23234320841604,36.94065738553785,26319.333182893293,32.398240240821984,1,0.1184291044037691,0.1184291044037691,0.0,2600.913267540829,2600.913267540829,0.0,0.99991472225308,0.99991472225308,0.0,1,0.0218116803861376,0.0218116803861376,0.0,675.1349912263264,675.1349912263264,0.0,0.8759236547118985,0.8759236547118985,0.0,0.0572985811068758,0.8994191748705688,0.219780929316918,0.9219747683606536,0.0483036568914081,0.5056309695695991,2,1.9624710088386053,3.457409142766238,1.4949381339276329,193.39215279436644,370.7843055887329,177.39215279436644,190.4990460892214,197.4743357984597,6.975289709238282,2,0.5777468051492605,1.15147765689602,0.5737308517467596,95.0,188.0,93.0,152.2181123058824,151.87185080500322,0.3462615008791658,71.89654114410904,189.87649405058656,442.0284400197842,170.43941022520858,195389.141786324,138.42612296286742,1,0.0102547483784096,0.0102547483784096,0.0,58.0,58.0,0.0,2.455717755352356,2.455717755352356,0.0,1,0.0747141334091137,0.0747141334091137,0.0,472.0,472.0,0.0,1.740200729064297,1.740200729064297,0.0,18.20481355150779,5.024127906588562,99.31506681378374,2.084481813256597,9863.482496226328,1.121286270962182,74.35659633665662,94.04127057732435,99.95362856480408,0,0,0,0,87.55169169973516,5,3,0,0.0,0.0,0.0,0.0,0.0,0.0,0,0,0,1,-477.0478558018025,6,4,0,0.0,0.0,0.0,0.0,0.0,0.0,1.0,1.0,1.0,1.0,1,3.0,0.0,2.0,2.0,0,4.0,1.0,2.0,1.0,0,2.1713,0.0,2.1713,2.1713,1,erup_rainy
1,-0.4999999999999997,-0.9523957996432783,8,16.816666666666666,2021-08-12 16:49:17.596,0,3.197275465247458,1,0.5761802717750584,0.5761802717750584,0.0,494.0,494.0,0.0,29.49017298072277,29.49017298072277,0.0,1,2.501355249014061,2.501355249014061,0.0,1744.0446714411098,1744.0446714411098,0.0,26.17860933356542,26.17860933356542,0.0,17.846146857433922,33.849046807155936,46.02084822263024,28.2221405194637,2117.9184711303687,24.168731535606117,1,0.0568309375808833,0.0568309375808833,0.0,814.231285812426,814.231285812426,0.0,0.9028475384904752,0.9028475384904752,0.0,1,0.0830237322478687,0.0830237322478687,0.0,600.0,600.0,0.0,0.7072053783709823,0.7072053783709823,0.0,0.0382977410131937,0.7650139142220499,0.2159315780309015,0.8338366478268737,0.0466264463909153,0.357998946851089,1,3.043804788294324,3.043804788294324,0.0,623.3625185145403,623.3625185145403,0.0,151.87372465041807,151.87372465041807,0.0,1,2.2897098028351195,2.2897098028351195,0.0,1555.7883877992035,1555.7883877992035,0.0,103.7459033253216,103.7459033253216,0.0,23.623985156303892,130.1971145830348,83.68822089210012,122.18239970767412,7003.718316084942,95.2365482340953,1,0.1387479716767363,0.1387479716767363,0.0,572.0234013047624,572.0234013047624,0.0,3.1623234310903574,3.1623234310903574,0.0,2,0.0002207789646468,0.0004189788258837,0.0001981998612368,4.0,6.0,2.0,1.4523143164407646,1.4128843402354776,0.0394299762052869,0.4249263469812763,2.2196102836680427,0.9647117328880084,1.9989885975169928,0.930668727571784,1.2216228288255178,58.68305124043589,99.95362856480408,99.95362856480408,0,0,0,0,-34.21609363270394,4,1,0,0.0,0.0,0.0,0.0,0.0,0.0,0,0,0,0,1801.455600757668,3,4,0,0.0,0.0,0.0,0.0,0.0,0.0,0.0,0.0,0.0,0.0,0,4.0,1.0,2.0,1.0,0,5.0,3.0,3.0,3.0,1,43.6801,43.6801,43.6801,43.6801,1,erup_rainy
1,-0.4999999999999997,0.32143946530316153,8,1.25,2021-08-27 01:15:12.828,0,2.037966845086764,1,6.603216131608459,6.603216131608459,0.0,985.6561810793816,985.6561810793816,0.0,31.91147361649348,31.91147361649348,0.0,1,0.0222266498909888,0.0222266498909888,0.0,62.0,62.0,0.0,23.50613277350537,23.50613277350537,0.0,6.9761705323282905,34.726415550588705,22.311362617747445,26.00514364052419,497.7969018606181,21.95309097792241,1,0.0159480224226422,0.0159480224226422,0.0,242.0,242.0,0.0,0.8401949300521724,0.8401949300521724,0.0,1,0.0264284114733839,0.0264284114733839,0.0,462.0,462.0,0.0,0.7269724163436844,0.7269724163436844,0.0,0.0542236822703379,0.7569207447440857,0.21484754714394,0.781923518720075,0.0461594685137675,0.3533266538674507,1,19.377893366569843,19.377893366569843,0.0,2513.6549367348653,2513.6549367348653,0.0,70.79829247939264,70.79829247939264,0.0,1,0.2160621475749238,0.2160621475749238,0.0,38.0,38.0,0.0,34.863352523941984,34.863352523941984,0.0,9.8965638811378,59.14291927034162,36.67173908047439,51.654849376224846,1344.8164471863925,31.45491526179147,1,0.1567935873938424,0.1567935873938424,0.0,162.0,162.0,0.0,5.228241750459211,5.228241750459211,0.0,1,0.3064280268480241,0.3064280268480241,0.0,2046.5845733275164,2046.5845733275164,0.0,3.412100698443564,3.412100698443564,0.0,2.1261686294588054,4.276263012846515,10.929661530738416,3.81123890223663,119.4575011765032,2.2074339040722784,63.48249478321354,99.83769997681428,99.95362856480408,0,0,0,0,-0.3024338638929755,3,6,0,0.0,0.0,0.0,0.0,0.0,0.0,0,1,0,1,30.22558483192544,6,6,0,0.0,0.0,0.0,0.0,0.0,0.0,0.0,0.0,0.0,0.0,0,0.0,0.0,0.0,0.0,0,8.0,4.0,4.0,2.0,0,44.7072,0.0,22.3536,22.3536,1,erup_rainy
1,-0.8660254037844385,0.8746197071393957,9,4.066666666666666,2021-09-02 04:04:49.823,0,1.6155527794790794,1,0.0804142071299622,0.0804142071299622,0.0,18.0,18.0,0.0,52.79383878375752,52.79383878375752,0.0,1,0.0046204607078621,0.0046204607078621,0.0,2.0,2.0,0.0,33.03798688664759,33.03798688664759,0.0,6.377761556420777,47.682950211577385,24.90533319395832,43.354916697002295,620.2756215020819,22.60829953092304,1,0.0744769926821071,0.0744769926821071,0.0,3187.747174443974,3187.747174443974,0.0,0.8803167599852217,0.8803167599852217,0.0,1,0.0850070844719299,0.0850070844719299,0.0,472.0,472.0,0.0,0.7421868117246748,0.7421868117246748,0.0,0.0436896493661147,0.7891691343807189,0.2183083862378271,0.8459762614279891,0.0476585515017643,0.3587135788802058,1,0.3575990728945726,0.3575990728945726,0.0,4.0,4.0,0.0,313.12688982082864,313.12688982082864,0.0,1,0.2574923197099963,0.2574923197099963,0.0,2.0,2.0,0.0,212.5128861364412,212.5128861364412,0.0,26.350603771402827,272.68699701851347,138.660537970142,257.75315782032106,19226.74479016919,94.30258212709076,1,0.3637425519110808,0.3637425519110808,0.0,3063.439606138867,3063.439606138867,0.0,2.0489067066068904,2.0489067066068904,0.0,2,0.0540439442888083,0.1060908453337468,0.0520469010449384,248.86507624430192,463.73015248860384,214.86507624430192,1.27771287331811,1.2432467971677643,0.0344660761503456,9.611904289385995,3.1153477759884023,67.78233469457217,1.7752356107437788,4594.444896647003,0.9890732592883008,100.02318571759795,96.29028518432644,99.95362856480408,0,0,0,0,21.780220240687008,3,7,0,0.0,0.0,0.0,0.0,0.0,0.0,0,0,0,0,1094.4800330579649,4,5,0,0.0,0.0,0.0,0.0,0.0,0.0,0.0,0.0,0.0,0.0,0,4.0,1.0,2.0,1.0,0,5.0,1.0,3.0,2.0,0,54.6666,0.0,36.4444,36.4444,1,erup_rainy
1,-0.8660254037844385,0.9940563382223196,9,6.416666666666667,2021-09-29 06:25:20.722,0,1.6133377217462967,2,0.0148193396469107,0.0204079731478401,0.0055886335009294,14.5,25.0,10.5,28.796457465869658,32.166053266530525,3.369595800660869,1,0.1602924210470604,0.1602924210470604,0.0,747.1258089734,747.1258089734,0.0,22.016206732053547,22.016206732053547,0.0,5.7845390071055816,27.29312327719511,11.541648031716734,23.947349865564945,133.20963928803076,20.48019254333026,1,0.0563279653637512,0.0563279653637512,0.0,1416.96029483462,1416.96029483462,0.0,0.752433373090847,0.752433373090847,0.0,1,0.008258613806122,0.008258613806122,0.0,150.0,150.0,0.0,0.5046901090322716,0.5046901090322716,0.0,0.0316727221264155,0.6287951484946694,0.1858172156625293,0.6537088734231007,0.0345280376365749,0.2874371043964157,1,10.59606324284428,10.59606324284428,0.0,946.3465365103964,946.3465365103964,0.0,133.3078800918984,133.3078800918984,0.0,1,4.184486925380639,4.184486925380639,0.0,444.2889651369451,444.2889651369451,0.0,75.81134364865665,75.81134364865665,0.0,48.48575769023587,95.63626766219988,233.79041318940352,85.81481288285609,54657.95729927202,30.80399363209551,2,0.0020558293387822,0.0038134743432127,0.0017576450044305,5.5,9.0,3.5,3.647990661852454,3.9135901522852494,0.2655994904327956,1,0.0610271581688373,0.0610271581688373,0.0,380.0,380.0,0.0,2.545699109685992,2.545699109685992,0.0,46.77417420009846,11.686199560895933,175.86767905887424,3.029122099820204,30929.44053755519,1.7539799120406796,75.23765360537908,97.91328541618364,99.95362856480408,0,0,0,0,30.12621863713592,4,3,0,0.0,0.0,0.0,0.0,0.0,0.0,0,0,0,1,8.018397340611656,6,4,0,0.0,0.0,0.0,0.0,0.0,0.0,22.0,9.0,9.0,3.0,0,8.0,1.0,7.0,7.0,0,0.0,0.0,0.0,0.0,0,28.6047,9.5349,19.0698,19.0698,1,erup_rainy
1,-1.0,-0.46561452032511097,10,13.85,2021-10-13 13:51:17.077,0,3.60330674116496,0,0.0,0.0,0.0,0.0,0.0,0.0,0.0,0.0,0.0,0,0.0,0.0,0.0,0.0,0.0,0.0,0.0,0.0,0.0,79.99317091432157,42.39078093333902,273.126750123536,22.780995164036543,74598.22163304446,20.162136945969685,0,0.0,0.0,0.0,0.0,0.0,0.0,0.0,0.0,0.0,0,0.0,0.0,0.0,0.0,0.0,0.0,0.0,0.0,0.0,0.0727866317744085,0.5570746109951067,0.2263067217907134,0.529114020793747,0.0512147323276593,0.2464748851851913,1,0.0749642836370441,0.0749642836370441,0.0,4.0,4.0,0.0,50.12503017501771,50.12503017501771,0.0,1,10.353832497151842,10.353832497151842,0.0,3041.6651294162616,3041.6651294162616,0.0,27.723816027430985,27.723816027430985,0.0,53.29191689339329,47.74788931368036,329.1271802688737,34.63670385898643,108324.70079173968,23.49287914580357,1,2.185740189141643,2.185740189141643,0.0,2354.804517620468,2354.804517620468,0.0,6.199906145852948,6.199906145852948,0.0,1,0.00109995023552,0.00109995023552,0.0,2.0,2.0,0.0,3.580244819247264,3.580244819247264,0.0,0.7077888386400188,4.842588023987778,2.037247715627412,4.405912616482671,4.15037825482911,2.9015383936580688,0.0,99.51309993044283,99.95362856480408,0,0,0,0,0.0,0,0,0,0.0,0.0,0.0,0.0,0.0,,0,0,0,0,45.72312642655467,3,5,0,0.0,0.0,0.0,0.0,0.0,0.0,27.0,9.0,11.0,4.0,0,4.0,0.0,3.0,3.0,0,4.0,2.0,2.0,1.0,0,28.3664,0.0,28.3664,28.3664,1,erup_rainy
1,-1.0,-0.8386705679454243,10,20.2,2021-10-21 20:12:54.111,0,2.6305628916499915,0,0.0,0.0,0.0,0.0,0.0,0.0,0.0,0.0,0.0,0,0.0,0.0,0.0,0.0,0.0,0.0,0.0,0.0,0.0,46.71968768956218,37.86799145219203,117.35465335496174,25.515902593502293,13772.114664063234,20.35575147770641,0,0.0,0.0,0.0,0.0,0.0,0.0,0.0,0.0,0.0,0,0.0,0.0,0.0,0.0,0.0,0.0,0.0,0.0,0.0,0.0936277987560604,0.4203612159903774,0.2078414945037315,0.3679917307311404,0.0431980868375446,0.2018720437981136,1,6.227881607727049,6.227881607727049,0.0,452.0,452.0,0.0,53.83928442263799,53.83928442263799,0.0,1,8.909350517261238,8.909350517261238,0.0,2044.60265498225,2044.60265498225,0.0,27.801163753049053,27.801163753049053,0.0,44.061959557872505,54.59845232949185,152.0054989015187,34.51999697619564,23105.67169629961,21.317662357177312,1,0.00024867003677,0.00024867003677,0.0,2.0,2.0,0.0,6.690104847058787,6.690104847058787,0.0,1,0.1115384732682431,0.1115384732682431,0.0,594.0,594.0,0.0,3.075764058485431,3.075764058485431,0.0,3.832501266220705,5.026769142511318,18.123447254602425,3.789311611974029,328.4593403903562,2.16156497034306,0.0,83.28309761187109,99.95362856480408,0,0,0,0,0.0,0,0,0,0.0,0.0,0.0,0.0,0.0,,0,0,0,0,1.7883052069636716,4,6,0,0.0,0.0,0.0,0.0,0.0,0.0,4.0,0.0,2.0,2.0,0,13.0,2.0,6.0,4.0,0,3.0,0.0,2.0,2.0,0,14.8413,0.0,9.8942,9.8942,1,erup_rainy
0,-0.5000000000000004,-0.8987940462991668,12,16.266666666666666,2021-12-25 16:16:05.732,0,4.2744238558036844,1,12.01306517735152,12.01306517735152,0.0,1311.0,1311.0,0.0,69.62434616265182,69.62434616265182,0.0,1,3.4020892622835106,3.4020892622835106,0.0,187.2916616041398,187.2916616041398,0.0,57.6112809853003,57.6112809853003,0.0,13.614579550656448,61.57397044196456,38.45035447167604,48.06410518218839,1478.429758997538,27.63290108344244,1,0.0961970356118571,0.0961970356118571,0.0,1621.7627455826075,1621.7627455826075,0.0,0.8675912855148795,0.8675912855148795,0.0,1,0.05298957143315,0.05298957143315,0.0,550.0,550.0,0.0,0.7173980793977801,0.7173980793977801,0.0,0.0327484406149951,0.733978772745735,0.2293504514353658,0.7962397724980079,0.0526016295736061,0.3059364440816952,1,378.9222993440955,378.9222993440955,0.0,2826.971833101368,2826.971833101368,0.0,622.3047639008712,622.3047639008712,0.0,1,0.0036223249207552,0.0036223249207552,0.0,2.0,2.0,0.0,112.73532135666645,112.73532135666645,0.0,58.27775033351071,431.19424173371647,318.90621932726003,329.9405565409538,101701.17672560646,96.50394824781512,1,0.6803507696840865,0.6803507696840865,0.0,3429.004381871075,3429.004381871075,0.0,3.3820755145676964,3.3820755145676964,0.0,1,0.0002326476778615,0.0002326476778615,0.0,2.0,2.0,0.0,2.0482241542457613,2.0482241542457613,0.0,0.3133442660178618,3.0170609702876185,0.9329880728368428,2.906363875931078,0.8704667440558058,1.7395544488814492,56.99049385578484,99.95362856480408,99.95362856480408,0,0,0,1,192.9374911912539,3,4,0,0.0,0.0,0.0,0.0,0.0,0.0,0,0,0,0,-72.50945304239956,3,5,0,0.0,0.0,0.0,0.0,0.0,0.0,26.0,0.0,26.0,26.0,0,1.0,0.0,1.0,1.0,0,1.0,0.0,1.0,1.0,0,0.0,0.0,0.0,0.0,1,erup_dry
0,-0.5000000000000004,-0.8638355052043962,12,20.016666666666666,2021-12-28 20:01:47.429,0,4.139337980953576,1,0.0964842244502222,0.0964842244502222,0.0,8.0,8.0,0.0,60.349119981200325,60.349119981200325,0.0,1,4.977373182029886,4.977373182029886,0.0,1621.5717444352526,1621.5717444352526,0.0,37.48270200981468,37.48270200981468,0.0,16.803473636834948,67.77002224817046,68.8846725532533,41.57382168339119,4745.098112768927,28.52819523392226,1,0.0001464366619419,0.0001464366619419,0.0,4.0,4.0,0.0,0.8753923570953763,0.8753923570953763,0.0,1,0.0855439429793255,0.0855439429793255,0.0,633.4182009020044,633.4182009020044,0.0,0.674681327486546,0.674681327486546,0.0,0.0336927292149316,0.723983905350796,0.2326291002974834,0.8013296678871833,0.0541162983052166,0.2849993045658415,1,0.0557757068975774,0.0557757068975774,0.0,2.0,2.0,0.0,335.45519728812167,335.45519728812167,0.0,1,106.7439756243764,106.7439756243764,0.0,2510.398841614525,2510.398841614525,0.0,180.13306795227163,180.13306795227163,0.0,41.71216184017676,309.90617721217814,243.97075167063733,218.4812310925992,59521.72767073578,125.62041423586136,1,0.709917495004242,0.709917495004242,0.0,4062.6298937440392,4062.6298937440392,0.0,3.3091818072442623,3.3091818072442623,0.0,1,0.0004539541409673,0.0004539541409673,0.0,2.0,2.0,0.0,2.4420106916957383,2.4420106916957383,0.0,0.3474523752346509,3.1502222684952934,1.1112077339733064,2.890715718486335,1.2347826280420904,1.9671773496486171,60.2828657546951,99.90725712960815,99.95362856480408,0,0,0,1,-18.412473972248296,3,4,0,0.0,0.0,0.0,0.0,0.0,0.0,0,0,0,0,10.201410696834852,4,5,0,0.0,0.0,0.0,0.0,0.0,0.0,1.0,0.0,1.0,1.0,0,1.0,0.0,1.0,1.0,0,1.0,0.0,1.0,1.0,0,0.0,0.0,0.0,0.0,1,erup_dry
0,0.0,-0.7743926440821857,1,20.616666666666667,2022-01-01 20:37:47.500,0,3.693841194615533,1,15.415288612784074,15.415288612784074,0.0,1028.6628879576542,1028.6628879576542,0.0,67.82579340873357,67.82579340873357,0.0,1,13.678453342588485,13.678453342588485,0.0,913.9564634201512,913.9564634201512,0.0,44.52291290561055,44.52291290561055,0.0,16.331549554853925,68.28827014350304,41.32344670628455,55.00152137871248,1707.6272476871395,24.110745144819926,1,0.0739039591180342,0.0739039591180342,0.0,1885.306891322501,1885.306891322501,0.0,0.7932680450876153,0.7932680450876153,0.0,1,0.091556350315672,0.091556350315672,0.0,750.8282219037981,750.8282219037981,0.0,0.7017116947719433,0.7017116947719433,0.0,0.0423629230767905,0.7053615208218087,0.2173060009000399,0.7553706226922765,0.0472218980271681,0.2915199459399892,1,63.18187197081198,63.18187197081198,0.0,1038.0,1038.0,0.0,340.20371261952664,340.20371261952664,0.0,1,4.480564271440073,4.480564271440073,0.0,106.0,106.0,0.0,229.27297969988044,229.27297969988044,0.0,42.41928441471475,362.3686805355867,206.76754203815267,308.69472818823215,42752.81644049923,114.10688670456474,1,0.0248845193286051,0.0248845193286051,0.0,74.0,74.0,0.0,3.039768429861482,3.039768429861482,0.0,1,0.0688857409457002,0.0688857409457002,0.0,386.0,386.0,0.0,2.410236404433358,2.410236404433358,0.0,0.3058438051465849,2.780087514996368,0.676498872596756,2.687395466609061,0.4576507246246818,1.8307978474322804,61.25666589380941,66.58938094134014,66.58938094134014,0,0,0,1,8.131774130627111,5,5,0,0.0,0.0,0.0,0.0,0.0,0.0,0,0,0,0,220.1701307336442,7,2,0,0.0,0.0,0.0,0.0,0.0,0.0,1.0,0.0,1.0,1.0,0,2.0,2.0,2.0,2.0,1,1.0,0.0,1.0,1.0,0,0.0,0.0,0.0,0.0,1,erup_dry
0,0.0,0.23768589232617307,1,0.9166666666666666,2022-01-11 00:55:28.464,0,4.05272443159705,1,8.35727729038824,8.35727729038824,0.0,1605.7199083992691,1605.7199083992691,0.0,40.272892429034485,40.272892429034485,0.0,1,0.0606825071219887,0.0606825071219887,0.0,98.0,98.0,0.0,26.08380795571641,26.08380795571641,0.0,27.80850466227278,58.48554715263065,90.997958078983,32.20179179708994,8280.628374544345,24.90409406444516,1,0.032202115521779,0.032202115521779,0.0,461.6861251117193,461.6861251117193,0.0,0.7040697865782226,0.7040697865782226,0.0,1,0.0443887893187393,0.0443887893187393,0.0,1089.7537168747724,1089.7537168747724,0.0,0.6085958466858707,0.6085958466858707,0.0,0.0683134171683308,0.6510718898128633,0.188136538960873,0.6462911061206706,0.0353953572921761,0.3456897439226412,1,74.74308879686919,74.74308879686919,0.0,2704.6693649695208,2704.6693649695208,0.0,348.9480867961853,348.9480867961853,0.0,1,4.327030889951374,4.327030889951374,0.0,837.873661519024,837.873661519024,0.0,146.65458112310114,146.65458112310114,0.0,86.29947600889014,358.62042256713426,346.79089499944314,264.53562517360393,120263.9248545148,131.69803245453787,2,0.1927220899896655,0.3842508726838436,0.191528782694178,1186.7572608040846,2368.514521608169,1181.7572608040846,3.468159892144112,3.521867716976142,0.0537078248320299,1,0.1820787040867344,0.1820787040867344,0.0,1163.470507996315,1163.470507996315,0.0,2.522023652038416,2.522023652038416,0.0,0.3802558991511179,3.2178164826794693,0.8526441068746355,3.1128489096503613,0.7270019729880449,2.050824862208878,62.48550892650128,99.95362856480408,99.95362856480408,0,0,0,0,-53.61142637989813,2,6,0,0.0,0.0,0.0,0.0,0.0,0.0,0,0,0,0,-1567.7505496626047,6,7,0,0.0,0.0,0.0,0.0,0.0,0.0,1.0,0.0,1.0,1.0,0,2.0,1.0,1.0,1.0,0,0.0,0.0,0.0,0.0,0,0.0,0.0,0.0,0.0,1,erup_dry
0,0.0,-0.9824503977255099,1,18.716666666666665,2022-01-18 18:43:38.188,0,3.113448769145992,1,0.0302387255668747,0.0302387255668747,0.0,4.0,4.0,0.0,73.4330724157049,73.4330724157049,0.0,1,0.1255089273998919,0.1255089273998919,0.0,56.0,56.0,0.0,25.376040020927626,25.376040020927626,0.0,8.043624352385768,48.67445089205594,29.540486942154395,34.554978972190376,872.6403687795944,22.131387841772685,1,0.0476010763333243,0.0476010763333243,0.0,991.308613978588,991.308613978588,0.0,0.7556178421927727,0.7556178421927727,0.0,1,0.002158852460353,0.002158852460353,0.0,46.0,46.0,0.0,0.5392666386145981,0.5392666386145981,0.0,0.0349029647470573,0.6108908466077367,0.1939362197276565,0.6398446582294839,0.0376112573222538,0.2732182422219819,1,173.62046031369172,173.62046031369172,0.0,3977.223422600719,3977.223422600719,0.0,333.9757456494428,333.9757456494428,0.0,1,17.87715215525219,17.87715215525219,0.0,440.3763656478692,440.3763656478692,0.0,149.49156683505723,149.49156683505723,0.0,24.927070064333225,239.2867342435001,99.76671930030328,213.8401034978749,9953.398279945504,120.36605269421284,1,0.0039757141764553,0.0039757141764553,0.0,6.0,6.0,0.0,3.753945617997829,3.753945617997829,0.0,1,0.4485596371206564,0.4485596371206564,0.0,1622.7871412981044,1622.7871412981044,0.0,1.697809555311519,1.697809555311519,0.0,0.3156699560013242,2.772948236401884,0.9872241436137128,2.8832373670811755,0.9746115097338288,1.1002714083373302,76.3273823324832,99.95362856480408,99.95362856480408,0,0,0,1,10.05077174155615,5,4,0,0.0,0.0,0.0,0.0,0.0,0.0,0,0,0,0,27.956152559331887,3,3,0,0.0,0.0,0.0,0.0,0.0,0.0,0.0,0.0,0.0,0.0,0,4.0,0.0,3.0,3.0,0,12.0,0.0,8.0,8.0,0,0.0,0.0,0.0,0.0,1,erup_dry
0,0.8660254037844386,-0.8571673007021121,3,15.933333333333334,2022-03-15 15:56:59.848,0,2.9274995935160355,1,1.255961272991172,1.255961272991172,0.0,2090.699602875809,2090.699602875809,0.0,28.895348531552383,28.895348531552383,0.0,1,0.0009408868167,0.0009408868167,0.0,2.0,2.0,0.0,26.02540444517726,26.02540444517726,0.0,8.261908969682466,30.172593964105577,12.003713114516446,28.008585193119863,144.0891285356141,23.272336424279413,1,0.07612636197531,0.07612636197531,0.0,992.811162703454,992.811162703454,0.0,0.5357655602937514,0.5357655602937514,0.0,1,0.0494409791455879,0.0494409791455879,0.0,1496.0746328888115,1496.0746328888115,0.0,0.4589996747224605,0.4589996747224605,0.0,0.0590438325867256,0.4987652525954083,0.189361061361182,0.4938535098616267,0.0358576115598333,0.2114938158159946,1,65.11146851151386,65.11146851151386,0.0,1611.815036362441,1611.815036362441,0.0,228.25162765142824,228.25162765142824,0.0,1,2.684509115131391,2.684509115131391,0.0,610.2550533733622,610.2550533733622,0.0,141.39648744973294,141.39648744973294,0.0,29.66377376721488,187.1065499727657,64.85116196160263,164.13648744826082,4205.673207770016,122.91245960434088,1,1.1317067418599365,1.1317067418599365,0.0,2165.826964864055,2165.826964864055,0.0,4.041086396239295,4.041086396239295,0.0,1,0.2930079391629796,0.2930079391629796,0.0,1521.5448748682024,1521.5448748682024,0.0,2.909379654379358,2.909379654379358,0.0,0.5721565603877303,2.8180405068315912,1.4660246342812036,2.7572794101541955,2.1492282283193367,0.7332628176468587,58.14977973568281,99.95362856480408,99.95362856480408,0,0,0,0,3.411325679760734,2,3,0,0.0,0.0,0.0,0.0,0.0,0.0,0,0,0,0,-7.694416340367758,6,3,0,0.0,0.0,0.0,0.0,0.0,0.0,0.0,0.0,0.0,0.0,0,2.0,1.0,1.0,1.0,0,3.0,0.0,3.0,3.0,0,0.0,0.0,0.0,0.0,1,erup_dry
0,1.0,-0.9426414910921783,4,16.7,2022-04-04 16:42:52.695,0,3.055314656506067,1,0.2719063894302422,0.2719063894302422,0.0,180.0,180.0,0.0,26.76025840340394,26.76025840340394,0.0,1,0.8853788315155455,0.8853788315155455,0.0,278.0,278.0,0.0,23.887237728272304,23.887237728272304,0.0,20.913767703545226,32.18167614750425,59.24599720107539,27.00995346342093,3510.0881843498328,20.36005194962122,1,0.0108837155164336,0.0108837155164336,0.0,28.0,28.0,0.0,0.8935591375456138,0.8935591375456138,0.0,1,0.1161809434128919,0.1161809434128919,0.0,919.7394191637064,919.7394191637064,0.0,0.6123857754981954,0.6123857754981954,0.0,0.0653936693547685,0.655742555921865,0.3181785384477818,0.6352960823488569,0.1012375823287665,0.1917458629984343,1,10.97530641060753,10.97530641060753,0.0,160.0,160.0,0.0,136.71865862803884,136.71865862803884,0.0,1,1.5152860718611407,1.5152860718611407,0.0,250.0,250.0,0.0,93.83919175758818,93.83919175758818,0.0,20.759579273395588,122.33871222273903,92.77763244308328,117.98935464688218,8607.689081743858,71.71069667775878,1,0.2232591914504342,0.2232591914504342,0.0,1626.641387507589,1626.641387507589,0.0,2.1466449091311963,2.1466449091311963,0.0,1,0.1751374723113357,0.1751374723113357,0.0,1731.048908814373,1731.048908814373,0.0,1.5491972836322443,1.5491972836322443,0.0,0.3456380467878494,1.9273147859364683,0.7216150240760787,1.802100359604244,0.5207282429723196,1.304511406063589,32.529561789937404,99.95362856480408,99.95362856480408,0,0,0,1,-357.4586295283324,1,2,0,0.0,0.0,0.0,0.0,0.0,0.0,0,0,0,0,-74.17336413278217,5,6,0,0.0,0.0,0.0,0.0,0.0,0.0,0.0,0.0,0.0,0.0,0,5.0,0.0,4.0,4.0,0,3.0,0.0,3.0,3.0,0,0.0,0.0,0.0,0.0,1,erup_dry
0,1.0,-0.07845909572784482,4,12.3,2022-04-25 12:18:11.550,0,3.2693872044434005,1,1.801267082446195,1.801267082446195,0.0,146.0,146.0,0.0,54.9331566176367,54.9331566176367,0.0,1,1.1206024872760736,1.1206024872760736,0.0,104.0,104.0,0.0,42.61850307417133,42.61850307417133,0.0,121.67520341743138,64.59453227298098,317.6784179569355,42.54579600262712,100919.5772356214,20.40180170620937,1,0.1091295964013958,0.1091295964013958,0.0,768.0,768.0,0.0,0.9716881031586382,0.9716881031586382,0.0,1,0.0137604671571924,0.0137604671571924,0.0,100.0,100.0,0.0,0.7628809126591198,0.7628809126591198,0.0,0.0888163998896522,0.8212013492142104,0.3610900104843018,0.8387736647936701,0.1303859956715531,0.2633209229489032,1,0.8726616216300727,0.8726616216300727,0.0,14.0,14.0,0.0,265.8403451503225,265.8403451503225,0.0,1,0.0905074000195327,0.0905074000195327,0.0,20.0,20.0,0.0,64.79572002025054,64.79572002025054,0.0,108.59778983151334,176.92583655227867,546.6593140695941,116.29914514778288,298836.40565903904,60.857491586084,1,0.3419114305469062,0.3419114305469062,0.0,1634.3324734329644,1634.3324734329644,0.0,2.3721162389537707,2.3721162389537707,0.0,1,0.0023927555838683,0.0023927555838683,0.0,52.0,52.0,0.0,1.3907826162179435,1.3907826162179435,0.0,0.9341983974904788,2.0994407516884617,4.843554647788125,1.7732722547273572,23.460021626109945,1.076215091753382,27.405518200788315,99.95362856480408,99.95362856480408,0,0,0,0,-40.17598678544191,1,1,0,0.0,0.0,0.0,0.0,0.0,0.0,0,0,0,0,145.66683068873445,4,5,0,0.0,0.0,0.0,0.0,0.0,0.0,0.0,0.0,0.0,0.0,0,6.0,3.0,3.0,2.0,0,9.0,5.0,5.0,5.0,1,15.5627,0.0,10.3751,10.3751,1,erup_dry
1,0.8660254037844387,0.9896513868196701,5,5.45,2022-05-02 05:27:58.025,0,3.3307656865781827,1,6.895319008168286,6.895319008168286,0.0,288.2705391614388,288.2705391614388,0.0,65.53005163734503,65.53005163734503,0.0,1,0.9606472328680198,0.9606472328680198,0.0,480.0,480.0,0.0,49.804504644477305,49.804504644477305,0.0,23.68101228715532,79.37029926527569,57.80611682954662,56.4329255110527,3341.5471429111926,29.241941202777006,1,0.1395233450563109,0.1395233450563109,0.0,840.134436799578,840.134436799578,0.0,0.9728230190354248,0.9728230190354248,0.0,1,0.085699228628067,0.085699228628067,0.0,485.4303947475878,485.4303947475878,0.0,0.8104231432630589,0.8104231432630589,0.0,0.0910044808847732,0.7903485712218288,0.315023819380882,0.8495117255879538,0.0992400067773185,0.2537837030735018,1,51.90693604979418,51.90693604979418,0.0,1444.3238214857502,1444.3238214857502,0.0,368.2967515161336,368.2967515161336,0.0,1,100.82902164022164,100.82902164022164,0.0,908.52063814846,908.52063814846,0.0,238.36632189681572,238.36632189681572,0.0,52.484847033939786,331.2998598830331,213.7370919464324,296.62447180014067,45683.544473717695,86.3390770361856,1,0.2443007397647694,0.2443007397647694,0.0,1381.251412029104,1381.251412029104,0.0,2.929434282528011,2.929434282528011,0.0,2,0.2521335543052598,0.5004217925294259,0.248288238224166,1339.4083600490471,2664.8167200980943,1325.4083600490471,2.127589293131368,1.9829451599402232,0.1446441331911441,0.2938533422145489,2.553129794081815,0.7920027080988578,2.43450866126484,0.6272682896359245,1.5115438280198934,48.82912126130304,99.95362856480408,99.95362856480408,0,0,0,0,175.3847871131362,2,4,0,0.0,0.0,0.0,0.0,0.0,0.0,0,0,0,1,-965.778548884714,6,4,0,0.0,0.0,0.0,0.0,0.0,0.0,0.0,0.0,0.0,0.0,0,12.0,1.0,9.0,8.0,0,13.0,5.0,5.0,2.0,0,20.6156,12.1516,12.1516,12.1516,1,erup_rainy
1,0.8660254037844387,0.9975640502598243,5,6.266666666666667,2022-05-17 06:16:25.448,0,2.9093714637237285,1,1.159666249647202,1.159666249647202,0.0,685.3894063166645,685.3894063166645,0.0,39.280440635179616,39.280440635179616,0.0,1,3.776351639324567,3.776351639324567,0.0,765.4204548893973,765.4204548893973,0.0,34.59941218881499,34.59941218881499,0.0,7.892617562265837,36.8014236771964,14.636272339661094,36.66834610989463,214.22046800072843,21.4009185532672,1,0.0621112941549387,0.0621112941549387,0.0,821.0,821.0,0.0,0.5350033914730362,0.5350033914730362,0.0,1,3.69021898639077e-05,3.69021898639077e-05,0.0,2.0,2.0,0.0,0.4728551951282336,0.4728551951282336,0.0,0.0529534901803086,0.4931455017384834,0.2224035312358156,0.4831947982542931,0.0494633307061604,0.2039658733929517,1,0.0708376932383316,0.0708376932383316,0.0,2.0,2.0,0.0,165.8922813364665,165.8922813364665,0.0,1,4.905568089636134,4.905568089636134,0.0,388.0,388.0,0.0,82.01949932583446,82.01949932583446,0.0,10.44832699116686,124.6718159695156,52.12989035770804,124.39322190616826,2717.525468706662,71.72272433010119,1,0.0011745047421451,0.0011745047421451,0.0,4.0,4.0,0.0,2.8974796263937628,2.8974796263937628,0.0,1,0.079325847975525,0.079325847975525,0.0,1150.1279377446094,1150.1279377446094,0.0,1.9474376278137489,1.9474376278137489,0.0,0.1991608094131543,2.410707772882125,0.6543573010609238,2.4492243190201832,0.4281834774517364,1.576434505763553,38.99837699976814,99.95362856480408,99.95362856480408,0,0,0,0,28.24833220898735,2,4,0,0.0,0.0,0.0,0.0,0.0,0.0,0,0,0,0,6.415325752808851,3,4,0,0.0,0.0,0.0,0.0,0.0,0.0,0.0,0.0,0.0,0.0,0,7.0,3.0,3.0,1.0,0,9.0,0.0,7.0,7.0,0,0.0,0.0,0.0,0.0,1,erup_rainy
1,0.5000000000000003,0.14349262199117932,6,0.55,2022-06-01 00:33:00.000,1,5.0,1,0.0083574682370866,0.0083574682370866,0.0,2.0,2.0,0.0,53.10865546314369,53.10865546314369,0.0,1,1.3815062480481757,1.3815062480481757,0.0,506.0,506.0,0.0,32.755531621484906,32.755531621484906,0.0,17.585145282010018,46.74426391900188,43.012646034069455,34.892646639953284,1850.0877188521504,23.2531764987246,1,0.0292637064366071,0.0292637064366071,0.0,106.0,106.0,0.0,0.7568168873775234,0.7568168873775234,0.0,1,0.0705326063464319,0.0705326063464319,0.0,843.9678267855802,843.9678267855802,0.0,0.6387408464842401,0.6387408464842401,0.0,0.0659945305456012,0.6831025775791841,0.2393754976508238,0.6803690076102004,0.0573006288755795,0.2798117024451836,1,0.8100058337988969,0.8100058337988969,0.0,4.0,4.0,0.0,254.2109274073837,254.2109274073837,0.0,1,31.974822908021764,31.974822908021764,0.0,3656.4748319953887,3656.4748319953887,0.0,158.08660836775826,158.08660836775826,0.0,33.820637623422066,196.29168700126283,97.98629787386312,170.42771951979023,9601.31457102543,130.7288752810597,1,0.3622723778781811,0.3622723778781811,0.0,2979.024255762256,2979.024255762256,0.0,1.55233866084459,1.55233866084459,0.0,1,0.0004045367424942,0.0004045367424942,0.0,4.0,4.0,0.0,1.050279087432907,1.050279087432907,0.0,0.2194112123847652,1.3982757222943885,0.5296980161369712,1.316525030970621,0.280579988299443,0.8818416231348958,54.39369348481336,99.95362856480408,99.95362856480408,0,0,0,0,-52.00590490350007,3,2,0,0.0,0.0,0.0,0.0,0.0,0.0,0,0,0,0,1246.7404167250324,4,4,0,0.0,0.0,0.0,0.0,0.0,0.0,1.0,0.0,1.0,1.0,0,46.0,20.0,20.0,8.0,0,18.0,15.0,15.0,15.0,1,32.5687,16.2844,16.2844,10.8563,1,erup_rainy
1,0.5000000000000003,-0.7009092642998506,6,14.966666666666667,2022-06-27 14:58:41.041,0,2.406125403281095,1,0.7721768461831857,0.7721768461831857,0.0,334.0,334.0,0.0,32.90139844665366,32.90139844665366,0.0,1,0.008875236117241,0.008875236117241,0.0,4.0,4.0,0.0,28.10789592192792,28.10789592192792,0.0,4.406326229902124,32.49641910967482,7.548730810885488,30.05115852801493,56.98333685521187,26.086858785906266,1,0.0258739985504077,0.0258739985504077,0.0,178.0,178.0,0.0,0.9044409949001262,0.9044409949001262,0.0,1,0.0432068815719706,0.0432068815719706,0.0,504.0,504.0,0.0,0.7840586479016914,0.7840586479016914,0.0,0.0328800805427622,0.7613101386775251,0.2170401514470144,0.8378770699671032,0.0471064273401429,0.3288354220244039,2,0.1368587829799565,0.2322714889028247,0.0954127059228682,12.5,21.0,8.5,127.5916236388108,132.88857578381644,5.296952145005633,1,3.094944156546348,3.094944156546348,0.0,396.0,396.0,0.0,101.21095409309088,101.21095409309088,0.0,6.666906480239976,116.74404473219133,18.78865532552357,115.00644514607332,353.0135689413252,91.14918096993928,1,0.2532857637177388,0.2532857637177388,0.0,1417.5942387048635,1417.5942387048635,0.0,2.2596375687307666,2.2596375687307666,0.0,1,0.2098256076442928,0.2098256076442928,0.0,2696.5123602517765,2696.5123602517765,0.0,1.673910275625652,1.673910275625652,0.0,0.1721748344217597,1.940629634351499,0.3704895623767633,1.8584097640182569,0.1372625158301255,1.4546324307044027,60.46835149547879,99.95362856480408,99.95362856480408,0,0,0,0,-8.581152290708316,4,3,0,0.0,0.0,0.0,0.0,0.0,0.0,0,0,0,0,16334.6680729394,6,6,0,0.0,0.0,0.0,0.0,0.0,0.0,0.0,0.0,0.0,0.0,0,5.0,0.0,4.0,4.0,0,103.0,13.0,52.0,39.0,0,51.6386,12.9257,29.0347,19.3565,1,erup_rainy
1,1.2246467991473532e-16,0.8594064115014527,7,3.95,2022-07-09 03:57:09.500,0,2.7803019405121154,1,2.7294944137671067,2.7294944137671067,0.0,1833.82611040798,1833.82611040798,0.0,42.03203078744459,42.03203078744459,0.0,1,0.4970160671009154,0.4970160671009154,0.0,877.4303318489251,877.4303318489251,0.0,39.182292091151446,39.182292091151446,0.0,6.815173703499907,44.69047043315658,16.88251532327202,39.80159594296868,285.0193236405146,34.85277976598685,1,0.0575712929275936,0.0575712929275936,0.0,659.7442014201932,659.7442014201932,0.0,1.0460476481185368,1.0460476481185368,0.0,1,0.0692669927747512,0.0692669927747512,0.0,820.7878013716206,820.7878013716206,0.0,0.7799344712489968,0.7799344712489968,0.0,0.0545337564725842,0.840645994001775,0.2518542144178859,0.8687518006604298,0.0634305453200504,0.3911495611687497,1,27.562692711590785,27.562692711590785,0.0,1895.6513824254057,1895.6513824254057,0.0,198.4658271556363,198.4658271556363,0.0,2,0.2210385277161961,0.3498423529891425,0.1288038252729464,27.0,46.0,19.0,129.30417271990748,100.93844953354382,28.365723186363677,19.44284055536772,169.4045398113855,48.612580486980576,168.67886386865632,2363.1829816031645,91.57876373180872,2,0.5282325784619981,1.0562481495265952,0.5280155710645971,1673.737022404618,3340.474044809236,1666.737022404618,3.022194399864245,3.1404229248973303,0.1182285250330852,1,0.0365357070164604,0.0365357070164604,0.0,154.0,154.0,0.0,1.434179745105751,1.434179745105751,0.0,0.4147932204109484,2.6272508004353923,0.981895699211885,2.57578983619592,0.9641191641307968,1.232079071787035,66.4966380709483,99.95362856480408,99.95362856480408,0,0,0,0,-65.78249514813581,5,5,0,0.0,0.0,0.0,0.0,0.0,0.0,0,0,0,0,-224.26720847869885,5,3,0,0.0,0.0,0.0,0.0,0.0,0.0,0.0,0.0,0.0,0.0,0,9.0,1.0,5.0,4.0,0,9.0,4.0,4.0,2.0,0,7.1461,0.0,7.1461,7.1461,1,erup_rainy
1,1.2246467991473532e-16,0.90630778703665,7,7.666666666666667,2022-07-22 07:40:14.000,0,2.4721074365841087,1,7.07625421579133,7.07625421579133,0.0,1904.6265636828,1904.6265636828,0.0,65.66268473620784,65.66268473620784,0.0,1,1.5089579694286996,1.5089579694286996,0.0,618.7086831842134,618.7086831842134,0.0,43.40014637781172,43.40014637781172,0.0,46.208551962356445,67.44835194418923,341.3268763799454,57.26820074414028,116504.03653929054,38.58458586734592,2,0.0955406181635111,0.1853470879910341,0.089806469827523,922.224159871236,1779.448319742472,857.224159871236,1.291069472815825,1.324745827966967,0.033676355151142,1,0.063835117293348,0.063835117293348,0.0,144.0,144.0,0.0,0.8160482314085655,0.8160482314085655,0.0,0.0608309514491529,1.0769450501974818,0.3130916470426186,1.1168895216206058,0.0980263794478597,0.4985847118863858,1,6.773006438251969,6.773006438251969,0.0,600.0,600.0,0.0,409.5911989509839,409.5911989509839,0.0,1,2.568306334281715,2.568306334281715,0.0,202.0,202.0,0.0,204.77733437492216,204.77733437492216,0.0,87.87512559093426,320.37662976706946,686.0715418788183,279.8644171794782,470694.1605759791,180.7303191899478,1,0.0807818907666226,0.0807818907666226,0.0,921.191047807666,921.191047807666,0.0,2.483457962973094,2.483457962973094,0.0,1,0.4494425240481763,0.4494425240481763,0.0,1354.8943406653502,1354.8943406653502,0.0,1.5591139808163097,1.5591139808163097,0.0,0.2609413310784895,2.0603561507464314,0.8033056509398427,2.0737759643889024,0.6452999688318845,1.1710175861402508,90.86482726640388,99.95362856480408,99.95362856480408,0,0,0,0,-135.32583357974386,4,5,0,0.0,0.0,0.0,0.0,0.0,0.0,0,0,0,0,1157.434965411424,4,7,0,0.0,0.0,0.0,0.0,0.0,0.0,0.0,0.0,0.0,0.0,0,2.0,2.0,2.0,2.0,1,9.0,0.0,7.0,7.0,0,31.1304,5.3639,15.4599,10.096,1,erup_rainy
1,1.2246467991473532e-16,0.25460194820552756,7,0.9833333333333333,2022-07-27 00:59:39.978,0,2.531153020448846,1,2.3226145850113795,2.3226145850113795,0.0,1305.7165789261471,1305.7165789261471,0.0,57.449854225980985,57.449854225980985,0.0,1,0.563068566568603,0.563068566568603,0.0,226.0,226.0,0.0,51.414689682274215,51.414689682274215,0.0,8.629839835678569,56.38497715034384,18.773740511272656,54.55479795226762,352.4533327846001,44.959513102978285,1,0.0801231744422361,0.0801231744422361,0.0,932.2144603364752,932.2144603364752,0.0,1.1748989999180224,1.1748989999180224,0.0,1,0.0372286221462018,0.0372286221462018,0.0,464.0,464.0,0.0,0.991180697098944,0.991180697098944,0.0,0.0439426366013144,1.0006340076131877,0.2660224068020499,1.086679251297198,0.0707679209207553,0.4601468170767676,1,0.0761006884714561,0.0761006884714561,0.0,4.0,4.0,0.0,394.45039278470745,394.45039278470745,0.0,1,11.394323792362854,11.394323792362854,0.0,1334.671007758296,1334.671007758296,0.0,332.19580599326383,332.19580599326383,0.0,19.50452266469081,370.28703477777,54.62186538913899,364.6617202492229,2983.54817858922,307.92079287654855,1,0.007235398190212,0.007235398190212,0.0,130.0,130.0,0.0,2.449666608417873,2.449666608417873,0.0,1,0.4712285663494044,0.4712285663494044,0.0,2309.1323298022444,2309.1323298022444,0.0,1.9020737833036891,1.9020737833036891,0.0,0.1541297708025791,2.2858398015070605,0.4174752732910652,2.241023459426092,0.1742856038094496,1.6907528377186878,57.68606538372363,99.95362856480408,99.95362856480408,0,0,0,0,-58.58448632991545,2,6,0,0.0,0.0,0.0,0.0,0.0,0.0,0,0,0,1,3485.8818590627,3,4,0,0.0,0.0,0.0,0.0,0.0,0.0,0.0,0.0,0.0,0.0,0,7.0,2.0,3.0,1.0,0,5.0,1.0,3.0,2.0,0,7.6995,7.6995,7.6995,7.6995,1,erup_rainy
1,-0.4999999999999997,0.9550199444571866,8,7.15,2022-08-05 07:09:40.528,0,2.2801575627863606,1,9.5248238137642,9.5248238137642,0.0,976.4472525889296,976.4472525889296,0.0,55.83511819509822,55.83511819509822,0.0,1,9.5248238137642,9.5248238137642,0.0,2093.046462813941,2093.046462813941,0.0,46.31029438133402,46.31029438133402,0.0,35.66990454240746,63.13255753286893,129.14244026054703,52.13948705419151,16677.76987644896,33.332904207031575,1,0.0302506293582349,0.0302506293582349,0.0,370.0,370.0,0.0,1.185391825551216,1.185391825551216,0.0,1,0.1014271615799577,0.1014271615799577,0.0,1685.4884339312982,1685.4884339312982,0.0,1.0417776770325753,1.0417776770325753,0.0,0.0598554637781348,1.0516815135453532,0.2948938924698706,1.1170044101956655,0.0869624078160316,0.4764399655707335,1,51.2622398467235,51.2622398467235,0.0,1908.5949918914837,1908.5949918914837,0.0,259.564516545738,259.564516545738,0.0,1,11.004611057237014,11.004611057237014,0.0,434.0,434.0,0.0,102.89043346299349,102.89043346299349,0.0,64.31227191438768,253.06973772572084,294.8207120900089,212.3346356337838,86919.2522772599,88.79301075473423,1,0.6989814469206044,0.6989814469206044,0.0,2664.9453763780048,2664.9453763780048,0.0,3.592156505660036,3.592156505660036,0.0,1,0.0378406097847783,0.0378406097847783,0.0,170.0,170.0,0.0,2.7677953600035754,2.7677953600035754,0.0,0.4158436920185118,3.2986020392523905,1.3273547466438378,3.098543420314757,1.7618706234379269,2.1037093541735143,59.40180848597264,99.95362856480408,99.95362856480408,0,0,0,0,34.84823215296575,3,5,0,0.0,0.0,0.0,0.0,0.0,0.0,0,0,0,1,-2308.4772428340143,5,4,0,0.0,0.0,0.0,0.0,0.0,0.0,0.0,0.0,0.0,0.0,0,2.0,0.0,1.0,1.0,0,27.0,12.0,12.0,6.0,0,28.4824,0.0,22.7859,22.7859,1,erup_rainy
1,-0.4999999999999997,0.030538513209823103,8,11.883333333333333,2022-08-09 11:53:50.000,0,2.3441979353920006,1,0.4845352682441586,0.4845352682441586,0.0,118.0,118.0,0.0,70.99894920706059,70.99894920706059,0.0,1,1.2880024405571078,1.2880024405571078,0.0,472.0,472.0,0.0,52.02181295429489,52.02181295429489,0.0,3.824980315267059,63.83826327852214,16.46613671507517,60.740459085679234,271.1336583195465,46.97662820978355,1,0.1732866645745341,0.1732866645745341,0.0,1822.9324786981672,1822.9324786981672,0.0,1.3218811024675716,1.3218811024675716,0.0,1,0.0008198672379025,0.0008198672379025,0.0,4.0,4.0,0.0,1.127861781298682,1.127861781298682,0.0,0.0448376172750356,1.175468192178423,0.2600948542675051,1.239778088490788,0.0676493332164347,0.6483298347530777,1,169.07845504288002,169.07845504288002,0.0,3220.3503522454585,3220.3503522454585,0.0,381.5781128945201,381.5781128945201,0.0,1,5.416941419628699,5.416941419628699,0.0,483.9153431817776,483.9153431817776,0.0,186.3872219388727,186.3872219388727,0.0,24.0319815260776,291.6617054077867,97.72968106603116,286.3482087922607,9551.09056126817,159.82541473205856,1,0.4282074671380438,0.4282074671380438,0.0,3937.9356889778182,3937.9356889778182,0.0,3.664573054658666,3.664573054658666,0.0,2,0.0843848979968104,0.0884284945031184,0.0040435965063079,652.5493686050372,848.1889585521831,195.63958994714585,3.2408406088676864,3.236365587520622,0.0044750213470641,0.2182312256930917,3.431354258593664,0.5771339131225015,3.4306608351187005,0.3330835536760911,2.414515501526965,70.71643867377695,99.95362856480408,99.95362856480408,0,0,0,0,-141.95667046172332,3,4,0,0.0,0.0,0.0,0.0,0.0,0.0,0,0,0,1,755.1657177544215,4,4,0,0.0,0.0,0.0,0.0,0.0,0.0,0.0,0.0,0.0,0.0,0,0.0,0.0,0.0,0.0,0,7.0,7.0,7.0,7.0,1,16.6798,8.3399,8.3399,8.3399,1,erup_rainy
1,-0.4999999999999997,-0.047978128521344754,8,23.816666666666666,2022-08-13 23:49:59.408,0,2.1868712313832512,1,5.365367248982231,5.365367248982231,0.0,1653.9717594048625,1653.9717594048625,0.0,49.663063624471526,49.663063624471526,0.0,1,0.0241735749940446,0.0241735749940446,0.0,8.0,8.0,0.0,38.33492247703423,38.33492247703423,0.0,7.193232408797736,47.84753838769888,15.285669520753448,44.40287891738181,233.65169269769092,35.06545678452133,1,0.1274315711714895,0.1274315711714895,0.0,1824.3331600963572,1824.3331600963572,0.0,1.148794918221668,1.148794918221668,0.0,1,0.1526292004886006,0.1526292004886006,0.0,624.9174146777293,624.9174146777293,0.0,0.9479310641407585,0.9479310641407585,0.0,0.0356626939587239,0.9924870943131044,0.2553293165371602,1.0762066808767703,0.0651930598833333,0.5079394005394262,1,164.11536692755766,164.11536692755766,0.0,3655.445627144851,3655.445627144851,0.0,304.93287027694663,304.93287027694663,0.0,1,0.4114290252607731,0.4114290252607731,0.0,6.174395702467791,6.174395702467791,0.0,118.94786754500186,118.94786754500186,0.0,19.44890012088296,214.09212977140083,96.9097259779182,186.7996798484463,9391.494989115194,96.3954175149376,1,1.2053874674760303,1.2053874674760303,0.0,3675.233356629636,3675.233356629636,0.0,4.146705534747268,4.146705534747268,0.0,1,0.0002855219332715,0.0002855219332715,0.0,2.0,2.0,0.0,2.740741658454103,2.740741658454103,0.0,0.3155710980807907,3.648894780452129,1.048882268981035,3.434645723005169,1.1001540141828048,2.402007381637691,62.62462323208904,99.95362856480408,99.95362856480408,0,0,0,0,5.4399174747975385,4,3,0,0.0,0.0,0.0,0.0,0.0,0.0,0,0,0,1,-51.22504929700853,4,5,0,0.0,0.0,0.0,0.0,0.0,0.0,2.0,1.0,1.0,1.0,0,8.0,4.0,4.0,2.0,0,10.0,0.0,10.0,10.0,0,24.4722,12.2361,12.2361,12.2361,1,erup_rainy
1,-0.4999999999999997,-0.8012538126910612,8,20.45,2022-08-22 20:27:34.686,0,3.012402702186305,1,5.760622976215718,5.760622976215718,0.0,2293.348935748918,2293.348935748918,0.0,35.8884213070345,35.8884213070345,0.0,1,0.959662283152376,0.959662283152376,0.0,146.0,146.0,0.0,28.448411813331404,28.448411813331404,0.0,7.679890138428544,36.68924650167924,14.53794460603739,33.29584898627862,211.3518333682117,25.46789651996145,1,0.0836510019773107,0.0836510019773107,0.0,1755.2177763948607,1755.2177763948607,0.0,0.9654918416011384,0.9654918416011384,0.0,1,0.0731148263161856,0.0731148263161856,0.0,484.0,484.0,0.0,0.8285222204124789,0.8285222204124789,0.0,0.0327522531386945,0.8354770164293845,0.2192478100696662,0.9162767132277558,0.0480696022203444,0.3918908437765995,1,108.7628781943216,108.7628781943216,0.0,2818.2503353948537,2818.2503353948537,0.0,218.07706329164856,218.07706329164856,0.0,1,24.611878346051554,24.611878346051554,0.0,996.6583084412824,996.6583084412824,0.0,70.08826938274362,70.08826938274362,0.0,17.314673827773365,147.7010219265667,75.43012716847399,125.02812807765714,5689.704084652159,55.054766286829285,2,0.0839080414497095,0.1668641177124512,0.0829560762627417,284.07166860384007,566.1433372076801,282.07166860384007,3.613898336120416,3.624838781929862,0.0109404458094464,1,0.2403049132253647,0.2403049132253647,0.0,1011.6504666314086,1011.6504666314086,0.0,2.2404003319769323,2.2404003319769323,0.0,0.2629080085825413,2.9445894014723804,0.7551800721124768,2.8131622001744705,0.5702969413158058,1.835161167847168,58.938094134013454,99.95362856480408,99.95362856480408,0,0,0,1,16.09806289447496,3,4,0,0.0,0.0,0.0,0.0,0.0,0.0,0,0,0,1,-39.10865268921346,4,3,1,8.453862772772298e-06,-6.260860860991413,-0.0014992447642582,0.001500533970703,7.233333333333333,0.6619109855647975,0.0,0.0,0.0,0.0,0,3.0,0.0,2.0,2.0,0,0.0,0.0,0.0,0.0,0,0.0,0.0,0.0,0.0,1,erup_rainy
1,-0.4999999999999997,0.9840406976462908,8,5.316666666666666,2022-08-29 05:19:22.544,0,2.026736889584726,1,0.0075549284507445,0.0075549284507445,0.0,2.0,2.0,0.0,33.91282864752499,33.91282864752499,0.0,1,1.5655633930709811,1.5655633930709811,0.0,1609.6273209372812,1609.6273209372812,0.0,25.360123963675875,25.360123963675875,0.0,9.74524520532293,31.557350489730727,13.845371237310502,26.77283606718108,191.69430469894493,22.37792035776048,1,0.1451919346666891,0.1451919346666891,0.0,857.863558690394,857.863558690394,0.0,0.8920717720909838,0.8920717720909838,0.0,1,0.1647738957392919,0.1647738957392919,0.0,2036.5040551035104,2036.5040551035104,0.0,0.7266221146048206,0.7266221146048206,0.0,0.0432008260127415,0.762464250954726,0.2390120432977941,0.8342835839907545,0.0571267568413866,0.3225084022970634,1,24.491537613538213,24.491537613538213,0.0,674.0,674.0,0.0,193.97863669490943,193.97863669490943,0.0,1,32.19363658702247,32.19363658702247,0.0,1858.2263258213416,1858.2263258213416,0.0,66.59940029152534,66.59940029152534,0.0,10.898838011336991,110.4601674119552,59.43381585711778,87.68525002631772,3532.3784673377845,48.91738633282811,1,0.5589323888418969,0.5589323888418969,0.0,1250.752429272397,1250.752429272397,0.0,3.623496750928597,3.623496750928597,0.0,1,0.5153356693218698,0.5153356693218698,0.0,3070.455180868464,3070.455180868464,0.0,2.7408066255357344,2.7408066255357344,0.0,0.1990626889855437,3.12412065624474,0.7137383793037705,3.004710346531684,0.509422474091173,2.0348357521306464,59.86552283793184,99.95362856480408,99.95362856480408,0,0,0,0,-1.185808070554528,2,1,0,0.0,0.0,0.0,0.0,0.0,0.0,0,0,0,0,-10.78114419525859,5,4,0,0.0,0.0,0.0,0.0,0.0,0.0,0.0,0.0,0.0,0.0,0,2.0,0.0,2.0,2.0,0,9.0,0.0,9.0,9.0,0,22.6945,5.6736,11.3473,5.6737,1,erup_rainy
1,-0.8660254037844385,0.2630312144579748,9,1.0166666666666666,2022-09-02 01:01:26.514,0,2.731653037793649,1,0.0127369132550896,0.0127369132550896,0.0,2.0,2.0,0.0,27.275067518350973,27.275067518350973,0.0,1,0.0030375962504933,0.0030375962504933,0.0,2.0,2.0,0.0,22.92728421578186,22.92728421578186,0.0,5.709626836476768,28.001471545835045,10.715562531098223,24.293809471047982,114.82328035787616,21.76382310348612,1,0.087154916770511,0.087154916770511,0.0,2359.614962658581,2359.614962658581,0.0,0.9550658638944896,0.9550658638944896,0.0,2,0.002285206957533,0.0040230314924384,0.0017378245349053,47.221999821330655,90.44399964266132,43.221999821330655,0.7320493420476212,0.6184393420457619,0.1136100000018592,0.031047582822783,0.8150237459249644,0.2102377332655259,0.879011957425156,0.0441999044886264,0.3709702940257278,1,0.0041091898707463,0.0041091898707463,0.0,4.0,4.0,0.0,102.28496205975658,102.28496205975658,0.0,1,6.095892366980323,6.095892366980323,0.0,613.5452797670487,613.5452797670487,0.0,79.71604485752462,79.71604485752462,0.0,34.85827205044502,112.40763224218436,234.62303246743,89.22502544081698,55047.96736421272,69.20154499846436,1,0.1274361155078098,0.1274361155078098,0.0,1742.651144786769,1742.651144786769,0.0,2.27851485779477,2.27851485779477,0.0,1,0.0013786942785209,0.0013786942785209,0.0,6.0,6.0,0.0,1.946679093837677,1.946679093837677,0.0,0.5124737213969646,2.147418529745959,2.3498490735477957,2.108716587984065,5.521790668453432,1.4430494383171464,100.02318571759795,99.95362856480408,99.95362856480408,0,0,0,0,37.23402049873403,5,6,0,0.0,0.0,0.0,0.0,0.0,0.0,0,0,0,0,30.683575808388248,4,5,0,0.0,0.0,0.0,0.0,0.0,0.0,0.0,0.0,0.0,0.0,0,3.0,1.0,1.0,0.0,0,21.0,4.0,11.0,7.0,0,39.8106,11.4425,22.6945,17.0209,1,erup_rainy
1,-0.8660254037844385,0.7853169308807448,9,8.55,2022-09-05 08:33:14.206,0,2.5845504692800025,1,0.0991003871292548,0.0991003871292548,0.0,60.0,60.0,0.0,42.048950943487455,42.048950943487455,0.0,1,0.0009833335817752,0.0009833335817752,0.0,2.0,2.0,0.0,23.81254593746141,23.81254593746141,0.0,12.688491598103266,37.10722388980242,55.08175252569739,27.857082382304835,3033.9994613021704,22.950927590633224,1,0.0629289192719522,0.0629289192719522,0.0,2665.337134018326,2665.337134018326,0.0,0.9615310259758376,0.9615310259758376,0.0,1,0.0432616673598308,0.0432616673598308,0.0,188.0,188.0,0.0,0.6458434916957276,0.6458434916957276,0.0,0.0493937411525433,0.8464606398136475,0.244947049857154,0.9149141389292744,0.059999057233723,0.3632306798747466,1,0.404917913299414,0.404917913299414,0.0,4.0,4.0,0.0,297.72762463889603,297.72762463889603,0.0,1,0.7498924564948624,0.7498924564948624,0.0,206.0,206.0,0.0,79.40029673518355,79.40029673518355,0.0,38.94196300817233,144.04134286371183,132.2522321226344,107.61336068853431,17490.652901419176,74.14601163378148,1,0.0007726415524946,0.0007726415524946,0.0,2.0,2.0,0.0,3.612019457562788,3.612019457562788,0.0,1,0.0169422361711357,0.0169422361711357,0.0,204.0,204.0,0.0,1.636198030909405,1.636198030909405,0.0,0.4100468740307813,2.590302053324412,1.426608322947187,2.3756618979038326,2.035211307102186,1.4790772148678422,100.02318571759795,99.95362856480408,99.95362856480408,0,0,0,1,50.245245887623724,4,4,0,0.0,0.0,0.0,0.0,0.0,0.0,0,0,0,0,-96.0202117705498,5,4,1,1.5574428736374335e-05,-12.05636973994522,-0.0027145062395335,0.0027649440737844,30.25,0.5012266104187661,0.0,0.0,0.0,0.0,0,0.0,0.0,0.0,0.0,0,10.0,0.0,8.0,8.0,0,57.212500000000006,0.0,34.3275,34.3275,1,erup_rainy
1,-0.8660254037844385,0.8910065241883679,9,7.8,2022-09-14 07:48:40.741,0,2.9116931474176173,1,0.0133075516835283,0.0133075516835283,0.0,4.0,4.0,0.0,24.31876681746635,24.31876681746635,0.0,1,1.311810017631899,1.311810017631899,0.0,1510.6385260551024,1510.6385260551024,0.0,22.658592745428912,22.658592745428912,0.0,26.663322081778706,30.136214331076363,50.463516594334166,23.63388633414939,2546.56650706664,20.914513008150543,1,0.08129188806406,0.08129188806406,0.0,532.0,532.0,0.0,0.9064831384599226,0.9064831384599226,0.0,1,0.0745402124276861,0.0745402124276861,0.0,942.1789765715512,942.1789765715512,0.0,0.7846758531734657,0.7846758531734657,0.0,0.0539158082222174,0.780630819274143,0.2232342031972549,0.8297110821521276,0.0498335094771133,0.3698366966076069,1,0.0249151274154542,0.0249151274154542,0.0,2.0,2.0,0.0,96.17605617331742,96.17605617331742,0.0,2,8.220910250105796,14.99518519162227,6.774274941516474,1992.9529389661063,3569.9058779322127,1576.9529389661063,77.54705020477822,77.04305431425288,0.5039958905253314,24.09856491112195,91.16322681580628,71.190064443603,83.30418870918108,5068.02527548435,67.44844841668831,1,0.0710184797686173,0.0710184797686173,0.0,622.2969225284323,622.2969225284323,0.0,2.805083547250365,2.805083547250365,0.0,1,0.2520975903081499,0.2520975903081499,0.0,2659.7037969768685,2659.7037969768685,0.0,2.309020605325985,2.309020605325985,0.0,0.3871090547279088,2.6580358151703343,1.0078466223452387,2.501807609137904,1.0157548141727062,1.892653223826986,55.92395084627869,99.95362856480408,99.95362856480408,0,0,0,1,-11.44447847667078,4,3,0,0.0,0.0,0.0,0.0,0.0,0.0,0,0,0,0,-21.347871114227992,4,4,0,0.0,0.0,0.0,0.0,0.0,0.0,0.0,0.0,0.0,0.0,0,3.0,0.0,2.0,2.0,0,35.0,16.0,16.0,10.0,0,18.671,10.6691,10.6691,8.0018,1,erup_rainy
1,-0.8660254037844385,0.8216469379421639,9,8.316666666666666,2022-09-17 08:19:42.569,0,2.026765183613534,1,0.0050202720753027,0.0050202720753027,0.0,10.0,10.0,0.0,26.436653318601724,26.436653318601724,0.0,1,1.3352986239376996,1.3352986239376996,0.0,768.6487000174841,768.6487000174841,0.0,23.98925548269217,23.98925548269217,0.0,34.581823637454455,34.14584688455278,161.58287553616535,24.9083427705654,26109.025666535905,20.97407860632993,1,0.0939948515191532,0.0939948515191532,0.0,764.4222880464943,764.4222880464943,0.0,0.8335829226904274,0.8335829226904274,0.0,1,0.0991258649818502,0.0991258649818502,0.0,765.5013053826481,765.5013053826481,0.0,0.6800539729692807,0.6800539729692807,0.0,0.0490867116667892,0.7105120507082956,0.2529664350609346,0.7493001448158058,0.063992017267438,0.3016153622691037,1,1.7003432544878194,1.7003432544878194,0.0,636.8840601689649,636.8840601689649,0.0,86.77506631751567,86.77506631751567,0.0,1,11.402681984062312,11.402681984062312,0.0,2445.2780258008893,2445.2780258008893,0.0,67.89555100137727,67.89555100137727,0.0,91.51188738253153,108.33326533189108,341.7064995035147,79.26382319423936,116763.3318029455,59.61236665316086,1,0.0060965423780441,0.0060965423780441,0.0,14.0,14.0,0.0,2.352711172352695,2.352711172352695,0.0,1,0.0069966838112902,0.0069966838112902,0.0,116.0,116.0,0.0,1.7648289781761166,1.7648289781761166,0.0,0.3692412746187545,2.293553288946932,1.0148505635056746,2.184236103367676,1.0299216662477857,1.5958991507835156,41.57199165314167,99.95362856480408,99.95362856480408,0,0,0,0,71.59117903790622,2,4,0,0.0,0.0,0.0,0.0,0.0,0.0,0,0,0,0,-3603.760297372552,3,4,0,0.0,0.0,0.0,0.0,0.0,0.0,0.0,0.0,0.0,0.0,0,2.0,0.0,2.0,2.0,0,9.0,4.0,5.0,1.0,0,17.29,11.9554,11.9554,6.620799999999999,1,erup_rainy
1,-0.8660254037844385,0.5842496656374347,9,9.616666666666667,2022-09-24 09:37:26.627,0,2.388951153133548,1,1.1352464398320803,1.1352464398320803,0.0,350.0,350.0,0.0,25.85382278288652,25.85382278288652,0.0,1,0.3610486569979869,0.3610486569979869,0.0,446.0,446.0,0.0,21.985806995688563,21.985806995688563,0.0,7.485904695421542,28.28419899470546,11.939939095787423,23.851510226748864,142.56214561111298,20.955944073707304,1,0.0107358884461641,0.0107358884461641,0.0,118.0,118.0,0.0,0.929949654472183,0.929949654472183,0.0,1,0.0001569560889328,0.0001569560889328,0.0,2.0,2.0,0.0,0.6938285592282185,0.6938285592282185,0.0,0.0434582005589539,0.794790822092533,0.218023898438107,0.834586120487775,0.0475344202901499,0.3633171014857504,1,24.235414428697283,24.235414428697283,0.0,560.0,560.0,0.0,149.44885301820776,149.44885301820776,0.0,1,15.703261889007038,15.703261889007038,0.0,1372.2963859758702,1372.2963859758702,0.0,69.40177452873064,69.40177452873064,0.0,9.767397122540748,111.38623805001998,50.754965546989695,101.3068863380214,2576.066527676111,59.45395474770787,1,0.2846468162618705,0.2846468162618705,0.0,2680.508339169499,2680.508339169499,0.0,2.2984884445837865,2.2984884445837865,0.0,1,0.0322457145024519,0.0322457145024519,0.0,182.0,182.0,0.0,1.0981904874579884,1.0981904874579884,0.0,0.2647736755950368,1.9503774720817504,1.2722998633923572,2.000858408687893,1.618746942388211,0.9422729986354584,47.71620681660097,99.95362856480408,99.95362856480408,0,0,0,0,-73.03863713281359,2,2,0,0.0,0.0,0.0,0.0,0.0,0.0,0,0,0,0,18.8256223614444,6,2,0,0.0,0.0,0.0,0.0,0.0,0.0,2.0,2.0,2.0,2.0,1,1.0,0.0,1.0,1.0,0,10.0,10.0,10.0,10.0,1,6.9296,3.4648,3.4648,3.4648,1,erup_rainy
1,-1.0,-0.918791210148898,10,16.45,2022-10-01 16:27:24.986,0,3.398864581554548,2,0.2171578094950135,0.3414609666653803,0.1243031571703667,36.0,54.0,18.0,51.53935233366208,51.92348485703437,0.3841325233722976,1,0.1747680148706614,0.1747680148706614,0.0,737.0,737.0,0.0,24.44503008238669,24.44503008238669,0.0,12.187797102463389,39.0657524116855,36.8895834015271,27.66096757184047,1360.8413635382235,20.41970298949099,1,0.0062295871894931,0.0062295871894931,0.0,78.05776678755876,78.05776678755876,0.0,0.9279888556221852,0.9279888556221852,0.0,1,0.005783552098762,0.005783552098762,0.0,724.0,724.0,0.0,0.6424265918885167,0.6424265918885167,0.0,0.0466783689370512,0.7516489346809931,0.2855511550767483,0.7641039281669868,0.0815394621656651,0.3035243881482679,1,0.0404960854071561,0.0404960854071561,0.0,4.0,4.0,0.0,80.77361076349453,80.77361076349453,0.0,1,26.296370534931214,26.296370534931214,0.0,3753.287851330735,3753.287851330735,0.0,42.21182432527114,42.21182432527114,0.0,28.54253280495518,102.88234653317004,123.26759812329271,55.75755613577365,15194.900747085598,36.592065388882695,1,0.0226823858511191,0.0226823858511191,0.0,55.89464691207286,55.89464691207286,0.0,3.518007300289655,3.518007300289655,0.0,1,0.0002520020854679,0.0002520020854679,0.0,2.0,2.0,0.0,2.2215583433682866,2.2215583433682866,0.0,0.4013353383877059,2.692985488750552,1.1061847776514349,2.5881072233756863,1.2236447623077544,1.3647113127157355,54.1386505912358,99.95362856480408,99.95362856480408,0,0,0,0,8.18196950012073,4,3,0,0.0,0.0,0.0,0.0,0.0,0.0,0,0,0,1,-20.978042099856825,3,5,0,0.0,0.0,0.0,0.0,0.0,0.0,0.0,0.0,0.0,0.0,0,4.0,0.0,3.0,3.0,0,18.0,3.0,15.0,15.0,0,40.3143,19.6013,19.6013,10.0014,1,erup_rainy
1,-1.0,0.2419218955996677,10,0.9333333333333333,2022-10-09 00:56:27.037,0,2.018815845374086,1,11.212931077644264,11.212931077644264,0.0,1418.5011916467806,1418.5011916467806,0.0,67.2742548180727,67.2742548180727,0.0,1,0.0088717078346221,0.0088717078346221,0.0,2.0,2.0,0.0,32.050639180301644,32.050639180301644,0.0,17.782975758026414,51.139248305319626,61.43104327604349,44.45097105522009,3773.773077983128,25.33272941655068,1,0.2262545428523814,0.2262545428523814,0.0,1468.3229771938104,1468.3229771938104,0.0,1.161188147915221,1.161188147915221,0.0,1,0.0538334030277983,0.0538334030277983,0.0,1300.0746642519491,1300.0746642519491,0.0,0.7336835736366447,0.7336835736366447,0.0,0.0609275024469724,0.8273738096609924,0.2869746419255606,0.8155537183493418,0.0823544451083037,0.3543058385598502,1,93.04224592766496,93.04224592766496,0.0,1104.2662115550588,1104.2662115550588,0.0,560.7568103194458,560.7568103194458,0.0,1,0.0650766996699587,0.0650766996699587,0.0,2.0,2.0,0.0,192.0726082608176,192.0726082608176,0.0,57.57152971736938,327.6128302611156,187.3721662093008,258.56706954661223,35108.32866996583,138.49425812571548,1,0.3833059942513053,0.3833059942513053,0.0,3336.129566209353,3336.129566209353,0.0,2.4318867120638465,2.4318867120638465,0.0,2,0.0010834624945206,0.0016534963058418,0.0005700338113212,6.0,6.0,0.0,1.8770780261161988,1.737714295051401,0.1393637310647977,0.253975537750149,2.208626460684476,0.5323284510708248,2.1745308293498864,0.2833735798194635,1.3497789935590356,100.02318571759795,99.95362856480408,99.95362856480408,0,0,0,0,-64.34807301317474,5,3,0,0.0,0.0,0.0,0.0,0.0,0.0,0,0,0,0,-125.96522891495984,5,2,0,0.0,0.0,0.0,0.0,0.0,0.0,0.0,0.0,0.0,0.0,0,0.0,0.0,0.0,0.0,0,8.0,5.0,5.0,5.0,1,56.9142,28.4571,28.4571,21.3428,1,erup_rainy
1,-1.0,-0.3665012267242969,10,13.433333333333334,2022-10-20 13:26:26.963,0,2.934107626847491,1,0.6988252315528172,0.6988252315528172,0.0,230.0,230.0,0.0,33.24674277631901,33.24674277631901,0.0,1,7.829100438057964,7.829100438057964,0.0,3973.455279628756,3973.455279628756,0.0,24.504159086311127,24.504159086311127,0.0,33.78947541780831,41.31012163642712,167.6416218705403,29.601438543295476,28103.713383385217,22.927930676038365,1,0.1501096925544978,0.1501096925544978,0.0,2513.9699809318936,2513.9699809318936,0.0,0.9018378603448516,0.9018378603448516,0.0,1,1.3700586574905138e-05,1.3700586574905138e-05,0.0,2.0,2.0,0.0,0.6959320693482147,0.6959320693482147,0.0,0.0384509139616406,0.7625789706640963,0.2183842286269343,0.8313959592577191,0.0476916713129811,0.3263284662362063,1,7.40778735529355,7.40778735529355,0.0,178.0,178.0,0.0,170.66934474491595,170.66934474491595,0.0,1,69.41068075063396,69.41068075063396,0.0,3015.884566696648,3015.884566696648,0.0,75.64908676108848,75.64908676108848,0.0,67.74317874713725,148.2408602798697,314.201874763562,115.94086222828798,98722.81810493708,63.81563743777925,1,0.238810441745719,0.238810441745719,0.0,930.8774620572262,930.8774620572262,0.0,3.4452077313327063,3.4452077313327063,0.0,1,0.7285061981355332,0.7285061981355332,0.0,2733.296376322002,2733.296376322002,0.0,2.4079479586964005,2.4079479586964005,0.0,0.8800961464845914,3.252784205466082,5.186064742135527,2.8962980087942083,26.895267509621235,2.1263472369868546,99.97681428240205,99.95362856480408,99.95362856480408,0,0,0,0,-9.20711256576823,5,6,0,0.0,0.0,0.0,0.0,0.0,0.0,0,0,0,1,-31.285026887557503,4,4,0,0.0,0.0,0.0,0.0,0.0,0.0,0.0,0.0,0.0,0.0,0,7.0,5.0,5.0,4.0,1,6.0,0.0,6.0,6.0,0,10.7156,0.0,10.7156,10.7156,1,erup_rainy
1,-0.866025403784439,0.7660444431189783,11,8.666666666666666,2022-11-19 08:40:53.944,0,3.056409535418755,1,2.81373869127242,2.81373869127242,0.0,20.0,20.0,0.0,421.6893563588792,421.6893563588792,0.0,1,9.266034542512344,9.266034542512344,0.0,3222.698521185156,3222.698521185156,0.0,31.63230861758366,31.63230861758366,0.0,32.41884127487935,112.67891030380804,164.86682214580992,37.220422838858426,27181.06904445812,27.732612448503485,2,0.0021835858916882,0.0023820462432593,0.0001984603515711,33.0,40.0,7.0,1.0206610179536435,1.0699092575948992,0.0492482396412556,2,0.031130694733487,0.0335472447987789,0.0024165500652918,430.5,595.0,164.5,0.6508105248044873,0.5925978466676877,0.0582126781367997,0.04429670927456,0.784499940348543,0.2644192226999517,0.8092338707922806,0.0699175253332466,0.3266836211669021,1,6.446880775393993,6.446880775393993,0.0,22.0,22.0,0.0,1420.3846281673002,1420.3846281673002,0.0,1,3.3582466531284467,3.3582466531284467,0.0,676.0,676.0,0.0,158.2965251034044,158.2965251034044,0.0,113.83970827072235,441.418392893177,569.7193590480379,193.04079745344143,324580.1480741071,139.85466739151826,1,0.008009372955839,0.008009372955839,0.0,12.0,12.0,0.0,6.736530056739487,6.736530056739487,0.0,1,1.1828053087427248,1.1828053087427248,0.0,3206.2370346628577,3206.2370346628577,0.0,2.1455918804374976,2.1455918804374976,0.0,0.4454947094154045,3.498700938489564,1.8637368226352613,2.8466058971772195,3.47351494404658,1.4420755905971392,100.02318571759795,88.10572687224669,99.95362856480408,0,0,0,1,-70.79792861946585,5,3,0,0.0,0.0,0.0,0.0,0.0,0.0,0,0,0,1,-272.7869477219474,5,6,0,0.0,0.0,0.0,0.0,0.0,0.0,0.0,0.0,0.0,0.0,0,1.0,0.0,1.0,1.0,0,2.0,0.0,2.0,2.0,0,0.0,0.0,0.0,0.0,1,erup_rainy
0,-0.5000000000000004,-0.16934950384902492,12,23.35,2022-12-03 23:21:00.060,0,3.021046481963951,2,0.0179953205777678,0.0287311477561473,0.0107358271783795,2.5,3.0,0.5,64.78457169992878,70.61432607358633,5.829754373657551,2,2.3760082206661366,4.742628696792373,2.3666204761262364,998.6769961401584,1995.3539922803168,996.6769961401584,50.082564074206815,49.57156877515406,0.5109952990527482,11.527211065565378,57.84246126651185,22.956001616438208,54.93807749509871,526.9780102139136,39.14882825391901,2,0.0347807037893956,0.0678967433681455,0.0331160395787499,1137.665395132039,2203.330790264078,1065.665395132039,0.9100243201543056,0.9674496307180438,0.0574253105637381,1,0.0002715431899927,0.0002715431899927,0.0,2.0,2.0,0.0,0.6894020617807426,0.6894020617807426,0.0,0.0459353974025441,0.8009937920465274,0.2197179164867774,0.8283188112129537,0.0482759628252905,0.3939580492788986,1,36.54824279786956,36.54824279786956,0.0,2217.2519423554627,2217.2519423554627,0.0,287.32167467224417,287.32167467224417,0.0,1,0.0970082812218322,0.0970082812218322,0.0,4.0,4.0,0.0,233.00627371688736,233.00627371688736,0.0,30.48532719767547,268.27752212044584,57.61392856933334,264.4805474164378,3319.364765192244,181.26798554864973,1,0.2355687250855984,0.2355687250855984,0.0,2009.5642207444307,2009.5642207444307,0.0,3.463892771372241,3.463892771372241,0.0,1,0.0004431179439117,0.0004431179439117,0.0,2.0,2.0,0.0,2.741801307447937,2.741801307447937,0.0,0.3942188123323913,3.2463047889162504,0.7617968966268844,3.144093353158775,0.5803345117103521,2.1583149769616554,100.02318571759795,99.95362856480408,99.95362856480408,0,0,0,0,66.06198669892997,5,5,0,0.0,0.0,0.0,0.0,0.0,0.0,0,0,0,0,330.2840327330099,4,3,0,0.0,0.0,0.0,0.0,0.0,0.0,0.0,0.0,0.0,0.0,0,2.0,1.0,1.0,1.0,0,0.0,0.0,0.0,0.0,0,52.7679,0.0,38.4165,38.4165,1,erup_dry
0,-0.5000000000000004,0.949699126201877,12,7.216666666666667,2022-12-11 07:13:36.349,0,3.1007977187381,1,0.018182158140064,0.018182158140064,0.0,4.0,4.0,0.0,175.36298466087538,175.36298466087538,0.0,1,0.0129501356532202,0.0129501356532202,0.0,4.0,4.0,0.0,50.91342773411393,50.91342773411393,0.0,18.265206839658088,100.07925121329971,73.39942844118974,58.17296266702231,5387.476095493333,45.39640440974803,1,0.0879201923066511,0.0879201923066511,0.0,1015.0062461977006,1015.0062461977006,0.0,0.9921278534277248,0.9921278534277248,0.0,1,0.0501285162849011,0.0501285162849011,0.0,648.0,648.0,0.0,0.8725613652239225,0.8725613652239225,0.0,0.0395317978428202,0.8588602874310676,0.2251375791229011,0.9234140386842262,0.0506869295333205,0.4184932064832282,1,0.1515748893170894,0.1515748893170894,0.0,4.0,4.0,0.0,601.9512461919494,601.9512461919494,0.0,1,98.49039312170127,98.49039312170127,0.0,3204.8956523857555,3204.8956523857555,0.0,263.0426335733569,263.0426335733569,0.0,30.466390213456087,362.4147331644025,150.753701233641,292.80935348083807,22726.678435641898,204.67149334292364,1,0.0011636845821794,0.0011636845821794,0.0,6.0,6.0,0.0,4.237034752872348,4.237034752872348,0.0,1,1.1478938311001396,1.1478938311001396,0.0,3832.588915748781,3832.588915748781,0.0,2.85807691958537,2.85807691958537,0.0,0.3276833879603638,3.560716010465826,0.8752012096085751,3.403124889201426,0.765977157300313,2.3620045387177178,57.1296081613726,99.95362856480408,99.95362856480408,0,0,0,0,34.35402543738166,3,5,0,0.0,0.0,0.0,0.0,0.0,0.0,0,0,0,1,-1219.8939320827142,6,5,0,0.0,0.0,0.0,0.0,0.0,0.0,0.0,0.0,0.0,0.0,0,2.0,1.0,1.0,1.0,0,0.0,0.0,0.0,0.0,0,0.0,0.0,0.0,0.0,1,erup_dry
0,0.0,0.8433914458128856,1,3.8333333333333335,2024-01-02 03:50:20.159,0,2.418449415397072,1,0.2137227903015173,0.2137227903015173,0.0,16.0,16.0,0.0,60.418859011468165,60.418859011468165,0.0,1,0.0073103690901135,0.0073103690901135,0.0,4.0,4.0,0.0,53.87526474382294,53.87526474382294,0.0,7.542301856265333,61.29650518610558,17.53274416661335,56.50536070923042,307.39711801191453,43.47544495071129,1,0.0089913669689902,0.0089913669689902,0.0,236.0,236.0,0.0,1.2376486975290562,1.2376486975290562,0.0,1,0.014009350348908,0.014009350348908,0.0,587.0,587.0,0.0,1.2102278997428615,1.2102278997428615,0.0,0.0479998727563885,1.1725076236458214,0.1770212900107838,1.210515097193498,0.031336537117082,0.7984587604998217,1,0.5329991854700893,0.5329991854700893,0.0,50.0,50.0,0.0,550.9996824589768,550.9996824589768,0.0,1,0.0859714320121725,0.0859714320121725,0.0,2.0,2.0,0.0,483.623405548488,483.623405548488,0.0,25.650416472837627,517.8282003238616,68.41405172012529,518.8234246461745,4680.482472763978,397.839653248281,1,0.007107908909654,0.007107908909654,0.0,124.0,124.0,0.0,0.9526042747787552,0.9526042747787552,0.0,1,0.0519768235460841,0.0519768235460841,0.0,566.0,566.0,0.0,0.8749511628202404,0.8749511628202404,0.0,0.1565262850726498,0.98188098476234,0.2783499224590746,0.9253547396104606,0.0774786793329728,0.63038342159371,25.295617899373983,38.51147693021099,38.51147693021099,0,1,0,1,11.11862284000669,2,2,0,0.0,0.0,0.0,0.0,0.0,0.0,0,0,0,0,-233.52861988713477,1,3,0,0.0,0.0,0.0,0.0,0.0,0.0,6.0,6.0,6.0,0.0,0,6.0,6.0,6.0,0.0,0,0.0,0.0,0.0,0.0,0,3.5063,3.5063,3.5063,0.0,1,erup_dry
0,0.0,-0.21217767215644653,1,23.183333333333334,2024-01-11 23:11:19.184,0,2.20124725052444,1,114.10893270732824,114.10893270732824,0.0,2244.5822645035746,2244.5822645035746,0.0,201.9318768560308,201.9318768560308,0.0,1,0.1187337559000525,0.1187337559000525,0.0,4.0,4.0,0.0,67.02916557219163,67.02916557219163,0.0,18.35882305356689,139.7974658491013,78.06006965241451,108.13124155579192,6093.374474139805,46.7826741482257,1,0.0613810352643389,0.0613810352643389,0.0,536.0,536.0,0.0,1.194811545828113,1.194811545828113,0.0,1,0.0755599170553736,0.0755599170553736,0.0,1390.5362745657123,1390.5362745657123,0.0,0.9909846343134012,0.9909846343134012,0.0,0.0611198877952043,1.0230712607214667,0.2760789162964676,1.0774210642854012,0.076219568023432,0.4829263247035869,2,0.7211775018754452,1.2086471566294676,0.4874696547540225,9.0,16.0,7.0,649.0791205634372,661.9516400114926,12.872519448055414,1,0.0258304037738525,0.0258304037738525,0.0,2.0,2.0,0.0,423.204774842283,423.204774842283,0.0,39.724629182561074,535.956801697785,125.03280299602392,521.5082355368819,15633.201825042528,373.94485281815673,1,0.0018920547455212,0.0018920547455212,0.0,6.0,6.0,0.0,2.517817750830337,2.517817750830337,0.0,1,0.0134793061310829,0.0134793061310829,0.0,284.0,284.0,0.0,0.970745428253703,0.970745428253703,0.0,0.167024666454249,1.5352443474130466,0.7112936320813523,1.3174066183073914,0.5059386310394822,0.7338758246486533,63.552051936007416,87.38696962670994,87.38696962670994,0,0,0,0,-34.211905505269904,4,6,1,1.029188096830016e-05,-8.588004452544213,-0.0024532364599436,0.0024762184624138,15.45,0.5080819430457201,0,0,0,0,-1782.0310745290235,4,4,0,0.0,0.0,0.0,0.0,0.0,0.0,5.0,1.0,3.0,2.0,0,7.0,0.0,7.0,7.0,0,0.0,0.0,0.0,0.0,0,5.3746,0.0,5.3746,5.3746,1,erup_dry
0,0.0,-0.2249510543438662,1,23.133333333333333,2024-01-23 23:08:24.198,0,2.786853652267896,1,16.589379826808482,16.589379826808482,0.0,1873.751002016445,1873.751002016445,0.0,78.4914021304833,78.4914021304833,0.0,1,0.5566901718021029,0.5566901718021029,0.0,168.0,168.0,0.0,41.29711171594404,41.29711171594404,0.0,16.80537340486337,71.3484370482023,39.21986298696547,57.88994514603085,1538.1976527163438,37.25934353126136,1,0.0008216786083328,0.0008216786083328,0.0,8.0,8.0,0.0,0.9354050944383244,0.9354050944383244,0.0,1,0.0640685911315882,0.0640685911315882,0.0,2120.8871946400413,2120.8871946400413,0.0,0.7317048388732116,0.7317048388732116,0.0,0.065664029810903,0.7940412439013469,0.2085421725352239,0.7917718000306333,0.0434898377257111,0.4424243456051025,1,1.5619842264949284,1.5619842264949284,0.0,10.0,10.0,0.0,446.8824311869336,446.8824311869336,0.0,1,10.248378709015752,10.248378709015752,0.0,432.0,432.0,0.0,384.3395101702337,384.3395101702337,0.0,37.31478532930416,427.8439622500047,87.58271728017674,409.82985123989647,7670.732366179369,326.26192792812105,1,0.4029284344523285,0.4029284344523285,0.0,1997.0494242595448,1997.0494242595448,0.0,2.307700709227127,2.307700709227127,0.0,1,0.0024218920458749,0.0024218920458749,0.0,4.0,4.0,0.0,1.2190358698554118,1.2190358698554118,0.0,0.3438771784367943,1.9016677397378128,0.7119150495675918,1.792386182884902,0.5068230378008266,0.8990670278943312,81.68328309761186,87.89705541386506,87.89705541386506,0,0,0,0,1.3743021468366352,4,5,0,0.0,0.0,0.0,0.0,0.0,0.0,0,0,0,0,-1460.384021019588,4,5,0,0.0,0.0,0.0,0.0,0.0,0.0,0.0,0.0,0.0,0.0,0,0.0,0.0,0.0,0.0,0,0.0,0.0,0.0,0.0,0,0.0,0.0,0.0,0.0,1,erup_dry
0,0.0,0.06975647374412529,1,0.26666666666666666,2024-01-27 00:16:57.801,0,2.0600870888396376,1,0.2008897528551543,0.2008897528551543,0.0,82.0,82.0,0.0,48.30531816352102,48.30531816352102,0.0,1,1.6558703745540768,1.6558703745540768,0.0,804.5004660867467,804.5004660867467,0.0,40.32921286416098,40.32921286416098,0.0,26.65137954155763,50.27164958439553,66.08657637089938,44.99440443317849,4367.435576426716,36.33910862700586,1,0.0523136624357762,0.0523136624357762,0.0,262.2660008246868,262.2660008246868,0.0,1.0242848437082943,1.0242848437082943,0.0,1,0.0027146684344818,0.0027146684344818,0.0,4.0,4.0,0.0,0.7309531620828781,0.7309531620828781,0.0,0.0643175592722171,0.8221897580264538,0.2743169499825371,0.8464543567278977,0.0752497890477217,0.3525753876386583,2,3.2467379912377794,5.578238632162595,2.331500640924816,395.0,678.0,283.0,443.9693912364074,450.2333210745496,6.263929838142246,2,1.3569668598629503,2.711699318091348,1.3547324582283975,148.04074144961464,294.0,145.95925855038536,351.91893266543457,344.8031165514085,7.1158161140260745,57.93688408599076,416.48126169693353,141.21414522323943,404.9734495425308,19941.43481113015,312.72102174113235,1,0.1903209833062137,0.1903209833062137,0.0,3889.787162707461,3889.787162707461,0.0,1.1261314658784345,1.1261314658784345,0.0,1,7.651358481819415e-05,7.651358481819415e-05,0.0,2.0,2.0,0.0,0.8576419229380909,0.8576419229380909,0.0,0.2462568060619603,1.117687113720807,0.4253730517096799,1.0061045748301458,0.180942233120806,0.6869462699736735,67.51680964525852,99.95362856480408,99.95362856480408,0,0,0,0,47.425764442022015,3,1,0,0.0,0.0,0.0,0.0,0.0,0.0,0,0,0,0,-2136.3592537777977,3,6,0,0.0,0.0,0.0,0.0,0.0,0.0,23.0,3.0,20.0,20.0,0,14.0,5.0,7.0,5.0,0,2.0,0.0,2.0,2.0,0,0.0,0.0,0.0,0.0,1,erup_dry
0,0.49999999999999994,-0.7431448254773946,2,20.8,2024-02-04 20:48:23.334,0,1.994523887777138,1,2.991762969929177,2.991762969929177,0.0,709.9225700517436,709.9225700517436,0.0,35.49031081583938,35.49031081583938,0.0,1,3.0839229948710383,3.0839229948710383,0.0,1813.7868846504732,1813.7868846504732,0.0,32.27382028527137,32.27382028527137,0.0,12.515645848485626,42.82930489722042,25.287082357456907,33.72426074107916,639.4365341528083,22.749791679606474,1,0.00166343674144,0.00166343674144,0.0,28.0,28.0,0.0,1.0245064039455194,1.0245064039455194,0.0,1,0.0532189962215949,0.0532189962215949,0.0,554.0,554.0,0.0,0.8130534372060965,0.8130534372060965,0.0,0.0555677656328841,0.8603824221230788,0.2408555914315458,0.9007061590199599,0.0580114159238397,0.3909623601953136,1,2.0392480330988576,2.0392480330988576,0.0,156.0,156.0,0.0,222.798638799946,222.798638799946,0.0,1,40.21727252809097,40.21727252809097,0.0,1942.051666280723,1942.051666280723,0.0,166.01879796638815,166.01879796638815,0.0,20.02854769249533,205.01116739732117,51.02491679944189,202.8581927482159,2603.542134389967,133.2795318021542,1,0.0023988400958612,0.0023988400958612,0.0,10.0,10.0,0.0,1.6655771456232251,1.6655771456232251,0.0,1,0.2809360498774181,0.2809360498774181,0.0,1595.586109325026,1595.586109325026,0.0,0.7425417445120249,0.7425417445120249,0.0,0.1970177308991542,1.2417840031225809,0.6163459293674518,1.1420565360234547,0.3798823046478278,0.5582690724855262,54.34732204961743,75.26083932297705,75.26083932297705,0,0,0,0,1.0857664573032335,4,3,0,0.0,0.0,0.0,0.0,0.0,0.0,0,0,0,0,-1784.51341097229,3,4,0,0.0,0.0,0.0,0.0,0.0,0.0,1.0,1.0,1.0,1.0,1,8.0,5.0,5.0,5.0,1,1.0,1.0,1.0,1.0,1,0.0,0.0,0.0,0.0,1,erup_dry
0,0.49999999999999994,0.9965655024977614,2,6.316666666666666,2024-02-19 06:19:34.579,0,2.3854699888315127,1,0.1811865338362892,0.1811865338362892,0.0,38.0,38.0,0.0,34.05302318032688,34.05302318032688,0.0,1,2.203988205135144,2.203988205135144,0.0,1388.920509045496,1388.920509045496,0.0,27.604820266472547,27.604820266472547,0.0,13.94077983110977,34.55199007839425,24.99947041907509,30.1355908095632,624.9735212342106,22.269967492017077,1,0.0324615135280557,0.0324615135280557,0.0,358.0,358.0,0.0,1.015626620900805,1.015626620900805,0.0,1,0.0551216161083785,0.0551216161083785,0.0,736.5075023534096,736.5075023534096,0.0,0.739547049299238,0.739547049299238,0.0,0.056865568813905,0.8047916556775129,0.2407460617159822,0.8244990497389981,0.0579586662317555,0.3694422788392597,1,5.2475799976118935,5.2475799976118935,0.0,822.0831993491972,822.0831993491972,0.0,218.1439741010872,218.1439741010872,0.0,1,0.1572271404284606,0.1572271404284606,0.0,6.0,6.0,0.0,201.52509702792247,201.52509702792247,0.0,27.72385447772073,205.52242225118871,70.60453827550651,201.2899256250184,4985.000825097465,130.98235494592618,1,0.0058290229874746,0.0058290229874746,0.0,54.0,54.0,0.0,0.7881359904784029,0.7881359904784029,0.0,1,0.0316371977175524,0.0316371977175524,0.0,897.267646337564,897.267646337564,0.0,0.6461473863578968,0.6461473863578968,0.0,0.2717009921110106,1.1392196253874023,0.6110790502570418,0.9164741815842284,0.3734176056630482,0.5139029851959197,57.40783677254812,40.64456294922328,40.64456294922328,0,0,0,1,-74.55364781431129,3,2,0,0.0,0.0,0.0,0.0,0.0,0.0,0,0,0,1,1152.2437252187606,3,2,0,0.0,0.0,0.0,0.0,0.0,0.0,2.0,0.0,2.0,2.0,0,11.0,5.0,5.0,3.0,0,2.0,2.0,2.0,2.0,1,0.0,0.0,0.0,0.0,1,erup_dry
0,0.49999999999999994,0.9537169507482269,2,7.166666666666667,2024-02-23 07:10:01.958,0,2.23653030404423,1,2.9826147478072755,2.9826147478072755,0.0,1939.891587021476,1939.891587021476,0.0,35.540337846161805,35.540337846161805,0.0,1,0.010027250382997,0.010027250382997,0.0,4.0,4.0,0.0,25.85978649641158,25.85978649641158,0.0,8.489732619723222,35.30774653426331,13.148628244139676,32.42219028332614,172.88642470258762,24.227843353656397,1,0.073230227647449,0.073230227647449,0.0,737.6632194137295,737.6632194137295,0.0,0.8532974917296069,0.8532974917296069,0.0,1,0.1903126731724469,0.1903126731724469,0.0,2914.469048971779,2914.469048971779,0.0,0.6581959720480274,0.6581959720480274,0.0,0.047109330285028,0.7285930213722269,0.2325288260321594,0.7713758877837704,0.0540696549358942,0.3055240871459329,0,0.0,0.0,0.0,0.0,0.0,0.0,0.0,0.0,0.0,0,0.0,0.0,0.0,0.0,0.0,0.0,0.0,0.0,0.0,31.59605839294485,226.1008114945772,49.80626736498448,215.8490156508984,2480.664268832318,192.0110148282469,0,0.0,0.0,0.0,0.0,0.0,0.0,0.0,0.0,0.0,0,0.0,0.0,0.0,0.0,0.0,0.0,0.0,0.0,0.0,0.2833714292200915,2.146549101222744,0.551154162306144,2.12690502193255,0.3037709106273873,1.3376587465767535,78.94736842105263,0.0,0.0,0,0,0,1,13.404770122018384,3,5,0,0.0,0.0,0.0,0.0,0.0,0.0,0,0,0,1,13.404770122018384,3,5,0,0.0,0.0,0.0,0.0,0.0,0.0,0.0,0.0,0.0,0.0,0,9.0,1.0,5.0,4.0,0,1.0,1.0,1.0,1.0,1,0.0,0.0,0.0,0.0,1,erup_dry
0,0.49999999999999994,-0.945518575599317,2,19.266666666666666,2024-02-29 19:16:40.176,0,2.8864274963621512,1,0.3416263344584962,0.3416263344584962,0.0,86.0,86.0,0.0,32.468944085513165,32.468944085513165,0.0,1,3.362142620731131,3.362142620731131,0.0,2935.3608305324824,2935.3608305324824,0.0,27.192373808612512,27.192373808612512,0.0,11.006174348655817,32.78128664718512,20.486454410130808,28.77498822784865,419.694814298368,24.27683366360036,1,0.0001983816991503,0.0001983816991503,0.0,2.0,2.0,0.0,0.7259246954824821,0.7259246954824821,0.0,1,0.0594665902639128,0.0594665902639128,0.0,2241.8198644431377,2241.8198644431377,0.0,0.5784499088523105,0.5784499088523105,0.0,0.0462707086850417,0.6073655645234632,0.1723062208499497,0.6242073292870374,0.0296894337435916,0.3011096186794619,0,0.0,0.0,0.0,0.0,0.0,0.0,0.0,0.0,0.0,0,0.0,0.0,0.0,0.0,0.0,0.0,0.0,0.0,0.0,0.0,0.0,0.0,0.0,0.0,0.0,0,0.0,0.0,0.0,0.0,0.0,0.0,0.0,0.0,0.0,0,0.0,0.0,0.0,0.0,0.0,0.0,0.0,0.0,0.0,0.0,0.0,0.0,0.0,0.0,0.0,82.65708323672618,0.0,0.0,0,0,0,1,-19.607236558919244,3,4,0,0.0,0.0,0.0,0.0,0.0,0.0,0,0,0,1,-19.607236558919244,3,4,0,0.0,0.0,0.0,0.0,0.0,0.0,2.0,0.0,1.0,1.0,0,10.0,7.0,7.0,7.0,1,3.0,2.0,2.0,2.0,1,0.0,0.0,0.0,0.0,1,erup_dry
0,0.8660254037844386,0.8549118706729467,3,8.083333333333334,2024-03-05 08:05:20.800,0,2.497907225044295,1,0.0187503321126278,0.0187503321126278,0.0,6.0,6.0,0.0,28.507139482798948,28.507139482798948,0.0,1,0.3253810084175299,0.3253810084175299,0.0,386.0,386.0,0.0,25.56948832600516,25.56948832600516,0.0,10.340108530934224,30.67142033623506,14.424713809349733,26.694030018556944,208.0723684816448,22.528104351131795,1,0.1281864373305947,0.1281864373305947,0.0,1929.0875734226024,1929.0875734226024,0.0,1.12047775130059,1.12047775130059,0.0,1,0.0824497695606194,0.0824497695606194,0.0,979.9691455953276,979.9691455953276,0.0,0.9494347852197552,0.9494347852197552,0.0,0.0510962980528021,0.9493856035380304,0.2825048273064867,1.0120626224590117,0.0798089774514679,0.3952578424230474,0,0.0,0.0,0.0,0.0,0.0,0.0,0.0,0.0,0.0,0,0.0,0.0,0.0,0.0,0.0,0.0,0.0,0.0,0.0,0.0,0.0,0.0,0.0,0.0,0.0,0,0.0,0.0,0.0,0.0,0.0,0.0,0.0,0.0,0.0,0,0.0,0.0,0.0,0.0,0.0,0.0,0.0,0.0,0.0,0.0,0.0,0.0,0.0,0.0,0.0,66.3807094829585,0.0,0.0,0,0,0,0,218.5969672631981,3,5,0,0.0,0.0,0.0,0.0,0.0,0.0,0,0,0,0,218.5969672631981,3,5,0,0.0,0.0,0.0,0.0,0.0,0.0,4.0,3.0,3.0,3.0,1,3.0,3.0,3.0,3.0,1,2.0,1.0,1.0,1.0,0,0.0,0.0,0.0,0.0,1,erup_dry
0,0.8660254037844386,0.017452406437283883,3,11.933333333333334,2024-03-15 11:56:03.498,0,2.648689215791036,1,0.1724170365005193,0.1724170365005193,0.0,180.0,180.0,0.0,33.64675024126578,33.64675024126578,0.0,1,1.9090181970815576,1.9090181970815576,0.0,1893.1709539736376,1893.1709539736376,0.0,31.269621704386445,31.269621704386445,0.0,11.738704023936137,35.92462722050679,23.62509623246604,32.49501067760759,558.1451719932812,28.219064898399765,1,0.0571961956983249,0.0571961956983249,0.0,738.3587472469401,738.3587472469401,0.0,0.9000493814591413,0.9000493814591413,0.0,1,0.0003238335170255,0.0003238335170255,0.0,2.0,2.0,0.0,0.7009307551131516,0.7009307551131516,0.0,0.0671361838616925,0.7924706652021715,0.2586247468932122,0.8294290760529812,0.0668867597055781,0.3276437911308107,0,0.0,0.0,0.0,0.0,0.0,0.0,0.0,0.0,0.0,0,0.0,0.0,0.0,0.0,0.0,0.0,0.0,0.0,0.0,0.0,0.0,0.0,0.0,0.0,0.0,0,0.0,0.0,0.0,0.0,0.0,0.0,0.0,0.0,0.0,0,0.0,0.0,0.0,0.0,0.0,0.0,0.0,0.0,0.0,0.0,0.0,0.0,0.0,0.0,0.0,58.8453512636216,0.0,0.0,0,0,0,0,39.775105615947695,3,5,0,0.0,0.0,0.0,0.0,0.0,0.0,0,0,0,0,39.775105615947695,3,5,0,0.0,0.0,0.0,0.0,0.0,0.0,6.0,5.0,5.0,5.0,1,2.0,1.0,1.0,1.0,0,0.0,0.0,0.0,0.0,0,0.0,0.0,0.0,0.0,1,erup_dry
0,1.0,0.30486429902801077,4,1.1833333333333333,2024-04-01 01:11:07.408,0,2.1782668304219053,1,0.0122912900430058,0.0122912900430058,0.0,6.0,6.0,0.0,29.92621465176948,29.92621465176948,0.0,1,0.0072666202785924,0.0072666202785924,0.0,2.0,2.0,0.0,23.007610979121672,23.007610979121672,0.0,30.511255132457997,31.336266209695008,67.74870583344871,25.489931836017877,4589.887142107168,20.54657244178954,1,0.0324551256237822,0.0324551256237822,0.0,589.3110118406821,589.3110118406821,0.0,0.577301952493161,0.577301952493161,0.0,1,0.0006997376811626,0.0006997376811626,0.0,4.0,4.0,0.0,0.5035662947746975,0.5035662947746975,0.0,0.1288500175567962,0.6244282341085794,0.3571292700608789,0.5528944168172837,0.1275413155342162,0.2608192281971528,0,0.0,0.0,0.0,0.0,0.0,0.0,0.0,0.0,0.0,0,0.0,0.0,0.0,0.0,0.0,0.0,0.0,0.0,0.0,0.0,0.0,0.0,0.0,0.0,0.0,0,0.0,0.0,0.0,0.0,0.0,0.0,0.0,0.0,0.0,0,0.0,0.0,0.0,0.0,0.0,0.0,0.0,0.0,0.0,0.0,0.0,0.0,0.0,0.0,0.0,45.490377927196846,0.0,0.0,0,0,0,0,7.092427165214146,1,1,0,0.0,0.0,0.0,0.0,0.0,0.0,0,0,0,0,7.092427165214146,1,1,0,0.0,0.0,0.0,0.0,0.0,0.0,4.0,3.0,3.0,3.0,1,7.0,3.0,3.0,2.0,0,3.0,2.0,2.0,2.0,1,0.0,0.0,0.0,0.0,1,erup_dry
0,1.0,-0.03489949670250171,4,23.866666666666667,2024-04-08 23:52:46.621,0,3.252907946352458,1,1.3249708361782029,1.3249708361782029,0.0,829.3580657511884,829.3580657511884,0.0,37.35615334209416,37.35615334209416,0.0,1,1.7070797592389937,1.7070797592389937,0.0,418.0,418.0,0.0,26.86301691502318,26.86301691502318,0.0,27.353664350048835,41.44765182304347,47.43292453373234,34.8170129169415,2249.882329822748,22.018109057203283,1,0.0030112320267658,0.0030112320267658,0.0,6.0,6.0,0.0,0.9383491720557512,0.9383491720557512,0.0,1,0.0862562040327055,0.0862562040327055,0.0,1718.7708867874253,1718.7708867874253,0.0,0.7786139970199328,0.7786139970199328,0.0,0.1690074032725076,0.9065539552274297,0.4623455361184299,0.8391788612503424,0.2137633947686383,0.3443769565182003,0,0.0,0.0,0.0,0.0,0.0,0.0,0.0,0.0,0.0,0,0.0,0.0,0.0,0.0,0.0,0.0,0.0,0.0,0.0,0.0,0.0,0.0,0.0,0.0,0.0,0,0.0,0.0,0.0,0.0,0.0,0.0,0.0,0.0,0.0,0,0.0,0.0,0.0,0.0,0.0,0.0,0.0,0.0,0.0,0.0,0.0,0.0,0.0,0.0,0.0,60.02782286111755,0.0,0.0,0,0,0,0,16.08614234644486,3,2,0,0.0,0.0,0.0,0.0,0.0,0.0,0,0,0,0,16.08614234644486,3,2,0,0.0,0.0,0.0,0.0,0.0,0.0,0.0,0.0,0.0,0.0,0,3.0,1.0,2.0,2.0,0,0.0,0.0,0.0,0.0,0,1.6762,0.0,1.6762,1.6762,1,erup_dry
0,1.0,0.10018806161207638,4,11.616666666666667,2024-04-28 11:37:41.279,0,2.0879131034928697,1,4.601229193732138,4.601229193732138,0.0,242.0,242.0,0.0,487.3349688320634,487.3349688320634,0.0,1,37.151585909369885,37.151585909369885,0.0,1308.1453104405502,1308.1453104405502,0.0,368.89060219787774,368.89060219787774,0.0,43.28947006231744,425.29131057529736,122.30376902305534,424.2866634737821,14958.21191724487,219.94918887971463,1,0.0966884820687816,0.0966884820687816,0.0,414.0,414.0,0.0,4.5294152271250745,4.5294152271250745,0.0,1,0.0041334716925161,0.0041334716925161,0.0,2.0,2.0,0.0,3.5987156990415645,3.5987156990415645,0.0,0.269893645399597,3.979031419400033,1.145352328400456,4.1551195105454255,1.311831956172346,1.6883064836591082,1,1.0652751132925005,1.0652751132925005,0.0,4.0,4.0,0.0,4013.209334728726,4013.209334728726,0.0,1,275.18433135951364,275.18433135951364,0.0,1354.375551901313,1354.375551901313,0.0,2815.6066303769458,2815.6066303769458,0.0,232.5319289542463,3466.0913459773847,773.2785373701032,3448.24926921145,597959.6963572461,2197.730786938406,1,1.4458635438252545e-05,1.4458635438252545e-05,0.0,4.0,4.0,0.0,1.8399120255839123,1.8399120255839123,0.0,1,0.0839144849679129,0.0839144849679129,0.0,1995.090261642228,1995.090261642228,0.0,1.703082804550499,1.703082804550499,0.0,0.121590574818642,1.768084943700302,0.2204773208482918,1.7371193988193658,0.0486102490084406,1.4666569298949046,54.64873637839092,79.78205425457918,79.78205425457918,0,0,0,1,-139.55307555653675,4,3,0,0.0,0.0,0.0,0.0,0.0,0.0,0,0,0,0,463.11036477199485,5,4,0,0.0,0.0,0.0,0.0,0.0,0.0,0.0,0.0,0.0,0.0,0,6.0,3.0,3.0,3.0,0,4.0,0.0,4.0,4.0,0,0.0,0.0,0.0,0.0,1,erup_dry
1,0.8660254037844387,0.9999904807207345,5,6.016666666666667,2024-05-09 06:01:44.955,0,1.5747934470145792,1,0.6681089349502827,0.6681089349502827,0.0,10.0,10.0,0.0,683.0797472577243,683.0797472577243,0.0,1,98.00605714163136,98.00605714163136,0.0,1646.0498273765254,1646.0498273765254,0.0,570.126535926767,570.126535926767,0.0,68.81176118080309,652.3146352248176,245.5662478010784,645.4947307102285,60302.78205910063,284.2539627612184,1,0.0797858888918883,0.0797858888918883,0.0,90.0,90.0,0.0,7.007890387233954,7.007890387233954,0.0,1,0.3375839473327389,0.3375839473327389,0.0,688.1032705220973,688.1032705220973,0.0,3.719559359490047,3.719559359490047,0.0,0.4448931699083136,4.84060281135515,2.035193522258996,4.622988270640348,4.142012673044979,1.6303880983403476,0,0.0,0.0,0.0,0.0,0.0,0.0,0.0,0.0,0.0,0,0.0,0.0,0.0,0.0,0.0,0.0,0.0,0.0,0.0,343.95864240375704,3452.6835059712203,805.4547221985036,3502.240151295395,648757.3095118687,1872.443944338909,0,0.0,0.0,0.0,0.0,0.0,0.0,0.0,0.0,0.0,0,0.0,0.0,0.0,0.0,0.0,0.0,0.0,0.0,0.0,0.3141940457028403,2.3765677736161943,0.6372084375277234,2.252255554217284,0.4060345928565226,1.5634383535945808,51.91282170183167,0.0,0.0,0,0,0,0,1586.140283632435,2,3,0,0.0,0.0,0.0,0.0,0.0,0.0,0,0,0,0,1586.140283632435,2,3,0,0.0,0.0,0.0,0.0,0.0,0.0,0.0,0.0,0.0,0.0,0,0.0,0.0,0.0,0.0,0,0.0,0.0,0.0,0.0,0,28.461,28.461,28.461,28.461,1,erup_rainy
1,0.8660254037844387,0.9081431738250815,5,7.65,2024-05-14 07:39:27.660,0,2.571439888349195,1,3.1817689509740603,3.1817689509740603,0.0,18.0,18.0,0.0,848.6197844908315,848.6197844908315,0.0,1,11.628881648946532,11.628881648946532,0.0,85.40537356293726,85.40537356293726,0.0,246.41616101793224,246.41616101793224,0.0,87.86194993891787,567.7303964661596,279.78376133926923,592.3221921546394,78278.95310914918,90.66653267821532,1,0.152084732653642,0.152084732653642,0.0,430.0,430.0,0.0,3.4402071548492783,3.4402071548492783,0.0,1,2.1314378729098135e-05,2.1314378729098135e-05,0.0,4.0,4.0,0.0,2.0831049160489536,2.0831049160489536,0.0,0.1954062413646188,2.8103863383321017,1.0882089238577444,2.8910580868367908,1.18419866196363,0.931313986434015,2,8.753081045803128,14.60185063621384,5.848769590410711,21.9545028421897,41.9090056843794,19.9545028421897,4034.090377130699,4105.7797983041,71.68942117340112,2,26.26537116130908,51.71160481700554,25.44623365569646,78.0,150.0,72.0,1932.1092444807337,625.0372134819689,1307.0720309987646,299.89752438961443,2796.949595652248,1454.6083967384368,3115.8575830634945,2115885.5878619654,394.5507437124297,2,0.0227568186446187,0.0411969079901748,0.018440089345556,95.0,172.0,77.0,2.797733917987374,2.926423656086881,0.1286897380995073,1,0.0404747024535034,0.0404747024535034,0.0,344.0,344.0,0.0,1.9945724633341,1.9945724633341,0.0,0.3114166063789317,2.418989916390816,0.6460982747838336,2.310997661215933,0.4174429806786462,1.4793290125742915,59.77277996753999,86.87688383955484,91.00394157199165,0,0,0,0,-104.53584758936292,2,2,0,0.0,0.0,0.0,0.0,0.0,0.0,0,0,0,0,-61.00924867914224,5,6,1,0.0001755285882609,-117.57482272459362,-0.0311354812463909,0.0311515375671497,10.683333333333334,0.7704315799502043,0.0,0.0,0.0,0.0,0,5.0,5.0,5.0,5.0,1,0.0,0.0,0.0,0.0,0,24.6635,0.0,18.4976,18.4976,1,erup_rainy
1,0.8660254037844387,0.5519369853120583,5,9.766666666666667,2024-05-19 09:46:20.235,0,2.464695813718543,1,0.0576843078021909,0.0576843078021909,0.0,4.0,4.0,0.0,117.29736604432308,117.29736604432308,0.0,1,0.0333007749042906,0.0333007749042906,0.0,2.0,2.0,0.0,89.17805582892998,89.17805582892998,0.0,11.130688900004644,110.9033785637068,31.14063048784217,103.93296928529256,969.7388671803252,72.0936351210761,1,0.2903403271138269,0.2903403271138269,0.0,380.0,380.0,0.0,2.0432415279886227,2.0432415279886227,0.0,1,0.1169885464736869,0.1169885464736869,0.0,404.0,404.0,0.0,0.8234619225254602,0.8234619225254602,0.0,0.1664061881277113,1.4783777326442131,0.950194310930336,1.2752935288475595,0.9028692285243765,0.314024050900426,1,4.358338571287732,4.358338571287732,0.0,266.0,266.0,0.0,761.4572119530173,761.4572119530173,0.0,1,0.9458908014703412,0.9458908014703412,0.0,62.0,62.0,0.0,377.4503188988712,377.4503188988712,0.0,23.3665573212544,593.7997383772723,162.55849430830875,620.7443210776555,26425.264071784448,354.016578795662,2,0.0205688147945379,0.0405222692607329,0.019953454466195,460.5475396605304,919.0950793210608,458.5475396605304,1.5576352700997609,1.5749764175530006,0.0173411474532396,1,0.166318444805386,0.166318444805386,0.0,3468.223327706003,3468.223327706003,0.0,1.3739756778411352,1.3739756778411352,0.0,0.0745879971248662,1.4790705076780737,0.1716960224881657,1.463361396121152,0.0294795241382567,1.2101935636396717,34.56990493855785,99.95362856480408,99.95362856480408,0,0,0,0,16.182565040070084,2,3,0,0.0,0.0,0.0,0.0,0.0,0.0,0,0,0,1,343.11907044354814,4,2,0,0.0,0.0,0.0,0.0,0.0,0.0,3.0,2.0,2.0,2.0,1,2.0,2.0,2.0,2.0,1,3.0,2.0,2.0,2.0,1,51.704,6.2854,26.2866,20.0012,1,erup_rainy
1,0.5000000000000003,0.9978589232386035,6,5.75,2024-06-16 05:45:56.505,0,1.4572819586825323,1,39.842188878918165,39.842188878918165,0.0,1325.0495605886172,1325.0495605886172,0.0,236.38562169689868,236.38562169689868,0.0,1,2.755505178776275,2.755505178776275,0.0,248.0,248.0,0.0,138.00673805771152,138.00673805771152,0.0,20.40039978863061,200.30908281736745,75.03580318901004,182.0552985039613,5630.3717602198485,112.8421220856244,1,0.1621913718541234,0.1621913718541234,0.0,197.4529448687761,197.4529448687761,0.0,2.10252952054902,2.10252952054902,0.0,1,0.3099597309351909,0.3099597309351909,0.0,1916.106490920285,1916.106490920285,0.0,1.7588417745305136,1.7588417745305136,0.0,0.1712156723416055,1.9096871063762608,0.8055476774790072,1.9265085674971247,0.6489070606918226,0.6588574594119591,1,85.75132739018181,85.75132739018181,0.0,1951.6674242877991,1951.6674242877991,0.0,1308.010220785563,1308.010220785563,0.0,1,37.30913904408885,37.30913904408885,0.0,100.0,100.0,0.0,1036.62972518189,1036.62972518189,0.0,84.73632529218754,1211.0226560076424,321.70332177362724,1169.0227664395238,103493.02724018594,744.0076398563358,1,0.087890452851747,0.087890452851747,0.0,476.0,476.0,0.0,2.78061111695263,2.78061111695263,0.0,1,0.2212090424874935,0.2212090424874935,0.0,1202.1184874975231,1202.1184874975231,0.0,2.1175444699145265,2.1175444699145265,0.0,0.2629603852678877,2.3504987186704644,0.95172452216776,2.311791346259652,0.9057795660954512,1.0493870662751876,59.26269418038488,74.56526779503825,74.56526779503825,0,0,0,0,-456.5115114358719,3,4,0,0.0,0.0,0.0,0.0,0.0,0.0,0,0,0,0,-310.47844802524605,7,5,0,0.0,0.0,0.0,0.0,0.0,0.0,3.0,0.0,3.0,3.0,0,1.0,0.0,1.0,1.0,0,0.0,0.0,0.0,0.0,0,71.256,28.0246,34.05,24.8686,1,erup_rainy
1,1.2246467991473532e-16,0.1607425656038261,7,0.6166666666666667,2024-07-01 00:37:32.450,0,2.016119911202107,1,8.370299243752783,8.370299243752783,0.0,346.0,346.0,0.0,54.381553353579065,54.381553353579065,0.0,1,1.6886855818184152,1.6886855818184152,0.0,298.0,298.0,0.0,26.51178242289961,26.51178242289961,0.0,23.153312309554043,58.77352281174097,57.71443930215301,36.63684670813239,3330.956503961904,20.73291161056619,1,0.0932189799160113,0.0932189799160113,0.0,797.0,797.0,0.0,0.803977710872668,0.803977710872668,0.0,1,0.0018090194558236,0.0018090194558236,0.0,34.0,34.0,0.0,0.5218520429659451,0.5218520429659451,0.0,0.0889634886808386,0.7056212892374576,0.3492729156201227,0.6521738282702704,0.1219915695857813,0.2770288484668178,1,0.7791220320345076,0.7791220320345076,0.0,18.0,18.0,0.0,158.04053550739212,158.04053550739212,0.0,2,5.337728385713191,8.940113435483624,3.602385049770433,389.5720355024816,671.1440710049633,281.57203550248164,90.76001870165756,88.31463898874844,2.445379712909116,59.346965241607705,162.80492001567356,194.33420980715744,120.20311497936628,37765.7851013723,67.76238605318342,1,0.344990371953739,0.344990371953739,0.0,336.0,336.0,0.0,3.6175503915354055,3.6175503915354055,0.0,2,0.0060310773807737,0.0083751410257917,0.0023440636450179,104.0,124.0,20.0,2.031801468373017,1.963325339289037,0.0684761290839799,0.4134660680235598,2.6645912982104285,1.26155734276124,2.31094277679777,1.5915269290748013,1.55766771424561,48.71319267331324,91.65314166473452,91.65314166473452,0,0,0,0,-71.6248699455498,3,3,0,0.0,0.0,0.0,0.0,0.0,0.0,0,0,0,0,-33.56195970922488,5,4,0,0.0,0.0,0.0,0.0,0.0,0.0,0.0,0.0,0.0,0.0,0,5.0,2.0,3.0,3.0,0,7.0,4.0,4.0,3.0,1,117.5825,0.0,94.066,94.066,1,erup_rainy
1,1.2246467991473532e-16,0.6225146366376196,7,9.433333333333334,2024-07-06 09:26:20.466,0,1.5708573484542538,1,3.29456959178566,3.29456959178566,0.0,148.0,148.0,0.0,42.71551825089722,42.71551825089722,0.0,1,0.0021573674861308,0.0021573674861308,0.0,2.0,2.0,0.0,24.144759175661694,24.144759175661694,0.0,5.568988025423048,38.22091785354725,28.211940809246453,29.058714003821137,795.9136042244254,21.85965256455807,1,0.1973953643820243,0.1973953643820243,0.0,1685.4716294625273,1685.4716294625273,0.0,1.05012047214803,1.05012047214803,0.0,1,7.642874589408599e-05,7.642874589408599e-05,0.0,8.0,8.0,0.0,0.8065105946960486,0.8065105946960486,0.0,0.050822042670825,0.8671919189108769,0.3138978472700437,0.8796274761232243,0.0985318585207677,0.3429500312936031,1,35.67143170845942,35.67143170845942,0.0,2998.5578867797044,2998.5578867797044,0.0,100.69549538212294,100.69549538212294,0.0,1,4.34283909724936,4.34283909724936,0.0,638.0,638.0,0.0,53.54506031753901,53.54506031753901,0.0,12.34255958703677,89.34050059748222,63.59195872686284,75.12698876174608,4043.9372147190265,47.73638451829777,1,0.0744033094517337,0.0744033094517337,0.0,188.0,188.0,0.0,2.3133168358347467,2.3133168358347467,0.0,1,0.4087914618938693,0.4087914618938693,0.0,3469.0097405925053,3469.0097405925053,0.0,1.768671662160482,1.768671662160482,0.0,0.1930218294545517,2.018867952002471,0.488809890072939,1.984427427619294,0.2389351086331187,1.1719528074235512,62.11453744493392,99.95362856480408,99.93044284720612,0,0,0,0,-12.89728561666622,2,2,0,0.0,0.0,0.0,0.0,0.0,0.0,0,0,0,1,32.72404532947774,3,3,0,0.0,0.0,0.0,0.0,0.0,0.0,0.0,0.0,0.0,0.0,0,0.0,0.0,0.0,0.0,0,9.0,3.0,6.0,6.0,0,50.094100000000005,6.2618,25.047,18.7852,1,erup_rainy
1,1.2246467991473532e-16,-0.9965655024977614,7,17.683333333333334,2024-07-09 17:41:02.544,0,2.78774395235001,1,1.168691519965659,1.168691519965659,0.0,326.0,326.0,0.0,29.38558325970792,29.38558325970792,0.0,1,0.0930146951739168,0.0930146951739168,0.0,24.0,24.0,0.0,25.287381247183266,25.287381247183266,0.0,25.41157146508481,34.05522142555257,90.895788437039,27.185559809564445,8262.044355590953,21.50482365549142,1,0.0002552535560973,0.0002552535560973,0.0,10.622334682026889,10.622334682026889,0.0,0.7569924054358041,0.7569924054358041,0.0,1,8.109692155811032e-06,8.109692155811032e-06,0.0,4.0,4.0,0.0,0.6107577047193724,0.6107577047193724,0.0,0.0559013979063535,0.6520349232522011,0.216466600650774,0.6758549654369274,0.0468577891973017,0.2942256771644809,1,28.086994134904373,28.086994134904373,0.0,1720.488397200874,1720.488397200874,0.0,145.27184546302595,145.27184546302595,0.0,1,1.3538595253371994,1.3538595253371994,0.0,251.49638457694527,251.49638457694527,0.0,69.40796918167904,69.40796918167904,0.0,31.953835767365817,119.97965368011864,165.32838233027636,106.96019254947544,27333.474003946038,59.44490560209394,1,0.1262801363927148,0.1262801363927148,0.0,666.0,666.0,0.0,2.2688888326745627,2.2688888326745627,0.0,1,0.0639827930306966,0.0639827930306966,0.0,1072.9155732563836,1072.9155732563836,0.0,1.336183751450545,1.336183751450545,0.0,0.4467191589536278,1.8514479597739115,1.7150576499065324,1.7173484129418752,2.9414227425029176,1.0990775025802648,53.46626478089497,91.16624159517735,91.16624159517735,0,0,0,0,12.243716059092192,3,2,0,0.0,0.0,0.0,0.0,0.0,0.0,0,0,0,0,-22.91543946782215,5,4,0,0.0,0.0,0.0,0.0,0.0,0.0,1.0,0.0,1.0,1.0,0,14.0,0.0,13.0,13.0,0,10.0,6.0,6.0,6.0,1,18.2821,12.1881,12.1881,12.1881,1,erup_rainy
1,1.2246467991473532e-16,-0.5037739770455265,7,21.983333333333334,2024-07-25 21:59:56.579,0,1.2426819781745848,1,28.702732026221668,28.702732026221668,0.0,484.0,484.0,0.0,323.62961224661177,323.62961224661177,0.0,1,7.489143589506256,7.489143589506256,0.0,332.0,332.0,0.0,123.66876767742872,123.66876767742872,0.0,56.58745213130803,269.7396137226712,203.03500899321543,210.65765188552552,41223.21487687507,74.35651406570415,1,0.1417438759656717,0.1417438759656717,0.0,748.3369002438785,748.3369002438785,0.0,1.309966665340719,1.309966665340719,0.0,1,0.0655880700105849,0.0655880700105849,0.0,534.0,534.0,0.0,0.852969431931921,0.852969431931921,0.0,0.163439924054565,1.1285681911860974,0.4905304515960651,1.0366766974400343,0.2406201239430396,0.4629646379950123,1,315.85925278553486,315.85925278553486,0.0,2221.146757177581,2221.146757177581,0.0,1292.9496930476134,1292.9496930476134,0.0,1,0.3323658125932525,0.3323658125932525,0.0,2.0,2.0,0.0,381.9089137995014,381.9089137995014,0.0,162.3781923699424,1057.281596456585,763.3219796510685,848.5633768147429,582660.4446184263,273.9534341370409,2,0.0028629300596543,0.0034396350084051,0.0005767049487508,6.0,8.0,2.0,3.741244228581286,3.85052366904468,0.1092794404633941,2,0.040072843923425,0.0736577296387732,0.0335848857153482,152.0,292.0,140.0,2.608327985175376,2.472719874123464,0.1356081110519122,0.2840002020734519,3.1598844447519974,0.9483006353957744,3.134393546150669,0.8992740950920296,1.5273243954598663,53.16485045212149,95.96568513795502,95.96568513795502,0,0,0,0,-90.7462444909792,3,3,0,0.0,0.0,0.0,0.0,0.0,0.0,0,0,0,1,111.29393044044012,3,4,1,2.82192226402799e-05,-7.704897045652761,-0.002524948426116,0.0036048498394451,5.983333333333333,0.535415374561323,1.0,0.0,1.0,1.0,0,0.0,0.0,0.0,0.0,0,0.0,0.0,0.0,0.0,0,13.4728,0.0,6.7364,6.7364,1,erup_rainy
1,-0.4999999999999997,-0.9832549075639547,8,18.7,2024-08-09 18:42:16.286,0,2.430006765729764,1,17.61996235548827,17.61996235548827,0.0,140.0,140.0,0.0,200.09283696943373,200.09283696943373,0.0,1,25.74180055507388,25.74180055507388,0.0,1979.136244825469,1979.136244825469,0.0,122.0301984688151,122.0301984688151,0.0,72.2064533608321,176.13052649413532,155.03308121051228,133.26877319852923,24035.256269625297,30.390640157634834,1,0.004268703858398,0.004268703858398,0.0,28.0,28.0,0.0,0.9816944853279992,0.9816944853279992,0.0,1,0.0747753549249879,0.0747753549249879,0.0,691.1482109321291,691.1482109321291,0.0,0.858486351644573,0.858486351644573,0.0,0.2492363578950467,1.0024707898880096,0.5327971664757364,0.9061129369322094,0.2838728206045736,0.4138892924007388,1,0.4587484676031863,0.4587484676031863,0.0,2.0,2.0,0.0,879.330650491822,879.330650491822,0.0,1,40.90583518156393,40.90583518156393,0.0,534.0,534.0,0.0,283.56362441573947,283.56362441573947,0.0,226.47296383472337,589.0516859023597,543.044366733709,403.71437667429336,294897.18424121506,109.85010058410212,2,0.0133142949513687,0.0259806097772332,0.0126663148258645,419.3021432269262,828.6042864538524,409.3021432269262,2.821483132127041,2.8361922430843185,0.0147091109572772,1,0.0044096571573852,0.0044096571573852,0.0,22.0,22.0,0.0,2.365269825746275,2.365269825746275,0.0,0.2217493240368738,2.5965414935667,0.5239205745315068,2.5708546417525824,0.2744927684174241,1.988651071736604,56.61952237421748,82.56434036633435,82.56434036633435,0,0,0,0,-5.287331866024326,3,4,0,0.0,0.0,0.0,0.0,0.0,0.0,0,0,0,0,-85.68312882827242,4,6,0,0.0,0.0,0.0,0.0,0.0,0.0,4.0,3.0,3.0,3.0,1,1.0,0.0,1.0,1.0,0,4.0,2.0,2.0,2.0,0,52.5751,5.2575,31.5451,26.2876,1,erup_rainy
1,-0.8660254037844385,0.6788007455329417,9,2.85,2024-09-05 02:51:57.293,0,1.7634355727251314,1,31.208504719315044,31.208504719315044,0.0,144.0,144.0,0.0,379.7323784303264,379.7323784303264,0.0,1,22.04374809564932,22.04374809564932,0.0,1586.8601431252102,1586.8601431252102,0.0,63.63366943554496,63.63366943554496,0.0,54.013728175704735,175.90676253904456,189.49623886002027,83.81793753757856,35908.824542093855,35.741706266399135,1,0.1126696791040018,0.1126696791040018,0.0,146.0,146.0,0.0,2.2508309338350774,2.2508309338350774,0.0,1,0.0864192679397921,0.0864192679397921,0.0,1334.5834434050453,1334.5834434050453,0.0,0.7660117825859976,0.7660117825859976,0.0,0.2166172357932574,1.2084679917934371,0.8276582857967932,0.8719969425221452,0.6850182380480863,0.3701477751068771,1,60.02462827779368,60.02462827779368,0.0,156.0120140099165,156.0120140099165,0.0,1731.3324372838115,1731.3324372838115,0.0,1,115.87612073592376,115.87612073592376,0.0,2241.407794509686,2241.407794509686,0.0,173.721356582372,173.721356582372,0.0,123.755079736119,682.490372761718,760.1211514490811,288.7794415089699,577784.164880277,89.53886571335843,1,0.0011860537664114,0.0011860537664114,0.0,2.0,2.0,0.0,3.310576756109135,3.310576756109135,0.0,1,0.3845238439220804,0.3845238439220804,0.0,1355.566493480132,1355.566493480132,0.0,1.9339147324668675,1.9339147324668675,0.0,0.2280005674996739,2.3445987499265786,0.7230034017555149,2.197228553711301,0.5227339189500465,1.37355806050153,54.62555066079295,99.95362856480408,99.95362856480408,0,0,0,0,8.301757731605168,3,2,1,1.874073488743557e-05,-10.04740580533553,-0.0032765018701363,0.0040539244577532,34.8,0.6109749363709157,0,0,0,1,3131.227505276976,5,6,1,0.00012896798969,-58.057093632548735,-0.0153002887397436,0.0211991419473238,45.28333333333333,0.8072994934848814,2.0,0.0,1.0,1.0,0,1.0,0.0,1.0,1.0,0,2.0,0.0,2.0,2.0,0,27.9654,13.9827,13.9827,13.9827,1,erup_rainy
1,-0.8660254037844385,0.9351352096860117,9,7.383333333333334,2024-09-16 07:23:31.088,0,2.021700374164284,1,0.2668449011407858,0.2668449011407858,0.0,38.0,38.0,0.0,67.91922321470001,67.91922321470001,0.0,1,2.0889774813706765,2.0889774813706765,0.0,877.4188103846786,877.4188103846786,0.0,55.44852668095827,55.44852668095827,0.0,24.80113746837996,67.3126317063991,50.13771760298744,58.770065311826215,2513.790726436917,43.308317172935695,1,0.0053680762419726,0.0053680762419726,0.0,62.0,62.0,0.0,0.8372176127294473,0.8372176127294473,0.0,1,0.0557267101168602,0.0557267101168602,0.0,2379.767983972941,2379.767983972941,0.0,0.7779229138675903,0.7779229138675903,0.0,0.0720996101646012,0.8147386512269789,0.2002008738335116,0.8122703850719806,0.0400803898837016,0.4957164688065294,1,18.850816223830293,18.850816223830293,0.0,254.0,254.0,0.0,317.8900029549395,317.8900029549395,0.0,1,6.719125267562816,6.719125267562816,0.0,973.8485876397084,973.8485876397084,0.0,212.07946582213373,212.07946582213373,0.0,55.53313424120846,277.16960304637723,183.0675953946273,223.5572712242729,33513.74448357096,172.54262314966368,1,0.501441291057469,0.501441291057469,0.0,1201.992924504808,1201.992924504808,0.0,2.9747724465667758,2.9747724465667758,0.0,1,0.0987116357563511,0.0987116357563511,0.0,374.0,374.0,0.0,1.3734887350137528,1.3734887350137528,0.0,0.3109365629769732,2.455051562760471,1.1565429111848942,2.4983427650950505,1.3375915054120298,1.0442233193918802,69.1398098771157,99.95362856480408,99.95362856480408,0,0,0,1,359.68299668834726,2,5,0,0.0,0.0,0.0,0.0,0.0,0.0,0,0,0,0,-31.1123169528779,5,6,0,0.0,0.0,0.0,0.0,0.0,0.0,24.0,0.0,16.0,16.0,0,0.0,0.0,0.0,0.0,0,4.0,3.0,3.0,3.0,1,7.3677,3.3785,3.3785,1.4631999999999998,1,erup_rainy
1,-0.8660254037844385,0.8141155183563191,9,3.6333333333333333,2024-09-21 03:38:19.486,0,1.5394496982264776,1,0.2353546332657785,0.2353546332657785,0.0,24.0,24.0,0.0,39.92171381114234,39.92171381114234,0.0,1,0.0616418591198311,0.0616418591198311,0.0,12.0,12.0,0.0,33.148753629618554,33.148753629618554,0.0,15.624020606468916,43.42397887413804,26.913222089425872,36.839365658033714,724.3215232347608,24.70756393238609,1,0.0318638514689216,0.0318638514689216,0.0,262.0,262.0,0.0,0.7504162429968437,0.7504162429968437,0.0,1,0.1320987068712245,0.1320987068712245,0.0,1947.7626170619435,1947.7626170619435,0.0,0.5967484298615933,0.5967484298615933,0.0,0.0511122987940213,0.6511194396927116,0.2529223371799569,0.7002667958054098,0.0639697086445718,0.2345757135614397,1,0.0089097374622184,0.0089097374622184,0.0,2.0,2.0,0.0,121.1332994252218,121.1332994252218,0.0,1,0.0415641146318463,0.0415641146318463,0.0,2.0,2.0,0.0,63.86593997797464,63.86593997797464,0.0,42.84296378568354,122.29887112924082,106.80070633969068,100.04291004404502,11406.390874656843,53.35754877921643,1,0.0183855831715016,0.0183855831715016,0.0,103.56552759809802,103.56552759809802,0.0,4.923489432393493,4.923489432393493,0.0,1,0.1572757951554471,0.1572757951554471,0.0,330.0,330.0,0.0,3.207348535357573,3.207348535357573,0.0,0.3468028269918753,3.9121515359938734,1.170395759851185,3.8753154825497376,1.3698262346776326,1.854650831420856,65.9169951309993,55.41386505912358,69.81219568745652,0,0,0,1,32.46068751787162,5,5,0,0.0,0.0,0.0,0.0,0.0,0.0,0,0,0,1,20.734745933045303,2,3,0,0.0,0.0,0.0,0.0,0.0,0.0,5.0,4.0,4.0,4.0,1,1.0,1.0,1.0,1.0,1,4.0,2.0,2.0,2.0,0,45.1822,25.1012,25.1012,25.1012,1,erup_rainy
1,-0.8660254037844385,0.8788171126619653,9,4.1,2024-09-30 04:06:11.575,0,0.7846253268295424,1,3.3298344223488527,3.3298344223488527,0.0,894.7638761333369,894.7638761333369,0.0,33.48714817202123,33.48714817202123,0.0,1,4.075658338499629,4.075658338499629,0.0,528.7622370080494,528.7622370080494,0.0,25.73580228301792,25.73580228301792,0.0,18.2752316922242,45.377512441174034,38.011615053843,30.095939944004563,1444.8828790015434,20.48729784370648,1,0.0420304762137659,0.0420304762137659,0.0,288.0,288.0,0.0,0.8800293711536048,0.8800293711536048,0.0,1,0.1199896210460078,0.1199896210460078,0.0,1700.3345806073596,1700.3345806073596,0.0,0.7263284920657398,0.7263284920657398,0.0,0.0401626621005218,0.7182076802851018,0.2651367442395527,0.8209193345531599,0.0702974931459499,0.2263330465889471,1,20.592905306589188,20.592905306589188,0.0,1092.2579208836785,1092.2579208836785,0.0,128.36158269802831,128.36158269802831,0.0,1,69.04219701798469,69.04219701798469,0.0,3601.438898664897,3601.438898664897,0.0,55.34769900468108,55.34769900468108,0.0,21.298289313616788,118.21778305739764,101.32492232302612,87.54301260321354,10266.739883767275,41.65088591977357,1,1.727195272952834,1.727195272952834,0.0,2594.2416939931413,2594.2416939931413,0.0,4.163563453202011,4.163563453202011,0.0,1,0.6332705387120008,0.6332705387120008,0.0,2016.5056527017105,2016.5056527017105,0.0,2.3438594924879457,2.3438594924879457,0.0,0.3112876833250387,3.1581684863707484,1.0751199870605814,2.8893930694330376,1.1558829865771447,1.8413521207301933,45.81497797356828,99.95362856480408,99.95362856480408,0,0,0,0,3.0317570987607847,1,3,0,0.0,0.0,0.0,0.0,0.0,0.0,0,0,0,0,-142.6126190516226,4,3,0,0.0,0.0,0.0,0.0,0.0,0.0,0.0,0.0,0.0,0.0,0,0.0,0.0,0.0,0.0,0,12.0,1.0,8.0,7.0,0,37.272,9.318,18.636,9.318,1,erup_rainy
1,-1.0,-0.1434926219911791,10,12.55,2024-10-10 12:33:10.724,0,1.903532598468412,1,3.0910430595942096,3.0910430595942096,0.0,1124.0,1124.0,0.0,30.930283379776085,30.930283379776085,0.0,1,0.1635839417611322,0.1635839417611322,0.0,26.0,26.0,0.0,26.05041366979983,26.05041366979983,0.0,43.24552716622493,47.991485302037546,81.13173217267357,28.13661745820534,6582.357965338434,20.96379786380445,1,0.2769234614543263,0.2769234614543263,0.0,1738.7003655942726,1738.7003655942726,0.0,0.8598897391498374,0.8598897391498374,0.0,1,0.3099822592536998,0.3099822592536998,0.0,665.7860640581978,665.7860640581978,0.0,0.5285753234785754,0.5285753234785754,0.0,0.0582614570311748,0.6546897130607673,0.3641677808420486,0.7221396582504402,0.1326181726034223,0.1373974434001325,1,0.329967757143919,0.329967757143919,0.0,4.0,4.0,0.0,162.72268814421875,162.72268814421875,0.0,1,0.0164388040887928,0.0164388040887928,0.0,2.0,2.0,0.0,84.81771518478223,84.81771518478223,0.0,10.599560039679478,127.5669350119726,57.88295841590888,102.89339658191004,3350.436874977836,74.8925576394046,1,0.000664819826718,0.000664819826718,0.0,2.0,2.0,0.0,2.0524734010279646,2.0524734010279646,0.0,1,0.0045700759308011,0.0045700759308011,0.0,2.0,2.0,0.0,1.1930621685655407,1.1930621685655407,0.0,0.1386860551951176,1.5942926895578076,0.4874984593402632,1.6185078718654986,0.2376547478591302,0.7807639869582352,48.5045212149316,75.26083932297705,75.26083932297705,0,0,0,0,-82.91528387684369,3,4,0,0.0,0.0,0.0,0.0,0.0,0.0,0,0,0,0,99.2776300389578,3,3,0,0.0,0.0,0.0,0.0,0.0,0.0,10.0,6.0,6.0,5.0,1,7.0,0.0,5.0,5.0,0,3.0,0.0,3.0,3.0,0,33.1055,8.2764,24.8291,24.8291,1,erup_rainy
1,-1.0,0.9483236552061994,10,7.233333333333333,2024-10-22 07:14:17.340,0,1.152816943655589,1,0.0292629799960799,0.0292629799960799,0.0,2.0,2.0,0.0,29.156603228462995,29.156603228462995,0.0,1,0.7650004068077365,0.7650004068077365,0.0,822.2767750554078,822.2767750554078,0.0,22.30448677953533,22.30448677953533,0.0,31.39877317721271,38.20813994820507,39.03058295463784,24.532171035280815,1523.3864057788655,20.33727916382,1,0.0003920246579415,0.0003920246579415,0.0,4.0,4.0,0.0,0.826971429449603,0.826971429449603,0.0,1,0.0904738964501551,0.0904738964501551,0.0,1619.3500850800256,1619.3500850800256,0.0,0.6715649687485625,0.6715649687485625,0.0,0.0626444576795253,0.665830308147274,0.2856916558158282,0.7393062689606096,0.0816197222027896,0.2087439322530167,1,0.8016563520012312,0.8016563520012312,0.0,34.0,34.0,0.0,76.90270798993924,76.90270798993924,0.0,1,0.0377549717862777,0.0377549717862777,0.0,30.0,30.0,0.0,52.52738952413,52.52738952413,0.0,48.96681480562082,87.63872711623941,311.8849721907974,66.73571502581883,97272.23587845443,46.381074202223104,1,0.0009027498907725,0.0009027498907725,0.0,10.0,10.0,0.0,2.5697346019685865,2.5697346019685865,0.0,1,0.4001063519135732,0.4001063519135732,0.0,3398.9655169872644,3398.9655169872644,0.0,1.7043972429357994,1.7043972429357994,0.0,0.2748164712405668,2.047794646785704,0.6720757643727244,1.9273486062049767,0.4516858330571818,1.1718910754234857,48.92186413169488,76.62879666125667,99.93044284720612,0,0,0,1,78.84263286747053,2,3,0,0.0,0.0,0.0,0.0,0.0,0.0,0,0,0,1,72.67761684974377,5,6,0,0.0,0.0,0.0,0.0,0.0,0.0,2.0,1.0,1.0,1.0,0,2.0,0.0,1.0,1.0,0,33.0,5.0,21.0,16.0,0,24.977,5.1462,14.8731,9.915400000000002,1,erup_rainy
1,-1.0,-0.6626200482157372,10,14.766666666666667,2024-10-30 14:46:40.243,0,1.996313880998988,1,0.8748555850660296,0.8748555850660296,0.0,100.0,100.0,0.0,44.5129966047044,44.5129966047044,0.0,1,4.549614814878851,4.549614814878851,0.0,839.7380270068654,839.7380270068654,0.0,33.27806141292825,33.27806141292825,0.0,20.383759605969097,53.922072401509325,63.33217751111031,37.37798979009737,4010.9647082987863,26.64795210394256,1,0.0001233339815073,0.0001233339815073,0.0,2.0,2.0,0.0,0.912906438501586,0.912906438501586,0.0,1,0.0752366620658225,0.0752366620658225,0.0,1457.7140648482912,1457.7140648482912,0.0,0.7342654503879439,0.7342654503879439,0.0,0.0738206546766398,0.8674691155837481,0.4370085695997079,0.8132161700953857,0.1909764899035828,0.2358719184660379,1,20.949686274015704,20.949686274015704,0.0,2044.813357644549,2044.813357644549,0.0,166.74744107943786,166.74744107943786,0.0,1,0.0211270400133045,0.0211270400133045,0.0,2.0,2.0,0.0,53.131061399912575,53.131061399912575,0.0,55.48552948825206,136.25498474370815,256.4750181831591,134.20744537521293,65779.43495205177,43.20374993951648,1,0.0161987577210789,0.0161987577210789,0.0,68.0,68.0,0.0,3.618943666877071,3.618943666877071,0.0,2,0.0012979802607246,0.0015198829180036,0.0002219026572789,7.0,12.0,5.0,3.074564714455944,2.9895214764899904,0.0850432379659529,0.2996471167031841,3.36755074560776,0.7315902461391374,3.317141709885898,0.5352242882459236,2.557789326949616,54.67192209598887,86.73776953396708,86.73776953396708,1,0,0,1,-163.36368770408788,5,2,0,0.0,0.0,0.0,0.0,0.0,0.0,0,0,0,1,12.317474238092368,4,4,1,1.2451925559486326e-06,-0.7264710956410753,-0.0002090450391848,0.0002090450391848,8.516666666666667,0.6205370267677645,0.0,0.0,0.0,0.0,0,0.0,0.0,0.0,0.0,0,4.0,4.0,4.0,4.0,1,14.6909,0.0,14.6909,14.6909,1,erup_rainy
1,-0.866025403784439,-0.5735764363510465,11,21.666666666666668,2024-11-20 21:40:05.448,0,0.9424617860517246,0,0.0,0.0,0.0,0.0,0.0,0.0,0.0,0.0,0.0,0,0.0,0.0,0.0,0.0,0.0,0.0,0.0,0.0,0.0,18.3482568034384,145.4284559401686,27.299571735211337,137.11680512547173,745.2666169259497,111.41017386891788,0,0.0,0.0,0.0,0.0,0.0,0.0,0.0,0.0,0.0,0,0.0,0.0,0.0,0.0,0.0,0.0,0.0,0.0,0.0,0.0622066082768766,0.5334998391845203,0.2106501502850117,0.4869708603490028,0.044373485815098,0.2641336741087666,1,0.2240486554527478,0.2240486554527478,0.0,10.0,10.0,0.0,564.8056692379786,564.8056692379786,0.0,1,0.0108535858268794,0.0108535858268794,0.0,4.0,4.0,0.0,170.23719043389718,170.23719043389718,0.0,45.56709668453576,335.8452759946303,181.59216863983403,267.27441444485976,32975.71571131792,111.7543355515305,1,0.2490924210644358,0.2490924210644358,0.0,1160.1303272159375,1160.1303272159375,0.0,4.648385416409059,4.648385416409059,0.0,1,0.392658986966935,0.392658986966935,0.0,1853.5508684811207,1853.5508684811207,0.0,1.516227100534384,1.516227100534384,0.0,0.3924472093943147,2.905600399161355,1.4478408828814948,2.3454042489491584,2.0962432221430665,1.2464127244277232,0.0,99.95362856480408,99.93044284720612,0,0,0,0,0.0,0,0,0,0.0,0.0,0.0,0.0,0.0,,0,0,0,1,392.0215819086104,4,4,0,0.0,0.0,0.0,0.0,0.0,0.0,0.0,0.0,0.0,0.0,0,2.0,1.0,1.0,1.0,0,1.0,0.0,1.0,1.0,0,0.0,0.0,0.0,0.0,1,erup_rainy
0,-0.5000000000000004,0.9222009716704519,12,7.516666666666667,2024-12-26 07:31:43.958,0,1.8098966326209125,1,7.3758732626779135,7.3758732626779135,0.0,1209.5270958504498,1209.5270958504498,0.0,130.52489658092924,130.52489658092924,0.0,1,0.0107423869904863,0.0107423869904863,0.0,2.0,2.0,0.0,112.66030871984948,112.66030871984948,0.0,23.636653729736217,123.40902120931317,71.20854446289682,119.4263169792207,5070.656804524355,91.32821207763776,1,0.0370451902004143,0.0370451902004143,0.0,538.0,538.0,0.0,1.7158716476115283,1.7158716476115283,0.0,1,0.0781347902033484,0.0781347902033484,0.0,326.0,326.0,0.0,1.4891423464013878,1.4891423464013878,0.0,0.0632233663799184,1.4840007922860914,0.4255624996931145,1.647452743296562,0.1811034411450521,0.6067152407887243,1,41.65176466206594,41.65176466206594,0.0,2216.492746724007,2216.492746724007,0.0,543.9157989609314,543.9157989609314,0.0,2,0.0588169897896193,0.1009869790037214,0.042169989214102,3.5,4.0,0.5,480.6537722795864,465.3700548807783,15.28371739880808,40.62975129016128,526.6065246668471,130.98189971765603,517.2810796100572,17156.2580536461,412.8355062844055,2,0.0981899541114148,0.1961563203890532,0.0979663662776384,798.7314562204936,1593.462912440987,794.7314562204936,3.564821402488773,3.674694138870849,0.1098727363820761,1,0.0125924780355561,0.0125924780355561,0.0,166.0,166.0,0.0,2.5136292065202577,2.5136292065202577,0.0,0.2260405827250054,3.229764010891412,0.6501415204997263,3.222895280966437,0.422683996677696,2.1765820628287167,45.88453512636216,99.95362856480408,99.95362856480408,0,0,0,1,22.206187220764235,2,2,0,0.0,0.0,0.0,0.0,0.0,0.0,0,0,0,0,-1099.6170882215238,4,5,0,0.0,0.0,0.0,0.0,0.0,0.0,1.0,0.0,1.0,1.0,0,0.0,0.0,0.0,0.0,0,0.0,0.0,0.0,0.0,0,0.0,0.0,0.0,0.0,1,erup_dry
0,0.0,0.00436330928474657,1,0.016666666666666666,2019-01-04 00:01:00.000,0,0.0,1,0.093627576983593,0.093627576983593,0.0,2.0,2.0,0.0,103.25882474163232,103.25882474163232,0.0,1,17.39259670776316,17.39259670776316,0.0,2274.193614752766,2274.193614752766,0.0,61.04085981817657,61.04085981817657,0.0,10.544625365807342,86.80669686350082,36.439732144769465,75.80378436847523,1327.8540787825452,43.85603185929699,1,0.000495472872056,0.000495472872056,0.0,2.0,2.0,0.0,0.7819663378576516,0.7819663378576516,0.0,1,0.2754988988400966,0.2754988988400966,0.0,3186.8583295816893,3186.8583295816893,0.0,0.506467439017555,0.506467439017555,0.0,0.0547776829054386,0.6463693942463352,0.2162586678605264,0.6599996858573971,0.0467678114248094,0.263317352790522,1,47.583920096768566,47.583920096768566,0.0,479.86848018748606,479.86848018748606,0.0,896.2323732030355,896.2323732030355,0.0,1,115.44973990908989,115.44973990908989,0.0,2464.31007598216,2464.31007598216,0.0,412.63472400137766,412.63472400137766,0.0,67.11459608354207,623.3185637466521,263.66350497764813,549.2463625968301,69518.44385709827,296.8763204683618,1,0.8931536678946808,0.8931536678946808,0.0,3516.246528380206,3516.246528380206,0.0,3.887419938374718,3.887419938374718,0.0,2,0.0019039321225027,0.0029199326901809,0.0010160005676782,4.0,4.0,0.0,2.8666269838584872,2.767892502943111,0.0987344809153762,0.3638958364669105,3.4302957746128544,0.721826875987652,3.3225941992463337,0.5210340388980932,2.38458210203706,78.20542545791793,99.97681428240205,99.97681428240205,0,0,0,1,-72.97002305440415,4,2,0,0.0,0.0,0.0,0.0,0.0,0.0,0,0,0,0,-4772.791341216678,4,2,0,0.0,0.0,0.0,0.0,0.0,0.0,0.0,0.0,0.0,0.0,0,0.0,0.0,0.0,0.0,0,0.0,0.0,0.0,0.0,0,0.0,0.0,0.0,0.0,0,no_erup_dry
0,0.0,0.00436330928474657,1,0.016666666666666666,2019-01-10 00:01:00.000,0,0.0,1,17.66443473657627,17.66443473657627,0.0,1304.7385345310715,1304.7385345310715,0.0,127.98602919811024,127.98602919811024,0.0,1,1.7285111414339625,1.7285111414339625,0.0,394.0,394.0,0.0,60.64047743835462,60.64047743835462,0.0,13.461303584398204,99.623796259251,53.30476707769075,80.83678966206183,2841.398193206863,50.49491428080722,1,0.3879873159674643,0.3879873159674643,0.0,3093.5342815278377,3093.5342815278377,0.0,0.9823077999833671,0.9823077999833671,0.0,1,0.0002685979283032,0.0002685979283032,0.0,2.0,2.0,0.0,0.6696701316032847,0.6696701316032847,0.0,0.0680926105709189,0.7666923181685861,0.3430161374520556,0.7454310279343281,0.1176600705525275,0.2538696400918294,2,41.09489864654893,81.13200391507382,40.0371052685249,586.0646353698419,1170.1292707396838,584.0646353698419,779.2326534845877,816.8939024765393,37.66124899195171,1,0.0172344954233949,0.0172344954233949,0.0,2.0,2.0,0.0,436.8901971859277,436.8901971859277,0.0,76.21948270127018,641.5679568253773,297.3831328349502,543.4542983527651,88436.72769472962,357.24647581092245,1,0.0004831281382098,0.0004831281382098,0.0,2.0,2.0,0.0,3.3294142822315806,3.3294142822315806,0.0,1,0.6144852404344814,0.6144852404344814,0.0,3052.510408994864,3052.510408994864,0.0,2.31919649113374,2.31919649113374,0.0,0.2945045025475944,2.8066937711481725,0.6236262902623644,2.707545409345255,0.3889097499063988,1.9542628403740048,77.39392534198933,99.97681428240205,99.97681428240205,0,0,0,0,-2782.5090311838,3,4,0,0.0,0.0,0.0,0.0,0.0,0.0,0,0,0,0,-377.2450808247546,4,3,0,0.0,0.0,0.0,0.0,0.0,0.0,0.0,0.0,0.0,0.0,0,0.0,0.0,0.0,0.0,0,1.0,1.0,1.0,1.0,0,0.0,0.0,0.0,0.0,0,no_erup_dry
0,0.49999999999999994,0.2881962681340893,2,1.1166666666666667,2019-02-13 01:07:00.000,0,0.0,1,14.605223971143268,14.605223971143268,0.0,2458.603758860192,2458.603758860192,0.0,53.11145393479543,53.11145393479543,0.0,1,1.1772294836410315,1.1772294836410315,0.0,616.5401320718111,616.5401320718111,0.0,24.662011195406148,24.662011195406148,0.0,15.289194338468718,45.28519894272246,24.96875123648871,39.38257481763003,623.4385383096565,21.541585249909858,1,0.1202927440440074,0.1202927440440074,0.0,2587.791939748541,2587.791939748541,0.0,0.6280575480990971,0.6280575480990971,0.0,1,1.065786395965107e-05,1.065786395965107e-05,0.0,2.0,2.0,0.0,0.4688672712066717,0.4688672712066717,0.0,0.0625061988140988,0.5275773982143012,0.168904393080479,0.5311123186023012,0.0285286940018849,0.2318960255705352,1,21.079858219206017,21.079858219206017,0.0,1879.2964890912208,1879.2964890912208,0.0,322.7320201238972,322.7320201238972,0.0,1,2.763085368540331,2.763085368540331,0.0,18.0,18.0,0.0,120.89317556834987,120.89317556834987,0.0,73.94814648697727,262.12569786764965,185.4280559244508,254.55517867902427,34383.563923921254,55.26304149127964,2,0.1573394178236102,0.3102788609575673,0.152939443133957,1162.2801328829623,2322.5602657659247,1160.2801328829623,3.3710991564693407,3.482009920393033,0.1109107639236923,1,0.4369628744321261,0.4369628744321261,0.0,2813.591331944264,2813.591331944264,0.0,2.823225518113522,2.823225518113522,0.0,0.4099484660666551,3.17559027820908,0.7227168099451995,3.0716890520474167,0.5223195873773656,2.138959459971692,90.00695571527939,99.95362856480408,99.95362856480408,0,0,0,0,-26.55332085363036,2,6,0,0.0,0.0,0.0,0.0,0.0,0.0,0,0,0,0,-16.18615042960401,4,3,0,0.0,0.0,0.0,0.0,0.0,0.0,0.0,0.0,0.0,0.0,0,7.0,3.0,3.0,2.0,0,0.0,0.0,0.0,0.0,0,0.0,0.0,0.0,0.0,0,no_erup_dry
0,0.49999999999999994,0.2881962681340893,2,1.1166666666666667,2019-02-19 01:07:00.000,0,0.0,1,6.176591691469,6.176591691469,0.0,636.0,636.0,0.0,71.46272074068807,71.46272074068807,0.0,1,0.0296760812604475,0.0296760812604475,0.0,2.0,2.0,0.0,38.97119148497348,38.97119148497348,0.0,8.096785323767069,56.8010443745448,23.78527638762299,55.1522078442925,565.7393728356157,23.915536089804736,1,0.5403784989041187,0.5403784989041187,0.0,3451.3697951376694,3451.3697951376694,0.0,0.887468950070629,0.887468950070629,0.0,1,0.0020788771374296,0.0020788771374296,0.0,8.0,8.0,0.0,0.3470904511665103,0.3470904511665103,0.0,0.0731978483897545,0.6271695408405379,0.3049410799844131,0.6431161352523558,0.0929890622620602,0.1776917590413117,1,46.92902462001234,46.92902462001234,0.0,2758.909509248401,2758.909509248401,0.0,329.2281912120484,329.2281912120484,0.0,1,0.4946222662437378,0.4946222662437378,0.0,30.0,30.0,0.0,99.45270977046752,99.45270977046752,0.0,25.890515802795704,251.7420810729487,112.04778148970098,266.46387341231457,12554.705336763778,84.0053577416653,1,0.1085105387587468,0.1085105387587468,0.0,1128.0974437738569,1128.0974437738569,0.0,3.8518623829845566,3.8518623829845566,0.0,1,0.1029905968415931,0.1029905968415931,0.0,1121.3663457188154,1121.3663457188154,0.0,2.2956213885714627,2.2956213885714627,0.0,0.280636674519012,3.2324431859280587,0.7930308863299604,3.304525303564194,0.6288979866732827,1.9305599047634427,82.72664038952006,99.95362856480408,99.95362856480408,0,0,0,0,528.5440607985054,2,5,0,0.0,0.0,0.0,0.0,0.0,0.0,0,0,0,1,307.2490139791857,3,3,0,0.0,0.0,0.0,0.0,0.0,0.0,1.0,0.0,1.0,1.0,0,2.0,0.0,2.0,2.0,0,1.0,0.0,1.0,1.0,0,0.0,0.0,0.0,0.0,0,no_erup_dry
0,0.49999999999999994,0.2881962681340893,2,1.1166666666666667,2019-02-25 01:07:00.000,0,0.0,1,0.6462964982692938,0.6462964982692938,0.0,25.05636491494791,25.05636491494791,0.0,147.18549246327547,147.18549246327547,0.0,2,7.196934513047829,14.362520245996038,7.165585732948209,895.5795957772759,1787.159191554552,891.5795957772759,74.9578511860606,74.5302380125851,0.4276131734754997,16.745166021982655,95.1644972988837,52.31309728137427,86.73449475861129,2736.660147170528,50.32045206121454,1,0.0438388933871227,0.0438388933871227,0.0,2045.3331926270096,2045.3331926270096,0.0,0.6521454602227849,0.6521454602227849,0.0,2,0.0004042296469098,0.0006366412792462,0.0002324116323363,6.0,8.0,2.0,0.5432439874500301,0.5017630417812957,0.0414809456687343,0.0471262500276602,0.5684860093757482,0.2231432790148313,0.6115453650355225,0.0497929229694908,0.1879808539856332,1,0.4740448825048133,0.4740448825048133,0.0,8.0,8.0,0.0,520.0398338563348,520.0398338563348,0.0,1,50.06047789635954,50.06047789635954,0.0,1704.37804083151,1704.37804083151,0.0,365.0415162910418,365.0415162910418,0.0,27.962324187439474,414.6527539708852,101.7407262392354,412.0020701357061,10351.175375687042,252.58155997447264,2,0.0031163533544944,0.0060400172329249,0.0029236638784304,14.0,22.0,8.0,4.9120054184540685,5.393713798450986,0.4817083799969173,1,0.8925528606133906,0.8925528606133906,0.0,3424.4299628931794,3424.4299628931794,0.0,3.4591568334161256,3.4591568334161256,0.0,0.5092239631709267,4.221717038355397,1.7815790362345094,4.016142418892181,3.174023862350283,2.9194729123603684,99.95362856480408,99.95362856480408,99.95362856480408,0,0,0,0,-92.06822091964015,3,3,0,0.0,0.0,0.0,0.0,0.0,0.0,0,1,0,1,552.8177885286534,3,3,0,0.0,0.0,0.0,0.0,0.0,0.0,0.0,0.0,0.0,0.0,0,1.0,0.0,1.0,1.0,0,0.0,0.0,0.0,0.0,0,0.0,0.0,0.0,0.0,0,no_erup_dry
0,0.8660254037844386,0.2881962681340893,3,1.1166666666666667,2019-03-03 01:07:00.000,0,0.0,1,0.20098622844543,0.20098622844543,0.0,6.0,6.0,0.0,55.91960618564004,55.91960618564004,0.0,1,2.0610403612347064,2.0610403612347064,0.0,1338.3902061072963,1338.3902061072963,0.0,23.023106107294,23.023106107294,0.0,14.385824272161098,39.09127445812393,54.550080488203726,30.234020495352095,2975.711281269505,20.64082684521795,1,0.0005181047563223,0.0005181047563223,0.0,2.0,2.0,0.0,0.7010000595652999,0.7010000595652999,0.0,1,0.0332598070407856,0.0332598070407856,0.0,666.8028860441095,666.8028860441095,0.0,0.3011957832756277,0.3011957832756277,0.0,0.041447469424439,0.4419778261657395,0.1944380117009399,0.4366072936029342,0.0378061403942148,0.162231366018996,1,7.115735522275031,7.115735522275031,0.0,216.0,216.0,0.0,463.9804495265773,463.9804495265773,0.0,1,95.35141820313984,95.35141820313984,0.0,3222.073452515005,3222.073452515005,0.0,104.37863811015626,104.37863811015626,0.0,30.88742935234552,225.19842365714467,176.57932933220906,151.0380902258753,31180.25954741274,78.01741511573096,1,0.0020853090974992,0.0020853090974992,0.0,2.0,2.0,0.0,3.412179127631389,3.412179127631389,0.0,1,0.780677218664068,0.780677218664068,0.0,2730.835280450156,2730.835280450156,0.0,2.03215076226462,2.03215076226462,0.0,0.5202104605930538,2.79880737200278,1.927410243890043,2.696031710345078,3.7149102482522736,1.539021229055732,83.46858335265478,99.95362856480408,99.95362856480408,0,0,0,0,116.64854193193148,6,5,0,0.0,0.0,0.0,0.0,0.0,0.0,0,0,0,1,-775.8327784565877,3,3,0,0.0,0.0,0.0,0.0,0.0,0.0,0.0,0.0,0.0,0.0,0,2.0,1.0,1.0,1.0,0,0.0,0.0,0.0,0.0,0,4.7216,4.7216,4.7216,4.7216,0,no_erup_dry
0,0.8660254037844386,0.2881962681340893,3,1.1166666666666667,2019-03-09 01:07:00.000,0,0.0,1,0.4246476564634136,0.4246476564634136,0.0,34.0,34.0,0.0,61.73303263381887,61.73303263381887,0.0,1,2.3087430900339427,2.3087430900339427,0.0,1560.1958821899875,1560.1958821899875,0.0,35.450084788313745,35.450084788313745,0.0,6.859407225518755,48.056978057573055,17.776927547067363,44.774295445870514,316.0191530136824,28.80581257557148,1,0.117138530268465,0.117138530268465,0.0,2066.7564608911857,2066.7564608911857,0.0,0.5522749410067331,0.5522749410067331,0.0,1,0.0006616339735942,0.0006616339735942,0.0,4.0,4.0,0.0,0.3536091622939843,0.3536091622939843,0.0,0.0511118353857085,0.483837467414184,0.1692993500510234,0.4622416951544888,0.0286622699276989,0.2291397629336816,2,0.1909640407222355,0.3332718757908424,0.1423078350686069,4.5,6.0,1.5,612.3817581593677,686.033299724128,73.65154156476035,2,1.5335450889899676,2.9044985553911147,1.3709534664011471,55.24053720109464,106.48107440218928,51.24053720109464,236.53973364983025,224.1930512008969,12.346682448933336,54.47570394329895,388.34878877920977,186.941137247496,321.1075282261455,34946.98879538712,172.99448592787616,2,0.2928356735120641,0.4071957962978683,0.1143601227858042,607.4096777723956,812.8193555447913,205.40967777239564,5.533814499200298,5.6161884050467314,0.082373905846433,2,0.0228476481199659,0.0367050989703612,0.0138574508503952,67.3669536903019,92.7339073806038,25.366953690301894,4.0151285205849,3.908296631597984,0.1068318889869164,0.6191863046072926,4.746722743685873,1.2837150182558794,4.564887602046845,1.6479242480956928,2.8909426071817865,99.95362856480408,99.95362856480408,99.95362856480408,0,0,0,0,380.253684337712,2,4,0,0.0,0.0,0.0,0.0,0.0,0.0,0,0,0,0,-84.64414964972573,3,5,0,0.0,0.0,0.0,0.0,0.0,0.0,0.0,0.0,0.0,0.0,0,1.0,1.0,1.0,1.0,1,0.0,0.0,0.0,0.0,0,0.0,0.0,0.0,0.0,0,no_erup_dry
0,0.8660254037844386,0.2881962681340893,3,1.1166666666666667,2019-03-15 01:07:00.000,0,0.0,1,0.7294859915511047,0.7294859915511047,0.0,628.0,628.0,0.0,31.033556900336745,31.033556900336745,0.0,1,1.0199495525930544,1.0199495525930544,0.0,587.6763082176176,587.6763082176176,0.0,25.729225280797035,25.729225280797035,0.0,37.242680343000096,36.1360599413013,224.4757657100937,28.021438852348048,50389.36939113288,20.87302789409154,1,0.0505752658710549,0.0505752658710549,0.0,2125.138898820628,2125.138898820628,0.0,0.4786587719220025,0.4786587719220025,0.0,1,0.0294470546274854,0.0294470546274854,0.0,264.0,264.0,0.0,0.3736898332313468,0.3736898332313468,0.0,0.0397091475641103,0.4206644527148783,0.1400121419728541,0.4343174371051375,0.0196033998998266,0.1843655857184217,1,0.2624417143958055,0.2624417143958055,0.0,2.0,2.0,0.0,246.0327666372774,246.0327666372774,0.0,1,0.0211105473732402,0.0211105473732402,0.0,2.0,2.0,0.0,75.12392154720004,75.12392154720004,0.0,73.8373985204978,187.71920110464976,411.316382546895,184.49311271628653,169181.16655146366,59.2709667281984,2,0.0154260870193825,0.0229957338598456,0.0075696468404631,52.32187712295314,90.64375424590628,38.32187712295314,4.280535979812003,4.398254958258845,0.117718978446843,2,0.0027497523182606,0.0037381221041847,0.000988369785924,4.0,6.0,2.0,3.0545845003020604,2.864401553240412,0.190182947061648,0.4768236948658503,3.815861626749389,1.0681083442675188,3.70594980914514,1.1408554350939002,2.570424331796936,69.46440992348714,99.95362856480408,99.95362856480408,0,0,0,0,245.64278701789107,3,4,0,0.0,0.0,0.0,0.0,0.0,0.0,0,0,0,0,-29.93194007377545,2,2,0,0.0,0.0,0.0,0.0,0.0,0.0,1.0,1.0,1.0,1.0,1,10.0,6.0,6.0,5.0,1,0.0,0.0,0.0,0.0,0,0.0,0.0,0.0,0.0,0,no_erup_dry
0,0.8660254037844386,0.2881962681340893,3,1.1166666666666667,2019-03-21 01:07:00.000,0,0.0,1,1.2027662106866757,1.2027662106866757,0.0,360.0,360.0,0.0,32.59816030703719,32.59816030703719,0.0,1,0.0165118605314837,0.0165118605314837,0.0,6.0,6.0,0.0,23.3444598752969,23.3444598752969,0.0,7.374638183456562,29.99066974344909,12.603740523711666,26.57317176977493,158.85427518905163,20.714329598489275,1,0.2656881981328819,0.2656881981328819,0.0,1801.587463247362,1801.587463247362,0.0,0.5627898222073936,0.5627898222073936,0.0,1,0.001093134862513,0.001093134862513,0.0,6.0,6.0,0.0,0.2609134935984962,0.2609134935984962,0.0,0.0308458318356744,0.4200590227779057,0.1939349320204681,0.4059554094801441,0.0376107578577836,0.1513838836666605,1,0.4054965676779716,0.4054965676779716,0.0,4.0,4.0,0.0,182.86523034894128,182.86523034894128,0.0,1,79.05996694426457,79.05996694426457,0.0,2829.9534001047773,2829.9534001047773,0.0,99.96512614349407,99.96512614349407,0.0,20.16753273596338,144.1713518333643,64.20436732640631,134.12535377655504,4122.200783784111,64.533517162514,1,0.0074504380429369,0.0074504380429369,0.0,6.0,6.0,0.0,3.92105645421262,3.92105645421262,0.0,2,0.3225887425634584,0.6444774869937682,0.3218887444303098,1544.9086567422837,3086.817313484567,1541.9086567422837,3.0960711088010067,3.0030051194675904,0.0930659893334164,0.338012534434885,3.521248387696974,0.7570425222003687,3.397355585806878,0.5731133804194958,2.439142715209456,74.7739392534199,99.95362856480408,99.95362856480408,0,0,0,0,-232.92395633937457,5,5,0,0.0,0.0,0.0,0.0,0.0,0.0,0,0,0,0,-34.788148910276284,3,4,0,0.0,0.0,0.0,0.0,0.0,0.0,1.0,0.0,1.0,1.0,0,6.0,1.0,3.0,2.0,0,1.0,0.0,1.0,1.0,0,0.0,0.0,0.0,0.0,0,no_erup_dry
0,1.0,0.9993908270190958,4,6.133333333333334,2019-04-20 06:08:00.000,0,0.0,1,0.0232447462179976,0.0232447462179976,0.0,4.0,4.0,0.0,39.854561573410734,39.854561573410734,0.0,1,10.301624169202944,10.301624169202944,0.0,3572.2932492279533,3572.2932492279533,0.0,27.263069028581132,27.263069028581132,0.0,16.87996666371498,37.61179274780401,80.85714485732971,33.74878448081201,6537.877874479201,21.956858352798957,1,0.1762232069558276,0.1762232069558276,0.0,2167.659748344824,2167.659748344824,0.0,0.7474822119613218,0.7474822119613218,0.0,1,0.1468721412429533,0.1468721412429533,0.0,855.0,855.0,0.0,0.3400751143831461,0.3400751143831461,0.0,0.0388935928392218,0.5530525561834089,0.2566325039367384,0.6060985335669888,0.06586024207684,0.1478403990153273,1,0.2062604208337006,0.2062604208337006,0.0,2.0,2.0,0.0,282.0383864121713,282.0383864121713,0.0,1,49.74335395581355,49.74335395581355,0.0,2682.900787728007,2682.900787728007,0.0,160.72203014409246,160.72203014409246,0.0,51.36180494773062,221.0313025308052,148.4246129362587,199.50809439590373,22029.865725278218,117.4006609052409,1,0.0025450117914873,0.0025450117914873,0.0,2.0,2.0,0.0,2.888460493563038,2.888460493563038,0.0,1,0.3154733098710309,0.3154733098710309,0.0,2642.1659059849426,2642.1659059849426,0.0,1.8110019432170543,1.8110019432170543,0.0,0.3125722090333743,2.2872996449992007,0.8406252350266095,2.104299182666639,0.7066507857635425,1.6271026316647412,97.28727104103872,99.95362856480408,99.95362856480408,0,0,0,1,-98.24740064262512,2,8,0,0.0,0.0,0.0,0.0,0.0,0.0,0,0,0,1,412.7547064658975,3,5,0,0.0,0.0,0.0,0.0,0.0,0.0,0.0,0.0,0.0,0.0,0,8.0,4.0,4.0,2.0,0,0.0,0.0,0.0,0.0,0,4.1151,0.0,4.1151,4.1151,0,no_erup_dry
0,1.0,0.9993908270190958,4,6.133333333333334,2019-04-26 06:08:00.000,0,0.0,1,1.277461979585972,1.277461979585972,0.0,892.0,892.0,0.0,34.200217720809505,34.200217720809505,0.0,1,0.842544340018577,0.842544340018577,0.0,566.0,566.0,0.0,30.82987947696129,30.82987947696129,0.0,22.06674765834697,41.80808938270784,29.613130839683556,32.41134193664482,876.9375181282172,21.038768313158027,1,0.1004148879871357,0.1004148879871357,0.0,586.0,586.0,0.0,0.6186129767305434,0.6186129767305434,0.0,1,0.2198208133850796,0.2198208133850796,0.0,962.0,962.0,0.0,0.2797681948477285,0.2797681948477285,0.0,0.0585235797866565,0.4639994538213024,0.2496541704296241,0.4194113276763019,0.0623272048129038,0.143123326993735,2,3.634169159134437,7.081550856769596,3.4473816976351586,107.0,210.0,103.0,119.93279400168583,120.24568477941412,0.3128907777282776,1,35.28219139341863,35.28219139341863,0.0,4133.00887862855,4133.00887862855,0.0,84.33771183053894,84.33771183053894,0.0,73.02774269225021,134.41110476222102,114.25204986054716,103.60774430220071,13053.53089733695,40.5882545550271,1,0.001437990091492,0.001437990091492,0.0,2.0,2.0,0.0,3.214284069727482,3.214284069727482,0.0,1,0.3240910008117774,0.3240910008117774,0.0,3033.899751045112,3033.899751045112,0.0,2.847420510744186,2.847420510744186,0.0,0.3587925530296056,3.105438854278562,0.6967192552412943,3.014754049576432,0.4854177206239837,2.148522173728433,61.25666589380941,99.95362856480408,99.95362856480408,0,0,0,0,215.795098791888,3,3,0,0.0,0.0,0.0,0.0,0.0,0.0,0,0,0,0,24.752577708863686,5,4,0,0.0,0.0,0.0,0.0,0.0,0.0,0.0,0.0,0.0,0.0,0,2.0,1.0,1.0,1.0,0,0.0,0.0,0.0,0.0,0,0.0233,0.0,0.0233,0.0233,0,no_erup_dry
1,0.8660254037844387,0.9993908270190958,5,6.133333333333334,2019-05-02 06:08:00.000,0,0.0,1,5.851867643384516,5.851867643384516,0.0,200.0,200.0,0.0,59.495566164768135,59.495566164768135,0.0,1,10.94166640057395,10.94166640057395,0.0,2571.571664219372,2571.571664219372,0.0,36.36812811230624,36.36812811230624,0.0,18.33979444922735,54.12578115028019,42.754989829922415,43.56551552060505,1827.989155356769,21.27634620700936,1,0.0137692988031417,0.0137692988031417,0.0,154.0,154.0,0.0,0.5171587650940483,0.5171587650940483,0.0,1,0.1566165926862343,0.1566165926862343,0.0,3690.0100864291176,3690.0100864291176,0.0,0.360542172407814,0.360542172407814,0.0,0.076890594722991,0.4743652292521002,0.2106567832797856,0.4389996014825466,0.0443762803417865,0.1889606155811727,1,1.1119640276098153,1.1119640276098153,0.0,8.0,8.0,0.0,271.473213546221,271.473213546221,0.0,1,112.30309088438372,112.30309088438372,0.0,3862.204128773357,3862.204128773357,0.0,145.54428796890755,145.54428796890755,0.0,80.05430187212971,260.365492645912,209.60803514173656,213.08670096502271,43935.52839597948,64.94439570392373,2,0.0772315198020645,0.1490301944246188,0.0717986746225542,833.9016514367272,1655.8033028734544,821.9016514367272,3.77011259933646,3.770212349918556,9.975058209676924e-05,1,0.0859699222410501,0.0859699222410501,0.0,186.0,186.0,0.0,2.979252013105888,2.979252013105888,0.0,0.3380487770024435,3.5690372336832628,0.6898120869424089,3.5252561999284406,0.4758407152918415,2.515705037276369,89.00996985856712,99.95362856480408,99.95362856480408,0,0,0,0,-7.670721483298039,6,4,0,0.0,0.0,0.0,0.0,0.0,0.0,0,0,0,0,29.58688241680763,4,4,0,0.0,0.0,0.0,0.0,0.0,0.0,0.0,0.0,0.0,0.0,0,2.0,0.0,1.0,1.0,0,0.0,0.0,0.0,0.0,0,0.0,0.0,0.0,0.0,0,no_erup_rainy
1,0.5000000000000003,0.5150380749100544,6,9.933333333333334,2019-06-18 09:56:00.000,0,0.0,1,0.0448017017659481,0.0448017017659481,0.0,18.0,18.0,0.0,25.570649001868755,25.570649001868755,0.0,1,2.109963436613217,2.109963436613217,0.0,3057.971739128491,3057.971739128491,0.0,22.70045939732867,22.70045939732867,0.0,5.78545209805116,25.84569298330513,17.034884132474115,23.931314234008948,290.1872774068184,20.59527943748955,1,0.0187218151830806,0.0187218151830806,0.0,146.0,146.0,0.0,0.5291978064005197,0.5291978064005197,0.0,1,0.0014144198295956,0.0014144198295956,0.0,14.0,14.0,0.0,0.4254971902326556,0.4254971902326556,0.0,0.0418649980682007,0.4743916761281966,0.1401450966603605,0.4705905366000468,0.0196406481179418,0.2410033649618657,1,5.47870149519872,5.47870149519872,0.0,1019.2703001063892,1019.2703001063892,0.0,165.10010764830815,165.10010764830815,0.0,1,17.035932857755768,17.035932857755768,0.0,1701.493942072961,1701.493942072961,0.0,134.597705804938,134.597705804938,0.0,19.537098423361,152.3257800185696,51.047722099758765,150.03633071166618,2605.8699315742,98.56114310369018,1,0.2287894836221569,0.2287894836221569,0.0,1464.4341087042226,1464.4341087042226,0.0,3.316053656108922,3.316053656108922,0.0,1,0.1602952028801398,0.1602952028801398,0.0,958.60474604097,958.60474604097,0.0,2.5393520373501453,2.5393520373501453,0.0,0.348710169643205,3.0145082079832344,0.6887942012132284,2.9439333925425126,0.4744374516249693,2.016106460636484,92.4182703454672,99.95362856480408,99.95362856480408,0,0,0,1,43.31112052321801,5,3,0,0.0,0.0,0.0,0.0,0.0,0.0,0,0,0,0,-153.88466956370172,5,5,0,0.0,0.0,0.0,0.0,0.0,0.0,0.0,0.0,0.0,0.0,0,4.0,1.0,2.0,1.0,0,0.0,0.0,0.0,0.0,0,1.4072,1.4072,1.4072,1.4072,0,no_erup_rainy
1,0.5000000000000003,0.5150380749100544,6,9.933333333333334,2019-06-24 09:56:00.000,0,0.0,1,7.626809099684628,7.626809099684628,0.0,1953.761042149248,1953.761042149248,0.0,35.53979971558889,35.53979971558889,0.0,1,11.977493436964302,11.977493436964302,0.0,2984.922929001741,2984.922929001741,0.0,23.56230627862459,23.56230627862459,0.0,6.48100324296296,35.075887841423295,24.862252159240644,28.461959610222927,618.131582429666,20.9580705219388,1,0.0994149147185207,0.0994149147185207,0.0,1876.796140090356,1876.796140090356,0.0,0.499179265593047,0.499179265593047,0.0,1,0.0003799186071503,0.0003799186071503,0.0,4.0,4.0,0.0,0.3117303840151378,0.3117303840151378,0.0,0.0428819844575652,0.4330652129432773,0.1796650080466353,0.4106923180258953,0.0322795151163975,0.1960826590548949,1,28.38584339894581,28.38584339894581,0.0,1516.369435915463,1516.369435915463,0.0,245.4731088716541,245.4731088716541,0.0,1,81.26520797678879,81.26520797678879,0.0,3650.297908401856,3650.297908401856,0.0,164.2079008948653,164.2079008948653,0.0,20.46808360434684,213.1619597440236,71.41933618484519,199.47143697404684,5100.721581083937,120.2345624970372,1,0.002989142345247,0.002989142345247,0.0,2.0,2.0,0.0,3.630504573980772,3.630504573980772,0.0,1,0.6243260130050419,0.6243260130050419,0.0,2684.9540694318434,2684.9540694318434,0.0,2.364416064624025,2.364416064624025,0.0,0.3768691734075355,3.0023015672200906,1.3518955534071957,2.9196658959548274,1.827621587322148,1.949281902315821,96.68444238349176,99.95362856480408,99.95362856480408,0,0,0,0,-15.45521678514154,3,4,0,0.0,0.0,0.0,0.0,0.0,0.0,0,0,0,0,77.54563645780262,5,3,0,0.0,0.0,0.0,0.0,0.0,0.0,0.0,0.0,0.0,0.0,0,1.0,0.0,1.0,1.0,0,0.0,0.0,0.0,0.0,0,10.169,0.0,6.7793,6.7793,0,no_erup_rainy
1,0.5000000000000003,0.5150380749100544,6,9.933333333333334,2019-06-30 09:56:00.000,0,0.0,1,3.753332673425419,3.753332673425419,0.0,1976.8931985410848,1976.8931985410848,0.0,36.34353183490303,36.34353183490303,0.0,1,0.4098763995019823,0.4098763995019823,0.0,664.0,664.0,0.0,31.62271570201693,31.62271570201693,0.0,7.437606573887025,36.50459183493269,24.709056765978257,33.07560310889083,610.5374862643359,22.533335641358697,1,0.1204785885848059,0.1204785885848059,0.0,3996.615114881707,3996.615114881707,0.0,0.5116951066884967,0.5116951066884967,0.0,1,0.0013791741909942,0.0013791741909942,0.0,18.0,18.0,0.0,0.3760262826855744,0.3760262826855744,0.0,0.0412359176605081,0.4623296337107724,0.1557668802330183,0.4309660653014723,0.0242633209775274,0.2560975822109037,1,17.0371177607106,17.0371177607106,0.0,1619.654044820349,1619.654044820349,0.0,258.7309453765399,258.7309453765399,0.0,1,0.0194994348772468,0.0194994348772468,0.0,2.0,2.0,0.0,157.12715697906793,157.12715697906793,0.0,45.71453484326452,220.48107861615588,117.11965339513208,200.9068477621148,13717.013211395872,122.55112798717497,1,0.0886025100815217,0.0886025100815217,0.0,226.0,226.0,0.0,3.635108581450435,3.635108581450435,0.0,1,0.0001141086335851,0.0001141086335851,0.0,4.0,4.0,0.0,2.566183822301334,2.566183822301334,0.0,0.5146709856277171,3.262024819199262,0.963350818555519,3.0897515181771915,0.9280447996115884,1.953688912651715,99.95362856480408,99.32761418965916,99.95362856480408,0,0,0,0,-15.094400162798111,8,5,0,0.0,0.0,0.0,0.0,0.0,0.0,0,0,0,0,-9.83566647295226,4,3,0,0.0,0.0,0.0,0.0,0.0,0.0,0.0,0.0,0.0,0.0,0,2.0,1.0,1.0,1.0,0,0.0,0.0,0.0,0.0,0,3.6321,0.0,3.6321,3.6321,0,no_erup_rainy
1,1.2246467991473532e-16,0.5150380749100544,7,9.933333333333334,2019-07-06 09:56:00.000,0,0.0,1,3.545562939852047,3.545562939852047,0.0,880.2042466713285,880.2042466713285,0.0,38.77742901532217,38.77742901532217,0.0,1,0.0041151609464193,0.0041151609464193,0.0,2.0,2.0,0.0,28.41316445888871,28.41316445888871,0.0,5.558040915104194,34.96799369032272,12.950934409634309,31.50116532913152,167.72670208264992,26.556582476908503,2,0.0141066973527114,0.0247447211096342,0.0106380237569227,1252.2115554352245,2289.653842829421,1037.442287394197,0.4465779225769954,0.4513149296713267,0.0047370070943312,1,0.0363311852130479,0.0363311852130479,0.0,1229.4439519983705,1229.4439519983705,0.0,0.3750718625618782,0.3750718625618782,0.0,0.0300824408483459,0.424168055856913,0.1090678831651961,0.4255905195447642,0.0118958031381368,0.2391663060588006,1,9.615691528287272,9.615691528287272,0.0,292.0,292.0,0.0,257.26209754145486,257.26209754145486,0.0,1,21.48181176545171,21.48181176545171,0.0,2906.389516699598,2906.389516699598,0.0,202.13362688590655,202.13362688590655,0.0,29.49216535025991,227.2790683278633,58.825958638020325,218.11396694078576,3460.4934096820784,145.9307529987259,2,0.0462950887607385,0.0923369006710288,0.0460418119102903,66.0,130.0,64.0,4.1024444420529775,4.112542144045432,0.0100977019924548,1,0.6157818327315918,0.6157818327315918,0.0,4031.0724190431138,4031.0724190431138,0.0,3.4765649073289304,3.4765649073289304,0.0,0.4777337237286777,3.8855698918444257,0.8612342651055858,3.793293054293488,0.7417244593919583,2.57359971129912,99.95362856480408,99.95362856480408,99.95362856480408,0,0,0,1,50.94464183385026,4,5,0,0.0,0.0,0.0,0.0,0.0,0.0,1,0,0,1,-158.6590827788729,6,4,0,0.0,0.0,0.0,0.0,0.0,0.0,0.0,0.0,0.0,0.0,0,5.0,2.0,2.0,1.0,0,0.0,0.0,0.0,0.0,0,0.0,0.0,0.0,0.0,0,no_erup_rainy
1,1.2246467991473532e-16,0.5150380749100544,7,9.933333333333334,2019-07-12 09:56:00.000,0,0.0,1,0.0038934455879271,0.0038934455879271,0.0,8.0,8.0,0.0,33.50721807040681,33.50721807040681,0.0,1,0.0206760339251523,0.0206760339251523,0.0,4.0,4.0,0.0,28.201712234118684,28.201712234118684,0.0,13.13651338150365,33.38608210995988,65.26231570364412,29.54393873916576,4259.169851002113,25.573196193096603,2,0.0353439036541465,0.056507030548784,0.0211631268946374,2077.7873357282824,3134.5746714565644,1056.7873357282822,0.5488781382004779,0.5587179313717114,0.0098397931712334,1,0.0313381931363165,0.0313381931363165,0.0,1138.2760340834511,1138.2760340834511,0.0,0.4803277730179235,0.4803277730179235,0.0,0.0254984281431469,0.5041631299106685,0.1174464930371324,0.5247089272596164,0.0137936787267211,0.2743772706564783,1,0.0625944284017805,0.0625944284017805,0.0,4.0,4.0,0.0,108.60199915403852,108.60199915403852,0.0,1,0.9745498335432644,0.9745498335432644,0.0,867.4985135302283,867.4985135302283,0.0,66.15582350395742,66.15582350395742,0.0,72.06021757422508,111.20704245436806,301.02562682115865,75.05640161720048,90616.42800307149,53.07776148059868,1,0.5376585762016504,0.5376585762016504,0.0,3517.987807223258,3517.987807223258,0.0,3.336370718996969,3.336370718996969,0.0,1,0.0765836674425082,0.0765836674425082,0.0,562.0,562.0,0.0,2.606298231858256,2.606298231858256,0.0,0.3221887723959454,2.996234810930805,0.7031865766488049,2.9582498541361293,0.4944713615790655,1.7700902976484325,99.95362856480408,97.3568281938326,99.95362856480408,0,0,0,1,18.419644671802438,3,3,0,0.0,0.0,0.0,0.0,0.0,0.0,0,0,0,0,1220.2110861519757,8,4,0,0.0,0.0,0.0,0.0,0.0,0.0,3.0,3.0,3.0,3.0,1,2.0,1.0,1.0,1.0,0,0.0,0.0,0.0,0.0,0,10.3254,3.2944,3.7366,0.4422000000000001,0,no_erup_rainy
1,1.2246467991473532e-16,0.5150380749100544,7,9.933333333333334,2019-07-18 09:56:00.000,0,0.0,1,0.4706481914687437,0.4706481914687437,0.0,118.0,118.0,0.0,32.36638469011979,32.36638469011979,0.0,1,1.0356859699899204,1.0356859699899204,0.0,1486.5107223169716,1486.5107223169716,0.0,27.10087641800689,27.10087641800689,0.0,28.807461506994333,37.80866198534915,93.72740736879337,28.461788403648693,8784.826892075742,24.944484422858277,1,0.0521529901498555,0.0521529901498555,0.0,3703.4369368440994,3703.4369368440994,0.0,0.5421312431946546,0.5421312431946546,0.0,1,0.036601648394458,0.036601648394458,0.0,1337.762749466036,1337.762749466036,0.0,0.4851255386386648,0.4851255386386648,0.0,0.0309532212397736,0.4937931142601087,0.1262394159351659,0.5151282178607011,0.0159363901356518,0.2411353544262635,1,48.75502882781869,48.75502882781869,0.0,3136.9679797845183,3136.9679797845183,0.0,138.28003047864738,138.28003047864738,0.0,1,3.0698132420218656,3.0698132420218656,0.0,446.0,446.0,0.0,77.43749214343222,77.43749214343222,0.0,36.81435769298864,118.72228531174102,131.7467216959865,105.95299981993364,17357.198677639724,65.91336170452365,1,0.4802909278872369,0.4802909278872369,0.0,2966.033985591349,2966.033985591349,0.0,3.3000922886125434,3.3000922886125434,0.0,2,0.0047744718408109,0.0049792652684086,0.0002047934275977,73.0,138.0,65.0,2.395395804104824,2.239724632013864,0.15567117209096,0.3460992267426321,3.013268629864851,0.6612364564217751,2.9437606745885034,0.4372336513012261,2.0209136699823387,99.95362856480408,99.95362856480408,99.95362856480408,0,0,0,1,-317.92713178729275,6,6,0,0.0,0.0,0.0,0.0,0.0,0.0,0,0,0,0,-34.79480873040715,4,4,0,0.0,0.0,0.0,0.0,0.0,0.0,0.0,0.0,0.0,0.0,0,2.0,0.0,1.0,1.0,0,0.0,0.0,0.0,0.0,0,24.8349,0.0,24.8349,24.8349,0,no_erup_rainy
1,1.2246467991473532e-16,0.5150380749100544,7,9.933333333333334,2019-07-24 09:56:00.000,0,0.0,1,1.1962531997008838,1.1962531997008838,0.0,374.0,374.0,0.0,46.05288714988036,46.05288714988036,0.0,1,2.5575430818177622,2.5575430818177622,0.0,1046.2137915760002,1046.2137915760002,0.0,31.77868980693305,31.77868980693305,0.0,7.653940025515377,39.89183832651022,28.391758662768133,35.70780199702025,806.0919599648693,29.302682561317702,2,0.0430236156575939,0.0855924511078767,0.0425688354502827,1848.050863830611,3686.101727661222,1838.050863830611,0.60117893961864,0.6102393663122168,0.0090604266935767,1,5.122548395253279e-05,5.122548395253279e-05,0.0,4.0,4.0,0.0,0.508071928421019,0.508071928421019,0.0,0.0299023741857062,0.5577752174204943,0.11711250566515,0.5677131325391188,0.0137153389831697,0.34340376400298,1,25.87855802486285,25.87855802486285,0.0,538.0,538.0,0.0,379.5776053665787,379.5776053665787,0.0,1,49.66719180732065,49.66719180732065,0.0,2895.9944980679998,2895.9944980679998,0.0,112.26098891037545,112.26098891037545,0.0,24.838746831124745,199.73030583370723,121.75920159087345,153.7885618448863,14825.303172046955,84.57018369930829,1,0.0355224732696997,0.0355224732696997,0.0,82.0,82.0,0.0,3.8833053585752704,3.8833053585752704,0.0,2,0.0020995461956274,0.0034212669524471,0.0013217207568196,16.0,28.0,12.0,3.048597628382089,2.861124233308534,0.1874733950735549,0.3805406532198677,3.4711694294301734,0.7701590065479466,3.432753321647805,0.5931448953669199,2.361352956197825,99.95362856480408,99.95362856480408,99.95362856480408,0,0,0,0,-17.141112059762705,6,3,0,0.0,0.0,0.0,0.0,0.0,0.0,0,0,0,0,416.4350597657883,5,5,0,0.0,0.0,0.0,0.0,0.0,0.0,1.0,1.0,1.0,1.0,1,5.0,4.0,4.0,4.0,1,1.0,1.0,1.0,1.0,1,14.8629,0.0,14.8629,14.8629,0,no_erup_rainy
1,1.2246467991473532e-16,0.5150380749100544,7,9.933333333333334,2019-07-30 09:56:00.000,0,0.0,1,3.568905452198884,3.568905452198884,0.0,2256.688572616778,2256.688572616778,0.0,44.3404687800097,44.3404687800097,0.0,1,0.0168473012661607,0.0168473012661607,0.0,6.0,6.0,0.0,32.345684749913694,32.345684749913694,0.0,5.427322054613545,42.41617208255506,21.48209647063314,40.57135445855476,461.48046877358894,30.68115063285923,1,7.18151495404662e-05,7.18151495404662e-05,0.0,6.0,6.0,0.0,0.774707016301249,0.774707016301249,0.0,1,0.0211582470083321,0.0211582470083321,0.0,1442.7545692082474,1442.7545692082474,0.0,0.5796456317267603,0.5796456317267603,0.0,0.0351179185817873,0.621625325343341,0.1495722842776776,0.6170026447361207,0.0223718682240424,0.3689268741294002,1,42.00549545245087,42.00549545245087,0.0,1593.620983280426,1593.620983280426,0.0,477.373856111171,477.373856111171,0.0,1,4.577553486442298,4.577553486442298,0.0,272.0,272.0,0.0,310.2467601301319,310.2467601301319,0.0,30.58422750782732,413.7642274914882,107.35582020467902,405.9352012693163,11525.272131819367,259.56034898892125,2,0.2763379963611965,0.5427073746917523,0.2663693783305558,1869.4441834051609,3616.888366810321,1747.4441834051606,3.2567842937873186,3.286041098548579,0.0292568047612604,1,0.0090480540438053,0.0090480540438053,0.0,62.0,62.0,0.0,2.529112858815754,2.529112858815754,0.0,0.315181657845927,3.075137496731383,0.6762156326728694,3.029598837419715,0.4572675818711691,2.0181938173409004,99.95362856480408,99.95362856480408,99.95362856480408,0,0,0,1,83.16731323129436,2,4,0,0.0,0.0,0.0,0.0,0.0,0.0,0,0,0,0,-227.7770174497429,3,3,0,0.0,0.0,0.0,0.0,0.0,0.0,0.0,0.0,0.0,0.0,0,3.0,2.0,2.0,2.0,1,0.0,0.0,0.0,0.0,0,0.0,0.0,0.0,0.0,0,no_erup_rainy
1,-0.4999999999999997,0.5150380749100544,8,9.933333333333334,2019-08-05 09:56:00.000,0,0.0,2,0.0235225054873282,0.0409501595297854,0.0174276540424571,4.5,7.0,2.5,31.39522368773708,33.18534090967144,1.7901172219343628,2,0.0298159508739406,0.0488996043651681,0.0190836534912275,39.5,75.0,35.5,25.041758468965007,24.262850074655663,0.778908394309342,5.998591704009079,29.25316434167042,15.82833586495108,27.28004924522064,250.5362162536967,22.724335521591403,1,0.0504535070175984,0.0504535070175984,0.0,3079.9803760045897,3079.9803760045897,0.0,0.4821650639881695,0.4821650639881695,0.0,1,0.0024490899207481,0.0024490899207481,0.0,122.0,122.0,0.0,0.3985016271846366,0.3985016271846366,0.0,0.0307487118365813,0.4545747247665693,0.1345701616580671,0.4342721146251899,0.0181091284086783,0.2619168743757696,2,0.1085453316379982,0.1176460897548281,0.0091007581168298,3.0,4.0,1.0,311.9815336213002,326.1082680882976,14.126734466997362,2,9.630511655882003,16.95429977167032,7.323788115788318,859.2257166959016,1642.4514333918032,783.2257166959016,192.73979028677337,181.87110256587488,10.868687720898492,26.39940434775817,241.6938774741769,72.49828587531547,229.94008818866905,5256.001454858968,147.82516343607898,2,0.2541442509886471,0.5072071052999001,0.2530628543112529,1473.9072084686147,2895.814416937229,1421.9072084686147,2.284716197337227,2.325082993836688,0.0403667964994614,2,0.0102369228970879,0.020287497187641,0.010050574290553,115.5,228.0,112.5,1.5638128281037629,1.479041253357666,0.0847715747460966,0.2537477696383862,2.004663753286842,0.542898842511029,1.9210352487533828,0.2947391531998151,1.276203788330308,99.95362856480408,99.95362856480408,99.95362856480408,0,0,0,0,-32.401925272428905,5,7,0,0.0,0.0,0.0,0.0,0.0,0.0,0,0,0,0,-225.4684041608994,4,4,0,0.0,0.0,0.0,0.0,0.0,0.0,0.0,0.0,0.0,0.0,0,5.0,4.0,4.0,4.0,1,0.0,0.0,0.0,0.0,0,14.4324,9.6216,9.6216,9.6216,0,no_erup_rainy
1,-0.4999999999999997,0.5150380749100544,8,9.933333333333334,2019-08-11 09:56:00.000,0,0.0,1,1.316997376148592,1.316997376148592,0.0,1299.85839846907,1299.85839846907,0.0,36.56169027408426,36.56169027408426,0.0,2,0.9728323567484818,1.887586400626564,0.914754043878082,906.1997149613836,1759.3994299227672,853.1997149613836,27.51556793650066,27.48367330028107,0.0318946362195902,6.239849528174167,33.69276352949185,12.71069703264424,32.145062013978254,161.56181905567107,23.85335315079562,2,0.0033183157075099,0.0064924720807957,0.0031741563732857,110.0,218.0,108.0,0.5765637646775311,0.5917592961269593,0.0151955314494282,1,0.0833752904869133,0.0833752904869133,0.0,2319.1550965443785,2319.1550965443785,0.0,0.4414553367783841,0.4414553367783841,0.0,0.0242246069015349,0.4931872395521007,0.1233247416149119,0.5105170714208056,0.0152089918943847,0.2437828090400441,2,0.801779050529575,1.5152965064478394,0.7135174559182644,25.0,46.0,21.0,376.5502370550802,381.9332324834791,5.382995428398971,1,58.57550162375236,58.57550162375236,0.0,2328.1521376063365,2328.1521376063365,0.0,250.70977716270045,250.70977716270045,0.0,21.606867356284564,315.92294803950193,80.9414347094287,316.0429050499972,6551.515852820709,180.00754388503665,2,0.1045099996014837,0.1999047657940775,0.0953947661925938,636.9905684823202,1231.9811369646404,594.9905684823202,2.6952358697834757,2.749925193621793,0.0546893238383181,1,0.0861520635662724,0.0861520635662724,0.0,1190.61540187945,1190.61540187945,0.0,1.3828587237761898,1.3828587237761898,0.0,0.3182180724267877,2.184286857221763,0.7749757752482084,2.1447177796108137,0.6005874522215616,1.1390946818104049,99.62902851843263,99.95362856480408,99.95362856480408,0,0,0,0,7.091428892376098,5,5,0,0.0,0.0,0.0,0.0,0.0,0.0,0,0,0,0,311.399501182989,5,3,0,0.0,0.0,0.0,0.0,0.0,0.0,1.0,0.0,1.0,1.0,0,3.0,1.0,1.0,0.0,0,0.0,0.0,0.0,0.0,0,19.1753,5.1869,9.3256,4.6628,0,no_erup_rainy
1,-0.4999999999999997,0.5150380749100544,8,9.933333333333334,2019-08-17 09:56:00.000,0,0.0,1,0.0085874505583376,0.0085874505583376,0.0,6.0,6.0,0.0,43.01438792375187,43.01438792375187,0.0,1,0.0188534151721526,0.0188534151721526,0.0,4.0,4.0,0.0,23.93633654426807,23.93633654426807,0.0,3.105777109543837,31.94035052517555,9.614128441762505,29.08635330708588,92.43146569470672,22.741178954371964,1,0.1207871940310135,0.1207871940310135,0.0,2031.1470371438336,2031.1470371438336,0.0,0.661260483585714,0.661260483585714,0.0,1,0.0227894035474706,0.0227894035474706,0.0,1072.601482472131,1072.601482472131,0.0,0.5163788882275465,0.5163788882275465,0.0,0.0293381490749974,0.5689773923371829,0.1509953307093473,0.5579617969800819,0.0227995898960251,0.3294587204881145,1,1.5028553880242723,1.5028553880242723,0.0,48.0,48.0,0.0,302.1392223840019,302.1392223840019,0.0,1,3.625406874417308,3.625406874417308,0.0,814.7249671303762,814.7249671303762,0.0,166.17087356910946,166.17087356910946,0.0,21.16905805875517,216.3516769890668,71.68261344682088,196.93089523063685,5138.397070566346,128.78082948093825,2,0.0019549236346549,0.0027075357913091,0.0007526121566541,6.0,10.0,4.0,2.754031493695692,2.873747056339976,0.1197155626442847,2,0.1217151590891276,0.2427742181339827,0.121059059044855,808.5774094475707,1615.1548188951415,806.5774094475707,2.1513189203295493,2.1091721362147537,0.0421467841147957,0.2215447024837697,2.449618122525445,0.5000153542663953,2.4146272082410127,0.2500153545021488,1.6749487194435593,99.95362856480408,99.95362856480408,99.95362856480408,0,0,0,1,12.637099975736689,3,5,0,0.0,0.0,0.0,0.0,0.0,0.0,0,0,0,0,1024.240062884456,4,5,0,0.0,0.0,0.0,0.0,0.0,0.0,0.0,0.0,0.0,0.0,0,6.0,4.0,4.0,3.0,1,0.0,0.0,0.0,0.0,0,10.3739,0.0,10.3739,10.3739,0,no_erup_rainy
1,-0.4999999999999997,0.5150380749100544,8,9.933333333333334,2019-08-23 09:56:00.000,0,0.0,1,0.0525490069876397,0.0525490069876397,0.0,6.0,6.0,0.0,43.36758252582241,43.36758252582241,0.0,1,0.7764405175742723,0.7764405175742723,0.0,424.3280760657867,424.3280760657867,0.0,29.110632908937006,29.110632908937006,0.0,6.645324980515991,39.30384491322956,18.582770796245786,35.65149995091112,345.3193704658052,26.62830675649126,1,0.0004361022985192,0.0004361022985192,0.0,2.0,2.0,0.0,0.6533058941437824,0.6533058941437824,0.0,1,0.0109393230696076,0.0109393230696076,0.0,296.0,296.0,0.0,0.5381906164025192,0.5381906164025192,0.0,0.0421135017470299,0.6158012276868203,0.1611736982051838,0.6108489732815862,0.0259769609931356,0.3587191952311879,1,122.4378594523534,122.4378594523534,0.0,1604.9064781884845,1604.9064781884845,0.0,435.9320623896955,435.9320623896955,0.0,1,69.72038069820695,69.72038069820695,0.0,1502.8891640371362,1502.8891640371362,0.0,163.2359999914748,163.2359999914748,0.0,60.93904705062938,331.29737539439907,172.1825410749274,305.6673041345592,29646.82745101906,124.00405082308671,1,0.2949537971909755,0.2949537971909755,0.0,2607.4578365155344,2607.4578365155344,0.0,2.7925733302566806,2.7925733302566806,0.0,1,0.3410866772388963,0.3410866772388963,0.0,1812.2334434060608,1812.2334434060608,0.0,2.2243652598193835,2.2243652598193835,0.0,1.8013632578910577,2.7868710134571137,7.6939284261548835,2.526726956787264,59.19653462679417,1.8127480560922136,99.95362856480408,99.93044284720612,99.95362856480408,0,0,0,0,25.24862884970061,6,7,0,0.0,0.0,0.0,0.0,0.0,0.0,0,0,0,0,49.8255367792647,4,6,1,2.0062585364373573e-05,-14.279524569967826,-0.0037064356314883,0.0039344757923879,6.166666666666667,0.5828763847277063,1.0,1.0,1.0,1.0,1,1.0,0.0,1.0,1.0,0,0.0,0.0,0.0,0.0,0,9.7345,0.0,7.3009,7.3009,0,no_erup_rainy
1,-0.4999999999999997,0.5150380749100544,8,9.933333333333334,2019-08-29 09:56:00.000,0,0.0,1,9.57305866626828,9.57305866626828,0.0,3542.814789149619,3542.814789149619,0.0,38.42873231537726,38.42873231537726,0.0,1,1.0417688539662606,1.0417688539662606,0.0,726.0,726.0,0.0,27.48449429334085,27.48449429334085,0.0,9.86979848294466,36.49578200264511,27.99513033298897,32.562669316822074,783.7273223610395,25.479583410619885,2,0.0380854005905772,0.0759058490765826,0.0378204484860053,1706.5342189673677,3407.6765805698465,1701.1423616024788,0.5371797168284888,0.5385224642913455,0.0013427474628567,1,0.0031026249669185,0.0031026249669185,0.0,23.626462144453896,23.626462144453896,0.0,0.4140665672262356,0.4140665672262356,0.0,0.025199918904991,0.5017708523219568,0.114532756252268,0.5073851261838795,0.0131177522547414,0.2946313280779548,1,203.36162064280643,203.36162064280643,0.0,3125.623416734662,3125.623416734662,0.0,407.3844640144377,407.3844640144377,0.0,1,3.823839667236896,3.823839667236896,0.0,312.0,312.0,0.0,120.9474707987037,120.9474707987037,0.0,61.40009486303276,292.04093807871953,177.96898745745267,252.96524058586903,31672.96049663095,102.56565871034286,2,0.1636000227019374,0.3261778963867869,0.1625778736848495,896.7736282078902,1789.5472564157803,892.7736282078902,3.043390271354649,3.160119487142037,0.1167292157873873,2,0.0062671248635841,0.0117300623950193,0.0054629375314352,50.0,90.0,40.0,2.250167322286328,2.1225197734196146,0.1276475488667128,0.326343293386474,2.7700387853942785,0.6818434341683832,2.7223324943548293,0.4649104687185343,1.757566645272364,99.95362856480408,99.95362856480408,99.95362856480408,0,0,0,1,19.768758057034784,8,5,0,0.0,0.0,0.0,0.0,0.0,0.0,0,0,0,0,-85.5987630596277,6,4,0,0.0,0.0,0.0,0.0,0.0,0.0,0.0,0.0,0.0,0.0,0,11.0,1.0,6.0,5.0,0,0.0,0.0,0.0,0.0,0,0.0,0.0,0.0,0.0,0,no_erup_rainy
1,-0.8660254037844385,0.5150380749100544,9,9.933333333333334,2019-09-04 09:56:00.000,0,0.0,1,0.0119684732203992,0.0119684732203992,0.0,4.0,4.0,0.0,24.656416303167237,24.656416303167237,0.0,1,1.24032503310751,1.24032503310751,0.0,3555.559534067608,3555.559534067608,0.0,22.0518253319414,22.0518253319414,0.0,12.00002229126222,26.587415081378573,27.113376705838643,22.782675220283533,735.1351963927136,20.209911152101,2,0.0003403936990925,0.0005639680918897,0.0002235743927972,5.0,6.0,1.0,0.5057114691027773,0.5100853769517871,0.0043739078490097,1,0.0518756670825478,0.0518756670825478,0.0,3613.69853015468,3613.69853015468,0.0,0.4500193663462736,0.4500193663462736,0.0,0.0238792468559322,0.4710333827344695,0.095938053540408,0.4883312485537294,0.0092041101171222,0.279728574603954,1,0.6371181851631746,0.6371181851631746,0.0,28.0,28.0,0.0,100.00815266891244,100.00815266891244,0.0,1,33.59472020232745,33.59472020232745,0.0,2397.359548332468,2397.359548332468,0.0,43.818812723789534,43.818812723789534,0.0,54.279843927834015,92.03823541527504,99.84740386234913,72.45066085636623,9969.504058051049,29.178790760940217,1,0.621632619457416,0.621632619457416,0.0,2761.311236337453,2761.311236337453,0.0,3.4516447132574983,3.4516447132574983,0.0,1,0.1392312953054082,0.1392312953054082,0.0,980.9440285713883,980.9440285713883,0.0,2.335855673177779,2.335855673177779,0.0,0.4110045742489766,3.021897417213955,0.925651203800151,2.901628731828298,0.8568301510966686,1.815602579980249,89.9373985624855,99.95362856480408,99.95362856480408,0,0,0,1,-35.543772377173106,6,5,0,0.0,0.0,0.0,0.0,0.0,0.0,0,0,0,0,14.967827632421724,3,6,0,0.0,0.0,0.0,0.0,0.0,0.0,0.0,0.0,0.0,0.0,0,3.0,0.0,2.0,2.0,0,0.0,0.0,0.0,0.0,0,14.2582,14.2582,14.2582,14.2582,0,no_erup_rainy
1,-1.0,-0.18223552549214703,10,12.7,2019-10-11 12:42:00.000,0,0.0,1,4.082825068604372,4.082825068604372,0.0,316.0,316.0,0.0,32.23332830570121,32.23332830570121,0.0,1,4.082825068604372,4.082825068604372,0.0,908.5196067923976,908.5196067923976,0.0,28.150503237096835,28.150503237096835,0.0,37.84706160360979,40.79671378120185,84.42476750690197,26.50737332387296,7127.541368594451,20.363602665009864,1,0.002749714165251,0.002749714165251,0.0,30.0,30.0,0.0,0.7978723218715069,0.7978723218715069,0.0,1,0.002749714165251,0.002749714165251,0.0,30.0,30.0,0.0,0.7951226077062559,0.7951226077062559,0.0,0.0650052297063394,0.6163587695381335,0.3456068655373541,0.5469142217682925,0.1194441055065548,0.209685854239971,1,16.540341243022286,16.540341243022286,0.0,3465.56861893887,3465.56861893887,0.0,41.49441549872667,41.49441549872667,0.0,1,0.4255218677152825,0.4255218677152825,0.0,176.0,176.0,0.0,24.90759593852784,24.90759593852784,0.0,37.73799823242041,44.28517461365933,126.60126399428782,31.712492303788828,16027.880044951356,20.655229379182632,1,0.383251796467718,0.383251796467718,0.0,598.0,598.0,0.0,6.333563640256724,6.333563640256724,0.0,1,1.961603257324279,1.961603257324279,0.0,2409.6228014349663,2409.6228014349663,0.0,3.335390562780052,3.335390562780052,0.0,0.7761146501964724,5.2344431278994925,2.208968625355472,5.11236148199541,4.879542387804843,2.1811275511034256,24.020403431486205,82.49478321354046,99.95362856480408,0,0,0,0,489.4338515501849,1,2,0,0.0,0.0,0.0,0.0,0.0,0.0,0,1,0,1,172.02738822900167,3,4,0,0.0,0.0,0.0,0.0,0.0,0.0,1.0,0.0,1.0,1.0,0,17.0,10.0,10.0,7.0,1,0.0,0.0,0.0,0.0,0,68.788,13.5882,36.7999,23.2117,0,no_erup_rainy
1,-1.0,-0.18223552549214703,10,12.7,2019-10-17 12:42:00.000,0,0.0,1,0.0703730217691323,0.0703730217691323,0.0,4.0,4.0,0.0,28.32329231301913,28.32329231301913,0.0,1,1.0761620092885202,1.0761620092885202,0.0,795.204431534406,795.204431534406,0.0,21.819019989376216,21.819019989376216,0.0,9.313308335840148,28.54364004273122,19.83612332834255,23.539742115241246,393.4717886972155,20.28007911726372,1,0.2022155113714216,0.2022155113714216,0.0,1451.7454454659803,1451.7454454659803,0.0,0.850755001528976,0.850755001528976,0.0,1,0.001382841696763,0.001382841696763,0.0,2.0,2.0,0.0,0.4010327771302495,0.4010327771302495,0.0,0.0471190008317148,0.6097238714596906,0.2696524719299388,0.5599917197377005,0.0727124556179264,0.222574138076138,1,1.5272876325423397,1.5272876325423397,0.0,866.0494146785263,866.0494146785263,0.0,46.62244547517214,46.62244547517214,0.0,1,12.039494545356284,12.039494545356284,0.0,2942.8466173399584,2942.8466173399584,0.0,27.03733340945568,27.03733340945568,0.0,9.928832239637208,40.16350342306426,32.259168328929746,36.35875621942528,1040.653941274224,24.03299552742593,1,3.953743039575176,3.953743039575176,0.0,2372.8754086576187,2372.8754086576187,0.0,11.017826316048144,11.017826316048144,0.0,1,0.4287451426062496,0.4287451426062496,0.0,1229.2322424564463,1229.2322424564463,0.0,4.122448601190197,4.122448601190197,0.0,1.027702089009582,7.285480620723846,3.431980009600917,6.6439105220320736,11.778486786300313,3.18564737045917,63.7375376767911,99.95362856480408,99.95362856480408,0,0,0,0,-119.36910634427772,3,5,0,0.0,0.0,0.0,0.0,0.0,0.0,0,1,0,1,-623.5127777677029,3,5,0,0.0,0.0,0.0,0.0,0.0,0.0,0.0,0.0,0.0,0.0,0,42.0,11.0,24.0,17.0,0,0.0,0.0,0.0,0.0,0,20.3823,0.0,20.3823,20.3823,0,no_erup_rainy
1,-1.0,-0.18223552549214703,10,12.7,2019-10-23 12:42:00.000,0,0.0,1,2.59627546099929,2.59627546099929,0.0,676.6647182454973,676.6647182454973,0.0,31.416993716934503,31.416993716934503,0.0,1,2.149955597675138,2.149955597675138,0.0,2312.826386675541,2312.826386675541,0.0,26.992996777028544,26.992996777028544,0.0,7.990559697389792,36.084285831082624,29.897617590881826,28.405097041065947,893.8675376106063,24.786571759519703,1,0.1221638305793534,0.1221638305793534,0.0,1985.5309332659003,1985.5309332659003,0.0,0.8336748721254718,0.8336748721254718,0.0,1,6.0234230008004985e-05,6.0234230008004985e-05,0.0,4.0,4.0,0.0,0.6868743151012954,0.6868743151012954,0.0,0.0451727227838758,0.7200839814433111,0.2242662480708837,0.7761322525286269,0.0502953500237911,0.2845415192339563,1,1.4459047657218207,1.4459047657218207,0.0,564.2730427228385,564.2730427228385,0.0,197.29950973967829,197.29950973967829,0.0,1,12.344603869110529,12.344603869110529,0.0,3232.9555983122727,3232.9555983122727,0.0,177.54102265483925,177.54102265483925,0.0,13.79968047410058,187.4952458264933,54.177985660291775,184.4555311991728,2935.254130206781,157.13859508632032,1,0.48620879427878,0.48620879427878,0.0,2744.408706362469,2744.408706362469,0.0,3.378849828385267,3.378849828385267,0.0,1,0.0002372077350059,0.0002372077350059,0.0,2.0,2.0,0.0,2.687334907218632,2.687334907218632,0.0,0.1802402556428336,3.040886491606288,0.4690558267960032,3.040649510670028,0.2200133686512821,2.183936407624093,99.95362856480408,99.95362856480408,99.95362856480408,0,0,0,0,7.268540653150419,5,5,0,0.0,0.0,0.0,0.0,0.0,0.0,0,0,0,1,1965.1891567673024,6,4,0,0.0,0.0,0.0,0.0,0.0,0.0,1.0,1.0,1.0,1.0,1,21.0,7.0,8.0,2.0,0,2.0,0.0,2.0,2.0,0,89.6925,29.8975,29.8975,0.0,0,no_erup_rainy
1,-1.0,-0.18223552549214703,10,12.7,2019-10-29 12:42:00.000,0,0.0,1,0.0018205332057057,0.0018205332057057,0.0,4.0,4.0,0.0,27.44501495065037,27.44501495065037,0.0,1,1.457155717437054,1.457155717437054,0.0,2226.333472853886,2226.333472853886,0.0,21.84676054928648,21.84676054928648,0.0,4.383499041925113,24.93264934369177,7.4386148924634306,23.21653053184468,55.33299151837874,20.536617161246664,1,0.065600351009003,0.065600351009003,0.0,2607.549579181792,2607.549579181792,0.0,0.7658014655947172,0.7658014655947172,0.0,2,0.0286475334508977,0.0540792007865172,0.0254316673356195,1000.1740817045666,1978.348163409133,978.1740817045666,0.6419330649242092,0.5836650152627043,0.0582680496615048,0.0272471412682635,0.6677531623135906,0.1670182746310946,0.7270964402743296,0.0278951040607477,0.3065605258947751,1,0.0411912158837992,0.0411912158837992,0.0,8.0,8.0,0.0,197.12001607306925,197.12001607306925,0.0,1,22.799456627879223,22.799456627879223,0.0,2135.0650909040705,2135.0650909040705,0.0,111.24719074373353,111.24719074373353,0.0,8.848868210688122,147.0536611293651,39.20200272580937,137.45662582567937,1536.7970177143652,101.1111750171171,1,0.1970767545465936,0.1970767545465936,0.0,910.9499302635844,910.9499302635844,0.0,2.8767435508589605,2.8767435508589605,0.0,1,0.7385806579641487,0.7385806579641487,0.0,3784.427092062562,3784.427092062562,0.0,2.087986280270502,2.087986280270502,0.0,0.2106664428442425,2.517615998714464,0.5901991650199777,2.414725581580769,0.3483350543902788,1.8836939156896968,97.2408996058428,99.95362856480408,99.95362856480408,0,0,0,0,3.2777463889605145,4,6,0,0.0,0.0,0.0,0.0,0.0,0.0,0,0,0,0,-488.7630481751704,4,4,0,0.0,0.0,0.0,0.0,0.0,0.0,0.0,0.0,0.0,0.0,0,24.0,2.0,17.0,15.0,0,0.0,0.0,0.0,0.0,0,0.0,0.0,0.0,0.0,0,no_erup_rainy
1,-0.866025403784439,-0.18223552549214703,11,12.7,2019-11-04 12:42:00.000,0,0.0,1,0.0164341734959023,0.0164341734959023,0.0,6.0,6.0,0.0,27.025640250002947,27.025640250002947,0.0,1,0.0030110241989156,0.0030110241989156,0.0,2.0,2.0,0.0,23.492109173010306,23.492109173010306,0.0,18.514589523673887,30.39931228960431,117.94410290583626,25.38916763560489,13910.811410262497,22.576599660489304,2,0.0007995955514278,0.0012081316006519,0.000408536049224,42.0,60.0,18.0,0.6684451312143627,0.6805428464403347,0.012097715225972,1,0.0002980059665675,0.0002980059665675,0.0,4.0,4.0,0.0,0.4907351121121223,0.4907351121121223,0.0,0.0268396592691313,0.5757352147898779,0.1461562390739056,0.6108563755659203,0.0213616462202286,0.2757127866012436,1,18.15882965882025,18.15882965882025,0.0,2230.4372380096065,2230.4372380096065,0.0,169.8295924897297,169.8295924897297,0.0,1,2.8649313231247504,2.8649313231247504,0.0,680.0,680.0,0.0,148.2302290610399,148.2302290610399,0.0,37.2422532284016,168.43658174214227,218.1612445275682,158.63707389258383,47594.32861381741,131.89598243038984,1,0.1888998556150332,0.1888998556150332,0.0,1928.4324787968533,1928.4324787968533,0.0,3.1640635598420825,3.1640635598420825,0.0,1,0.1911437687813926,0.1911437687813926,0.0,1728.7401202204744,1728.7401202204744,0.0,2.707411244847309,2.707411244847309,0.0,0.5262308069076765,3.086920382917256,1.6348549756176536,2.961710505970609,2.6727507913017985,2.1891076072100786,99.95362856480408,99.95362856480408,99.95362856480408,0,0,0,0,13.281916205914824,4,4,0,0.0,0.0,0.0,0.0,0.0,0.0,0,0,0,0,125.1348707977548,6,3,0,0.0,0.0,0.0,0.0,0.0,0.0,1.0,0.0,1.0,1.0,0,12.0,5.0,5.0,3.0,0,0.0,0.0,0.0,0.0,0,0.0,0.0,0.0,0.0,0,no_erup_rainy
1,-0.866025403784439,-0.18223552549214703,11,12.7,2019-11-10 12:42:00.000,0,0.0,1,4.683762200637034,4.683762200637034,0.0,3074.861287184828,3074.861287184828,0.0,35.51461936697734,35.51461936697734,0.0,1,1.582111656355039,1.582111656355039,0.0,881.6884693594702,881.6884693594702,0.0,30.83085716634031,30.83085716634031,0.0,10.308111240050646,35.82251432809383,42.19513790671982,31.205721460665128,1780.4296629671042,23.4248370409896,1,0.0102747628880797,0.0102747628880797,0.0,348.0,348.0,0.0,0.674852887178184,0.674852887178184,0.0,1,0.0007663052965432,0.0007663052965432,0.0,4.0,4.0,0.0,0.4003774999303227,0.4003774999303227,0.0,0.0397811553423748,0.5523565709708983,0.1760808468228631,0.5354914529158435,0.0310044646178565,0.2781347946442076,1,33.44909003663349,33.44909003663349,0.0,2696.8329220742803,2696.8329220742803,0.0,219.0734693982673,219.0734693982673,0.0,1,18.71881597305753,18.71881597305753,0.0,670.0,670.0,0.0,129.41329907998772,129.41329907998772,0.0,41.7275129698716,197.3569190663034,110.02791475653376,187.58448067927185,12106.14202567106,93.16194697440228,1,0.9254116917023332,0.9254116917023332,0.0,3894.8112194066143,3894.8112194066143,0.0,4.099038817978675,4.099038817978675,0.0,1,0.0028967943326105,0.0028967943326105,0.0,6.0,6.0,0.0,3.1264496512717046,3.1264496512717046,0.0,0.5129775027380771,3.742705133030915,1.013279869364942,3.5877812723069216,1.0267360936602334,2.3425081842302427,99.95362856480408,99.95362856480408,99.95362856480408,0,0,0,0,3.224592913599359,6,4,0,0.0,0.0,0.0,0.0,0.0,0.0,0,0,0,1,-1650.9207950011985,3,7,0,0.0,0.0,0.0,0.0,0.0,0.0,0.0,0.0,0.0,0.0,0,4.0,2.0,2.0,2.0,0,0.0,0.0,0.0,0.0,0,10.9228,0.0,10.9228,10.9228,0,no_erup_rainy
1,-0.866025403784439,-0.18223552549214703,11,12.7,2019-11-16 12:42:00.000,0,0.0,1,0.7826350091942516,0.7826350091942516,0.0,412.0,412.0,0.0,23.545932282534288,23.545932282534288,0.0,1,0.6352398609544245,0.6352398609544245,0.0,481.51254419328217,481.51254419328217,0.0,21.61102636831115,21.61102636831115,0.0,12.37193727671038,26.438302230365,40.78601549673991,22.382894787870622,1663.4990601003076,20.1721641245956,1,0.0001103631645268,0.0001103631645268,0.0,8.0,8.0,0.0,0.54861054224449,0.54861054224449,0.0,1,0.024917736763075,0.024917736763075,0.0,701.663832898006,701.663832898006,0.0,0.4404987989950934,0.4404987989950934,0.0,0.0400389992608794,0.4907919926519808,0.1445476174709483,0.5020218852430918,0.0208940137165275,0.2505657445417898,1,0.0110917660786071,0.0110917660786071,0.0,2.0,2.0,0.0,72.3118705352155,72.3118705352155,0.0,1,22.06367045305784,22.06367045305784,0.0,2808.6645949679096,2808.6645949679096,0.0,35.12609403829305,35.12609403829305,0.0,39.898280174070784,71.16444970352411,166.33199345723108,51.53303697061139,27666.33204745636,30.14494521089683,1,0.4580697383423375,0.4580697383423375,0.0,2033.618694232856,2033.618694232856,0.0,3.588795460922716,3.588795460922716,0.0,2,0.0511498939959254,0.0957690969575235,0.0446192029615981,567.2682770073611,1114.5365540147222,547.2682770073611,2.940662607233674,2.899193733152777,0.041468874080897,0.8345557975638538,3.4333595010207487,3.0640817558857742,3.1840863835845097,9.38859700675205,2.433362572078128,66.70530952932994,99.95362856480408,99.95362856480408,0,0,0,0,45.6830289095486,3,3,0,0.0,0.0,0.0,0.0,0.0,0.0,0,0,0,1,-15.040688006515168,6,6,0,0.0,0.0,0.0,0.0,0.0,0.0,0.0,0.0,0.0,0.0,0,17.0,5.0,7.0,2.0,0,0.0,0.0,0.0,0.0,0,13.7976,8.7312,8.7312,6.8371,0,no_erup_rainy
1,-0.866025403784439,-0.18223552549214703,11,12.7,2019-11-22 12:42:00.000,0,0.0,1,1.746584969819267,1.746584969819267,0.0,3309.2210315248776,3309.2210315248776,0.0,24.107337343015885,24.107337343015885,0.0,1,0.0013743793790936,0.0013743793790936,0.0,6.0,6.0,0.0,21.215597303985906,21.215597303985906,0.0,14.153677288398226,27.10763416140835,63.64029572015839,22.8828720556432,4050.0872393492095,20.585440708991573,1,0.0780052993227811,0.0780052993227811,0.0,1458.6011096450086,1458.6011096450086,0.0,0.6479415375277398,0.6479415375277398,0.0,1,0.0298886191483366,0.0298886191483366,0.0,1000.153521656206,1000.153521656206,0.0,0.4765940066737695,0.4765940066737695,0.0,0.0354215293419548,0.5094345063667994,0.1462166689927998,0.5188382653835092,0.02137931429135,0.2449059286217413,1,26.417695123616312,26.417695123616312,0.0,1847.5864249034616,1847.5864249034616,0.0,97.28086007532372,97.28086007532372,0.0,1,11.945268399798096,11.945268399798096,0.0,995.473408431712,995.473408431712,0.0,67.48426359865555,67.48426359865555,0.0,37.25472579103908,92.7124120053264,142.86492040641576,75.14903260566128,20410.38548273151,50.1097678700137,1,0.7987479091206113,0.7987479091206113,0.0,2625.475278930494,2625.475278930494,0.0,3.985377193619292,3.985377193619292,0.0,1,0.0018242170768436,0.0018242170768436,0.0,4.0,4.0,0.0,2.851540537575984,2.851540537575984,0.0,1.6025336744096337,3.6014586140714493,7.899578157376471,3.369988489189006,62.40333506449944,2.3115876262193207,98.14514259216324,99.95362856480408,99.95362856480408,0,0,0,0,-5.22834793567122,4,3,0,0.0,0.0,0.0,0.0,0.0,0.0,0,0,0,0,-62.2946909830074,5,3,0,0.0,0.0,0.0,0.0,0.0,0.0,1.0,0.0,1.0,1.0,0,10.0,6.0,6.0,4.0,1,2.0,0.0,2.0,2.0,0,0.0,0.0,0.0,0.0,0,no_erup_rainy
1,-0.866025403784439,-0.18223552549214703,11,12.7,2019-11-28 12:42:00.000,0,0.0,1,0.0711812509108398,0.0711812509108398,0.0,6.0,6.0,0.0,60.57920273855138,60.57920273855138,0.0,1,0.93141037152904,0.93141037152904,0.0,1964.9147669077545,1964.9147669077545,0.0,24.14654433806457,24.14654433806457,0.0,4.215861481529005,38.86027375558764,27.46694404680947,28.45970726438449,754.4330152705621,22.495971720817145,1,0.1288981797018413,0.1288981797018413,0.0,2947.398037973361,2947.398037973361,0.0,0.5950020564778837,0.5950020564778837,0.0,1,0.1721258046106228,0.1721258046106228,0.0,2883.4725895057727,2883.4725895057727,0.0,0.4228762518672609,0.4228762518672609,0.0,0.048991656767284,0.5950727353639801,0.2863599740747388,0.5483014319199334,0.0820020347520851,0.2575442417252816,1,27.146485613032866,27.146485613032866,0.0,1830.0074460877067,1830.0074460877067,0.0,183.52775297046776,183.52775297046776,0.0,2,2.3413026683717817,4.140823039207362,1.7995203708355805,356.4624417473923,654.9248834947846,298.4624417473923,130.439348026142,126.98592429356034,3.453423732581655,27.76056523162812,165.30942867637495,62.12152689465224,149.99836307287794,3859.0841037230016,100.8881733792628,1,0.1764300400945595,0.1764300400945595,0.0,839.6831986295069,839.6831986295069,0.0,3.5517370323554887,3.5517370323554887,0.0,1,0.0054889677679188,0.0054889677679188,0.0,16.0,16.0,0.0,2.385910672909393,2.385910672909393,0.0,0.4224881437269525,3.3580411581019742,0.9438667760214604,3.3411282855234394,0.8908844908771459,1.7753123245241642,99.90725712960815,99.95362856480408,99.95362856480408,0,0,0,1,-68.12619467997777,2,4,0,0.0,0.0,0.0,0.0,0.0,0.0,0,0,0,0,-169.5041916452746,5,2,0,0.0,0.0,0.0,0.0,0.0,0.0,0.0,0.0,0.0,0.0,0,6.0,2.0,2.0,0.0,0,0.0,0.0,0.0,0.0,0,63.7017,63.7017,63.7017,63.7017,0,no_erup_rainy
0,-0.5000000000000004,-0.4383711467890767,12,13.733333333333333,2019-12-12 13:44:00.000,0,0.0,1,0.0632993624646758,0.0632993624646758,0.0,4.0,4.0,0.0,50.77837022595934,50.77837022595934,0.0,1,6.5924625405977935,6.5924625405977935,0.0,3005.3307502598045,3005.3307502598045,0.0,38.5187541277277,38.5187541277277,0.0,3.646046293450913,43.94888139167931,13.57550601706281,41.81208018961597,184.2943636193086,36.72298569074636,2,0.0685962193724968,0.1341511788939092,0.0655549595214124,1732.0176101429147,3416.0352202858294,1684.0176101429147,0.7962945736517222,0.810125175253826,0.0138306016021038,2,0.0406235117720094,0.0809950677845472,0.0403715560125378,1112.06006093026,2222.12012186052,1110.06006093026,0.6719927364205606,0.6680114764812044,0.0039812599393561,0.0340815139936513,0.7280129099939927,0.1638151819209869,0.7428760406652428,0.026835413827806,0.4138380036365707,1,38.60171609923592,38.60171609923592,0.0,2886.3050616209466,2886.3050616209466,0.0,184.4324862626426,184.4324862626426,0.0,1,9.041677507606067,9.041677507606067,0.0,408.8941656593617,408.8941656593617,0.0,132.1127397491684,132.1127397491684,0.0,28.961949304202054,173.30407157636148,65.86252567643103,162.06219629900286,4337.872288478537,87.97611068121859,1,0.9806702402914156,0.9806702402914156,0.0,3376.1251041005976,3376.1251041005976,0.0,3.8552113120518254,3.8552113120518254,0.0,1,0.1003579542535968,0.1003579542535968,0.0,518.0,518.0,0.0,2.665529078826312,2.665529078826312,0.0,0.4596397121045625,3.410734024083654,1.0161266116950214,3.1862771560133734,1.032513290994805,2.092153355208409,99.95362856480408,99.95362856480408,99.95362856480408,0,0,0,1,-48.863478348460745,5,5,0,0.0,0.0,0.0,0.0,0.0,0.0,0,0,0,0,-9.19939173623385,4,5,0,0.0,0.0,0.0,0.0,0.0,0.0,0.0,0.0,0.0,0.0,0,8.0,4.0,4.0,4.0,0,0.0,0.0,0.0,0.0,0,0.0,0.0,0.0,0.0,0,no_erup_dry
0,-0.5000000000000004,-0.4383711467890767,12,13.733333333333333,2019-12-18 13:44:00.000,0,0.0,1,1.0085443338197564,1.0085443338197564,0.0,466.0,466.0,0.0,34.93264567633757,34.93264567633757,0.0,1,0.0368049318123873,0.0368049318123873,0.0,74.0,74.0,0.0,29.637646433514355,29.637646433514355,0.0,7.698974769457646,33.785815565668386,19.70069748631348,31.702094160488944,388.1174814472383,28.574618429115137,1,0.0140292557796195,0.0140292557796195,0.0,676.4063541352609,676.4063541352609,0.0,0.7072167881228237,0.7072167881228237,0.0,2,0.0344558650342531,0.0426535698618139,0.0081977048275607,2403.3487646958906,3593.1181788626127,1189.769414166722,0.6667941291613986,0.6597266175176859,0.0070675116437126,0.0293656400309673,0.6523263388877545,0.1253538815293166,0.688648918108363,0.0157135956144659,0.3967862777778453,1,26.142596609546946,26.142596609546946,0.0,829.1489792308811,829.1489792308811,0.0,152.08542493248717,152.08542493248717,0.0,1,28.21570764224282,28.21570764224282,0.0,2766.222046441075,2766.222046441075,0.0,75.46360002642524,75.46360002642524,0.0,21.152390779540102,108.77687280002152,59.07369107165312,98.92655166221832,3489.7009768291086,54.84676408847281,1,0.0777214029407318,0.0777214029407318,0.0,1380.291909238048,1380.291909238048,0.0,2.778311320619068,2.778311320619068,0.0,1,0.071504350060771,0.071504350060771,0.0,416.0,416.0,0.0,2.3491793901765736,2.3491793901765736,0.0,0.2925814267692066,2.694047526926527,0.5141889754898927,2.6381306561248503,0.2643903025153455,1.962678694654494,99.95362856480408,99.95362856480408,99.95362856480408,0,0,0,1,86.78671167224023,3,6,0,0.0,0.0,0.0,0.0,0.0,0.0,0,0,0,1,-6.6755564079250105,5,5,0,0.0,0.0,0.0,0.0,0.0,0.0,0.0,0.0,0.0,0.0,0,22.0,5.0,13.0,9.0,0,5.0,2.0,3.0,3.0,0,0.0,0.0,0.0,0.0,0,no_erup_dry
0,-0.5000000000000004,-0.4383711467890767,12,13.733333333333333,2019-12-24 13:44:00.000,0,0.0,1,0.4154528977874179,0.4154528977874179,0.0,136.0,136.0,0.0,52.50219369083949,52.50219369083949,0.0,1,0.0012719205069799,0.0012719205069799,0.0,2.0,2.0,0.0,41.44487564842342,41.44487564842342,0.0,17.360253631541145,53.86794531490688,87.7812965166338,49.32500909443748,7705.556018141185,40.509476218559975,1,0.0021553335126358,0.0021553335126358,0.0,24.0,24.0,0.0,1.1364271344918575,1.1364271344918575,0.0,1,0.0374147838596777,0.0374147838596777,0.0,2405.378596862851,2405.378596862851,0.0,0.8924255419791062,0.8924255419791062,0.0,0.0465650422146463,0.9319291269535428,0.2209800723720163,0.9543114918787036,0.0488321923855415,0.4628861773180251,2,2.4216678614700697,3.872143412717492,1.450475551247422,250.5,382.0,131.5,177.81282408750977,179.6342657528993,1.8214416653895285,1,19.809152489640923,19.809152489640923,0.0,2271.499496924524,2271.499496924524,0.0,124.82668239575996,124.82668239575996,0.0,46.18547815114836,160.80502998669414,187.6244150672688,148.42733974567878,35202.92112933476,94.04230776458358,1,0.0404756141691677,0.0404756141691677,0.0,382.0,382.0,0.0,3.9750519578900736,3.9750519578900736,0.0,1,0.0185818562383737,0.0185818562383737,0.0,134.0,134.0,0.0,3.334052735841955,3.334052735841955,0.0,0.4313053520585723,3.7392865400137625,0.7045989064023883,3.652924426103385,0.4964596189034415,2.7555876485803785,99.95362856480408,99.95362856480408,99.95362856480408,0,0,0,1,22.018825023503563,3,3,0,0.0,0.0,0.0,0.0,0.0,0.0,0,0,0,0,67.80741039525024,4,6,0,0.0,0.0,0.0,0.0,0.0,0.0,0.0,0.0,0.0,0.0,0,17.0,8.0,8.0,4.0,0,1.0,1.0,1.0,1.0,1,5.6502,0.0,5.6502,5.6502,0,no_erup_dry
0,0.0,0.9840406976462908,1,5.316666666666666,2020-01-10 05:19:00.000,0,0.0,1,1.5435622128339332,1.5435622128339332,0.0,1604.8088483356114,1604.8088483356114,0.0,42.134252086485546,42.134252086485546,0.0,1,0.8379681327091859,0.8379681327091859,0.0,528.0,528.0,0.0,34.716544013716955,34.716544013716955,0.0,15.995962284021363,45.23091028305348,91.0541819708183,41.01289918684073,8290.864054374893,32.420414537048835,1,0.0118608076100326,0.0118608076100326,0.0,268.61885120148736,268.61885120148736,0.0,0.8173288507142588,0.8173288507142588,0.0,1,0.0477162595246071,0.0477162595246071,0.0,477.7061798414768,477.7061798414768,0.0,0.6151858024824212,0.6151858024824212,0.0,0.0411323149797078,0.6741609445457031,0.1736062671530934,0.6859524474828117,0.0301391359948312,0.369382390531451,2,0.5392176844040364,1.0697319323572856,0.5305142479532492,13.0,20.0,7.0,322.161036257958,349.1506793651536,26.98964310719566,1,0.1693933475390849,0.1693933475390849,0.0,2.0,2.0,0.0,224.23447196442768,224.23447196442768,0.0,68.91906441026124,295.81515835203817,200.2797975825545,269.8570443427321,40111.997319708986,172.12472542237603,1,0.4912830335053471,0.4912830335053471,0.0,2253.4218131236944,2253.4218131236944,0.0,4.455352100495421,4.455352100495421,0.0,1,0.0930773190856117,0.0930773190856117,0.0,369.2649101188727,369.2649101188727,0.0,3.675215625151536,3.675215625151536,0.0,0.764394446384686,4.19323022985752,1.5257986134032049,4.041194513394307,2.328061408663142,2.710295231180931,77.90401112914445,99.7681428240204,99.95362856480408,0,0,0,1,134.29885784195713,3,5,0,0.0,0.0,0.0,0.0,0.0,0.0,0,0,0,0,50.10982206379136,4,5,0,0.0,0.0,0.0,0.0,0.0,0.0,0.0,0.0,0.0,0.0,0,7.0,0.0,5.0,5.0,0,0.0,0.0,0.0,0.0,0,0.0,0.0,0.0,0.0,0,no_erup_dry
0,0.0,0.9840406976462908,1,5.316666666666666,2020-01-16 05:19:00.000,0,0.0,1,4.408683041121819,4.408683041121819,0.0,3507.286729568761,3507.286729568761,0.0,44.41241476481196,44.41241476481196,0.0,1,0.0871943339617971,0.0871943339617971,0.0,52.0,52.0,0.0,39.92308506381706,39.92308506381706,0.0,7.134980740265791,43.979590936411455,14.953426780907458,41.15579237146961,223.6049724919604,36.57849669430693,1,0.0351192642112935,0.0351192642112935,0.0,607.7606159879001,607.7606159879001,0.0,0.7950432594121261,0.7950432594121261,0.0,1,0.1180904402253281,0.1180904402253281,0.0,3795.367648383221,3795.367648383221,0.0,0.6753193330939151,0.6753193330939151,0.0,0.0436548838254802,0.7215483925202424,0.190955971797791,0.72820061536587,0.0364641831652387,0.3862558015464141,1,32.54843152337219,32.54843152337219,0.0,2210.137711868568,2210.137711868568,0.0,259.02198146286656,259.02198146286656,0.0,2,3.221808774445023,6.220883908504817,2.999075134059794,164.07580279360286,324.1516055872057,160.07580279360286,214.918456426002,211.26550273179777,3.652953694204271,38.50352930057587,246.90511434122172,69.31119672648353,236.21558374202573,4804.041991657301,157.1905256430386,1,0.1402955096455467,0.1402955096455467,0.0,1623.8097176511974,1623.8097176511974,0.0,3.9268538302776137,3.9268538302776137,0.0,2,0.0580791969671112,0.0992291296043568,0.0411499326372455,625.3421708928195,1220.684341785639,595.3421708928195,3.5742384002871583,3.5413116278885086,0.0329267723986497,0.5366779272580978,3.850267356931959,1.043165879628973,3.7462686317681633,1.0881950524220887,2.662154015896436,99.95362856480408,99.86088569441225,99.95362856480408,0,0,0,0,15.033497381192024,5,4,0,0.0,0.0,0.0,0.0,0.0,0.0,0,0,0,0,7420.30743512432,4,6,0,0.0,0.0,0.0,0.0,0.0,0.0,0.0,0.0,0.0,0.0,0,9.0,2.0,5.0,3.0,0,0.0,0.0,0.0,0.0,0,0.0,0.0,0.0,0.0,0,no_erup_dry
0,0.0,0.9840406976462908,1,5.316666666666666,2020-01-22 05:19:00.000,0,0.0,1,0.0266648131968167,0.0266648131968167,0.0,24.0,24.0,0.0,40.02625158513621,40.02625158513621,0.0,1,0.0033557439483757,0.0033557439483757,0.0,2.0,2.0,0.0,39.55908474089622,39.55908474089622,0.0,3.5139938513290807,48.27776799604239,10.36036261098884,46.10848962914502,107.3371134311755,37.76889021334098,1,0.0019236837025347,0.0019236837025347,0.0,12.0,12.0,0.0,1.0164989893654564,1.0164989893654564,0.0,1,0.0005604772320846,0.0005604772320846,0.0,4.0,4.0,0.0,0.8442608839046017,0.8442608839046017,0.0,0.0507691836509674,0.9237066887550586,0.223209382854276,0.9605531340983022,0.0498224285941867,0.474773869318055,2,0.1058984444564288,0.1517186844755826,0.0458202400191538,6.0,10.0,4.0,167.224030056709,181.29514623691267,14.071116180203646,1,2.2793990282426506,2.2793990282426506,0.0,512.0,512.0,0.0,118.5964210919229,118.5964210919229,0.0,82.3414619450782,167.7380295685857,348.74588261813454,144.82841786248048,121623.69064310168,99.20028488106888,2,0.00617422624075,0.0099416837267067,0.0037674574859567,17.0,30.0,13.0,3.696226299833516,3.8413128063521977,0.1450865065186823,1,0.0005788312961203,0.0005788312961203,0.0,2.0,2.0,0.0,2.977671602445756,2.977671602445756,0.0,9.758513705073389,4.713821986620388,63.47075162031184,3.28983469751643,4028.536311247318,2.303236290641395,38.094134013447714,99.18849988407142,99.95362856480408,0,0,0,0,218.3470123665455,2,2,0,0.0,0.0,0.0,0.0,0.0,0.0,0,0,0,0,552.706279024962,4,3,0,0.0,0.0,0.0,0.0,0.0,0.0,0.0,0.0,0.0,0.0,0,10.0,4.0,4.0,1.0,0,0.0,0.0,0.0,0.0,0,16.8928,16.8928,16.8928,16.8928,0,no_erup_dry
0,0.49999999999999994,-0.998134798421867,2,18.233333333333334,2020-02-06 18:14:00.000,0,0.0,1,0.2837090642663042,0.2837090642663042,0.0,24.0,24.0,0.0,38.59913523161818,38.59913523161818,0.0,1,1.642981987699052,1.642981987699052,0.0,1609.0323268814514,1609.0323268814514,0.0,27.08318795230903,27.08318795230903,0.0,20.103261648461327,38.30565830908522,63.785084422906856,30.01684626040035,4068.536994837355,24.496072632666188,1,0.0124732917392287,0.0124732917392287,0.0,547.9176159037399,547.9176159037399,0.0,0.5896997174444025,0.5896997174444025,0.0,1,0.0634589585996647,0.0634589585996647,0.0,3615.7388363562295,3615.7388363562295,0.0,0.5240425413643193,0.5240425413643193,0.0,0.0238773548915711,0.5099536658569366,0.1263718697197149,0.5458618906031997,0.0159698494564566,0.2491037813005342,1,0.7825370712754989,0.7825370712754989,0.0,6.0,6.0,0.0,300.60414843935536,300.60414843935536,0.0,1,25.683516092134496,25.683516092134496,0.0,1843.9462900098715,1843.9462900098715,0.0,118.05121171222484,118.05121171222484,0.0,55.62230178188029,214.93707672889715,195.2728699175156,174.42156169361692,38131.49372582298,84.06150774719164,1,0.0087508683070014,0.0087508683070014,0.0,70.0,70.0,0.0,4.061163872193721,4.061163872193721,0.0,1,0.0080077867457968,0.0080077867457968,0.0,48.0,48.0,0.0,1.4436658960591682,1.4436658960591682,0.0,0.5061535197804329,2.8717045931967,1.3540027840224815,2.7929779540898885,1.8333235391406308,1.315742334301205,99.95362856480408,99.95362856480408,99.95362856480408,0,0,0,1,-40.06554348138483,6,4,0,0.0,0.0,0.0,0.0,0.0,0.0,0,0,0,0,406.83780090833534,4,4,0,0.0,0.0,0.0,0.0,0.0,0.0,0.0,0.0,0.0,0.0,0,14.0,5.0,6.0,3.0,0,1.0,0.0,1.0,1.0,0,0.0,0.0,0.0,0.0,0,no_erup_dry
0,0.8660254037844386,-0.7431448254773946,3,20.8,2020-03-04 20:48:00.000,0,0.0,1,0.0199336850319724,0.0199336850319724,0.0,2.0,2.0,0.0,117.18416217797964,117.18416217797964,0.0,1,11.212547464421991,11.212547464421991,0.0,2397.4997981317465,2397.4997981317465,0.0,30.16461309311824,30.16461309311824,0.0,14.050622547701584,65.89324280096514,47.462055572919,44.74461232796813,2252.646719206852,24.74672062540701,1,3.694601176740253e-05,3.694601176740253e-05,0.0,4.0,4.0,0.0,0.5620188143405662,0.5620188143405662,0.0,2,0.0016382937672851,0.003224461220314,0.0015861674530288,133.32929314569424,264.6585862913885,131.32929314569424,0.3901023879307371,0.3764414057795244,0.0136609821512126,0.0300824299869551,0.4406544367981828,0.1261512125326013,0.4394530686912971,0.0159141284234455,0.2169536693664799,1,49.53361282756566,49.53361282756566,0.0,432.0,432.0,0.0,1041.671788616142,1041.671788616142,0.0,1,77.86913464462339,77.86913464462339,0.0,2247.067918511381,2247.067918511381,0.0,218.6098708915543,218.6098708915543,0.0,72.9794956594717,532.1195198149029,364.5759918081418,331.5410634334528,132915.65380289027,173.0870341353215,1,0.4035335149108037,0.4035335149108037,0.0,1506.2878652165416,1506.2878652165416,0.0,3.945386707544981,3.945386707544981,0.0,1,0.0005328225593621,0.0005328225593621,0.0,2.0,2.0,0.0,2.2635282371624488,2.2635282371624488,0.0,0.2768079915855543,3.0121174256862835,0.889893651567971,2.893911301358325,0.7919107111009772,1.797726602117645,99.7681428240204,99.90725712960815,99.95362856480408,0,0,0,0,7.744521958981336,4,5,1,4.215605396339058e-06,-2.4852034551766184,-0.000744091390444,0.0007453730095595,32.166666666666664,0.6308540203340937,0,0,0,0,28.405966229584745,4,6,1,3.652784981629759e-05,-25.810183848252898,-0.0068627669856102,0.0068746700413747,28.866666666666667,0.67531806709317,0.0,0.0,0.0,0.0,0,3.0,0.0,2.0,2.0,0,0.0,0.0,0.0,0.0,0,0.0,0.0,0.0,0.0,0,no_erup_dry
0,0.8660254037844386,-0.7431448254773946,3,20.8,2020-03-10 20:48:00.000,0,0.0,1,0.0062502116067548,0.0062502116067548,0.0,4.0,4.0,0.0,80.62339138140636,80.62339138140636,0.0,1,0.9420477798571696,0.9420477798571696,0.0,468.0,468.0,0.0,32.79647957856628,32.79647957856628,0.0,6.193776026919085,59.84875871516963,24.767912676727285,58.71433546168245,613.4494983619882,28.627226052248,1,0.0622300762069601,0.0622300762069601,0.0,1885.263011136758,1885.263011136758,0.0,0.501592773782237,0.501592773782237,0.0,1,0.0527738869833306,0.0527738869833306,0.0,2888.488477616775,2888.488477616775,0.0,0.4267708465066937,0.4267708465066937,0.0,0.0305666969467776,0.4552284884604659,0.1180583057898184,0.462557581666635,0.0139377635659622,0.235192422462271,1,0.173024004455442,0.173024004455442,0.0,14.0,14.0,0.0,677.5531110930378,677.5531110930378,0.0,1,7.945825987823355,7.945825987823355,0.0,338.0,338.0,0.0,198.57312580167064,198.57312580167064,0.0,35.65580183414632,472.5130993103644,211.1607028839896,456.6115862476981,44588.842442460525,153.3351574630611,1,0.3300633248821025,0.3300633248821025,0.0,2105.498877258019,2105.498877258019,0.0,3.3346774477536663,3.3346774477536663,0.0,2,0.0682819565079182,0.1158651222479947,0.0475831657400764,919.834479883718,1507.6689597674365,587.8344798837181,2.812162372478033,2.778893476421894,0.0332688960561391,7.642304065660567,3.838981334566672,47.362028092124646,2.9869066510604543,2243.161704999204,2.2266798169312527,99.95362856480408,99.7681428240204,99.95362856480408,0,0,0,0,161.78361702810693,3,7,0,0.0,0.0,0.0,0.0,0.0,0.0,0,0,0,0,50.45027845951095,5,4,0,0.0,0.0,0.0,0.0,0.0,0.0,0.0,0.0,0.0,0.0,0,6.0,3.0,3.0,2.0,0,0.0,0.0,0.0,0.0,0,0.0,0.0,0.0,0.0,0,no_erup_dry
1,0.5000000000000003,-0.9997620270799091,6,17.916666666666668,2020-06-27 17:55:00.000,0,0.0,2,6.274865728034001,12.512076035574296,6.237210307540295,713.7574929338036,1423.5149858676073,709.7574929338036,58.91840026282711,61.57994493998205,2.66154467715494,1,14.17165876651709,14.17165876651709,0.0,3012.6028258260567,3012.6028258260567,0.0,42.08519681915508,42.08519681915508,0.0,18.840773081016643,58.18979501131089,27.00921042496779,49.57432426991875,729.4974477801888,34.54073583966571,1,0.0327575316411111,0.0327575316411111,0.0,276.0,276.0,0.0,0.7321846268569108,0.7321846268569108,0.0,1,0.0626857897369358,0.0626857897369358,0.0,1795.8853647418064,1795.8853647418064,0.0,0.6341637991574883,0.6341637991574883,0.0,0.0447342690387538,0.6550475682833229,0.2113975894927613,0.6675146830057145,0.04468894084335,0.311347625271554,1,0.081151204856809,0.081151204856809,0.0,6.0,6.0,0.0,200.16658432763643,200.16658432763643,0.0,1,2.605819350504305,2.605819350504305,0.0,202.0,202.0,0.0,189.72124475963489,189.72124475963489,0.0,25.629255352030555,204.7464712732273,45.158109787256286,197.6330433162885,2039.254879557892,153.55250043163764,1,0.0667039284369095,0.0667039284369095,0.0,700.0,700.0,0.0,2.54687164571485,2.54687164571485,0.0,1,0.0029662206337697,0.0029662206337697,0.0,2.0,2.0,0.0,2.0401712561096126,2.0401712561096126,0.0,9.886229943878682,4.017792730548232,80.54469550293501,2.312492145146841,6487.44797366052,0.8540608636720711,99.90725712960815,29.353118479016928,41.82703454671922,0,0,0,1,16.73942145651266,5,5,0,0.0,0.0,0.0,0.0,0.0,0.0,0,0,0,0,-12357.276252876492,1,2,0,0.0,0.0,0.0,0.0,0.0,0.0,0.0,0.0,0.0,0.0,0,1.0,0.0,1.0,1.0,0,0.0,0.0,0.0,0.0,0,21.2255,18.0842,18.0842,18.0842,0,no_erup_rainy
1,1.2246467991473532e-16,-0.9997620270799091,7,17.916666666666668,2020-07-03 17:55:00.000,0,0.0,1,4.453687676037873,4.453687676037873,0.0,809.8220227278184,809.8220227278184,0.0,72.16895720510783,72.16895720510783,0.0,1,3.6716506850900927,3.6716506850900927,0.0,1185.27812941014,1185.27812941014,0.0,39.37341743983314,39.37341743983314,0.0,13.026464933093957,60.886892360306256,27.17493879750698,53.70225808999717,738.4772986482501,32.70037525828046,1,0.0440861966038855,0.0440861966038855,0.0,678.0,678.0,0.0,0.7708626908476567,0.7708626908476567,0.0,1,0.0678229078829927,0.0678229078829927,0.0,1181.1529620369492,1181.1529620369492,0.0,0.6319887627476694,0.6319887627476694,0.0,0.0340151833250362,0.6679834601964248,0.2058778702682497,0.6965260420301542,0.0423856974661902,0.2987940871034705,1,4.705455634034621,4.705455634034621,0.0,330.0,330.0,0.0,229.5272078719318,229.5272078719318,0.0,1,23.776689535747607,23.776689535747607,0.0,1717.0552400081376,1717.0552400081376,0.0,186.8934586328225,186.8934586328225,0.0,28.3147053730035,209.01059227740052,56.71573149132427,205.03695109126124,3216.674198595992,127.61727616236152,1,0.0864827115176365,0.0864827115176365,0.0,348.0,348.0,0.0,3.479595588796939,3.479595588796939,0.0,1,0.4482521194326456,0.4482521194326456,0.0,1295.34214542446,1295.34214542446,0.0,2.312794757303721,2.312794757303721,0.0,32.61647101537527,8.88171080474011,146.3748075901045,3.09597217168312,21425.58429704011,0.854060863672071,99.95362856480408,70.41502434500347,99.95362856480408,0,0,0,0,253.85977299288544,5,6,0,0.0,0.0,0.0,0.0,0.0,0.0,0,0,0,0,-25.467092023212388,3,5,0,0.0,0.0,0.0,0.0,0.0,0.0,0.0,0.0,0.0,0.0,0,3.0,1.0,2.0,2.0,0,1.0,0.0,1.0,1.0,0,23.4528,15.6352,15.6352,15.6352,0,no_erup_rainy
1,1.2246467991473532e-16,-0.9997620270799091,7,17.916666666666668,2020-07-09 17:55:00.000,0,0.0,2,9.157627883662332,16.801582652820045,7.643954769157712,1537.7158653112458,2848.431730622492,1310.7158653112458,69.80335262418946,75.99856029883063,6.195207674641164,1,2.007153464028612,2.007153464028612,0.0,624.0272627423955,624.0272627423955,0.0,53.311226209047454,53.311226209047454,0.0,20.92960087004983,69.79563072553557,36.3910095250866,59.51872044041415,1324.3055742549432,34.31634492014724,1,0.0341036169977393,0.0341036169977393,0.0,677.8524591244043,677.8524591244043,0.0,0.8178905538268824,0.8178905538268824,0.0,2,0.008250680664863,0.0110752544030658,0.0028245737382028,285.0,538.0,253.0,0.5222634272242979,0.500589433525685,0.0216739936986128,0.0352700360951493,0.6482952980906453,0.1814231731053158,0.638472421735664,0.0329143677396014,0.3437878485405277,2,16.745567310472524,20.74158751876604,3.996020208293516,776.0755817512251,1070.0268498410462,293.9512680898212,260.20654132098633,260.2219072016095,0.0153658806231646,1,0.601543932413108,0.601543932413108,0.0,40.0,40.0,0.0,209.6018624054027,209.6018624054027,0.0,58.51023887886252,255.69572473228956,94.519386389303,239.6834522430884,8933.914403410357,130.0472597424589,2,0.3027567170475311,0.5932370873091237,0.2904803702615925,1405.0730853732684,2775.146170746537,1370.0730853732684,3.543307040279476,3.670520720562803,0.1272136802833272,2,0.1006851579830359,0.1983448541553469,0.097659696172311,787.0994506450634,1556.1989012901267,769.0994506450634,2.933260178384579,2.90574392747795,0.0275162509066282,0.5804198692408171,3.4162011206277403,0.9240112174355336,3.278881942243928,0.8537967299466972,2.175556406604447,99.95362856480408,99.8840714120102,99.95362856480408,0,0,0,0,-526.5618316502256,6,6,0,0.0,0.0,0.0,0.0,0.0,0.0,0,0,0,1,2193.1540904127064,3,4,0,0.0,0.0,0.0,0.0,0.0,0.0,1.0,1.0,1.0,1.0,1,0.0,0.0,0.0,0.0,0,0.0,0.0,0.0,0.0,0,10.3067,0.0,10.3067,10.3067,0,no_erup_rainy
1,1.2246467991473532e-16,-0.9997620270799091,7,17.916666666666668,2020-07-15 17:55:00.000,0,0.0,2,1.130756335899882,1.3143045758214384,0.1835482399215564,224.0,384.0,160.0,72.37134516720931,73.01561023593291,0.6442650687235982,2,0.9326390944171266,1.838923713035008,0.9062846186178816,231.5,459.0,227.5,43.72311684548937,43.307416886652845,0.4156999588365302,39.28982103220969,76.69822763083187,100.7758231604159,54.648521307231306,10155.766533659418,26.14754379021457,1,0.0020714902240983,0.0020714902240983,0.0,52.0,52.0,0.0,0.7928874814572267,0.7928874814572267,0.0,1,0.0946494257516699,0.0946494257516699,0.0,3693.380629659852,3693.380629659852,0.0,0.693099323611729,0.693099323611729,0.0,0.0469638332096752,0.6974402308953124,0.1952523593531702,0.748773583623012,0.0381234838329795,0.3309805116060743,2,2.064853476812374,2.2894935464365744,0.2246400696242005,183.06113092353095,272.122261847062,89.06113092353098,266.59835213164246,274.68397587213406,8.085623740491599,2,6.689736063762084,12.723845803285002,6.034109739522918,506.3657547029098,990.7315094058196,484.3657547029098,178.53286604787036,175.97248920982065,2.560376838049692,94.50460549587712,249.81812973557,226.01362007957428,205.7097144629208,51082.15646147414,79.75709599018784,1,0.2539687472217897,0.2539687472217897,0.0,1403.93073386551,1403.93073386551,0.0,3.3230361549356164,3.3230361549356164,0.0,1,0.1566679766994645,0.1566679766994645,0.0,1506.086967826921,1506.086967826921,0.0,2.98549475940512,2.98549475940512,0.0,1.3434450493661256,3.4797840933159505,2.12978674059378,3.0864958835838765,4.535991560409076,1.9437508541596311,99.95362856480408,99.81451425921632,99.95362856480408,0,0,0,0,90.829135979183,5,3,0,0.0,0.0,0.0,0.0,0.0,0.0,0,0,0,1,-69.4746209445783,2,7,0,0.0,0.0,0.0,0.0,0.0,0.0,0.0,0.0,0.0,0.0,0,1.0,0.0,1.0,1.0,0,0.0,0.0,0.0,0.0,0,18.3772,9.1886,9.1886,4.5943,0,no_erup_rainy
0,-0.5000000000000004,-0.6052939880428939,12,14.483333333333333,2020-12-06 14:29:00.000,0,0.0,1,2.615732840061476,2.615732840061476,0.0,2452.2175794333834,2452.2175794333834,0.0,37.17041033497773,37.17041033497773,0.0,1,0.2114856021429645,0.2114856021429645,0.0,286.0,286.0,0.0,32.07702252093757,32.07702252093757,0.0,11.333614584211736,38.080766103782544,41.8816018056492,35.03520335598984,1754.0685698069583,31.159885023650677,1,0.0628093818233297,0.0628093818233297,0.0,1456.7827827984274,1456.7827827984274,0.0,0.9797658092884232,0.9797658092884232,0.0,2,0.0138437949452147,0.0241949015351943,0.0103511065899796,489.4842729501986,948.9685459003972,459.4842729501986,0.875157434591816,0.8703635621644784,0.0047938724273375,0.0331082911155351,0.86718274820858,0.1692673588858705,0.9057925400272916,0.028651438784198,0.5166621373084915,1,74.85189414225965,74.85189414225965,0.0,3029.156356306072,3029.156356306072,0.0,192.11442290528737,192.11442290528737,0.0,1,0.0012475067272958,0.0012475067272958,0.0,2.0,2.0,0.0,73.14733180789169,73.14733180789169,0.0,37.90301324789204,145.8655262394664,108.0315927097398,132.43621282269174,11670.825023403107,65.18979757980954,1,0.0150267608581842,0.0150267608581842,0.0,40.0,40.0,0.0,4.255048281007538,4.255048281007538,0.0,1,1.3079514762371662,1.3079514762371662,0.0,3584.002126670405,3584.002126670405,0.0,2.2742785996274018,2.2742785996274018,0.0,9.66822041050705,4.613614508422764,65.25196155539267,3.184335074948198,4257.818486826443,1.8258527629138768,99.95362856480408,99.79132854161836,99.95362856480408,0,0,0,0,1.395154525651231,4,6,0,0.0,0.0,0.0,0.0,0.0,0.0,0,0,0,1,335.95174440647435,4,5,0,0.0,0.0,0.0,0.0,0.0,0.0,6.0,4.0,4.0,4.0,1,34.0,5.0,26.0,23.0,0,0.0,0.0,0.0,0.0,0,0.0,0.0,0.0,0.0,0,no_erup_dry
0,-0.5000000000000004,-0.5591929034707467,12,14.266666666666667,2020-12-20 14:16:00.000,0,0.0,1,1.666256799579017,1.666256799579017,0.0,114.0,114.0,0.0,105.73039590171844,105.73039590171844,0.0,1,6.234776450206361,6.234776450206361,0.0,3125.496214403711,3125.496214403711,0.0,42.32825398450306,42.32825398450306,0.0,7.095757688366469,60.66830855662994,28.45831195767309,47.59049204892688,809.8755194802391,39.15829583314622,2,0.032226587721414,0.0644199784776846,0.0321933907562705,1419.241949527527,2836.483899055054,1417.241949527527,0.8970402058576175,0.9463723306248104,0.0493321247671929,1,0.079692645070448,0.079692645070448,0.0,2116.477392951334,2116.477392951334,0.0,0.7680154360199765,0.7680154360199765,0.0,0.0601077362485753,0.846532637229953,0.2197637999785461,0.8290089478826298,0.0482961277810104,0.4933907824232733,1,8.39026127015211,8.39026127015211,0.0,110.0,110.0,0.0,701.5670495892725,701.5670495892725,0.0,1,20.946514285791068,20.946514285791068,0.0,1052.4754213308445,1052.4754213308445,0.0,325.40744365024943,325.40744365024943,0.0,30.40113261800233,443.03208220662304,160.00313465721482,380.5975622956154,25601.00310013481,283.3846706195194,1,0.7433595299384881,0.7433595299384881,0.0,3982.6717354604552,3982.6717354604552,0.0,2.8666284688332957,2.8666284688332957,0.0,1,0.0024869545496399,0.0024869545496399,0.0,4.0,4.0,0.0,1.9513794243249047,1.9513794243249047,0.0,0.4144857211367744,2.488781250566188,0.8403538555042068,2.359703062561856,0.7061946024607852,1.2539316332101709,99.95362856480408,99.8840714120102,99.95362856480408,0,0,0,1,-43.6084023002419,3,5,0,0.0,0.0,0.0,0.0,0.0,0.0,0,0,0,0,215.3151175495072,2,4,0,0.0,0.0,0.0,0.0,0.0,0.0,1.0,0.0,1.0,1.0,0,16.0,2.0,9.0,7.0,0,0.0,0.0,0.0,0.0,0,0.0,0.0,0.0,0.0,0,no_erup_dry
0,-0.5000000000000004,-0.5591929034707467,12,14.266666666666667,2020-12-26 14:16:00.000,0,0.0,1,20.53201751355384,20.53201751355384,0.0,2919.761837699084,2919.761837699084,0.0,137.93413063420104,137.93413063420104,0.0,1,4.930319679290903,4.930319679290903,0.0,989.0,989.0,0.0,87.19259893057526,87.19259893057526,0.0,5.004033356803709,117.41714757674592,24.02456825735957,122.07973159499169,577.1798799525292,71.36955022399233,1,0.3242425493066392,0.3242425493066392,0.0,2423.4714200644685,2423.4714200644685,0.0,1.4478130023316522,1.4478130023316522,0.0,1,0.1241537327019843,0.1241537327019843,0.0,1557.7173757110515,1557.7173757110515,0.0,1.0744988906660955,1.0744988906660955,0.0,0.0592866105558661,1.2029570190479666,0.2982169944058314,1.194745247652516,0.0889333757524477,0.6964231546746149,1,108.15234552459629,108.15234552459629,0.0,2914.746834305882,2914.746834305882,0.0,845.0535828717213,845.0535828717213,0.0,1,22.77580744070201,22.77580744070201,0.0,807.4947185938453,807.4947185938453,0.0,563.7259725452091,563.7259725452091,0.0,29.72252603947463,729.6031111179386,133.82927592410942,749.7472012034641,17910.275094371416,479.00055591745536,1,0.0840080140340377,0.0840080140340377,0.0,1061.9807391643103,1061.9807391643103,0.0,2.6616780706913983,2.6616780706913983,0.0,2,0.163014555115333,0.2675601652311039,0.1045456101157709,918.3958945647051,1616.467403770098,698.0715092053928,1.985474459546524,1.9684763843718884,0.0169980751746352,0.2960738421383871,2.3280318180917337,0.6380726194730609,2.2742999273045523,0.4071366677212136,1.3943149859689612,99.95362856480408,99.8840714120102,99.95362856480408,0,1,0,1,234.2549904221416,5,6,0,0.0,0.0,0.0,0.0,0.0,0.0,0,0,0,0,-477.3059104140745,7,4,0,0.0,0.0,0.0,0.0,0.0,0.0,0.0,0.0,0.0,0.0,0,5.0,1.0,3.0,2.0,0,0.0,0.0,0.0,0.0,0,0.0,0.0,0.0,0.0,0,no_erup_dry
0,0.0,-0.5591929034707467,1,14.266666666666667,2021-01-01 14:16:00.000,0,0.0,1,58.69965781302047,58.69965781302047,0.0,3993.2482558881247,3993.2482558881247,0.0,144.13105697723603,144.13105697723603,0.0,1,0.036714496845434,0.036714496845434,0.0,22.0,22.0,0.0,83.50553160628542,83.50553160628542,0.0,5.375291727687029,112.06707264927164,27.422312304392587,105.59937458129248,751.983212119641,77.26857991284601,1,0.5165120748250889,0.5165120748250889,0.0,3323.856255873436,3323.856255873436,0.0,1.7712808010397816,1.7712808010397816,0.0,1,0.1479594291637205,0.1479594291637205,0.0,1386.0114034421504,1386.0114034421504,0.0,1.2281500507715315,1.2281500507715315,0.0,0.0769679039291814,1.3760235225233046,0.4294551929171497,1.3929801330958025,0.1844317627235062,0.5880131878401431,1,0.1194126954392231,0.1194126954392231,0.0,2.0,2.0,0.0,713.2539173346115,713.2539173346115,0.0,1,0.1451956318612133,0.1451956318612133,0.0,8.0,8.0,0.0,500.73093385865616,500.73093385865616,0.0,25.363023579048917,602.6880243485684,125.62016288329175,563.7466093662971,15780.425322824753,458.35909337466063,1,0.0306313198309697,0.0306313198309697,0.0,823.0,823.0,0.0,1.5775632407590738,1.5775632407590738,0.0,1,0.0540677647800962,0.0540677647800962,0.0,740.3689753372439,740.3689753372439,0.0,1.2023468407066022,1.2023468407066022,0.0,14.382292954022706,3.409888712114057,82.52843887046771,1.3757236817025509,6810.943222396526,0.9253754547266066,99.93044284720612,65.84743797820542,66.58938094134014,0,1,0,1,47.85212637601612,3,5,0,0.0,0.0,0.0,0.0,0.0,0.0,0,0,0,0,-7296.827231349277,4,5,0,0.0,0.0,0.0,0.0,0.0,0.0,4.0,0.0,4.0,4.0,0,2.0,0.0,2.0,2.0,0,3.0,3.0,3.0,3.0,1,46.7674,0.0,46.7674,46.7674,0,no_erup_dry
0,0.0,-0.5591929034707467,1,14.266666666666667,2021-01-07 14:16:00.000,0,0.0,1,0.105866955589434,0.105866955589434,0.0,6.0,6.0,0.0,96.15068654407344,96.15068654407344,0.0,1,25.978661950945288,25.978661950945288,0.0,3714.663418906002,3714.663418906002,0.0,55.635836142216384,55.635836142216384,0.0,8.18057821574687,70.97627555590094,30.697093976173413,68.60967932659909,942.311578582022,41.38392202576748,1,0.0012950102121578,0.0012950102121578,0.0,4.0,4.0,0.0,1.5811583003751335,1.5811583003751335,0.0,1,0.1491555984703816,0.1491555984703816,0.0,2882.776497792232,2882.776497792232,0.0,1.0161430302359251,1.0161430302359251,0.0,0.0624036013675941,1.1097022969218011,0.3070883345412506,1.0991865093147242,0.094303245211319,0.5700699890849129,1,0.975674758158334,0.975674758158334,0.0,4.0,4.0,0.0,578.1146011941396,578.1146011941396,0.0,1,198.9624021266449,198.9624021266449,0.0,3932.749025079054,3932.749025079054,0.0,326.82161529427214,326.82161529427214,0.0,26.174921166992046,421.2923562612567,141.19164616826603,416.7047902262989,19935.08094770483,203.9547721538209,1,0.5231960358306231,0.5231960358306231,0.0,2160.5406026869014,2160.5406026869014,0.0,2.3182780653698902,2.3182780653698902,0.0,1,0.0069287869081731,0.0069287869081731,0.0,90.0,90.0,0.0,1.1952250241676787,1.1952250241676787,0.0,0.2265139322914844,1.901847124030256,0.5994558640280832,1.862809328707932,0.3593473329176557,1.088387880221335,100.02318571759795,99.8840714120102,99.95362856480408,1,0,0,1,-117.038830108884,5,4,0,0.0,0.0,0.0,0.0,0.0,0.0,0,0,0,0,711.5891785259662,5,5,0,0.0,0.0,0.0,0.0,0.0,0.0,1.0,1.0,1.0,1.0,1,0.0,0.0,0.0,0.0,0,1.0,0.0,1.0,1.0,0,0.0,0.0,0.0,0.0,0,no_erup_dry
0,0.0,-0.5591929034707467,1,14.266666666666667,2021-01-13 14:16:00.000,0,0.0,1,4.068413294506982,4.068413294506982,0.0,678.7224363796107,678.7224363796107,0.0,58.48922329987553,58.48922329987553,0.0,1,0.2319905427137811,0.2319905427137811,0.0,124.0,124.0,0.0,37.902293244949824,37.902293244949824,0.0,2.643529541383357,48.85292834435664,12.810794191135727,45.64605569941547,164.11644780763694,34.212001100357924,1,0.0944774212000046,0.0944774212000046,0.0,905.9310048888452,905.9310048888452,0.0,0.9776228664260184,0.9776228664260184,0.0,1,0.0350715494265911,0.0350715494265911,0.0,1065.8536966473866,1065.8536966473866,0.0,0.7297322912055411,0.7297322912055411,0.0,0.0580580983620719,0.8333248370847023,0.2290555637048586,0.8209674379021403,0.0524664512641505,0.4546370938778452,1,36.95994150581498,36.95994150581498,0.0,1046.2543509125064,1046.2543509125064,0.0,393.62145616572695,393.62145616572695,0.0,1,57.87028540223878,57.87028540223878,0.0,1576.1870325324403,1576.1870325324403,0.0,254.3878985063285,254.3878985063285,0.0,41.10573783534068,335.77684288179296,186.3302258555132,320.44629748319915,34718.953067366565,181.58672910715032,1,0.0010614313491825,0.0010614313491825,0.0,14.0,14.0,0.0,3.911499342803461,3.911499342803461,0.0,2,0.1280731851555625,0.255073881514638,0.1270006963590755,566.370982428806,1114.741964857612,548.370982428806,1.9541577644047412,1.8970655127633087,0.0570922516414322,0.4703888047473248,2.730183736644619,1.0058770719670649,2.565091289719194,1.011788683909036,1.4235673606324195,100.02318571759795,99.81451425921632,99.95362856480408,0,0,0,0,10.150498315537588,5,7,0,0.0,0.0,0.0,0.0,0.0,0.0,0,0,0,1,-872.4277971598168,7,3,0,0.0,0.0,0.0,0.0,0.0,0.0,0.0,0.0,0.0,0.0,0,5.0,0.0,3.0,3.0,0,0.0,0.0,0.0,0.0,0,0.0,0.0,0.0,0.0,0,no_erup_dry
0,0.0,-0.5591929034707467,1,14.266666666666667,2021-01-19 14:16:00.000,0,0.0,1,2.595928465127116,2.595928465127116,0.0,1628.4141479080204,1628.4141479080204,0.0,43.28715282195432,43.28715282195432,0.0,1,0.5042527099983971,0.5042527099983971,0.0,263.151012618887,263.151012618887,0.0,34.38913705113903,34.38913705113903,0.0,4.799323405488561,41.93882807305919,14.228402885188448,40.819875887502974,202.44744866323893,30.38407798036381,1,0.0003415357401221,0.0003415357401221,0.0,2.0,2.0,0.0,1.1435368287708934,1.1435368287708934,0.0,2,0.0010032253496951,0.0018369715842491,0.0008337462345539,11.5,20.0,8.5,0.698611931210297,0.6352181813509109,0.063393749859386,0.0612283541493531,0.9586218635746412,0.2521236776601256,0.9798969060256126,0.0635663488368669,0.5204474290557519,2,16.420524554633204,31.96977100668045,15.549246452047242,439.684659164785,861.36931832957,421.684659164785,349.46645123420154,352.8804962767897,3.4140450425881568,1,55.02723622191439,55.02723622191439,0.0,1502.836198054823,1502.836198054823,0.0,274.53633851199936,274.53633851199936,0.0,30.521062840515324,316.09713702438177,91.3427496708018,308.080843468868,8343.497917422761,177.83018408617085,1,0.0034109670067916,0.0034109670067916,0.0,2.0,2.0,0.0,3.3791941339252,3.3791941339252,0.0,1,0.9077546982543954,0.9077546982543954,0.0,2864.612321732376,2864.612321732376,0.0,1.1314163985826573,1.1314163985826573,0.0,0.4903207013883362,2.0073752753583203,1.0572515635794075,1.779469221036622,1.117780868691102,0.8046327923872985,94.1340134477162,99.8840714120102,99.95362856480408,0,0,0,0,-318.75477131938123,3,5,0,0.0,0.0,0.0,0.0,0.0,0.0,0,0,0,1,-1478.9858601142382,4,3,0,0.0,0.0,0.0,0.0,0.0,0.0,2.0,0.0,2.0,2.0,0,1.0,0.0,1.0,1.0,0,2.0,2.0,2.0,2.0,1,0.0,0.0,0.0,0.0,0,no_erup_dry
0,0.0,-0.5591929034707467,1,14.266666666666667,2021-01-25 14:16:00.000,0,0.0,0,0.0,0.0,0.0,0.0,0.0,0.0,0.0,0.0,0.0,0,0.0,0.0,0.0,0.0,0.0,0.0,0.0,0.0,0.0,12.993070443539208,71.84805172033359,38.414385489142,62.1600301248707,1475.6650125084034,45.16123231068351,0,0.0,0.0,0.0,0.0,0.0,0.0,0.0,0.0,0.0,0,0.0,0.0,0.0,0.0,0.0,0.0,0.0,0.0,0.0,0.0930647618494259,1.1430742068425428,0.2900915080784554,1.1178714643571408,0.0841530830592326,0.661131246553729,1,263.7567134993604,263.7567134993604,0.0,2607.858210887565,2607.858210887565,0.0,646.6297030832113,646.6297030832113,0.0,1,16.446569682876202,16.446569682876202,0.0,712.0,712.0,0.0,332.8718933573484,332.8718933573484,0.0,68.70302067740866,520.1250085122884,308.54832262090974,414.9030872301148,95202.067392177,254.23815921902383,1,0.0002893656552473,0.0002893656552473,0.0,2.0,2.0,0.0,2.766054094185188,2.766054094185188,0.0,1,0.5567152498440593,0.5567152498440593,0.0,3392.4325606580624,3392.4325606580624,0.0,1.3986280621714022,1.3986280621714022,0.0,0.2905159701023323,1.8843917063971112,0.7379810657462288,1.7423391581468823,0.5446160533999397,0.9056160788847024,0.0,99.83769997681428,99.95362856480408,0,0,0,0,0.0,0,0,0,0.0,0.0,0.0,0.0,0.0,,0,0,0,1,-8451.807001857393,4,3,0,0.0,0.0,0.0,0.0,0.0,0.0,0.0,0.0,0.0,0.0,0,7.0,1.0,6.0,6.0,0,0.0,0.0,0.0,0.0,0,0.0,0.0,0.0,0.0,0,no_erup_dry
0,0.0,-0.5591929034707467,1,14.266666666666667,2021-01-31 14:16:00.000,0,0.0,1,0.5929656130346075,0.5929656130346075,0.0,405.6962938862624,405.6962938862624,0.0,53.378647953285736,53.378647953285736,0.0,1,0.0017931618406237,0.0017931618406237,0.0,2.0,2.0,0.0,37.56968212581172,37.56968212581172,0.0,21.88846975124695,50.24464902930138,83.35576600326482,44.20036600452116,6948.18372599104,35.65405885079673,1,0.0002031896522006,0.0002031896522006,0.0,6.0,6.0,0.0,0.7892104989507224,0.7892104989507224,0.0,2,0.0121271785360672,0.0214320798686065,0.0093049013325393,684.1263918905632,1232.2527837811265,548.1263918905632,0.5963323697163168,0.5870700478840476,0.0092623218322691,0.0555048239147426,0.6513662480649178,0.1492048968645639,0.6397991910060028,0.0222621012483651,0.4206553467030597,1,246.47536672301,246.47536672301,0.0,4023.4309671512183,4023.4309671512183,0.0,548.774135452911,548.774135452911,0.0,1,4.62467216549004,4.62467216549004,0.0,250.0,250.0,0.0,299.72208534159563,299.72208534159563,0.0,105.7678217074792,439.7005145208593,221.73373074313636,382.76460259741606,49165.84734926968,233.08453924136765,1,1.6042134461491333,1.6042134461491333,0.0,3025.585402709556,3025.585402709556,0.0,5.312432131487394,5.312432131487394,0.0,1,0.4385263985834862,0.4385263985834862,0.0,981.3491336991316,981.3491336991316,0.0,2.876192057930682,2.876192057930682,0.0,10.092994514383888,6.21184145149348,85.66621873813918,4.135523245227767,7338.701032890708,1.7137137179102353,85.71759795965686,98.5161140737306,99.95362856480408,0,0,0,1,89.23555138814459,6,6,0,0.0,0.0,0.0,0.0,0.0,0.0,0,0,0,0,-1353.3616902028436,4,3,0,0.0,0.0,0.0,0.0,0.0,0.0,10.0,3.0,7.0,7.0,0,1.0,1.0,1.0,1.0,1,0.0,0.0,0.0,0.0,0,0.0,0.0,0.0,0.0,0,no_erup_dry
0,0.49999999999999994,-0.5591929034707467,2,14.266666666666667,2021-02-06 14:16:00.000,0,0.0,1,0.032808637583173,0.032808637583173,0.0,4.0,4.0,0.0,34.4447409208291,34.4447409208291,0.0,1,0.0189859894292006,0.0189859894292006,0.0,28.0,28.0,0.0,31.813835190246422,31.813835190246422,0.0,9.00664492471151,40.45494692351394,23.65677853369403,36.370774901758274,559.6431705922467,30.188333358347755,1,0.024292149636687,0.024292149636687,0.0,944.0,944.0,0.0,0.9929069992818264,0.9929069992818264,0.0,1,0.0016593617552628,0.0016593617552628,0.0,14.0,14.0,0.0,0.954695644795044,0.954695644795044,0.0,0.0327604881941981,0.8563371427920788,0.2257838889029002,0.9276546858075734,0.0509783644881171,0.3769707340573733,1,0.2631729431574854,0.2631729431574854,0.0,10.0,10.0,0.0,366.2889072893837,366.2889072893837,0.0,1,21.10978337473972,21.10978337473972,0.0,1685.7337028668285,1685.7337028668285,0.0,233.6827117870264,233.6827117870264,0.0,16.93568420361287,291.55247166069097,64.8160346184086,280.3317189840523,4201.118343654741,212.4802249628916,1,0.3170104853075117,0.3170104853075117,0.0,1344.8753099277767,1344.8753099277767,0.0,2.517699648177187,2.517699648177187,0.0,1,0.0006085929096908,0.0006085929096908,0.0,2.0,2.0,0.0,1.614403088964742,1.614403088964742,0.0,0.3335658578810882,1.800199530819973,0.8147905137558181,1.669441843794221,0.6638835813064701,0.8538027960004823,28.332946904706706,80.19939717134245,99.95362856480408,0,0,0,0,1.003725186551666,2,1,0,0.0,0.0,0.0,0.0,0.0,0.0,0,0,0,0,1351.566665121367,3,2,0,0.0,0.0,0.0,0.0,0.0,0.0,7.0,3.0,3.0,2.0,0,3.0,1.0,2.0,2.0,0,4.0,2.0,2.0,1.0,0,0.0,0.0,0.0,0.0,0,no_erup_dry
0,0.49999999999999994,-0.5591929034707467,2,14.266666666666667,2021-02-12 14:16:00.000,0,0.0,1,0.2366047722546653,0.2366047722546653,0.0,306.0,306.0,0.0,37.94854864576966,37.94854864576966,0.0,1,0.0136304703740179,0.0136304703740179,0.0,4.0,4.0,0.0,32.28688045545429,32.28688045545429,0.0,11.425253933818372,38.15587489100574,39.10897569415039,35.72952934512186,1529.511979845646,29.93754020675341,1,9.643372003886874e-05,9.643372003886874e-05,0.0,2.0,2.0,0.0,1.0349511742284618,1.0349511742284618,0.0,1,0.0376466382887874,0.0376466382887874,0.0,1537.558697602773,1537.558697602773,0.0,0.9493667530050548,0.9493667530050548,0.0,0.0695406918777756,0.9670956545760228,0.2059187925830291,0.9952572454230186,0.0424025491388525,0.5982791651107886,1,0.3352299977173061,0.3352299977173061,0.0,36.0,36.0,0.0,297.3445296948095,297.3445296948095,0.0,1,27.49499720645204,27.49499720645204,0.0,1854.8684040171229,1854.8684040171229,0.0,247.1384713909281,247.1384713909281,0.0,25.430244054030684,281.7629703772189,71.69931711537869,277.62984016448183,5140.792074811635,223.5466710972156,1,0.1839614496643098,0.1839614496643098,0.0,2898.2286870312587,2898.2286870312587,0.0,1.2459524038409713,1.2459524038409713,0.0,1,0.0335894169241091,0.0335894169241091,0.0,332.0,332.0,0.0,1.010984328773874,1.010984328773874,0.0,11.709738446467394,3.1179391886715235,81.3293047189906,1.1252956953868896,6614.455806074427,0.841925072063727,51.10132158590308,76.46649663807095,80.26895432413633,0,0,0,1,-141.2159578008426,2,3,0,0.0,0.0,0.0,0.0,0.0,0.0,0,0,0,1,2604.376351173501,5,3,0,0.0,0.0,0.0,0.0,0.0,0.0,2.0,1.0,1.0,1.0,0,4.0,3.0,3.0,3.0,1,4.0,1.0,3.0,3.0,0,0.0,0.0,0.0,0.0,0,no_erup_dry
0,0.49999999999999994,-0.5591929034707467,2,14.266666666666667,2021-02-18 14:16:00.000,0,0.0,0,0.0,0.0,0.0,0.0,0.0,0.0,0.0,0.0,0.0,0,0.0,0.0,0.0,0.0,0.0,0.0,0.0,0.0,0.0,3.128924076361037,37.48258047886012,7.473865855939996,36.71974175342866,55.85867083258569,31.255192072261572,0,0.0,0.0,0.0,0.0,0.0,0.0,0.0,0.0,0.0,0,0.0,0.0,0.0,0.0,0.0,0.0,0.0,0.0,0.0,0.0391134017060074,0.9523889673724032,0.2374099363392181,1.026512239195673,0.0563634778725916,0.4362590027590336,1,3.83064654693203,3.83064654693203,0.0,400.0,400.0,0.0,357.99019853083485,357.99019853083485,0.0,2,16.92524749606926,33.534777511157586,16.609530015088325,1367.530663086895,2686.06132617379,1318.530663086895,285.2295771016896,277.1068356584901,8.12274144319943,18.670300209138567,313.0381536970397,47.24002860377668,306.8778681205982,2231.620302485639,250.42282868486703,1,0.1070540435444987,0.1070540435444987,0.0,3492.272597128652,3492.272597128652,0.0,1.0751424434445729,1.0751424434445729,0.0,1,0.0007689942943488,0.0007689942943488,0.0,8.0,8.0,0.0,0.9628236848985564,0.9628236848985564,0.0,0.1609161524461478,1.0414612351760624,0.334017369828254,1.005577176762981,0.1115676033469845,0.7670840946600885,0.0,99.81451425921632,99.95362856480408,0,0,0,0,0.0,0,0,0,0.0,0.0,0.0,0.0,0.0,,0,0,0,0,242.2815921594297,3,5,0,0.0,0.0,0.0,0.0,0.0,0.0,1.0,0.0,1.0,1.0,0,2.0,0.0,1.0,1.0,0,2.0,0.0,2.0,2.0,0,0.0,0.0,0.0,0.0,0,no_erup_dry
0,0.49999999999999994,-0.5591929034707467,2,14.266666666666667,2021-02-24 14:16:00.000,0,0.0,1,0.010088868496922,0.010088868496922,0.0,4.0,4.0,0.0,71.28004500110643,71.28004500110643,0.0,1,0.0058473059140169,0.0058473059140169,0.0,4.0,4.0,0.0,65.2841226217711,65.2841226217711,0.0,10.566239828117812,63.32577162845278,36.83697187786594,58.13196490207437,1356.9624971306864,47.75177823891417,1,0.001031096252877,0.001031096252877,0.0,2.0,2.0,0.0,0.9923620728361564,0.9923620728361564,0.0,1,0.0073634529134382,0.0073634529134382,0.0,26.0,26.0,0.0,0.8338766413611496,0.8338766413611496,0.0,0.0926018431073944,0.9880018521917628,0.3627499780441357,0.913685960615841,0.1315875465710209,0.5136569547170776,1,63.73619801046755,63.73619801046755,0.0,1955.0428531807304,1955.0428531807304,0.0,556.8119835737256,556.8119835737256,0.0,1,0.013884588151086,0.013884588151086,0.0,2.0,2.0,0.0,476.3328607173359,476.3328607173359,0.0,36.69213653921851,502.4387802146412,114.28907963187486,501.1169443120665,13061.993723101032,323.39726938917994,1,0.4697051335183835,0.4697051335183835,0.0,4266.679904304349,4266.679904304349,0.0,1.9831486477442437,1.9831486477442437,0.0,2,0.0008085661229584,0.0014278023731619,0.0006192362502035,2.0,2.0,0.0,1.506649899103379,1.4985038119927307,0.0081460871106482,0.2760268359116739,1.79229396009762,0.5362343946655386,1.703887666212671,0.2875473260223166,1.0378822463791542,25.411546487363783,99.8840714120102,99.95362856480408,0,0,0,0,56.119032767002096,3,1,0,0.0,0.0,0.0,0.0,0.0,0.0,0,0,0,0,-2054.4802310776686,6,4,0,0.0,0.0,0.0,0.0,0.0,0.0,0.0,0.0,0.0,0.0,0,1.0,0.0,1.0,1.0,0,0.0,0.0,0.0,0.0,0,0.0,0.0,0.0,0.0,0,no_erup_dry
0,0.8660254037844386,-0.5591929034707467,3,14.266666666666667,2021-03-02 14:16:00.000,0,0.0,1,0.02972408728494,0.02972408728494,0.0,12.0,12.0,0.0,63.77597328303597,63.77597328303597,0.0,1,0.909600112905359,0.909600112905359,0.0,342.0,342.0,0.0,45.646328998826014,45.646328998826014,0.0,12.551729328653153,55.62375852763015,60.45990277234726,52.56427406067221,3655.399843241684,41.215006707825495,1,0.0398677290942557,0.0398677290942557,0.0,384.0,384.0,0.0,1.632540273164079,1.632540273164079,0.0,2,0.0006221457015893,0.0011084430776778,0.0004862973760885,8.0,14.0,6.0,0.8703742330937103,0.8623397761338022,0.0080344569599081,0.1046231847643603,1.0857551971406587,0.4008515955520113,1.005844236662071,0.1606820016565932,0.5365300739369914,1,10.95862854146742,10.95862854146742,0.0,304.0,304.0,0.0,614.2940339061482,614.2940339061482,0.0,1,53.21221922200039,53.21221922200039,0.0,3177.6816797997258,3177.6816797997258,0.0,411.202404359334,411.202404359334,0.0,36.25154400713512,478.65153030577375,143.25424217983192,462.11470451315824,20521.777902517933,325.39940892063584,1,0.5448549968141321,0.5448549968141321,0.0,1561.37998403448,1561.37998403448,0.0,2.177948259469786,2.177948259469786,0.0,1,0.0351858831912416,0.0351858831912416,0.0,462.0,462.0,0.0,0.7741902787882067,0.7741902787882067,0.0,0.4114405110069425,1.628892887957807,0.8557540742196702,1.4178000333283676,0.7323150355435648,0.6316131531395875,94.31949918849988,99.79132854161836,99.95362856480408,0,0,0,1,10.834858572550548,6,6,0,0.0,0.0,0.0,0.0,0.0,0.0,0,0,0,0,-164.34002285348976,4,5,0,0.0,0.0,0.0,0.0,0.0,0.0,2.0,1.0,1.0,1.0,0,3.0,0.0,2.0,2.0,0,1.0,1.0,1.0,1.0,1,0.0,0.0,0.0,0.0,0,no_erup_dry
0,0.8660254037844386,-0.5591929034707467,3,14.266666666666667,2021-03-08 14:16:00.000,0,0.0,1,0.0291251434653077,0.0291251434653077,0.0,32.0,32.0,0.0,72.41122489871239,72.41122489871239,0.0,1,0.0007937939050393,0.0007937939050393,0.0,2.0,2.0,0.0,52.60370934811292,52.60370934811292,0.0,3.897852807745434,61.2612602300756,14.185039384954216,58.28667988093739,201.2153423527023,45.86456082179829,1,0.0361104824365092,0.0361104824365092,0.0,490.0,490.0,0.0,1.0195853315970764,1.0195853315970764,0.0,1,0.0148499764621781,0.0148499764621781,0.0,238.0,238.0,0.0,0.5972495610166894,0.5972495610166894,0.0,0.047294441511341,0.7477717900565228,0.2221300244731509,0.71468894815782,0.0493417477724426,0.404718521138895,1,0.0209788084334832,0.0209788084334832,0.0,4.0,4.0,0.0,534.1002742086068,534.1002742086068,0.0,1,11.153352213879089,11.153352213879089,0.0,666.0,666.0,0.0,372.35780926945904,372.35780926945904,0.0,18.007022020577963,441.8964304242192,76.9505578084655,420.4362995301359,5921.388347033992,340.23111031224346,1,0.0009538696254018,0.0009538696254018,0.0,2.0,2.0,0.0,4.160082290339213,4.160082290339213,0.0,1,0.1370480534109728,0.1370480534109728,0.0,1545.0539042045186,1545.0539042045186,0.0,1.781464348840768,1.781464348840768,0.0,0.4134702887044724,2.847337412322552,1.0917325758570855,2.5463810578701747,1.1918800171875474,1.6155741226345868,60.76976582425226,99.83769997681428,99.95362856480408,0,0,0,0,46.2055642051653,5,4,0,0.0,0.0,0.0,0.0,0.0,0.0,0,1,0,1,8291.51293480179,5,4,0,0.0,0.0,0.0,0.0,0.0,0.0,1.0,0.0,1.0,1.0,0,2.0,1.0,1.0,1.0,0,0.0,0.0,0.0,0.0,0,0.0,0.0,0.0,0.0,0,no_erup_dry
0,0.8660254037844386,-0.5591929034707467,3,14.266666666666667,2021-03-14 14:16:00.000,0,0.0,1,5.71721486379316,5.71721486379316,0.0,2287.4021313746653,2287.4021313746653,0.0,61.51762644042308,61.51762644042308,0.0,2,0.5326110311232739,0.8484311854075628,0.3158201542842889,408.2501531477835,658.1941551643536,249.94400201657004,50.41684331478738,50.29176086875093,0.1250824460364512,24.34193764229341,62.60869430604474,132.47262867640524,55.61152231826311,17548.99734843674,46.32797804595885,2,0.0708496723986992,0.1116516703005493,0.04080199790185,1332.070788877752,2064.141577755504,732.070788877752,0.8793146707477214,0.8873137228524339,0.0079990521047125,1,0.1177959588712105,0.1177959588712105,0.0,2120.433880236831,2120.433880236831,0.0,0.7535196597717984,0.7535196597717984,0.0,0.0571679709890907,0.8128411117376729,0.2156475808587048,0.8136613404787872,0.0465038791302116,0.4274087052359678,1,34.16330811060516,34.16330811060516,0.0,380.5926816527664,380.5926816527664,0.0,485.9754664045703,485.9754664045703,0.0,1,10.331311546032964,10.331311546032964,0.0,817.6336479513161,817.6336479513161,0.0,345.72955006434233,345.72955006434233,0.0,52.452000095996034,420.90571953079575,219.0689660879241,390.5198173449887,47991.211902832045,315.02020308710814,1,0.4310066592189152,0.4310066592189152,0.0,2459.172108420403,2459.172108420403,0.0,2.321495311672296,2.321495311672296,0.0,1,0.0728943843884881,0.0728943843884881,0.0,772.8767605329649,772.8767605329649,0.0,1.8614098208026253,1.8614098208026253,0.0,9.681528999942568,3.0930675995422083,61.32771159665976,2.0416597706981,3761.088209683076,1.348332828071498,100.02318571759795,84.58149779735683,99.95362856480408,0,0,0,1,302.4844024903622,4,4,0,0.0,0.0,0.0,0.0,0.0,0.0,0,0,0,1,-1071.1466254742306,6,5,0,0.0,0.0,0.0,0.0,0.0,0.0,2.0,1.0,1.0,1.0,0,0.0,0.0,0.0,0.0,0,2.0,0.0,1.0,1.0,0,0.0,0.0,0.0,0.0,0,no_erup_dry
0,0.8660254037844386,-0.5591929034707467,3,14.266666666666667,2021-03-20 14:16:00.000,0,0.0,1,3.3256727152251173,3.3256727152251173,0.0,1706.2059401092858,1706.2059401092858,0.0,43.83669512791611,43.83669512791611,0.0,1,0.0041518427430631,0.0041518427430631,0.0,2.0,2.0,0.0,34.0720926928972,34.0720926928972,0.0,8.357853061481066,43.47833940974908,17.530121931086867,40.60690411043608,307.3051749187728,32.09910690883434,1,0.0725430977097743,0.0725430977097743,0.0,2037.850244429433,2037.850244429433,0.0,0.7096680070438544,0.7096680070438544,0.0,1,0.0753807041935744,0.0753807041935744,0.0,2068.8112350138185,2068.8112350138185,0.0,0.6336994907450346,0.6336994907450346,0.0,0.0363990382246287,0.6400314535540105,0.215842130928044,0.657536160373943,0.0465878254835589,0.2847235754046499,1,0.0662090774108037,0.0662090774108037,0.0,2.0,2.0,0.0,283.1025629320711,283.1025629320711,0.0,1,0.1650158670988446,0.1650158670988446,0.0,6.0,6.0,0.0,212.65620958111265,212.65620958111265,0.0,25.26640476301355,264.66563657232234,101.08830319619688,255.28125200588025,10218.84504308623,198.91732285981192,2,0.0012410143293088,0.0022166436473356,0.0009756293180267,3.0,4.0,1.0,2.806748775860826,3.1294678012369426,0.3227190253761165,2,0.0008196378503235,0.0014470565804467,0.0006274187301231,4.0,4.0,0.0,2.132780804714929,2.123613568881028,0.0091672358339014,0.3010071226645668,2.399522696714324,0.5265190190067192,2.2607936469865586,0.2772222773757979,1.8931204216196376,100.02318571759795,99.81451425921632,99.95362856480408,0,0,0,0,-2.450314600043328,6,5,0,0.0,0.0,0.0,0.0,0.0,0.0,0,0,0,1,-476.2971200801028,3,4,0,0.0,0.0,0.0,0.0,0.0,0.0,0.0,0.0,0.0,0.0,0,0.0,0.0,0.0,0.0,0,0.0,0.0,0.0,0.0,0,0.0,0.0,0.0,0.0,0,no_erup_dry
0,0.8660254037844386,-0.5591929034707467,3,14.266666666666667,2021-03-26 14:16:00.000,0,0.0,1,13.552448068228898,13.552448068228898,0.0,3812.039942392826,3812.039942392826,0.0,65.90464619970658,65.90464619970658,0.0,2,0.2308098701682119,0.2436858614948391,0.0128759913266272,104.0,152.0,48.0,51.27513847645521,50.19807882143274,1.0770596550224705,12.287577215766357,65.18191736137193,33.32174447507851,56.72627296068418,1110.338654862425,44.569020375493,1,0.0861533217024993,0.0861533217024993,0.0,1701.6577039178442,1701.6577039178442,0.0,0.7968679830623745,0.7968679830623745,0.0,1,0.067956288724681,0.067956288724681,0.0,1888.9603558317483,1888.9603558317483,0.0,0.7013798012012002,0.7013798012012002,0.0,0.0598857712881929,0.7061498926760784,0.2222572082213222,0.7433164545420246,0.0493982666063361,0.2991519776389208,1,51.873282855476816,51.873282855476816,0.0,1607.1956147082142,1607.1956147082142,0.0,429.062452397565,429.062452397565,0.0,2,1.8999851619942945,2.2012593279554835,0.301274165961189,328.3216414539568,528.6432829079135,200.3216414539568,336.52769653032783,332.976286357047,3.5514101732808285,60.06799047697837,432.7365979721599,221.6336324674401,358.9295310918865,49121.46704071232,300.3485750486039,1,0.5614697342168937,0.5614697342168937,0.0,3360.269093547635,3360.269093547635,0.0,2.928686121122831,2.928686121122831,0.0,1,0.2799183243567373,0.2799183243567373,0.0,824.9590064423937,824.9590064423937,0.0,2.1593350775490454,2.1593350775490454,0.0,0.2004035752547883,2.5630752360564224,0.5846913510163351,2.643348294987213,0.3418639759533071,1.4374642623389915,100.02318571759795,99.8840714120102,99.95362856480408,0,0,0,0,1.581196307372698,5,5,0,0.0,0.0,0.0,0.0,0.0,0.0,0,0,0,1,138.50711420724292,4,4,0,0.0,0.0,0.0,0.0,0.0,0.0,0.0,0.0,0.0,0.0,0,5.0,1.0,4.0,4.0,0,0.0,0.0,0.0,0.0,0,0.0,0.0,0.0,0.0,0,no_erup_dry
0,1.0,-0.5591929034707467,4,14.266666666666667,2021-04-01 14:16:00.000,0,0.0,1,3.8136789912686737,3.8136789912686737,0.0,203.67845957828396,203.67845957828396,0.0,101.53298314138252,101.53298314138252,0.0,1,29.51277613289855,29.51277613289855,0.0,3892.0976551950794,3892.0976551950794,0.0,71.13966401109319,71.13966401109319,0.0,23.854768337667096,94.10836108742954,122.88778548725176,86.60025060275224,15101.4078219608,60.96918380153137,1,0.0001570812924143,0.0001570812924143,0.0,2.0,2.0,0.0,1.6716667732417143,1.6716667732417143,0.0,1,0.000455922750487,0.000455922750487,0.0,6.0,6.0,0.0,0.7242145307254556,0.7242145307254556,0.0,0.1230519195897785,1.0880637510749158,0.4678361061736426,1.030361941037742,0.2188706222397158,0.4308836154476466,1,15.568586822822796,15.568586822822796,0.0,302.0,302.0,0.0,947.742941196785,947.742941196785,0.0,1,175.61128633044655,175.61128633044655,0.0,3313.594471762142,3313.594471762142,0.0,582.9860736661024,582.9860736661024,0.0,106.21683311942203,761.9972183131711,562.3878503139839,730.718366615901,316280.094180784,482.02201811168135,2,0.0171948264857577,0.033157250770003,0.0159624242842453,168.16862979268052,332.33725958536104,164.16862979268052,1.6590503750073418,1.702194915249248,0.0431445402419061,1,0.0597845514676214,0.0597845514676214,0.0,809.7005626924761,809.7005626924761,0.0,1.0786561651777644,1.0786561651777644,0.0,0.2407437299961375,1.497577787178468,0.4539004673196395,1.451049149758937,0.2060256342329871,0.8367106887559121,99.95362856480408,99.8840714120102,99.95362856480408,1,1,0,1,-108.23520613942227,5,4,0,0.0,0.0,0.0,0.0,0.0,0.0,0,0,0,1,-267.9996986065127,3,4,0,0.0,0.0,0.0,0.0,0.0,0.0,0.0,0.0,0.0,0.0,0,1.0,0.0,1.0,1.0,0,0.0,0.0,0.0,0.0,0,5.4036,0.0,5.4036,5.4036,0,no_erup_dry
0,1.0,-0.5591929034707467,4,14.266666666666667,2021-04-07 14:16:00.000,0,0.0,1,15.92927285346849,15.92927285346849,0.0,4261.328912595491,4261.328912595491,0.0,80.88276079189677,80.88276079189677,0.0,1,0.0073262056999823,0.0073262056999823,0.0,4.0,4.0,0.0,64.44165170643757,64.44165170643757,0.0,14.058845371534316,82.58954657514242,44.09570768992589,69.06192589827668,1944.4314366753888,55.72503278033326,1,0.0447145974891012,0.0447145974891012,0.0,816.8911278845426,816.8911278845426,0.0,1.1661123034040777,1.1661123034040777,0.0,2,0.0177143741737879,0.0329936758853051,0.0152793017115172,407.5,801.0,393.5,0.7142830911941145,0.6583465048269896,0.0559365863671248,0.0893535206775267,0.883517666154534,0.3287114333451099,0.876680205678899,0.1080512064117966,0.3466496024499668,0,0.0,0.0,0.0,0.0,0.0,0.0,0.0,0.0,0.0,0,0.0,0.0,0.0,0.0,0.0,0.0,0.0,0.0,0.0,0.0,0.0,0.0,0.0,0.0,0.0,0,0.0,0.0,0.0,0.0,0.0,0.0,0.0,0.0,0.0,0,0.0,0.0,0.0,0.0,0.0,0.0,0.0,0.0,0.0,0.0,0.0,0.0,0.0,0.0,0.0,100.02318571759795,0.0,0.0,0,0,0,1,5.88967196622442,5,4,0,0.0,0.0,0.0,0.0,0.0,0.0,0,0,0,1,5.88967196622442,5,4,0,0.0,0.0,0.0,0.0,0.0,0.0,1.0,0.0,1.0,1.0,0,0.0,0.0,0.0,0.0,0,1.0,0.0,1.0,1.0,0,0.0,0.0,0.0,0.0,0,no_erup_dry
0,1.0,-0.5591929034707467,4,14.266666666666667,2021-04-13 14:16:00.000,0,0.0,1,11.886385693341936,11.886385693341936,0.0,3307.6825471734483,3307.6825471734483,0.0,92.54286351903563,92.54286351903563,0.0,1,0.0119921796786215,0.0119921796786215,0.0,2.0,2.0,0.0,57.09811588423218,57.09811588423218,0.0,20.370807282376017,86.58871028114993,110.8992396866296,82.84750571848653,12298.641363072524,52.1011220429906,1,0.3687502096319235,0.3687502096319235,0.0,3290.988731149794,3290.988731149794,0.0,1.525600257832901,1.525600257832901,0.0,1,0.0004546386804105,0.0004546386804105,0.0,2.0,2.0,0.0,0.8652334886625618,0.8652334886625618,0.0,0.0936836907301014,1.206871982177133,0.4131011711421051,1.2101167168162277,0.1706525775989788,0.5033429679620485,0,0.0,0.0,0.0,0.0,0.0,0.0,0.0,0.0,0.0,0,0.0,0.0,0.0,0.0,0.0,0.0,0.0,0.0,0.0,0.0,0.0,0.0,0.0,0.0,0.0,0,0.0,0.0,0.0,0.0,0.0,0.0,0.0,0.0,0.0,0,0.0,0.0,0.0,0.0,0.0,0.0,0.0,0.0,0.0,0.0,0.854060863672071,1.1102230246251563e-16,0.8540608636720709,1.232595164407831e-32,0.8540608636720712,100.02318571759795,0.0,19.68467424066775,0,0,0,0,-1.945580514309035,2,5,0,0.0,0.0,0.0,0.0,0.0,0.0,0,0,0,0,-1.945580514309035,2,5,0,0.0,0.0,0.0,0.0,0.0,0.0,1.0,0.0,1.0,1.0,0,2.0,0.0,2.0,2.0,0,0.0,0.0,0.0,0.0,0,12.566,0.0,6.283,6.283,0,no_erup_dry
0,1.0,-0.5591929034707467,4,14.266666666666667,2021-04-19 14:16:00.000,0,0.0,1,19.134392319099177,19.134392319099177,0.0,1377.200201357467,1377.200201357467,0.0,73.93557069854928,73.93557069854928,0.0,1,2.031844503622516,2.031844503622516,0.0,534.0,534.0,0.0,36.324268447377136,36.324268447377136,0.0,5.933861220362154,50.237724684522505,24.02093852099249,41.90752292849152,577.0054874293008,30.401436219874984,1,0.2688763014646933,0.2688763014646933,0.0,1297.0700517182445,1297.0700517182445,0.0,1.2816889613982034,1.2816889613982034,0.0,1,0.3480233965301088,0.3480233965301088,0.0,3149.807588961283,3149.807588961283,0.0,0.78607320572147,0.78607320572147,0.0,0.0686661834053291,0.9553025207098996,0.3892695111604652,0.9525082259895602,0.1515307523191075,0.3506657435022968,1,160.39911775338788,160.39911775338788,0.0,1165.5737959217047,1165.5737959217047,0.0,510.8973169786002,510.8973169786002,0.0,1,63.76260435476394,63.76260435476394,0.0,2881.3737822524854,2881.3737822524854,0.0,219.37488667745677,219.37488667745677,0.0,28.504375638488032,328.0712806873792,146.1829893681964,276.05865879843134,21369.46638062222,184.71740460618653,1,0.1572358760312171,0.1572358760312171,0.0,1037.1714303977171,1037.1714303977171,0.0,1.6509748705713376,1.6509748705713376,0.0,1,0.0008233140802066,0.0008233140802066,0.0,10.0,10.0,0.0,0.9772756287377072,0.9772756287377072,0.0,0.1351947218776227,1.3292555963437072,0.37802795408532,1.2553697623726403,0.1429051340699328,0.8593867034309859,100.02318571759795,99.90725712960815,99.95362856480408,0,0,0,1,139.1187217355289,4,3,0,0.0,0.0,0.0,0.0,0.0,0.0,0,0,0,0,691.7195454428481,5,4,0,0.0,0.0,0.0,0.0,0.0,0.0,1.0,0.0,1.0,1.0,0,2.0,2.0,2.0,2.0,1,2.0,0.0,1.0,1.0,0,44.2785,8.8557,26.5671,17.711399999999998,0,no_erup_dry
0,1.0,-0.5591929034707467,4,14.266666666666667,2021-04-25 14:16:00.000,0,0.0,1,1.0274416470056664,1.0274416470056664,0.0,308.0,308.0,0.0,41.5079321228364,41.5079321228364,0.0,1,0.0105117562342371,0.0105117562342371,0.0,8.0,8.0,0.0,33.90127247332641,33.90127247332641,0.0,25.004688668782595,44.099042760452406,102.08817311913847,37.131310429213165,10421.995090803186,30.611862445818492,1,0.0732212985956241,0.0732212985956241,0.0,1434.5573691494476,1434.5573691494476,0.0,0.8160326003521365,0.8160326003521365,0.0,1,0.0001129444826293,0.0001129444826293,0.0,2.0,2.0,0.0,0.6963911601748607,0.6963911601748607,0.0,0.035670443090575,0.6935287823357461,0.208899047647593,0.7421648747626929,0.0436388121080713,0.2963679999877153,1,5.20820722027554,5.20820722027554,0.0,110.48283952014162,110.48283952014162,0.0,508.1941748000372,508.1941748000372,0.0,1,34.57341764129299,34.57341764129299,0.0,1976.1742968732965,1976.1742968732965,0.0,213.80188308242973,213.80188308242973,0.0,45.93711848150407,318.6694786807065,203.826935431298,273.5294829177959,41545.41960731453,179.29489927576225,1,0.0005272333981727,0.0005272333981727,0.0,4.0,4.0,0.0,2.401228607633283,2.401228607633283,0.0,1,0.3560858727601219,0.3560858727601219,0.0,3069.5001040603684,3069.5001040603684,0.0,1.620516712891638,1.620516712891638,0.0,9.917347489130677,3.3208153646194174,68.00537051646289,1.8948360750394768,4624.7304190814,1.2820639513701264,41.8965916995131,98.53929979132856,99.95362856480408,0,0,0,0,-28.703202634227477,4,4,0,0.0,0.0,0.0,0.0,0.0,0.0,0,0,0,1,-142.3921494237883,3,2,0,0.0,0.0,0.0,0.0,0.0,0.0,2.0,0.0,1.0,1.0,0,2.0,0.0,2.0,2.0,0,2.0,0.0,2.0,2.0,0,0.0,0.0,0.0,0.0,0,no_erup_dry
1,0.8660254037844387,-0.5591929034707467,5,14.266666666666667,2021-05-01 14:16:00.000,0,0.0,1,8.783806755500692,8.783806755500692,0.0,3138.389823644823,3138.389823644823,0.0,45.83945960542489,45.83945960542489,0.0,1,3.3158798377366807,3.3158798377366807,0.0,1303.351699473406,1303.351699473406,0.0,36.11434721727546,36.11434721727546,0.0,9.619765074304356,44.16604105667725,35.69068512452166,41.96572516341957,1273.8250046577516,32.71819649177459,1,0.0707690987264944,0.0707690987264944,0.0,3360.8787845834263,3360.8787845834263,0.0,0.8141996294769289,0.8141996294769289,0.0,1,0.0002735173835011,0.0002735173835011,0.0,2.0,2.0,0.0,0.7192463838401968,0.7192463838401968,0.0,0.0412523954675646,0.7238418515950609,0.1931837519506589,0.7726095181339288,0.0373199620177337,0.34285149302013,1,45.83748293766197,45.83748293766197,0.0,3141.127939973547,3141.127939973547,0.0,251.1347904300491,251.1347904300491,0.0,1,20.442502118260364,20.442502118260364,0.0,1243.7956905086533,1243.7956905086533,0.0,200.11819851445563,200.11819851445563,0.0,17.12533177333902,237.4597789906868,59.82324463973246,230.9422491190112,3578.820599225278,180.99907702349236,2,0.1168279858977029,0.2332100474158511,0.1163820615181482,972.0937401573052,1934.1874803146104,962.0937401573052,2.022133845993906,2.059227660781684,0.0370938147877779,1,0.1471675285782718,0.1471675285782718,0.0,1782.382162852727,1782.382162852727,0.0,1.783878609664073,1.783878609664073,0.0,0.1589111390544875,1.9544394859845295,0.3503317425122195,1.8997174230532188,0.1227323298116481,1.5639349080470757,100.0,99.95362856480408,99.95362856480408,0,0,0,1,25.85983669610956,4,5,0,0.0,0.0,0.0,0.0,0.0,0.0,0,0,0,0,-49.79508007858718,4,4,0,0.0,0.0,0.0,0.0,0.0,0.0,2.0,0.0,1.0,1.0,0,10.0,4.0,6.0,6.0,0,2.0,1.0,1.0,1.0,0,41.3263,41.3263,41.3263,41.3263,0,no_erup_rainy
1,0.8660254037844387,-0.5591929034707467,5,14.266666666666667,2021-05-07 14:16:00.000,0,0.0,1,2.1541096710888183,2.1541096710888183,0.0,987.0177570734636,987.0177570734636,0.0,77.76066876494262,77.76066876494262,0.0,1,0.1116781624286744,0.1116781624286744,0.0,124.0,124.0,0.0,48.297045927252775,48.297045927252775,0.0,3.917022891935875,59.55981313466953,15.388924335645228,52.20068754990528,236.8189922082139,45.49083862963776,1,0.183172031577574,0.183172031577574,0.0,2776.224103085174,2776.224103085174,0.0,0.9579990919884174,0.9579990919884174,0.0,1,0.1159074028683729,0.1159074028683729,0.0,2327.4810376267424,2327.4810376267424,0.0,0.7337991600080594,0.7337991600080594,0.0,0.0457322954773393,0.7813472004418448,0.23251882638806,0.818087848946065,0.0540650046248808,0.3495641069157496,2,4.316413693693988,5.602916334187796,1.2865026404938078,201.04872111799543,241.0,39.95127888200453,430.16992781742505,441.7537369347858,11.583809117360772,1,2.4007154848551977,2.4007154848551977,0.0,661.2644081079525,661.2644081079525,0.0,284.0468547919171,284.0468547919171,0.0,16.211524572363953,331.47756002727203,71.8079417530684,298.3389875063374,5156.3804988120655,266.145027348476,1,0.1133508187652077,0.1133508187652077,0.0,2206.6210311909813,2206.6210311909813,0.0,2.4545309814842264,2.4545309814842264,0.0,2,0.0257779277917818,0.050470873034133,0.0246929452423511,460.4480047879163,889.7379471395451,429.2899423516288,1.9664559644148056,1.940657261232161,0.0257987031826444,0.1209595637628708,2.2468150554377435,0.2908325423732013,2.2571487738923417,0.0845835677032599,1.7488788033896032,100.02318571759795,99.8840714120102,99.95362856480408,0,0,0,1,304.17392662152633,3,4,0,0.0,0.0,0.0,0.0,0.0,0.0,0,0,0,0,-240.26155372877287,3,6,0,0.0,0.0,0.0,0.0,0.0,0.0,0.0,0.0,0.0,0.0,0,1.0,1.0,1.0,1.0,1,1.0,0.0,1.0,1.0,0,61.9894,0.0,61.9894,61.9894,0,no_erup_rainy
1,0.8660254037844387,-0.5591929034707467,5,14.266666666666667,2021-05-13 14:16:00.000,0,0.0,1,8.067402223516908,8.067402223516908,0.0,1787.8161176533006,1787.8161176533006,0.0,60.18455686006179,60.18455686006179,0.0,1,0.0754914491457761,0.0754914491457761,0.0,78.0,78.0,0.0,23.366939798131632,23.366939798131632,0.0,15.293771210113656,47.14284071801392,63.85354732215298,38.73964336918205,4077.2755056224296,21.503527960713395,1,0.2971664500329847,0.2971664500329847,0.0,2638.688106516112,2638.688106516112,0.0,1.0495479156708425,1.0495479156708425,0.0,1,0.058501472725474,0.058501472725474,0.0,1544.4756584346928,1544.4756584346928,0.0,0.655721672905768,0.655721672905768,0.0,0.0889623680980808,0.8139145312422681,0.2882678486478413,0.7802712378965527,0.0830983525640547,0.3731420056160477,1,78.78895691774301,78.78895691774301,0.0,1859.812561860153,1859.812561860153,0.0,467.2876613211988,467.2876613211988,0.0,1,21.54576493269573,21.54576493269573,0.0,1594.7412957893384,1594.7412957893384,0.0,151.02961490199473,151.02961490199473,0.0,51.77047731249788,324.5983486405592,218.4545300977157,266.01060617944887,47722.38172021378,121.8376991939775,1,0.0120712406550809,0.0120712406550809,0.0,38.0,38.0,0.0,3.684200005876304,3.684200005876304,0.0,1,0.3960833271977253,0.3960833271977253,0.0,2134.199636588085,2134.199636588085,0.0,1.459190287232663,1.459190287232663,0.0,7.145981743923692,3.533601818956366,56.72904837330196,1.9699694252280924,3218.184929340433,1.2080877813251267,99.51309993044283,99.69858567122652,99.95362856480408,0,0,0,1,10.079921489714405,2,4,1,1.622923761511825e-06,-1.3226583102982583,-0.0003088509219634,0.000312644868487,23.216666666666665,0.5821715367205121,0,0,0,1,-304.2110937886631,5,3,1,1.4967476208243051e-05,-13.726431685926125,-0.0029589324975367,0.0029803421484194,23.5,0.6418729571291165,0.0,0.0,0.0,0.0,0,0.0,0.0,0.0,0.0,0,1.0,0.0,1.0,1.0,0,3.5999,0.0,3.5999,3.5999,0,no_erup_rainy
1,0.8660254037844387,-0.5591929034707467,5,14.266666666666667,2021-05-19 14:16:00.000,0,0.0,1,1.2490660684830033,1.2490660684830033,0.0,1316.2114767808505,1316.2114767808505,0.0,37.67822462914675,37.67822462914675,0.0,1,0.9330943611093474,0.9330943611093474,0.0,787.0,787.0,0.0,31.760545831420053,31.760545831420053,0.0,4.170394312978637,34.73452170703095,8.574651390846359,33.836179828562344,73.5246464745434,22.84667615829639,1,0.027178111268457,0.027178111268457,0.0,476.0,476.0,0.0,0.8780263603007163,0.8780263603007163,0.0,2,0.0438975947068688,0.0812625939839993,0.0373649992771305,1648.5502666812718,3041.457628315945,1392.9073616346732,0.7525368329236739,0.7442023999734005,0.0083344329502733,0.0340296462897471,0.7362142889430195,0.189338516548299,0.7899709594741232,0.0358490738487105,0.3398313266923963,1,14.224252856498282,14.224252856498282,0.0,1147.8659589379845,1147.8659589379845,0.0,248.30169199321955,248.30169199321955,0.0,1,0.2114305824893563,0.2114305824893563,0.0,2.0,2.0,0.0,179.02758658358783,179.02758658358783,0.0,12.85215540258357,204.0404779503804,53.070674453564536,195.8216508393217,2816.4964869562277,121.19814543738428,1,0.083419486320573,0.083419486320573,0.0,1901.8404450368096,1901.8404450368096,0.0,2.0567842919457515,2.0567842919457515,0.0,1,0.0947716737556547,0.0947716737556547,0.0,1273.5951495689578,1273.5951495689578,0.0,1.5321668077396495,1.5321668077396495,0.0,0.1567060566012526,1.9020402168201969,0.3623269202048531,1.9222011782858832,0.131280797105134,1.3340924310335935,97.17134245304892,99.95362856480408,99.95362856480408,0,0,0,0,-1356.1151032610455,4,8,0,0.0,0.0,0.0,0.0,0.0,0.0,0,0,0,1,-130.6070781875463,3,4,0,0.0,0.0,0.0,0.0,0.0,0.0,1.0,1.0,1.0,1.0,1,3.0,0.0,2.0,2.0,0,5.0,1.0,3.0,2.0,0,0.0,0.0,0.0,0.0,0,no_erup_rainy
1,0.5000000000000003,-0.5075383629607039,6,14.033333333333333,2021-06-22 14:02:00.000,0,0.0,1,8.305909048593222,8.305909048593222,0.0,1562.5099682398222,1562.5099682398222,0.0,117.5092791603131,117.5092791603131,0.0,1,0.4223713653322676,0.4223713653322676,0.0,294.259281050352,294.259281050352,0.0,97.4211196841752,97.4211196841752,0.0,15.0713264811205,114.81154544628365,55.82598718088951,108.94645319777004,3116.54084472084,90.44926513035809,1,0.0030061307450706,0.0030061307450706,0.0,66.0,66.0,0.0,1.0198439317824657,1.0198439317824657,0.0,1,0.0001958632970345,0.0001958632970345,0.0,2.0,2.0,0.0,0.8135606981181419,0.8135606981181419,0.0,0.0500961195765653,0.8840387189311056,0.2678146697065394,0.9447391142224124,0.0717246973100228,0.3836295251159213,1,0.3369741543225473,0.3369741543225473,0.0,4.0,4.0,0.0,669.022128847047,669.022128847047,0.0,1,1.0130077131428834,1.0130077131428834,0.0,100.0,100.0,0.0,513.4968935855701,513.4968935855701,0.0,60.32347539540719,632.6020716662041,192.68003249785787,578.2920251645439,37125.59492337557,464.9306464649588,1,0.3030418259052378,0.3030418259052378,0.0,1789.8394578014927,1789.8394578014927,0.0,3.360349690240441,3.360349690240441,0.0,2,0.1334833598151252,0.2662835532196408,0.1328001934045155,991.7249648461432,1979.4499296922863,987.7249648461432,2.874114500672385,2.812593224004421,0.061521276667964,0.2317895137188436,3.080344392438503,0.5417122161299646,3.06729850741534,0.2934521251044374,2.301663192073568,100.02318571759795,99.95362856480408,99.95362856480408,0,0,0,1,739.970129963581,3,7,0,0.0,0.0,0.0,0.0,0.0,0.0,0,0,0,0,-2503.5505271610905,6,6,0,0.0,0.0,0.0,0.0,0.0,0.0,2.0,1.0,1.0,1.0,0,1.0,0.0,1.0,1.0,0,0.0,0.0,0.0,0.0,0,37.4823,18.0134,18.0134,9.0067,0,no_erup_rainy
1,1.2246467991473532e-16,-0.7986355100472936,7,20.466666666666665,2021-07-19 20:28:00.000,0,0.0,1,1.9056252050837728,1.9056252050837728,0.0,2671.586675935253,2671.586675935253,0.0,34.15231409381087,34.15231409381087,0.0,2,0.746644495420961,1.1223121098947288,0.3756676144737678,617.116579291881,922.233158583762,305.1165792918809,30.780426307178917,30.71353084159089,0.066895465588022,25.668436582934376,38.60053966281384,171.2230461620429,32.37833613756017,29317.331537009068,28.024590858588105,1,0.013963670857729,0.013963670857729,0.0,348.0,348.0,0.0,0.720410093321336,0.720410093321336,0.0,1,0.0471074542025969,0.0471074542025969,0.0,2069.750876085556,2069.750876085556,0.0,0.4913708099254278,0.4913708099254278,0.0,0.0410014529846895,0.5455869572768665,0.1726264383259094,0.5431717104866451,0.029799887209089,0.2785622835050187,1,26.088213502852117,26.088213502852117,0.0,2541.579704195734,2541.579704195734,0.0,221.92257451686868,221.92257451686868,0.0,1,0.3579494820616844,0.3579494820616844,0.0,86.0,86.0,0.0,151.5971284965091,151.5971284965091,0.0,62.76098109700184,203.8784588896661,312.47861828207806,179.7665616775632,97642.88688347665,138.85830244642742,1,0.249659239261593,0.249659239261593,0.0,668.0,668.0,0.0,3.398731146248728,3.398731146248728,0.0,2,0.0165113200209214,0.0330179436625464,0.0165066236416249,116.31637938724263,228.6327587744853,112.31637938724263,2.3769907519053426,2.335094378408993,0.0418963734963497,0.6440445768397567,2.938515886048682,1.762050664841,2.657328981619519,3.1048225454666105,1.9447268154352324,100.02318571759795,99.95362856480408,99.95362856480408,0,0,0,0,-132.96685808828215,4,5,0,0.0,0.0,0.0,0.0,0.0,0.0,0,0,0,1,608.3431439191436,6,3,0,0.0,0.0,0.0,0.0,0.0,0.0,2.0,0.0,2.0,2.0,0,4.0,0.0,2.0,2.0,0,2.0,1.0,1.0,1.0,0,5.0724,0.0,5.0724,5.0724,0,no_erup_rainy
1,1.2246467991473532e-16,-0.7986355100472936,7,20.466666666666665,2021-07-25 20:28:00.000,0,0.0,1,0.0272188465698235,0.0272188465698235,0.0,2.0,2.0,0.0,67.80784436787332,67.80784436787332,0.0,1,0.4649713659531471,0.4649713659531471,0.0,328.0,328.0,0.0,38.85485777497896,38.85485777497896,0.0,8.676601148759815,63.05898303652543,41.20228198407965,45.14721130538357,1697.628040695614,34.499769521107325,1,0.0002899109166907,0.0002899109166907,0.0,2.0,2.0,0.0,0.6839253164703851,0.6839253164703851,0.0,1,0.0419834793074224,0.0419834793074224,0.0,988.370663504705,988.370663504705,0.0,0.5996486593587063,0.5996486593587063,0.0,0.05680663105785,0.7903623479751389,0.3608847499025586,0.6757900675170133,0.1302378027122322,0.3114979115193905,1,6.292496996469026,6.292496996469026,0.0,244.0,244.0,0.0,335.95760539445814,335.95760539445814,0.0,1,0.1901363507868154,0.1901363507868154,0.0,4.0,4.0,0.0,269.2884688036549,269.2884688036549,0.0,37.91490677287078,305.0432379752045,89.17792134660442,292.69518088421376,7952.701655701164,182.91948727410937,1,0.2085107451141352,0.2085107451141352,0.0,448.0,448.0,0.0,4.255589577134678,4.255589577134678,0.0,1,0.0914214015500505,0.0914214015500505,0.0,134.0,134.0,0.0,3.665142257484225,3.665142257484225,0.0,0.4833565214239375,3.598771509947605,1.389274117613572,3.663042908015037,1.930082573870969,1.254239077039284,40.250405750057965,30.651518664502664,30.651518664502664,0,0,0,1,-78.20214433381234,2,2,0,0.0,0.0,0.0,0.0,0.0,0.0,0,0,0,0,-172.0009915454329,2,2,0,0.0,0.0,0.0,0.0,0.0,0.0,0.0,0.0,0.0,0.0,0,0.0,0.0,0.0,0.0,0,0.0,0.0,0.0,0.0,0,46.5423,4.2311,25.3867,21.1556,0,no_erup_rainy
1,-0.8660254037844385,0.8910065241883678,9,4.2,2021-09-09 04:12:00.000,0,0.0,1,0.6520034102969845,0.6520034102969845,0.0,128.0,128.0,0.0,27.58869860429845,27.58869860429845,0.0,1,1.3817205263178067,1.3817205263178067,0.0,2149.5641331882725,2149.5641331882725,0.0,24.19953143387562,24.19953143387562,0.0,8.096492810172586,31.237878524144545,29.21563621111473,24.67101494986025,853.5533992201983,20.67547454803652,1,0.0744349842374201,0.0744349842374201,0.0,1640.3520720137722,1640.3520720137722,0.0,0.9705070563317758,0.9705070563317758,0.0,1,0.0005012935865145,0.0005012935865145,0.0,12.0,12.0,0.0,0.71969139223104,0.71969139223104,0.0,0.069186303898376,0.8561126786207562,0.2756477524610799,0.8858167738636308,0.0759816834368447,0.3812441776562472,1,1.840847495881704,1.840847495881704,0.0,92.0,92.0,0.0,104.290213035771,104.290213035771,0.0,1,12.5690445649156,12.5690445649156,0.0,756.0314473641904,756.0314473641904,0.0,39.68186444508528,39.68186444508528,0.0,15.228655030646491,82.37946376788607,67.74287713620909,67.814701986603,4589.097402691519,28.958943963813372,1,0.5281647881722678,0.5281647881722678,0.0,856.3152549695446,856.3152549695446,0.0,2.990815786613725,2.990815786613725,0.0,1,0.004745718358837,0.004745718358837,0.0,56.0,56.0,0.0,0.687601161054098,0.687601161054098,0.0,0.4804789553943576,2.097588985800816,2.9951637395950086,1.711817752200025,8.971005826984756,0.591491107804035,57.61650823092975,99.95362856480408,99.95362856480408,0,0,0,0,39.78932063413839,3,3,0,0.0,0.0,0.0,0.0,0.0,0.0,0,0,0,0,149.687354799746,5,5,0,0.0,0.0,0.0,0.0,0.0,0.0,2.0,2.0,2.0,2.0,1,2.0,0.0,2.0,2.0,0,9.0,3.0,4.0,2.0,0,41.0053,11.7158,23.4316,17.5737,0,no_erup_rainy
1,-0.8660254037844385,0.8910065241883678,9,4.2,2021-09-15 04:12:00.000,0,0.0,1,1.9010839829364308,1.9010839829364308,0.0,1822.170977459201,1822.170977459201,0.0,24.85562866130773,24.85562866130773,0.0,1,0.4733867464174182,0.4733867464174182,0.0,466.0788176201871,466.0788176201871,0.0,22.349697546283544,22.349697546283544,0.0,10.613809640632224,29.277099578750526,42.43343235572029,23.48146379714146,1800.59618148749,20.65797655701268,1,0.0856683365702661,0.0856683365702661,0.0,777.5619979247783,777.5619979247783,0.0,0.8416965117442614,0.8416965117442614,0.0,1,0.0616598056130522,0.0616598056130522,0.0,672.1313324495609,672.1313324495609,0.0,0.7193941709068412,0.7193941709068412,0.0,0.0461961916752047,0.7318657652692587,0.2124927152530164,0.7809147317783856,0.0451531540355995,0.3494322640673808,1,1.235235350778538,1.235235350778538,0.0,188.0,188.0,0.0,37.25834381163664,37.25834381163664,0.0,1,2.18715084376667,2.18715084376667,0.0,1324.150529289309,1324.150529289309,0.0,28.62009702407169,28.62009702407169,0.0,22.290579760254037,41.00147754827905,113.87923006530688,31.818844598389,12968.479040267091,23.13451380083628,1,0.4953848225365629,0.4953848225365629,0.0,1521.4661002994258,1521.4661002994258,0.0,5.958647358589589,5.958647358589589,0.0,2,0.0044339609872099,0.004820102473841,0.000386141486631,6.0,6.0,0.0,3.709653013726466,3.643724644935214,0.0659283687912521,0.6630406568329611,4.888035407589621,1.8542411437392403,4.622914490333293,3.4382102191354065,2.303256207111558,62.23046603292372,99.95362856480408,99.95362856480408,0,0,0,0,-24.898118758024918,6,3,0,0.0,0.0,0.0,0.0,0.0,0.0,0,0,0,0,-27.039910772406724,4,6,0,0.0,0.0,0.0,0.0,0.0,0.0,10.0,7.0,7.0,6.0,1,6.0,4.0,4.0,3.0,1,4.0,1.0,2.0,1.0,0,96.1879,48.0939,48.0939,24.0469,0,no_erup_rainy
1,-0.8660254037844385,0.8910065241883678,9,4.2,2021-09-21 04:12:00.000,0,0.0,1,0.0470017973007976,0.0470017973007976,0.0,14.0,14.0,0.0,24.92570722125494,24.92570722125494,0.0,1,0.0973404383707574,0.0973404383707574,0.0,110.0,110.0,0.0,23.307402781455902,23.307402781455902,0.0,9.755157255732858,26.20611168016456,20.488650923385222,23.158167416863265,419.7848166603341,20.563507424424703,1,0.0284287286422662,0.0284287286422662,0.0,654.0,654.0,0.0,0.736785904129741,0.736785904129741,0.0,1,0.0367735644660685,0.0367735644660685,0.0,840.1083648808223,840.1083648808223,0.0,0.6907078929786934,0.6907078929786934,0.0,0.037845311579175,0.6827289687599871,0.1666845710063038,0.7158092407658446,0.0277837462115555,0.3461123630707491,1,26.328834064586488,26.328834064586488,0.0,1941.9729391370213,1941.9729391370213,0.0,104.13403005822656,104.13403005822656,0.0,1,13.84375885734569,13.84375885734569,0.0,1121.524894696005,1121.524894696005,0.0,53.3801863340787,53.3801863340787,0.0,14.325931951605906,82.97737865350643,44.853612623108525,77.93024533583866,2011.84656534388,33.820906890840554,1,0.323195881819323,0.323195881819323,0.0,2102.1237357354835,2102.1237357354835,0.0,3.34851842315281,3.34851842315281,0.0,1,0.2655787326131351,0.2655787326131351,0.0,1714.8830951537047,1714.8830951537047,0.0,2.717397495625402,2.717397495625402,0.0,0.3941770538393999,3.177655863950019,0.8889491364516837,3.0044979938336027,0.7902305671981943,2.171377143264337,35.93786227683747,99.95362856480408,99.95362856480408,0,0,0,0,-3.799907625467078,2,1,0,0.0,0.0,0.0,0.0,0.0,0.0,0,0,0,1,-112.43077733297436,4,5,0,0.0,0.0,0.0,0.0,0.0,0.0,1.0,0.0,1.0,1.0,0,5.0,2.0,2.0,1.0,0,1.0,0.0,1.0,1.0,0,5.5214,0.0,5.5214,5.5214,0,no_erup_rainy
1,-1.0,0.992004949679715,10,6.483333333333333,2021-10-06 06:29:00.000,0,0.0,1,0.8357834398974724,0.8357834398974724,0.0,116.0,116.0,0.0,25.98839569757141,25.98839569757141,0.0,1,1.3258983259120465,1.3258983259120465,0.0,792.0,792.0,0.0,24.63232341029067,24.63232341029067,0.0,47.53309395417836,34.93692584959607,204.3229394872969,23.201419211852656,41747.8636007296,20.176372954725288,1,0.0276313656872221,0.0276313656872221,0.0,718.0,718.0,0.0,0.5635207775262971,0.5635207775262971,0.0,1,0.0233072163849773,0.0233072163849773,0.0,122.0,122.0,0.0,0.535889411839075,0.535889411839075,0.0,0.0437184088697658,0.542176011602129,0.1900746773279637,0.5178358968619521,0.0361283829613295,0.2648344925325777,1,0.217218226018673,0.217218226018673,0.0,6.0,6.0,0.0,95.44583327345188,95.44583327345188,0.0,1,0.3038197120750325,0.3038197120750325,0.0,102.0,102.0,0.0,40.01521766706461,40.01521766706461,0.0,46.84178234486863,79.31169643308047,274.27320977904475,61.93457087684588,75225.79360249989,30.354620660163683,2,0.0705747276507093,0.1386819070115046,0.0681071793607952,145.5,286.0,140.5,3.300777271476268,3.581166728462596,0.2803894569863281,1,0.7234207765312273,0.7234207765312273,0.0,1786.3351609830024,1786.3351609830024,0.0,2.281452442895824,2.281452442895824,0.0,0.5590267094043099,3.0106434114471496,1.9571101944814948,2.8755411225798304,3.8302803133433945,1.421528388513411,20.588917226988176,99.95362856480408,99.95362856480408,0,0,0,0,-1351.925513949156,1,1,0,0.0,0.0,0.0,0.0,0.0,0.0,0,0,0,1,38.38531760716352,3,3,0,0.0,0.0,0.0,0.0,0.0,0.0,1.0,1.0,1.0,1.0,1,7.0,2.0,4.0,3.0,0,1.0,0.0,1.0,1.0,0,31.8788,12.8582,19.0206,19.0206,0,no_erup_rainy
1,-1.0,-0.8362861558477599,10,20.216666666666665,2021-10-28 20:13:00.000,0,0.0,0,0.0,0.0,0.0,0.0,0.0,0.0,0.0,0.0,0.0,0,0.0,0.0,0.0,0.0,0.0,0.0,0.0,0.0,0.0,13.267231975596244,28.928574691642453,15.8534914596105,24.54461049471208,251.333191459943,20.314156064589728,0,0.0,0.0,0.0,0.0,0.0,0.0,0.0,0.0,0.0,0,0.0,0.0,0.0,0.0,0.0,0.0,0.0,0.0,0.0,0.0784236376954613,0.3494795828348512,0.1521301190812699,0.3084279461210206,0.0231435731316813,0.1807542148569126,1,2.892609215469591,2.892609215469591,0.0,350.0,350.0,0.0,63.30554395811981,63.30554395811981,0.0,1,0.0023944288995494,0.0023944288995494,0.0,2.0,2.0,0.0,30.27784735394508,30.27784735394508,0.0,8.007346264490508,46.22909048621949,24.309501594318284,41.097165802197736,590.9518677641632,21.14072444571772,1,0.7171948421184151,0.7171948421184151,0.0,456.0,456.0,0.0,9.21257895844902,9.21257895844902,0.0,1,2.5303583558664062,2.5303583558664062,0.0,2831.2147933595647,2831.2147933595647,0.0,3.181011102877662,3.181011102877662,0.0,0.6725355226610731,5.765753056758111,2.793703672036889,5.040720169490413,7.804780207152399,2.642823672831493,0.0,49.06097843728263,99.95362856480408,0,0,0,0,0.0,0,0,0,0.0,0.0,0.0,0.0,0.0,,0,0,0,1,-19.88956770055164,2,6,0,0.0,0.0,0.0,0.0,0.0,0.0,15.0,0.0,14.0,14.0,0,6.0,2.0,3.0,2.0,0,7.0,5.0,5.0,5.0,1,25.112,0.0,25.112,25.112,0,no_erup_rainy
1,-0.866025403784439,-0.8362861558477599,11,20.216666666666665,2021-11-03 20:13:00.000,0,0.0,1,7.938397148399705,7.938397148399705,0.0,2528.860445310605,2528.860445310605,0.0,30.864496700780634,30.864496700780634,0.0,1,0.1812817172862466,0.1812817172862466,0.0,92.0,92.0,0.0,22.34100726863054,22.34100726863054,0.0,7.931443160095815,36.4921116896063,31.611279243663404,25.812028152945167,999.2729754208648,20.510094269758724,1,0.0844710273939332,0.0844710273939332,0.0,2275.078580872761,2275.078580872761,0.0,0.6926113142495024,0.6926113142495024,0.0,1,0.0013848360799003,0.0013848360799003,0.0,18.0,18.0,0.0,0.5934173270865948,0.5934173270865948,0.0,0.0716172904641654,0.6650069052124787,0.2474902001787231,0.6382532512670395,0.0612513991845044,0.3250066269092492,1,68.83726242529691,68.83726242529691,0.0,3333.866984260936,3333.866984260936,0.0,161.49101658433943,161.49101658433943,0.0,1,0.0408287292006548,0.0408287292006548,0.0,2.0,2.0,0.0,67.53372825046893,67.53372825046893,0.0,23.28133702224295,119.65872229443715,62.90817455114596,109.2228643784998,3957.438425357448,44.51145294586868,1,0.0080627080702111,0.0080627080702111,0.0,2.0,2.0,0.0,3.756649374586993,3.756649374586993,0.0,1,0.0363053506857813,0.0363053506857813,0.0,978.0327705126092,978.0327705126092,0.0,2.9214356879338705,2.9214356879338705,0.0,0.4361721865927194,3.26423450360638,0.8935255761841735,3.102387226596954,0.7983879552952593,2.080248208709342,64.17806631115232,99.95362856480408,99.95362856480408,0,0,0,0,-9.289639780722656,3,3,0,0.0,0.0,0.0,0.0,0.0,0.0,0,0,0,1,43.56239803832307,3,5,0,0.0,0.0,0.0,0.0,0.0,0.0,0.0,0.0,0.0,0.0,0,5.0,1.0,3.0,2.0,0,1.0,1.0,1.0,1.0,1,7.2817,0.0,7.2817,7.2817,0,no_erup_rainy
1,-0.866025403784439,-0.8362861558477599,11,20.216666666666665,2021-11-09 20:13:00.000,0,0.0,1,2.795535715730594,2.795535715730594,0.0,299.94991759486146,299.94991759486146,0.0,51.90029098809995,51.90029098809995,0.0,1,0.2266746199689251,0.2266746199689251,0.0,296.0,296.0,0.0,28.87751196987088,28.87751196987088,0.0,533.503207851671,132.3179602531689,2540.307467240061,31.35467235985294,6453162.028115615,25.092931501393075,1,0.0126121840811077,0.0126121840811077,0.0,80.0,80.0,0.0,1.278391447044,1.278391447044,0.0,1,0.1859431584975343,0.1859431584975343,0.0,1633.2752681832126,1633.2752681832126,0.0,0.7229643561220965,0.7229643561220965,0.0,0.0850524378848355,0.8752855231973629,0.3568518122900119,0.8505037258800443,0.1273432159346659,0.3637746277078477,1,25.33835564008137,25.33835564008137,0.0,2148.0045482649957,2148.0045482649957,0.0,150.73037605317896,150.73037605317896,0.0,1,0.0571075556412097,0.0571075556412097,0.0,4.0,4.0,0.0,99.57821653391944,99.57821653391944,0.0,285.9334117763106,161.9880525049611,1226.4019203974146,116.72099381444728,1504061.670354467,69.245254478662,2,0.1445145714104829,0.1876735177312323,0.0431589463207493,1523.77419033674,2379.518432573841,855.7442422371013,3.4837537498130424,3.509399226280196,0.0256454764671532,2,0.015485816089924,0.0281787689600716,0.0126929528701476,52.5,90.0,37.5,2.9318432875589124,2.80411700247488,0.127726285084033,1.2027029738239328,3.608275926114705,6.026885944557542,3.286103740650121,36.32335418870525,2.329247931997745,83.65406909343844,99.86088569441225,99.95362856480408,0,0,0,0,-81.33141918124034,4,4,0,0.0,0.0,0.0,0.0,0.0,0.0,0,0,0,0,-29.847081666085337,3,4,0,0.0,0.0,0.0,0.0,0.0,0.0,1.0,0.0,1.0,1.0,0,5.0,0.0,3.0,3.0,0,0.0,0.0,0.0,0.0,0,6.8697,0.0,6.8697,6.8697,0,no_erup_rainy
1,-0.866025403784439,-0.8362861558477599,11,20.216666666666665,2021-11-15 20:13:00.000,0,0.0,1,1.2029001874530358,1.2029001874530358,0.0,516.0,516.0,0.0,25.02015203485222,25.02015203485222,0.0,1,0.8542862703311336,0.8542862703311336,0.0,1595.7845018251423,1595.7845018251423,0.0,22.67167752020049,22.67167752020049,0.0,11.762704346655354,27.11594707890061,22.05094092575904,23.38624467021048,486.2439957113148,20.63237246364596,1,0.0901982381921092,0.0901982381921092,0.0,1816.597652522368,1816.597652522368,0.0,0.6839380631157642,0.6839380631157642,0.0,1,0.0182110051366144,0.0182110051366144,0.0,262.0,262.0,0.0,0.5747448962094013,0.5747448962094013,0.0,0.0323029876324786,0.5895682762703764,0.1778221472050576,0.6366020698079391,0.0316207160366171,0.2561582520925448,1,10.627619530459045,10.627619530459045,0.0,1963.6946945171087,1963.6946945171087,0.0,119.3282315502347,119.3282315502347,0.0,1,41.248940392591024,41.248940392591024,0.0,1992.1831562599205,1992.1831562599205,0.0,59.648503266716176,59.648503266716176,0.0,20.67112304089927,101.22075226821023,51.606992961081566,100.811024652198,2663.2817224851224,38.61060962410715,1,0.2361967739701809,0.2361967739701809,0.0,1056.0560716393163,1056.0560716393163,0.0,3.3314612289117544,3.3314612289117544,0.0,1,0.000359071253837,0.000359071253837,0.0,2.0,2.0,0.0,2.979806633027869,2.979806633027869,0.0,0.3825524459295928,3.2793671459308893,0.7302222194706792,3.1552447532367496,0.5332244898086848,2.331904746371737,54.34732204961743,99.95362856480408,99.95362856480408,0,0,0,0,231.6669973660871,2,5,0,0.0,0.0,0.0,0.0,0.0,0.0,0,0,0,1,-2.013261593282219,5,5,0,0.0,0.0,0.0,0.0,0.0,0.0,1.0,1.0,1.0,1.0,1,4.0,3.0,3.0,3.0,1,2.0,1.0,1.0,1.0,0,0.0,0.0,0.0,0.0,0,no_erup_rainy
1,-0.866025403784439,-0.8362861558477599,11,20.216666666666665,2021-11-21 20:13:00.000,0,0.0,1,6.771679180137859,6.771679180137859,0.0,854.3205526807235,854.3205526807235,0.0,41.47009891554792,41.47009891554792,0.0,1,3.0002441304025496,3.0002441304025496,0.0,753.0,753.0,0.0,25.131956229445308,25.131956229445308,0.0,3.981333298131126,38.26786790874091,23.437649695714324,31.55778828593476,549.3234232590177,20.80701729390603,1,0.0609104304750018,0.0609104304750018,0.0,798.4103321182986,798.4103321182986,0.0,0.9388945082143028,0.9388945082143028,0.0,1,0.004485149750485,0.004485149750485,0.0,10.0,10.0,0.0,0.606276472275332,0.606276472275332,0.0,0.0641211401301309,0.7917509362351284,0.2995552106527435,0.7575415833927441,0.0897333242292095,0.3066212548228056,1,0.0027078327520939,0.0027078327520939,0.0,2.0,2.0,0.0,102.1849369284175,102.1849369284175,0.0,1,14.272067982926671,14.272067982926671,0.0,2541.232484607312,2541.232484607312,0.0,52.25731173509949,52.25731173509949,0.0,12.064085078697094,74.7594883178878,40.4519312578735,67.32376798757274,1636.3587424917228,38.15467252408002,1,1.4290553090415417,1.4290553090415417,0.0,2851.5598711717203,2851.5598711717203,0.0,4.783723093002182,4.783723093002182,0.0,2,0.0270245834495919,0.0393134024971018,0.0122888190475098,164.9340805460334,187.8681610920668,22.934080546033385,2.820265924319568,2.7318377776030003,0.0884281467165675,0.7498090368070234,3.919150483672318,1.936186900027252,3.4946781989802083,3.748819711837141,2.184569374511854,58.75260839322976,99.90725712960815,99.95362856480408,0,0,0,0,7.019047196004349,4,2,0,0.0,0.0,0.0,0.0,0.0,0.0,0,0,0,0,44.48272185493461,5,3,0,0.0,0.0,0.0,0.0,0.0,0.0,2.0,0.0,2.0,2.0,0,5.0,2.0,2.0,1.0,0,1.0,0.0,1.0,1.0,0,0.0,0.0,0.0,0.0,0,no_erup_rainy
1,-0.866025403784439,-0.8362861558477599,11,20.216666666666665,2021-11-27 20:13:00.000,0,0.0,1,0.3902940832529751,0.3902940832529751,0.0,897.0,897.0,0.0,27.6979279315816,27.6979279315816,0.0,1,0.363082327797084,0.363082327797084,0.0,530.0,530.0,0.0,25.01434199128756,25.01434199128756,0.0,4.957859458228131,28.094941163367142,6.829024747511063,26.519055475813328,46.63557900211855,23.075833135326768,1,0.0002508471447427,0.0002508471447427,0.0,2.0,2.0,0.0,0.7900601189900507,0.7900601189900507,0.0,1,0.0536362061988469,0.0536362061988469,0.0,899.0,899.0,0.0,0.7003931255821039,0.7003931255821039,0.0,0.0348036015718493,0.6964426177941452,0.1955220229137222,0.7450516252745383,0.0382288614442741,0.3054995574413152,1,0.018845492903722,0.018845492903722,0.0,2.0,2.0,0.0,170.83124303645252,170.83124303645252,0.0,1,19.980130194352483,19.980130194352483,0.0,3166.584539610844,3166.584539610844,0.0,79.55004849238952,79.55004849238952,0.0,19.137765885306177,102.77993954679845,44.94933266485568,91.50979404125134,2020.442507015861,48.71814962225267,1,0.0004637940545269,0.0004637940545269,0.0,2.0,2.0,0.0,4.053577608023703,4.053577608023703,0.0,1,0.1025193122988068,0.1025193122988068,0.0,512.0,512.0,0.0,2.856710553306706,2.856710553306706,0.0,27.81098887391289,7.698814151839831,123.51036115031016,3.239291114198447,15254.809311480043,2.2770717484649863,62.50869464409924,99.21168560166936,99.95362856480408,0,0,0,1,-380.1361359868316,5,4,0,0.0,0.0,0.0,0.0,0.0,0.0,1,0,0,1,-55.39404647944721,3,5,0,0.0,0.0,0.0,0.0,0.0,0.0,12.0,0.0,12.0,12.0,0,1.0,1.0,1.0,1.0,1,0.0,0.0,0.0,0.0,0,0.0,0.0,0.0,0.0,0,no_erup_rainy
0,-0.5000000000000004,-0.8362861558477599,12,20.216666666666665,2021-12-03 20:13:00.000,0,0.0,1,0.0126104514363873,0.0126104514363873,0.0,6.0,6.0,0.0,37.384258030005824,37.384258030005824,0.0,1,0.0216786082541844,0.0216786082541844,0.0,6.0,6.0,0.0,28.350666406008727,28.350666406008727,0.0,8.750229179274683,36.17558192071213,18.41965651970201,32.15265401197092,339.2837463038008,24.651698871002026,1,0.0002796344141022,0.0002796344141022,0.0,2.0,2.0,0.0,0.7174342627028939,0.7174342627028939,0.0,1,0.0696096284236978,0.0696096284236978,0.0,2500.396569595684,2500.396569595684,0.0,0.6340462026269655,0.6340462026269655,0.0,0.0514732145386898,0.6588007899115306,0.1956614705806704,0.6822603572351248,0.0382834110697905,0.2990348089297007,1,79.74147977560312,79.74147977560312,0.0,2361.778904743393,2361.778904743393,0.0,264.79015058190294,264.79015058190294,0.0,1,46.05663777789019,46.05663777789019,0.0,1730.4500384032108,1730.4500384032108,0.0,115.25348307865627,115.25348307865627,0.0,36.857445267453286,202.08382843776283,91.51061724343978,181.71162570910172,8374.19306827534,86.74271221951334,2,0.6454380150081833,1.2880676299928786,0.6426296149846953,1834.9641403055448,3660.9282806110896,1825.9641403055448,4.210448474354818,4.468443067910486,0.2579945935556673,2,0.0937669389002264,0.1864250656949311,0.0926581267947046,720.3668577206059,1436.733715441212,716.3668577206059,3.0994952602121444,3.018615082506682,0.0808801777054626,5.152317401473296,4.737823461004919,61.25694413973343,3.614964121271483,3752.413205338422,2.193877167941804,64.68815209830744,98.53929979132856,99.95362856480408,0,0,0,0,-14.462831953639672,6,5,0,0.0,0.0,0.0,0.0,0.0,0.0,0,0,0,0,-81.51797264142706,4,3,0,0.0,0.0,0.0,0.0,0.0,0.0,1.0,0.0,1.0,1.0,0,1.0,1.0,1.0,1.0,1,1.0,0.0,1.0,1.0,0,3.5168,3.5168,3.5168,3.5168,0,no_erup_dry
0,-0.5000000000000004,-0.8362861558477599,12,20.216666666666665,2021-12-09 20:13:00.000,0,0.0,1,0.0723157475732776,0.0723157475732776,0.0,32.0,32.0,0.0,34.565661284243426,34.565661284243426,0.0,1,0.5394088972662807,0.5394088972662807,0.0,242.0,242.0,0.0,31.164137802228502,31.164137802228502,0.0,7.734718968352497,35.072943667088936,9.246185987466008,33.378778538398386,85.49195531481276,28.31400125517191,1,0.0071087289211986,0.0071087289211986,0.0,92.0,92.0,0.0,0.7193649127422064,0.7193649127422064,0.0,1,0.0239388462827965,0.0239388462827965,0.0,523.9489468354018,523.9489468354018,0.0,0.649405792874465,0.649405792874465,0.0,0.0375827245408313,0.6673333031348783,0.1629426942546673,0.6860740587502621,0.02655032161097,0.3584546799348812,1,0.6659813331676503,0.6659813331676503,0.0,32.0,32.0,0.0,247.7884500521023,247.7884500521023,0.0,1,61.41881127131745,61.41881127131745,0.0,2587.5032752858097,2587.5032752858097,0.0,179.1948527700619,179.1948527700619,0.0,24.71231811514581,213.71284804946615,61.459454551553385,211.04652322284733,3777.264553774456,108.52267833187224,1,0.0087760220982788,0.0087760220982788,0.0,20.0,20.0,0.0,4.224763482713387,4.224763482713387,0.0,1,0.4889400094427296,0.4889400094427296,0.0,1518.5528363943872,1518.5528363943872,0.0,3.1585657290702382,3.1585657290702382,0.0,14.988095716602029,5.718854444750037,106.45875280977424,3.0371940241498487,11333.46604981261,0.8540608636720711,59.03083700440529,64.50266635752376,94.69047067006724,0,0,0,1,19.233133624436206,3,2,0,0.0,0.0,0.0,0.0,0.0,0.0,1,0,0,1,-254.87922006527177,3,3,0,0.0,0.0,0.0,0.0,0.0,0.0,0.0,0.0,0.0,0.0,0,4.0,0.0,2.0,2.0,0,2.0,0.0,1.0,1.0,0,0.0,0.0,0.0,0.0,0,no_erup_dry
0,-0.5000000000000004,-0.8362861558477599,12,20.216666666666665,2021-12-15 20:13:00.000,0,0.0,1,5.65684500066709,5.65684500066709,0.0,2228.9799590262764,2228.9799590262764,0.0,39.02063191035608,39.02063191035608,0.0,1,0.0046896115596481,0.0046896115596481,0.0,2.0,2.0,0.0,33.180111015091384,33.180111015091384,0.0,5.630947077928861,38.71288147075489,13.639095855297576,35.945570229474384,186.0249357499955,25.83345716011148,1,9.433679272607964e-05,9.433679272607964e-05,0.0,2.0,2.0,0.0,0.8220689644137342,0.8220689644137342,0.0,1,0.0173458015167635,0.0173458015167635,0.0,224.0,224.0,0.0,0.6659041331692308,0.6659041331692308,0.0,0.0526488805971685,0.7380985655987732,0.1861054585302521,0.7348984398679378,0.0346352416947553,0.4169501929044011,1,168.43215036038595,168.43215036038595,0.0,4185.048382488545,4185.048382488545,0.0,308.760685092117,308.760685092117,0.0,1,3.9771710966595606,3.9771710966595606,0.0,128.0,128.0,0.0,138.7384187418128,138.7384187418128,0.0,41.502277292409325,226.1685133567613,97.24781991246876,207.9480431898078,9457.138477727956,100.99946710453486,2,0.3606715067174577,0.7160262516361993,0.3553547449187415,1864.9797292144065,3719.959458428813,1854.9797292144065,4.071189860356807,4.130709993023858,0.059520132667052,2,0.0139914087719605,0.0278577906052843,0.0138663818333237,35.0,68.0,33.0,3.256717769607987,3.0987517978283154,0.1579659717796717,0.5161642259811322,3.806373543404659,0.9862413596588516,3.66254877458809,0.9726720195017404,2.4200255480761093,59.70322281474611,99.95362856480408,99.95362856480408,0,0,0,1,14.490842555968417,3,4,0,0.0,0.0,0.0,0.0,0.0,0.0,0,0,0,0,-101.70063861245592,3,7,0,0.0,0.0,0.0,0.0,0.0,0.0,0.0,0.0,0.0,0.0,0,1.0,0.0,1.0,1.0,0,0.0,0.0,0.0,0.0,0,6.4951,0.0,6.4951,6.4951,0,no_erup_dry
0,0.49999999999999994,0.23768589232617307,2,0.9166666666666666,2022-02-10 00:55:00.000,0,0.0,1,3.790849313057095,3.790849313057095,0.0,1553.994244118299,1553.994244118299,0.0,57.25848828623707,57.25848828623707,0.0,1,4.699449946530322,4.699449946530322,0.0,932.3657371012544,932.3657371012544,0.0,50.62218463966322,50.62218463966322,0.0,6.332391879759928,54.5651205719609,15.99543120869286,55.009158554376384,255.85381955202547,31.918742193255643,1,0.1330287432916904,0.1330287432916904,0.0,864.543171561164,864.543171561164,0.0,0.9801561346861084,0.9801561346861084,0.0,1,0.1284432625568786,0.1284432625568786,0.0,686.0,686.0,0.0,0.6798290433255061,0.6798290433255061,0.0,0.0535169620940937,0.7954534502365076,0.2940729737624613,0.8469548180517268,0.0864789138974972,0.2866340476956396,1,13.661788283128717,13.661788283128717,0.0,820.9857033694734,820.9857033694734,0.0,231.7119474282648,231.7119474282648,0.0,1,9.908717739704484,9.908717739704484,0.0,1565.1880773381797,1565.1880773381797,0.0,198.60923706314043,198.60923706314043,0.0,9.039392976326974,206.1640729258549,39.27417036367447,208.36049773230624,1542.4604577549258,135.08100571282336,1,0.0001031248993097,0.0001031248993097,0.0,2.0,2.0,0.0,2.420428334063712,2.420428334063712,0.0,1,0.5046457518659586,0.5046457518659586,0.0,3367.7423796695207,3367.7423796695207,0.0,1.7126942684051667,1.7126942684051667,0.0,0.1651628797282118,2.0288273591539605,0.4262119932276479,2.0097733873334223,0.1816566631710846,1.3555397935466784,58.33526547646649,99.95362856480408,99.95362856480408,0,0,0,0,153.0161836175347,5,3,0,0.0,0.0,0.0,0.0,0.0,0.0,0,0,0,0,-266.44941684481745,6,3,0,0.0,0.0,0.0,0.0,0.0,0.0,3.0,0.0,2.0,2.0,0,9.0,5.0,5.0,3.0,1,17.0,5.0,6.0,1.0,0,0.0,0.0,0.0,0.0,0,no_erup_dry
0,0.49999999999999994,0.23768589232617307,2,0.9166666666666666,2022-02-16 00:55:00.000,0,0.0,1,5.453532796153056,5.453532796153056,0.0,773.0,773.0,0.0,80.78080823356014,80.78080823356014,0.0,1,0.0113909516408909,0.0113909516408909,0.0,4.0,4.0,0.0,65.87180578581645,65.87180578581645,0.0,6.475256197761363,73.92426612983336,14.3707872164643,71.40845858559598,206.5195252208937,56.04622679641126,1,0.0033254317398152,0.0033254317398152,0.0,41.9427116210714,41.9427116210714,0.0,0.9028148870700128,0.9028148870700128,0.0,1,0.1229822289385124,0.1229822289385124,0.0,2026.9331556381155,2026.9331556381155,0.0,0.7608568497114078,0.7608568497114078,0.0,0.0765862521848763,0.8285146252093336,0.2570878284129559,0.827348552552796,0.0660941515180894,0.3966796797167826,1,28.835212782379077,28.835212782379077,0.0,1936.6772378060157,1936.6772378060157,0.0,444.01057783209137,444.01057783209137,0.0,1,0.3662643588438641,0.3662643588438641,0.0,4.0,4.0,0.0,326.2931876722755,326.2931876722755,0.0,33.10574530422529,416.5791803556153,82.95761905447719,408.23037158872495,6881.9665591877565,296.0037693570854,1,0.3649284567760658,0.3649284567760658,0.0,1984.2776301025228,1984.2776301025228,0.0,3.716242465075152,3.716242465075152,0.0,1,0.0029226283597552,0.0029226283597552,0.0,12.0,12.0,0.0,2.792192828194393,2.792192828194393,0.0,0.4600338769785606,3.399313174621012,0.966375077127254,3.3217788035037885,0.9338807896927064,1.963607192878496,58.42800834685834,99.95362856480408,99.95362856480408,0,0,0,0,-36.56829168222226,1,4,0,0.0,0.0,0.0,0.0,0.0,0.0,0,0,0,0,-405.5205024487162,3,5,0,0.0,0.0,0.0,0.0,0.0,0.0,0.0,0.0,0.0,0.0,0,5.0,0.0,4.0,4.0,0,3.0,0.0,3.0,3.0,0,0.0,0.0,0.0,0.0,0,no_erup_dry
0,0.49999999999999994,0.23768589232617307,2,0.9166666666666666,2022-02-22 00:55:00.000,0,0.0,1,0.3122520156056794,0.3122520156056794,0.0,114.13636065745123,114.13636065745123,0.0,64.35101160318257,64.35101160318257,0.0,1,3.599155529646921,3.599155529646921,0.0,1761.7165309482502,1761.7165309482502,0.0,56.86998269777628,56.86998269777628,0.0,16.534879222644093,63.6223644139814,57.985049802166536,59.90820692809535,3362.2660005597336,51.79074613161704,1,0.0037104541217104,0.0037104541217104,0.0,34.0,34.0,0.0,0.8378977731120255,0.8378977731120255,0.0,1,0.2227364038496315,0.2227364038496315,0.0,2286.865544067241,2286.865544067241,0.0,0.5746504933716391,0.5746504933716391,0.0,0.0636594633102912,0.689042829551036,0.261198815973145,0.6822308184564985,0.0682248214657728,0.278986748691611,1,6.934797023761234,6.934797023761234,0.0,358.0,358.0,0.0,393.8191117475004,393.8191117475004,0.0,1,45.08481620043256,45.08481620043256,0.0,2737.6393355596038,2737.6393355596038,0.0,321.9756595171506,321.9756595171506,0.0,27.262482979352612,358.6665993667047,98.3303941967486,352.0029328331322,9668.86642288797,288.1127240098831,1,0.0943669720762558,0.0943669720762558,0.0,780.0339904141215,780.0339904141215,0.0,3.110171223950821,3.110171223950821,0.0,1,0.3101757305663684,0.3101757305663684,0.0,1877.2973013854653,1877.2973013854653,0.0,2.09048369653832,2.09048369653832,0.0,0.3448968753474434,2.656246553089229,0.7119435094892921,2.572269534520021,0.5068635607039297,1.6902456686593823,64.80408068629724,99.95362856480408,99.95362856480408,0,0,0,0,-268.63723581231875,3,2,0,0.0,0.0,0.0,0.0,0.0,0.0,0,0,0,0,102.19747210943278,4,5,0,0.0,0.0,0.0,0.0,0.0,0.0,0.0,0.0,0.0,0.0,0,3.0,0.0,2.0,2.0,0,4.0,2.0,2.0,2.0,0,0.0,0.0,0.0,0.0,0,no_erup_dry
0,0.49999999999999994,0.23768589232617307,2,0.9166666666666666,2022-02-28 00:55:00.000,0,0.0,1,0.0162311756539708,0.0162311756539708,0.0,4.0,4.0,0.0,58.72562788245766,58.72562788245766,0.0,1,0.1486116771226875,0.1486116771226875,0.0,300.0,300.0,0.0,49.09791566223601,49.09791566223601,0.0,8.868072440738045,55.869284312736006,13.69268115409659,53.03707321025112,187.48951718775191,43.75651691293724,1,0.0204125569488025,0.0204125569488025,0.0,242.0,242.0,0.0,0.8309147540598316,0.8309147540598316,0.0,1,0.1062305002901995,0.1062305002901995,0.0,1491.5335873965869,1491.5335873965869,0.0,0.653229445659497,0.653229445659497,0.0,0.055258849090991,0.722198861177148,0.2207436722698959,0.7437795519232294,0.0487277688471992,0.3085974009244039,1,6.504574432642755,6.504574432642755,0.0,308.0,308.0,0.0,386.60710846763016,386.60710846763016,0.0,1,0.0117057304237278,0.0117057304237278,0.0,2.0,2.0,0.0,301.27665582151405,301.27665582151405,0.0,19.152066495279936,344.0276160378403,52.60004239604251,332.820800009718,2766.76446006547,275.23759177975154,1,0.0008718506166469,0.0008718506166469,0.0,2.0,2.0,0.0,3.236240168434047,3.236240168434047,0.0,1,0.1562476117239786,0.1562476117239786,0.0,1490.3215706486412,1490.3215706486412,0.0,1.4577225598614758,1.4577225598614758,0.0,0.3848383251504138,2.299122095837784,0.8551646687224924,2.161566384282822,0.7313066106312502,1.180899331516364,63.181080454440064,99.95362856480408,99.95362856480408,0,0,0,1,190.09658496711697,3,6,0,0.0,0.0,0.0,0.0,0.0,0.0,0,0,0,1,3006.843836448003,6,4,0,0.0,0.0,0.0,0.0,0.0,0.0,0.0,0.0,0.0,0.0,0,3.0,1.0,2.0,2.0,0,4.0,4.0,4.0,4.0,1,0.0,0.0,0.0,0.0,0,no_erup_dry
0,0.8660254037844386,0.23768589232617307,3,0.9166666666666666,2022-03-06 00:55:00.000,0,0.0,1,0.2196643238074642,0.2196643238074642,0.0,114.0,114.0,0.0,46.167623528915584,46.167623528915584,0.0,1,0.4378591224182813,0.4378591224182813,0.0,4.0,4.0,0.0,37.67030143117508,37.67030143117508,0.0,23.885700609624248,46.555050501056726,80.62725330816554,43.15780227733845,6500.753976019091,31.79228126327994,1,0.0676235747501329,0.0676235747501329,0.0,814.8352510646,814.8352510646,0.0,0.7535978319799661,0.7535978319799661,0.0,1,0.0786662858915253,0.0786662858915253,0.0,673.0,673.0,0.0,0.5684876762815195,0.5684876762815195,0.0,0.061862996539089,0.6312749719851037,0.2323963191900711,0.6628936420069781,0.0540080491730934,0.2401867332636494,1,16.573426404832958,16.573426404832958,0.0,914.0100706347102,914.0100706347102,0.0,311.3734175062751,311.3734175062751,0.0,1,16.908439612105838,16.908439612105838,0.0,2565.7467206936785,2565.7467206936785,0.0,218.01190557803096,218.01190557803096,0.0,38.46424730716266,260.9929556155009,142.75842421202452,241.50511482178152,20379.967683500352,190.27415747768552,1,0.0023075641858598,0.0023075641858598,0.0,6.0,6.0,0.0,2.8329191992853096,2.8329191992853096,0.0,2,0.2460022755094659,0.4352381628038761,0.1892358872944102,2199.0464134333315,3551.1498533586555,1352.103439925324,2.35289231831508,2.3369998261408966,0.0158924921741832,0.4355461725504095,2.6455514481720006,0.8266262199126313,2.5142118779778,0.6833109074470459,1.618353019359208,58.05703686529098,99.95362856480408,99.95362856480408,0,0,0,1,-117.43078696830948,2,3,0,0.0,0.0,0.0,0.0,0.0,0.0,0,0,0,0,-1208.971249143145,4,5,0,0.0,0.0,0.0,0.0,0.0,0.0,0.0,0.0,0.0,0.0,0,4.0,2.0,2.0,1.0,0,0.0,0.0,0.0,0.0,0,6.858,6.858,6.858,6.858,0,no_erup_dry
0,1.0,-0.9351352096860118,4,19.383333333333333,2022-04-14 19:23:00.000,0,0.0,1,0.0483462654886039,0.0483462654886039,0.0,6.0,6.0,0.0,75.9314188348255,75.9314188348255,0.0,1,3.829057665752117,3.829057665752117,0.0,444.0,444.0,0.0,36.4796459517746,36.4796459517746,0.0,9.749845808620355,57.69978294618869,32.1691586893477,49.93747567435327,1034.8547707804346,21.30129360402149,1,0.0065470047020653,0.0065470047020653,0.0,20.0,20.0,0.0,0.645151445730247,0.645151445730247,0.0,1,0.1394672812122885,0.1394672812122885,0.0,1599.9958238600811,1599.9958238600811,0.0,0.4872528153708734,0.4872528153708734,0.0,0.0548466163615784,0.5363836634817253,0.2643837116331213,0.5163403006276223,0.0698987469769054,0.1711702597100459,1,34.28253344255961,34.28253344255961,0.0,1309.8187650753596,1309.8187650753596,0.0,307.39114370480195,307.39114370480195,0.0,1,0.0122459925912181,0.0122459925912181,0.0,2.0,2.0,0.0,87.31892049605078,87.31892049605078,0.0,20.07458828895515,209.47753290909665,117.4446984474629,198.9700240553776,13793.257193415491,79.79181554712572,1,0.0576912979995896,0.0576912979995896,0.0,316.0,316.0,0.0,4.234332636601729,4.234332636601729,0.0,1,0.0181729761230249,0.0181729761230249,0.0,106.0,106.0,0.0,2.008427976709675,2.008427976709675,0.0,0.2569403434083646,3.0922041562942955,1.1472945524070637,2.9174462957905503,1.3162847899829242,1.5712118386329177,41.85022026431718,99.95362856480408,99.95362856480408,0,0,0,0,-7.682200134691313,1,1,0,0.0,0.0,0.0,0.0,0.0,0.0,0,0,0,0,-40.90175315832538,5,5,0,0.0,0.0,0.0,0.0,0.0,0.0,0.0,0.0,0.0,0.0,0,2.0,2.0,2.0,2.0,1,3.0,0.0,3.0,3.0,0,0.0,0.0,0.0,0.0,0,no_erup_dry
1,0.5000000000000003,0.2714404498650746,6,10.95,2022-06-22 10:57:00.000,0,0.0,1,0.0333693355582553,0.0333693355582553,0.0,4.0,4.0,0.0,34.28147987222443,34.28147987222443,0.0,1,1.277646269072438,1.277646269072438,0.0,434.0,434.0,0.0,26.13561340687745,26.13561340687745,0.0,7.34392396247384,38.54643129530989,24.405747979024586,30.145725189062205,595.6405344156627,22.895001590715783,1,0.0108099197552176,0.0108099197552176,0.0,202.0,202.0,0.0,0.9162097926076496,0.9162097926076496,0.0,1,0.1619918885030387,0.1619918885030387,0.0,907.6170059884208,907.6170059884208,0.0,0.6985726309847428,0.6985726309847428,0.0,0.045461064797621,0.7791363076733442,0.2699606019835475,0.8593942380051013,0.0728787266233193,0.2812438298306545,2,0.7335076276976054,1.457104006198847,0.7235963785012416,51.5,90.0,38.5,150.7905615666117,167.21558677217726,16.425025205565547,1,5.716695690529093,5.716695690529093,0.0,1839.434571701204,1839.434571701204,0.0,115.66307091707652,115.66307091707652,0.0,20.87873936496324,142.55718401852624,83.98173766336741,126.58419389348808,7052.932260958664,107.00606385892186,1,0.0197645281405254,0.0197645281405254,0.0,52.0,52.0,0.0,2.303551252932258,2.303551252932258,0.0,1,0.2712907900042529,0.2712907900042529,0.0,2948.4281867892987,2948.4281867892987,0.0,1.1949054724277397,1.1949054724277397,0.0,0.2899547379794897,1.5694332618879598,0.6834243969796866,1.378665465887316,0.4670689063870483,0.9795209786354152,58.659865522837926,99.95362856480408,99.95362856480408,0,0,0,0,-6.85547054004405,4,3,0,0.0,0.0,0.0,0.0,0.0,0.0,0,0,0,1,-384.8970226452535,4,4,0,0.0,0.0,0.0,0.0,0.0,0.0,0.0,0.0,0.0,0.0,0,23.0,2.0,14.0,12.0,0,39.0,14.0,19.0,13.0,0,68.7798,19.3565,29.0347,9.6782,0,no_erup_rainy
1,1.2246467991473532e-16,0.8616291604415257,7,3.966666666666667,2022-07-16 03:58:00.000,0,0.0,2,1.5978560574616445,2.735369585599869,1.137513528138225,1047.82083096856,1859.64166193712,811.8208309685599,37.14997530150892,38.30423789093248,1.1542625894235634,1,0.0271894361371423,0.0271894361371423,0.0,8.0,8.0,0.0,32.53994582988676,32.53994582988676,0.0,11.73223174174332,42.9668195837848,48.3436680371538,34.75727945484245,2337.110239286525,31.01021584203197,2,0.1018466117831681,0.1850157127237036,0.0831691009405355,1861.747798280012,3530.3187214271097,1668.5709231470978,1.0265997451153934,1.0345717499565863,0.0079720048411929,1,0.0951856261643632,0.0951856261643632,0.0,388.0,388.0,0.0,0.7308143415861137,0.7308143415861137,0.0,0.0375025270695589,0.8647980993266486,0.2777470784420183,0.940056187856266,0.0771434395830766,0.3163646951391907,1,1.260339427108164,1.260339427108164,0.0,204.0,204.0,0.0,179.62289346347185,179.62289346347185,0.0,1,4.6863851075465845,4.6863851075465845,0.0,1530.1485529670083,1530.1485529670083,0.0,99.6003471622214,99.6003471622214,0.0,17.861438794181016,134.57618509745288,57.42582586761027,117.75580923239836,3297.7254765770967,91.19180793536054,1,0.4848751216349141,0.4848751216349141,0.0,1790.4444239103086,1790.4444239103086,0.0,2.267122599915949,2.267122599915949,0.0,1,0.0002032525586566,0.0002032525586566,0.0,2.0,2.0,0.0,1.186510391271751,1.186510391271751,0.0,0.2844863725611943,1.7319237309368622,0.6157050909222109,1.5346596693587082,0.3790927589875281,1.057199922115943,100.02318571759795,99.95362856480408,99.95362856480408,0,0,0,0,47.90392982152847,5,4,0,0.0,0.0,0.0,0.0,0.0,0.0,0,0,0,0,512.3032644047697,3,5,0,0.0,0.0,0.0,0.0,0.0,0.0,0.0,0.0,0.0,0.0,0,5.0,3.0,3.0,2.0,1,12.0,10.0,10.0,10.0,1,44.969,0.0,26.9814,26.9814,0,no_erup_rainy
1,-1.0,-0.8290375725550414,10,15.733333333333333,2022-10-30 15:44:00.000,0,0.0,1,1.3511596327646984,1.3511596327646984,0.0,2968.6075586435286,2968.6075586435286,0.0,22.94150003986069,22.94150003986069,0.0,1,0.1932929519777602,0.1932929519777602,0.0,334.0,334.0,0.0,21.25013419940332,21.25013419940332,0.0,12.320573975755629,26.83089423929129,26.55779496500389,22.05844440719775,705.3164734031859,20.23713551474974,1,0.0417954190696916,0.0417954190696916,0.0,482.0,482.0,0.0,0.7814385671799553,0.7814385671799553,0.0,1,0.0675156745086886,0.0675156745086886,0.0,476.0,476.0,0.0,0.5624093658052964,0.5624093658052964,0.0,0.0282795234907811,0.6399498065219615,0.1897936460605045,0.6927350074127586,0.03602162808494,0.2824367354905684,1,48.594351651070646,48.594351651070646,0.0,3680.984724144088,3680.984724144088,0.0,111.6899420104933,111.6899420104933,0.0,1,0.191136815666411,0.191136815666411,0.0,24.0,24.0,0.0,58.28982459321351,58.28982459321351,0.0,11.04036593408218,84.56708048077343,51.18853007690789,79.65418555307659,2620.265611434503,39.034540678215706,1,0.226613622417791,0.226613622417791,0.0,887.0455902531539,887.0455902531539,0.0,3.2295085407108752,3.2295085407108752,0.0,1,0.2912889766553679,0.2912889766553679,0.0,1964.1935942713808,1964.1935942713808,0.0,2.3642958657067608,2.3642958657067608,0.0,0.2580086085536522,2.77360878564004,0.64408507073973,2.671525900377708,0.414845578349803,1.903098413724984,79.50382564340366,99.95362856480408,99.95362856480408,0,0,0,1,53.979633389013024,6,5,0,0.0,0.0,0.0,0.0,0.0,0.0,0,0,0,0,-18.72906278175774,4,5,0,0.0,0.0,0.0,0.0,0.0,0.0,0.0,0.0,0.0,0.0,0,4.0,2.0,2.0,1.0,0,8.0,0.0,8.0,8.0,0,0.0,0.0,0.0,0.0,0,no_erup_rainy
1,-0.866025403784439,-0.8290375725550414,11,15.733333333333333,2022-11-05 15:44:00.000,0,0.0,1,0.0389308384622211,0.0389308384622211,0.0,4.0,4.0,0.0,28.67000975303853,28.67000975303853,0.0,1,1.968852698274258,1.968852698274258,0.0,874.0,874.0,0.0,26.662226216302056,26.662226216302056,0.0,26.439819678972373,33.36629813868396,131.01282493989467,24.92361031087018,17164.360298731484,20.296311716757256,1,0.0520516905989586,0.0520516905989586,0.0,718.0,718.0,0.0,0.7563186213682928,0.7563186213682928,0.0,1,0.0005755790540683,0.0005755790540683,0.0,2.0,2.0,0.0,0.6396343708159744,0.6396343708159744,0.0,0.0623062500115415,0.6293753391013517,0.2697990236485864,0.5857376949489841,0.0727915131617304,0.2550407419896048,1,8.804570335492855,8.804570335492855,0.0,1670.0999552556264,1670.0999552556264,0.0,64.42414152516739,64.42414152516739,0.0,1,2.3376168376770536,2.3376168376770536,0.0,393.6420414417605,393.6420414417605,0.0,53.86645674532208,53.86645674532208,0.0,22.64503375954901,63.88278313214864,168.4836901009143,58.0810043071724,28386.753830020923,40.0171447867353,1,2.6099415324942757e-05,2.6099415324942757e-05,0.0,2.0,2.0,0.0,2.5905521251580907,2.5905521251580907,0.0,1,0.3802256585530363,0.3802256585530363,0.0,3465.5944058929604,3465.5944058929604,0.0,2.035619473439917,2.035619473439917,0.0,0.4122939180133373,2.4662765206682047,1.44134785018398,2.258761678495831,2.077483625229981,1.641405318642823,21.006260143751447,99.95362856480408,99.95362856480408,0,0,0,0,386.4092059094955,1,1,0,0.0,0.0,0.0,0.0,0.0,0.0,0,0,0,1,-16336.127989288963,5,3,0,0.0,0.0,0.0,0.0,0.0,0.0,0.0,0.0,0.0,0.0,0,4.0,0.0,2.0,2.0,0,13.0,13.0,13.0,13.0,1,39.0915,13.0305,13.0305,0.0,0,no_erup_rainy
1,-0.866025403784439,-0.8290375725550414,11,15.733333333333333,2022-11-11 15:44:00.000,0,0.0,1,0.0963285555488653,0.0963285555488653,0.0,12.0,12.0,0.0,24.674566058851905,24.674566058851905,0.0,1,0.0869071608872751,0.0869071608872751,0.0,114.0,114.0,0.0,22.61854291947043,22.61854291947043,0.0,9.69318993770841,28.131844728558928,26.3987277484889,23.488162280764502,696.8928267388378,20.30135327815058,1,0.0821604420988127,0.0821604420988127,0.0,622.0,622.0,0.0,0.8246056521556878,0.8246056521556878,0.0,1,0.0001347278361364,0.0001347278361364,0.0,6.0,6.0,0.0,0.5936417927310238,0.5936417927310238,0.0,0.0549355838126497,0.6706351882323539,0.2810650862308176,0.6454779605159845,0.0789975826979369,0.2565288080469943,1,16.892945750774103,16.892945750774103,0.0,1260.0,1260.0,0.0,94.6077981257723,94.6077981257723,0.0,1,1.8689334414069307,1.8689334414069307,0.0,783.4972730709366,783.4972730709366,0.0,47.51463234614162,47.51463234614162,0.0,10.546652938432524,79.64521014653944,51.94994456478359,76.54999309207699,2698.7967402840886,43.27088382696535,1,0.0863360228930294,0.0863360228930294,0.0,772.4703140782717,772.4703140782717,0.0,2.5592677735896423,2.5592677735896423,0.0,1,0.2768582150138605,0.2768582150138605,0.0,2024.3977209662617,2024.3977209662617,0.0,1.3161196893517546,1.3161196893517546,0.0,0.3218122548957527,1.9939218703387045,1.0867437228716066,1.770276642577621,1.181011919200839,1.0787711926734151,50.98539299791328,99.95362856480408,99.95362856480408,0,0,0,0,26.22577354029253,3,3,0,0.0,0.0,0.0,0.0,0.0,0.0,0,0,0,0,-15.900684244164328,4,5,0,0.0,0.0,0.0,0.0,0.0,0.0,0.0,0.0,0.0,0.0,0,5.0,1.0,2.0,1.0,0,22.0,0.0,17.0,17.0,0,14.8738,0.0,14.8738,14.8738,0,no_erup_rainy
1,0.8660254037844387,-0.7933533402912349,5,15.5,2024-05-28 15:30:00.000,0,0.0,1,8.952460909334036,8.952460909334036,0.0,1986.544054879692,1986.544054879692,0.0,120.8973347420787,120.8973347420787,0.0,1,0.0816884181687669,0.0816884181687669,0.0,2.0,2.0,0.0,103.89452214012655,103.89452214012655,0.0,9.299070332402303,102.07019590073824,42.53201132435154,114.5744368622584,1808.971987294768,30.60264184519648,1,0.338405790217873,0.338405790217873,0.0,1871.8052006966748,1871.8052006966748,0.0,1.496394596094716,1.496394596094716,0.0,1,0.1312415681917965,0.1312415681917965,0.0,679.7730229001764,679.7730229001764,0.0,0.9289787076083263,0.9289787076083263,0.0,0.0804258528536725,1.2019814392103565,0.4547374845853069,1.2399900903045225,0.2067861798869723,0.4075718492660782,1,0.0809063348879135,0.0809063348879135,0.0,6.0,6.0,0.0,500.5292697939351,500.5292697939351,0.0,1,0.1167456038559464,0.1167456038559464,0.0,6.0,6.0,0.0,219.7190535632649,219.7190535632649,0.0,20.3631774286094,385.7216010555133,118.59162394476228,398.16039593035913,14063.973269855913,201.4179465001278,2,0.0010981962422325,0.0019668435474275,0.000868647305195,21.5,38.0,16.5,1.6661437498363425,1.714034662920182,0.0478909130838395,2,0.0011829724836879,0.0021581287297984,0.0009751562461105,10.0,18.0,8.0,1.2095704516543595,0.9105162292851482,0.2990542223692116,0.1234885197239005,1.4505108936667102,0.4898412596593942,1.5285808490761514,0.239944459664702,0.8317273339084621,65.31416647345235,90.47067006723856,90.47067006723856,0,0,0,0,-1060.5741526002016,2,5,0,0.0,0.0,0.0,0.0,0.0,0.0,0,0,0,1,498.94901473489153,3,4,0,0.0,0.0,0.0,0.0,0.0,0.0,1.0,1.0,1.0,1.0,1,6.0,4.0,4.0,3.0,1,0.0,0.0,0.0,0.0,0,9.75,9.75,9.75,9.75,0,no_erup_rainy
1,0.5000000000000003,-0.7933533402912349,6,15.5,2024-06-03 15:30:00.000,0,0.0,1,1.507320313293434,1.507320313293434,0.0,290.0,290.0,0.0,69.64828278095558,69.64828278095558,0.0,1,10.004929361488578,10.004929361488578,0.0,1895.166233279021,1895.166233279021,0.0,59.643353419467005,59.643353419467005,0.0,11.618262008207497,68.89765400914975,25.69080124101309,66.30812529627012,660.0172684052399,47.97839486207928,1,0.0027247434037294,0.0027247434037294,0.0,2.0,2.0,0.0,2.259865712866429,2.259865712866429,0.0,1,0.0751258687905052,0.0751258687905052,0.0,626.0,626.0,0.0,1.4483778842833153,1.4483778842833153,0.0,0.199204345820638,1.7399695393144894,0.7597127690061076,1.6541237158356596,0.5771634913909275,0.593422019876975,1,9.824371832739985,9.824371832739985,0.0,769.0,769.0,0.0,506.1254152765128,506.1254152765128,0.0,1,0.0017194599855088,0.0017194599855088,0.0,2.0,2.0,0.0,378.1600358904271,378.1600358904271,0.0,14.18756874833148,469.1972645974882,60.70751561279013,476.3059664716637,3685.4024518771575,345.92263154969083,1,0.0014332253579958,0.0014332253579958,0.0,2.0,2.0,0.0,1.94440525868846,1.94440525868846,0.0,1,0.0989458827979612,0.0989458827979612,0.0,1908.043455211658,1908.043455211658,0.0,1.2250345280172437,1.2250345280172437,0.0,0.1179534048476841,1.5274814279338955,0.3779362180108955,1.3918859697975428,0.1428357848843791,1.092125448638771,49.2000927428704,73.63783909111987,73.63783909111987,0,1,0,1,-401.14206633601134,3,2,0,0.0,0.0,0.0,0.0,0.0,0.0,0,0,0,1,1703.0494372948056,5,4,0,0.0,0.0,0.0,0.0,0.0,0.0,3.0,2.0,2.0,2.0,1,5.0,2.0,2.0,1.0,0,3.0,2.0,2.0,2.0,1,15.7875,15.7875,15.7875,15.7875,0,no_erup_rainy
1,0.5000000000000003,-0.7933533402912349,6,15.5,2024-06-09 15:30:00.000,0,0.0,1,0.0705900143611728,0.0705900143611728,0.0,6.0,6.0,0.0,85.57764543690253,85.57764543690253,0.0,1,0.0185487238850186,0.0185487238850186,0.0,4.0,4.0,0.0,54.09460723987471,54.09460723987471,0.0,7.805029186395311,76.53075967689442,25.369288279609517,78.79654859532855,643.6007878139327,36.42023724400646,1,0.3509204422927992,0.3509204422927992,0.0,676.0679140839791,676.0679140839791,0.0,2.2191982453002312,2.2191982453002312,0.0,1,0.385533463303872,0.385533463303872,0.0,952.1384850827563,952.1384850827563,0.0,1.3656955315283024,1.3656955315283024,0.0,0.1984929682689266,1.822871768350348,0.8290396814915071,1.7940862823858874,0.6873067934875394,0.5024987805193137,2,0.125865144231227,0.1400646439501542,0.0141994997189272,3.0,4.0,1.0,617.5249111292767,617.9440858016626,0.4191746723859069,1,13.020779963652217,13.020779963652217,0.0,785.0,785.0,0.0,424.61084032542726,424.61084032542726,0.0,28.466843140484205,539.7924629900002,130.06015891205456,556.4837954909788,16915.644936228888,281.12439555671443,1,0.12977651593546,0.12977651593546,0.0,366.0,366.0,0.0,1.816557671244151,1.816557671244151,0.0,1,0.0009363722285228,0.0009363722285228,0.0,10.0,10.0,0.0,0.5099900058024281,0.5099900058024281,0.0,0.1584142949012705,1.2814461897041138,0.6865761272815921,1.1975831001203043,0.471386778552989,0.4429374132121909,53.28077904011129,87.50289821469974,87.50289821469974,0,0,0,0,-48.11628157639878,2,3,0,0.0,0.0,0.0,0.0,0.0,0.0,0,0,0,1,873.7583330422676,6,5,0,0.0,0.0,0.0,0.0,0.0,0.0,14.0,10.0,10.0,9.0,1,4.0,2.0,2.0,1.0,0,20.0,4.0,10.0,6.0,0,101.7939,38.1727,38.1727,12.7242,0,no_erup_rainy
1,1.2246467991473532e-16,0.10452846326765346,7,0.4,2024-07-17 00:24:00.000,0,0.0,1,0.2257007158973749,0.2257007158973749,0.0,2.0,2.0,0.0,215.81122763049032,215.81122763049032,0.0,1,0.0419276348691965,0.0419276348691965,0.0,4.0,4.0,0.0,60.479293597075305,60.479293597075305,0.0,28.069966292736687,143.92885432535684,133.85139485943083,74.89837590612075,17916.195905815275,44.00160173574329,1,0.00070017672377,0.00070017672377,0.0,6.0,6.0,0.0,0.791044128818775,0.791044128818775,0.0,1,0.0240544178699553,0.0240544178699553,0.0,164.1587935134352,164.1587935134352,0.0,0.6531410337997121,0.6531410337997121,0.0,0.1731217340779461,0.933111180744128,0.4974578920622116,0.7889888111493536,0.247464354374979,0.3739729560894332,1,0.4935435221244688,0.4935435221244688,0.0,4.0,4.0,0.0,357.57688718468626,357.57688718468626,0.0,1,18.850955288045725,18.850955288045725,0.0,1855.0839251208408,1855.0839251208408,0.0,265.7475708592741,265.7475708592741,0.0,95.26376163108344,501.54895800868655,530.7689168753832,294.6999015629081,281715.6431210674,224.25566954633436,1,0.0019263950351069,0.0019263950351069,0.0,4.0,4.0,0.0,3.729267166429367,3.729267166429367,0.0,1,0.3490372066392098,0.3490372066392098,0.0,1996.7748604195224,1996.7748604195224,0.0,3.082371069255763,3.082371069255763,0.0,0.3306779130870956,3.3478249797700634,0.7234807553189747,3.292816623578453,0.5234244033169141,2.172497304597341,68.42105263157895,65.22142360306052,65.22142360306052,0,0,0,0,-291.5616773840408,3,3,1,1.4547603316386372e-05,-10.027224240379754,-0.0027851180961474,0.0027851180961474,10.133333333333333,0.6859345352781879,0,0,0,1,-237.7466819424196,4,4,0,0.0,0.0,0.0,0.0,0.0,0.0,1.0,0.0,1.0,1.0,0,0.0,0.0,0.0,0.0,0,1.0,1.0,1.0,1.0,1,9.2727,0.0,9.2727,9.2727,0,no_erup_rainy
1,-0.4999999999999997,-0.49621650367520886,8,22.016666666666666,2024-08-01 22:01:00.000,0,0.0,1,4.843706592087727,4.843706592087727,0.0,206.0,206.0,0.0,196.7973219201923,196.7973219201923,0.0,1,0.3826497192321199,0.3826497192321199,0.0,22.0,22.0,0.0,106.96133537599223,106.96133537599223,0.0,52.04911769234791,181.16889555398305,113.23691041989532,150.87513019609074,12822.597881443397,55.84957802344388,1,0.0395814853273652,0.0395814853273652,0.0,426.0,426.0,0.0,0.9437955678627484,0.9437955678627484,0.0,1,0.062959642213958,0.062959642213958,0.0,799.9979997053902,799.9979997053902,0.0,0.7841737420070869,0.7841737420070869,0.0,0.1104811318837011,0.8673974010338964,0.2586149065214206,0.8614155098712399,0.0668816698750831,0.4457158540949331,1,2.239275202851445,2.239275202851445,0.0,6.0,6.0,0.0,745.7105870281911,745.7105870281911,0.0,1,128.63566707793666,128.63566707793666,0.0,2844.4109282845866,2844.4109282845866,0.0,313.99862421063204,313.99862421063204,0.0,147.82251044132423,572.2922618425916,380.73929357841456,463.5182370092512,144962.40967459013,161.29118418923264,2,0.0104136706471575,0.0204085574143713,0.0099948867672137,213.5251834941565,423.050366988313,209.5251834941565,3.505838625726202,3.5705143340311944,0.0646757083049922,1,0.0964077328763033,0.0964077328763033,0.0,1564.4326006400584,1564.4326006400584,0.0,3.211004483901688,3.211004483901688,0.0,0.1975453696778916,3.3634886954739147,0.4098460777018459,3.352401847214554,0.1679738074075875,2.6676136388024365,54.69510781358683,99.95362856480408,99.97681428240205,0,0,0,0,-11.230219274224911,4,3,0,0.0,0.0,0.0,0.0,0.0,0.0,0,0,0,1,-66.04405506774437,5,6,0,0.0,0.0,0.0,0.0,0.0,0.0,0.0,0.0,0.0,0.0,0,0.0,0.0,0.0,0.0,0,5.0,2.0,3.0,3.0,0,22.4017,0.0,22.4017,22.4017,0,no_erup_rainy
1,-0.4999999999999997,0.1993679344171972,8,0.7666666666666667,2024-08-23 00:46:00.000,0,0.0,1,1.5490228695887254,1.5490228695887254,0.0,10.0,10.0,0.0,96.21829120438127,96.21829120438127,0.0,1,15.271930918779404,15.271930918779404,0.0,1708.1779158473578,1708.1779158473578,0.0,35.44103265185865,35.44103265185865,0.0,104.59257586371233,115.83339499273517,145.8993475738929,47.67483551376127,21286.619622487604,23.412950100551125,1,0.0009334010139966,0.0009334010139966,0.0,4.0,4.0,0.0,0.8655772998332942,0.8655772998332942,0.0,1,0.0391614031742063,0.0391614031742063,0.0,619.6793950276224,619.6793950276224,0.0,0.7194634671340908,0.7194634671340908,0.0,0.3429576990070568,0.8891201993897486,0.4768031081925355,0.805136949323933,0.2273412039820627,0.3904630162514804,2,0.8973222263132783,1.2768870358111712,0.3795648094978929,7.0,12.0,5.0,301.4835888342028,408.8131453685121,107.32955653430926,1,107.91634428082668,107.91634428082668,0.0,3563.213136207092,3563.213136207092,0.0,130.00330792084753,130.00330792084753,0.0,358.3201857192333,439.804534603465,541.8112486698743,184.81065369683347,293559.4291852084,84.15238446244929,2,0.0999893390208654,0.196544665770832,0.0965553267499665,685.9242073575009,1367.8484147150018,681.9242073575009,2.820918785480204,2.860372939253716,0.0394541537735118,2,0.367380584273017,0.7342582208681658,0.3668776365951488,1419.6081579793772,2836.2163159587544,1416.6081579793772,1.9921323922270875,1.8452441589656672,0.1468882332614202,0.3279323519220696,2.4430996633273576,0.7547351090742799,2.459763890169161,0.5696250848693651,1.225301512476893,60.932065847437975,99.8840714120102,99.95362856480408,0,0,0,1,176.83147016144696,4,5,0,0.0,0.0,0.0,0.0,0.0,0.0,0,0,0,1,-103.35975466708128,4,3,0,0.0,0.0,0.0,0.0,0.0,0.0,0.0,0.0,0.0,0.0,0,2.0,1.0,1.0,1.0,0,7.0,2.0,3.0,1.0,0,3.1996,0.3446,1.6366,1.292,0,no_erup_rainy
1,-0.4999999999999997,0.1993679344171972,8,0.7666666666666667,2024-08-29 00:46:00.000,0,0.0,1,0.0843911802960306,0.0843911802960306,0.0,2.0,2.0,0.0,50.95093328002036,50.95093328002036,0.0,1,0.2522179970228215,0.2522179970228215,0.0,174.0,174.0,0.0,23.92856247577416,23.92856247577416,0.0,30.77162951790445,51.13491726657057,74.65446025266051,33.07738383512977,5573.288435616068,21.70394952263737,1,0.0449100979375898,0.0449100979375898,0.0,1741.5561897892,1741.5561897892,0.0,0.816244561040572,0.816244561040572,0.0,1,0.0103201096202334,0.0103201096202334,0.0,54.0,54.0,0.0,0.7492085801154755,0.7492085801154755,0.0,0.0540212100033839,0.7569536972685802,0.2156193086746872,0.7911715814785116,0.04649168627335,0.3512181608285027,1,15.08590783009717,15.08590783009717,0.0,158.0,158.0,0.0,212.489936274604,212.489936274604,0.0,1,16.80996690849034,16.80996690849034,0.0,2782.62353196178,2782.62353196178,0.0,93.94677787075328,93.94677787075328,0.0,50.13934792091983,162.7946797409762,178.07380177457514,107.34870671568748,31710.278878450685,66.56917835952957,1,0.1261423625309632,0.1261423625309632,0.0,574.0,574.0,0.0,2.4622331959836687,2.4622331959836687,0.0,1,0.5948233274729025,0.5948233274729025,0.0,2429.423505898346,2429.423505898346,0.0,1.4328423349831918,1.4328423349831918,0.0,0.4901210156221639,2.100729010870117,2.302119315911744,1.9536539948262213,5.299753344693956,1.0629517090422738,55.92395084627869,99.95362856480408,99.95362856480408,0,0,0,0,4.555783314044644,3,5,0,0.0,0.0,0.0,0.0,0.0,0.0,0,0,0,0,38.451774099769445,5,7,0,0.0,0.0,0.0,0.0,0.0,0.0,2.0,0.0,2.0,2.0,0,0.0,0.0,0.0,0.0,0,2.0,0.0,2.0,2.0,0,14.3027,0.8673,10.1281,9.2608,0,no_erup_rainy
1,-0.866025403784439,-0.5699967625963036,11,21.683333333333334,2024-11-27 21:41:00.000,0,0.0,1,0.000728082347166,0.000728082347166,0.0,2.0,2.0,0.0,187.50966063677447,187.50966063677447,0.0,1,3.0479578179339626,3.0479578179339626,0.0,324.0,324.0,0.0,69.8426576995523,69.8426576995523,0.0,19.589932661613453,143.17027705305475,87.68719495637123,140.85087606725426,7689.044159316657,45.88138405232979,1,0.2687954843482329,0.2687954843482329,0.0,731.0806560660649,731.0806560660649,0.0,1.2419011805934956,1.2419011805934956,0.0,1,0.3694280186447809,0.3694280186447809,0.0,603.1904884294377,603.1904884294377,0.0,0.8724731619487147,0.8724731619487147,0.0,0.0788405023428836,1.0570263975376126,0.4989748628190891,1.070175850013548,0.2489759137253288,0.2993200136892588,1,0.4189411783806918,0.4189411783806918,0.0,2.0,2.0,0.0,903.595229203126,903.595229203126,0.0,1,1.2831720889524831,1.2831720889524831,0.0,12.0,12.0,0.0,565.1690747438014,565.1690747438014,0.0,62.88397018745248,689.8462236518319,316.2819284751655,653.6776709157508,100034.2582799697,270.3156418519857,1,0.1295919986521809,0.1295919986521809,0.0,732.4599869600743,732.4599869600743,0.0,4.66024930506162,4.66024930506162,0.0,1,0.2389828222526508,0.2389828222526508,0.0,971.0982811289724,971.0982811289724,0.0,3.1672821427970246,3.1672821427970246,0.0,0.2885364972284843,3.7818224467860415,1.1583165466693333,3.734535104903061,1.34169722228797,1.8555083937808847,53.32715047530721,59.471365638766514,59.471365638766514,0,0,0,1,-174.03240643614257,1,2,0,0.0,0.0,0.0,0.0,0.0,0.0,0,0,0,0,2116.066461766741,2,4,0,0.0,0.0,0.0,0.0,0.0,0.0,0.0,0.0,0.0,0.0,0,0.0,0.0,0.0,0.0,0,0.0,0.0,0.0,0.0,0,0.0,0.0,0.0,0.0,0,no_erup_rainy
0,-0.5000000000000004,-0.5699967625963036,12,21.683333333333334,2024-12-03 21:41:00.000,0,0.0,1,15.864062593077849,15.864062593077849,0.0,1098.7004596030583,1098.7004596030583,0.0,96.09606720027212,96.09606720027212,0.0,1,0.005731411502694,0.005731411502694,0.0,2.0,2.0,0.0,75.67582574337783,75.67582574337783,0.0,20.96072007876904,98.32177937930255,48.27153474779349,84.23394810782669,2330.1410669074344,59.75365153972616,1,0.0402130887908254,0.0402130887908254,0.0,572.0,572.0,0.0,1.6120429601288888,1.6120429601288888,0.0,1,0.3774440264316687,0.3774440264316687,0.0,757.6840242214923,757.6840242214923,0.0,1.112116721161478,1.112116721161478,0.0,0.0725176976116475,1.378017439373382,0.4288217207893299,1.5094426510946162,0.183888068220722,0.5774523743380878,1,119.13497301055298,119.13497301055298,0.0,2014.167429908596,2014.167429908596,0.0,471.46174649445135,471.46174649445135,0.0,1,3.541146408332054,3.541146408332054,0.0,386.0,386.0,0.0,279.3854724241228,279.3854724241228,0.0,50.46843807030659,395.3378704673414,163.18720499944118,357.53948871082275,26630.06387552964,221.8115021287949,2,0.3024527785918081,0.6033416761757517,0.3008888975839436,949.2474157085244,1895.4948314170488,946.2474157085244,3.3173125572818174,3.4671881504465114,0.1498755931646938,2,0.0034619932127633,0.0046451218103555,0.0011831285975922,6.5,7.0,0.5,2.519054004824151,2.446471959730591,0.0725820450935601,0.4075503522949262,3.1491975251462025,0.9439046475447656,2.9052606462421786,0.890955983656608,2.1244487111624117,53.02573614653373,96.7308138186877,96.7308138186877,0,1,0,1,147.812218369223,4,3,0,0.0,0.0,0.0,0.0,0.0,0.0,0,0,0,0,432.33029181408585,6,4,0,0.0,0.0,0.0,0.0,0.0,0.0,0.0,0.0,0.0,0.0,0,0.0,0.0,0.0,0.0,0,7.0,2.0,4.0,3.0,0,10.5733,10.5733,10.5733,10.5733,0,no_erup_dry
0,-0.5000000000000004,-0.5699967625963036,12,21.683333333333334,2024-12-09 21:41:00.000,0,0.0,1,0.0415908958669888,0.0415908958669888,0.0,2.0,2.0,0.0,161.59563505178815,161.59563505178815,0.0,1,12.511161771227847,12.511161771227847,0.0,967.2921723174512,967.2921723174512,0.0,137.37455114741286,137.37455114741286,0.0,22.86434145357013,154.7644110021786,78.00282277142671,148.85391910206062,6084.440360310604,86.52526151561237,1,0.0983958772842084,0.0983958772842084,0.0,1839.8306777127807,1839.8306777127807,0.0,1.2763100614898732,1.2763100614898732,0.0,1,0.0017647648763179,0.0017647648763179,0.0,2.0,2.0,0.0,1.131848496170988,1.131848496170988,0.0,0.063896324428044,1.1677089784070491,0.301886135118521,1.212517067803189,0.0911352385767979,0.6421674120731293,1,6.044851381679109,6.044851381679109,0.0,154.0,154.0,0.0,638.2637198326928,638.2637198326928,0.0,1,0.1514021286117781,0.1514021286117781,0.0,4.0,4.0,0.0,169.65639044426024,169.65639044426024,0.0,52.15976087670404,479.1665356609732,257.0271853355397,527.8463499495074,66062.97400150988,113.90875827962648,1,0.0328865148354564,0.0328865148354564,0.0,160.0,160.0,0.0,3.042950237797567,3.042950237797567,0.0,1,0.0009288013370283,0.0009288013370283,0.0,4.0,4.0,0.0,2.705013398228459,2.705013398228459,0.0,0.3712060553615778,2.961002213637359,1.0498904224664956,2.938596244188197,1.1022698991868765,1.4118359299565089,52.979364711337816,43.51959193137028,43.51959193137028,1,0,0,1,-103.24993060933171,5,2,0,0.0,0.0,0.0,0.0,0.0,0.0,0,0,0,1,-845.5300482534603,4,2,0,0.0,0.0,0.0,0.0,0.0,0.0,0.0,0.0,0.0,0.0,0,0.0,0.0,0.0,0.0,0,0.0,0.0,0.0,0.0,0,0.0,0.0,0.0,0.0,0,no_erup_dry
0,-0.5000000000000004,-0.5699967625963036,12,21.683333333333334,2024-12-15 21:41:00.000,0,0.0,1,0.0056791481770801,0.0056791481770801,0.0,2.0,2.0,0.0,158.53627626898827,158.53627626898827,0.0,1,15.866452140052845,15.866452140052845,0.0,1636.23297889206,1636.23297889206,0.0,138.12029586814467,138.12029586814467,0.0,13.326723941738871,152.87572988323166,42.13732888445418,146.4627980550118,1775.554485516656,100.21813115682768,1,0.0032816976111873,0.0032816976111873,0.0,4.0,4.0,0.0,1.2452536911032654,1.2452536911032654,0.0,1,0.1319365368480398,0.1319365368480398,0.0,1162.801560191494,1162.801560191494,0.0,1.0681839068271528,1.0681839068271528,0.0,0.0638546497271624,1.174002233114075,0.3139419348890997,1.2078761020664408,0.0985595384819117,0.6198317998055279,1,23.127991029945747,23.127991029945747,0.0,712.0723642651246,712.0723642651246,0.0,643.9334780903152,643.9334780903152,0.0,1,24.437890021048474,24.437890021048474,0.0,741.2442520270665,741.2442520270665,0.0,598.1685798731617,598.1685798731617,0.0,32.00762535919633,627.2612851918879,85.972623567919,627.7443268222014,7391.292003151101,479.9196063360097,1,0.0016798267612481,0.0016798267612481,0.0,2.0,2.0,0.0,3.749278770007522,3.749278770007522,0.0,1,0.0009343269142614,0.0009343269142614,0.0,2.0,2.0,0.0,2.7929355304893675,2.7929355304893675,0.0,0.3819385067305038,3.3346244755106103,0.7958736341023844,3.204519876907882,0.633414841459336,2.221703370263356,43.72826338975192,41.57199165314167,41.57199165314167,0,0,0,1,-4.215787180711501,4,3,0,0.0,0.0,0.0,0.0,0.0,0.0,0,0,0,0,4331.576554424944,2,2,0,0.0,0.0,0.0,0.0,0.0,0.0,0.0,0.0,0.0,0.0,0,0.0,0.0,0.0,0.0,0,0.0,0.0,0.0,0.0,0,0.0,0.0,0.0,0.0,0,no_erup_dry
