Avg Drop Depth DSAR VORI,Avg Drop Depth DSAR VRBA,Avg Drop Depth RSAM VORI,Avg Drop Depth RSAM VRBA,Avg Prominence DSAR VORI,Avg Prominence DSAR VRBA,Avg Prominence RSAM VORI,Avg Prominence RSAM VRBA,Avg RSAM drop DSAR VORI,Avg RSAM drop DSAR VRBA,Avg RSAM drop RSAM VORI,Avg RSAM drop RSAM VRBA,Avg RSAM peak DSAR VORI,Avg RSAM peak DSAR VRBA,Avg RSAM peak RSAM VORI,Avg RSAM peak RSAM VRBA,Avg Value DSAR VORI,Avg Value DSAR VRBA,Avg Value RSAM VORI,Avg Value RSAM VRBA,Avg h Width DSAR VORI,Avg h Width DSAR VRBA,Avg h Width RSAM VORI,Avg h Width RSAM VRBA,Avg l Width DSAR VORI,Avg l Width DSAR VRBA,Avg l Width RSAM VORI,Avg l Width RSAM VRBA,Coverage Percentage VORI DSAR,Coverage Percentage VORI RSAM,Coverage Percentage VRBA,Lahares,Max Drop Depth DSAR VORI,Max Drop Depth DSAR VRBA,Max Drop Depth RSAM VORI,Max Drop Depth RSAM VRBA,Max Prominence DSAR VORI,Max Prominence DSAR VRBA,Max Prominence RSAM VORI,Max Prominence RSAM VRBA,Max RSAM drop DSAR VORI,Max RSAM drop DSAR VRBA,Max RSAM drop RSAM VORI,Max RSAM drop RSAM VRBA,Max RSAM peak DSAR VORI,Max RSAM peak DSAR VRBA,Max RSAM peak RSAM VORI,Max RSAM peak RSAM VRBA,Max h Width DSAR VORI,Max h Width DSAR VRBA,Max h Width RSAM VORI,Max h Width RSAM VRBA,Max l Width DSAR VORI,Max l Width DSAR VRBA,Max l Width RSAM VORI,Max l Width RSAM VRBA,Mean Min Values DSAR VORI,Mean Min Values DSAR VRBA,Mean Min Values RSAM VORI,Mean Min Values RSAM VRBA,Median Value DSAR VORI,Median Value DSAR VRBA,Median Value RSAM VORI,Median Value RSAM VRBA,Number of drops DSAR VORI,Number of drops DSAR VRBA,Number of drops RSAM VORI,Number of drops RSAM VRBA,Number of peaks DSAR VORI,Number of peaks DSAR VRBA,Number of peaks RSAM VORI,Number of peaks RSAM VRBA,Quantile Changes DSAR VORI,Quantile Changes DSAR VRBA,Quantile Changes RSAM VORI,Quantile Changes RSAM VRBA,Std Drop Depth DSAR VORI,Std Drop Depth DSAR VRBA,Std Drop Depth RSAM VORI,Std Drop Depth RSAM VRBA,Std Prominence DSAR VORI,Std Prominence DSAR VRBA,Std Prominence RSAM VORI,Std Prominence RSAM VRBA,Std RSAM drop DSAR VORI,Std RSAM drop DSAR VRBA,Std RSAM drop RSAM VORI,Std RSAM drop RSAM VRBA,Std RSAM peak DSAR VORI,Std RSAM peak DSAR VRBA,Std RSAM peak RSAM VORI,Std RSAM peak RSAM VRBA,Std Value DSAR VORI,Std Value DSAR VRBA,Std Value RSAM VORI,Std Value RSAM VRBA,Std h Width DSAR VORI,Std h Width DSAR VRBA,Std h Width RSAM VORI,Std h Width RSAM VRBA,Std l Width DSAR VORI,Std l Width DSAR VRBA,Std l Width RSAM VORI,Std l Width RSAM VRBA,Var Value DSAR VORI,Var Value DSAR VRBA,Var Value RSAM VORI,Var Value RSAM VRBA,magnitude,season
0.0222957410537301,0.00036957694453,0.2411765447518519,0.014770766539371,0.004894364049151,0.0001144332025674,91.2747744853188,11.105245708158463,2.1929287559312387,0.4329476887675039,313.2426920871593,34.780842443469524,3.516715747582433,0.7367019089526986,414.4835586527556,48.24541386727296,3.028162134586628,0.551272227955988,360.5155965626706,53.15541394118527,4.0,2.0,2425.999629505077,2446.37330389885,136.0,4.0,2.0,2.0,76.93021099003015,76.93021099003015,88.10572687224669,1,0.0222957410537301,0.00036957694453,0.2411765447518519,0.014770766539371,0.004894364049151,0.0001144332025674,91.2747744853188,11.105245708158463,2.1929287559312387,0.4329476887675039,313.2426920871593,34.780842443469524,3.516715747582433,0.7367019089526986,414.4835586527556,48.24541386727296,4.0,2.0,2425.999629505077,2446.37330389885,136.0,4.0,2.0,2.0,1.8858497149440816,0.2521704824165063,200.823349931908,27.563837670397056,2.9345867449553538,0.5459258144695601,339.9730785299089,38.89799102904009,1,1,1,1,1,1,1,1,0.4327102498935811,0.0391469122959014,36.58782031539752,94.506541704119,0.0,0.0,0.0,0.0,0.0,0.0,0.0,0.0,0.0,0.0,0.0,0.0,0.0,0.0,0.0,0.0,0.7884338941386148,0.1769847362317957,111.12357485938622,521.4787916074281,0.0,0.0,0.0,0.0,0.0,0.0,0.0,0.0,0.6216280054265804,0.0313235968590383,12348.448889529613,271940.1300963434,4.866784653389207,0
0.897923014778077,0.0013646828799244,0.0010600046365709,0.0049073265782162,0.170994231801207,0.0098448356857797,116.1200894096279,8.42630800986143,3.5388287282344564,0.4617483252435118,210.5227323834817,28.8444684513274,5.531346638117021,0.5630873268351586,436.2255223679691,41.50527563836198,4.381168730459445,0.5032546871097369,359.4040489319533,43.5697434011502,457.5725750475144,242.0,1810.6400018423565,2886.8842862266324,1828.8615426861463,20.0,2.0,2.0,99.95362856480408,99.95362856480408,98.9566427080918,0,0.897923014778077,0.0013646828799244,0.0010600046365709,0.0049073265782162,0.170994231801207,0.0098448356857797,116.1200894096279,8.42630800986143,3.5388287282344564,0.4617483252435118,210.5227323834817,28.8444684513274,5.531346638117021,0.5630873268351586,436.2255223679691,41.50527563836198,457.5725750475144,242.0,1810.6400018423565,2886.8842862266324,1828.8615426861463,20.0,2.0,2.0,2.313234868801552,0.2295378077857065,163.7535086398527,27.06074307808605,4.3064908386045335,0.508241007113402,309.5568141991403,34.01369895279136,1,1,1,1,1,1,1,1,0.5162824796180762,0.0470856502715518,48.50097380509653,10.051059454465138,0.0,0.0,0.0,0.0,0.0,0.0,0.0,0.0,0.0,0.0,0.0,0.0,0.0,0.0,0.0,0.0,1.2415939261825164,0.1590167371831748,189.5697720605878,34.34845751489037,0.0,0.0,0.0,0.0,0.0,0.0,0.0,0.0,1.5415554775333162,0.0252863227043829,35936.698479103216,1179.8165336522288,2.954262175905408,0
0.0839675677225608,0.0114020009181052,0.1639280673430789,1.8237575169219011,0.0702116878471432,0.1954967849219905,133.9056711675115,19.842652652503048,2.2219111842733987,0.4580896830953486,239.2745271626655,37.74383253757144,2.779800230260099,0.8466378691001578,425.5206510561886,63.00191180633385,2.542321832502344,0.7436421753768486,358.91779713138175,62.16552324839739,168.0,3277.9924652279456,3222.7246435504817,3371.4400530018006,632.0,112.0,8.0,204.0,99.95362856480408,99.95362856480408,98.88708555529794,0,0.0839675677225608,0.0114020009181052,0.1639280673430789,1.8237575169219011,0.0702116878471432,0.1954967849219905,133.9056711675115,19.842652652503048,2.2219111842733987,0.4580896830953486,239.2745271626655,37.74383253757144,2.779800230260099,0.8466378691001578,425.5206510561886,63.00191180633385,168.0,3277.9924652279456,3222.7246435504817,3371.4400530018006,632.0,112.0,8.0,204.0,1.7024098737549282,0.2729265309453026,182.40918454195904,29.61596713100256,2.407362586044669,0.7305312129279509,333.3660953007094,49.75541456340079,1,1,1,1,1,1,1,1,0.5441152099769533,0.0867056498744689,85.07420139425845,38.79845838980231,0.0,0.0,0.0,0.0,0.0,0.0,0.0,0.0,0.0,0.0,0.0,0.0,0.0,0.0,0.0,0.0,1.93518620734345,0.3056981318201472,260.5578546256371,150.9131527326541,0.0,0.0,0.0,0.0,0.0,0.0,0.0,0.0,3.744945657092327,0.093451347798328,67890.39560711464,22774.77966770939,1.587372137468673,0
0.0877799503860079,0.0007537638157021,17.847521599232607,0.0546805825876646,0.0933640868333927,0.2220061585050685,0.0282892137457224,0.0044886225412312,2.741274477955501,0.6198306458680966,213.56006236318484,32.39369129170393,3.0971464732629927,0.8651034026712447,392.5332291221096,56.251455097540216,2.892538959771935,0.7518795799561478,287.0623968119739,41.69271707451506,358.0,2044.520049143324,2.0,4.0,851.8438595182782,10.0,1019.20222297782,74.0,99.95362856480408,99.95362856480408,76.9533967076281,0,0.1732522135383236,0.0007537638157021,17.847521599232607,0.0546805825876646,0.0933640868333927,0.2220061585050685,0.0282892137457224,0.0044886225412312,2.732215280302392,0.6198306458680966,213.56006236318484,32.39369129170393,3.0971464732629927,0.8651034026712447,392.5332291221096,56.251455097540216,358.0,2044.520049143324,2.0,4.0,1687.6877190365565,10.0,1019.20222297782,74.0,2.0696993476065964,0.3737903017715228,184.312313303337,26.576613690178384,2.8396216769443035,0.7422791509000538,271.47924922747626,34.920520935549334,2,1,1,1,1,1,1,1,0.3071960335758229,0.0660380124467123,23.75474804825108,7.701263720734587,0.0854722631523157,0.0,0.0,0.0,0.0,0.0,0.0,0.0,0.0090591976531091,0.0,0.0,0.0,0.0,0.0,0.0,0.0,0.5434805112910168,0.22964940957311,79.46124310352266,17.79581082166717,0.0,0.0,0.0,0.0,835.8438595182782,0.0,0.0,0.0,0.295371066153145,0.052738851317278,6314.089155557127,316.69088280056644,3.1412538258862392,0
0.000303962544522,0.0627953365748186,0.9841539624241592,0.078344286947793,0.1428134334400368,0.060298140935933,1.1766493442331123,1.639263576523014,3.275287273204774,0.39874298023584,116.56097094954032,23.869708237563888,3.897467581031493,0.4615383168106586,189.31164672613065,27.776140368141636,3.7856587039418503,0.3989616343818216,150.60269969464971,28.75892917602984,893.7877289743296,3266.5890383230926,144.0,2284.6103979174227,2.0,3267.2108724853592,63.0,44.56049685694279,99.95362856480408,99.95362856480408,86.92325527475076,0,0.000303962544522,0.0627953365748186,0.9841539624241592,0.078344286947793,0.252707068078827,0.060298140935933,1.1766493442331123,1.639263576523014,3.275287273204774,0.39874298023584,116.56097094954032,23.869708237563888,3.937887399909081,0.4615383168106586,189.31164672613065,27.776140368141636,1555.5754579486593,3266.5890383230926,144.0,2284.6103979174227,2.0,3267.2108724853592,63.0,44.56049685694279,2.6907425525768915,0.1625203530623158,56.480909661162855,20.910853119011637,3.67495592510001,0.424331030663904,154.2980001294083,26.41026759321537,1,1,1,1,2,1,1,1,0.4153223130200123,0.0305493832453816,21.72008232147528,7.608479200604892,0.0,0.0,0.0,0.0,0.1098936346387902,0.0,0.0,0.0,0.0,0.0,0.0,0.0,0.0404198188775886,0.0,0.0,0.0,0.7530981737444561,0.1331124495723507,58.54131077528876,13.05925014980593,661.7877289743296,0.0,0.0,0.0,0.0,0.0,0.0,0.0,0.567156859297235,0.0177189242311516,3427.08506728894,170.54401447520618,2.894721393711892,0
0.0023299255288229,0.0432901555501628,10.836573043823975,2.041639751153305,0.0030103388748878,0.0009966163857176,259.5847362244092,1.7759246688723564,3.165401007809804,0.3518126223023503,83.06966291274705,50.62833981408284,4.394284929339999,0.643655502240094,423.3068975641103,53.02053146371054,3.7285414634737486,0.517336019807601,234.6730661680578,51.72830179734768,2.0,4.0,2395.716447131055,554.0,9.0,194.0,626.0,678.0,99.95362856480408,99.95362856480408,31.76443310920473,0,0.0031507811883897,0.0432901555501628,10.836573043823975,2.041639751153305,0.0030103388748878,0.0009966163857176,259.5847362244092,1.7759246688723564,3.1106278409127968,0.3518126223023503,83.06966291274705,50.62833981408284,4.394284929339999,0.643655502240094,423.3068975641103,53.02053146371054,2.0,4.0,2395.716447131055,554.0,14.0,194.0,626.0,678.0,2.545658544629801,0.1487838123474276,56.15718238280918,28.155544621412925,3.475733067217601,0.5791867091108829,179.42511508573676,51.11918348235639,2,1,1,1,1,1,1,1,0.4749631059146054,0.0313768929324853,55.46156703442858,9.49679331584287,0.0008208556595667,0.0,0.0,0.0,0.0,0.0,0.0,0.0,0.0547731668970068,0.0,0.0,0.0,0.0,0.0,0.0,0.0,1.3555349488235209,0.2308144747785191,222.2859370466906,16.501534588702672,0.0,0.0,0.0,0.0,5.0,0.0,0.0,0.0,1.8374749974819853,0.0532753217672836,49411.037808725305,272.30064378215064,1.660496444966089,0
0.1596018446593274,0.0007539384107135,105.62041378605522,0.1167329380886634,0.5042358909480935,7.854208564939125e-05,0.2070757494086024,0.0531925634328658,3.0619100626539346,0.342079330747465,26.83738406009877,27.67985893495749,3.923060276814776,0.6657170940488619,142.92576506398063,44.62284050187443,3.527017190328978,0.4510283917438989,117.13636828593036,41.91862164359586,1476.167292917434,8.0,4.0,2.0,728.4354333432307,6.0,3810.4864678270487,10.0,99.95362856480408,93.0442847206121,54.97333642476234,0,0.313392889050573,0.0007539384107135,105.62041378605522,0.1167329380886634,0.5042358909480935,7.854208564939125e-05,0.2070757494086024,0.0531925634328658,2.923830481280539,0.342079330747465,26.83738406009877,27.67985893495749,3.923060276814776,0.6657170940488619,142.92576506398063,44.62284050187443,1476.167292917434,8.0,4.0,2.0,1446.870866686461,6.0,3810.4864678270487,10.0,2.3616994723986493,0.1451756007627826,22.72517535923424,20.97099834176654,3.4880900665055385,0.4408537964860756,62.20524023349614,34.59519699433942,2,1,1,1,1,1,1,1,0.3365740760305658,0.044167705900995,101.80583681917469,21.445952378699907,0.1537910443912455,0.0,0.0,0.0,0.0,0.0,0.0,0.0,0.1380795813733955,0.0,0.0,0.0,0.0,0.0,0.0,0.0,0.8619894934341784,0.2131294255884071,201.4335639428088,40.6210919568707,0.0,0.0,0.0,0.0,718.4354333432307,0.0,0.0,0.0,0.7430258867909115,0.0454241520516443,40575.48068270165,1650.0731117685457,2.38695895078415,1
0.566735813848751,0.0719816599503289,0.0680623550286867,0.006241118237849,0.4376345956371295,0.2711483917698032,9.323110938010856,2.9723650327678257,3.971101145283733,0.4971476257141964,45.44316018281336,26.47892916951904,5.862757731150843,1.0229454408326004,120.52728488144535,38.56861392500417,5.036465706176268,0.6275676542585285,81.87917025078008,38.95146636648239,1063.2539917315826,478.0,1485.38916818677,370.0,2004.6215618824451,240.0,4.0,2.0,99.95362856480408,99.95362856480408,38.88244841177834,0,0.566735813848751,0.0719816599503289,0.0680623550286867,0.006241118237849,0.8722909501910765,0.2711483917698032,9.323110938010856,2.9723650327678257,3.971101145283733,0.4971476257141964,45.44316018281336,26.47892916951904,6.127442516874599,1.0229454408326004,120.52728488144535,38.56861392500417,2078.507983463165,478.0,1485.38916818677,370.0,2004.6215618824451,240.0,4.0,2.0,2.9033475011049044,0.1613123076030709,35.60792351906647,20.63492157681654,4.810663279193814,0.4497963476353362,63.59931836083456,27.818251921605963,1,1,1,1,2,1,1,1,0.3685844381926949,0.0554656906304633,13.280505473869486,10.01387685164229,0.0,0.0,0.0,0.0,0.434656354553947,0.0,0.0,0.0,0.0,0.0,0.0,0.0,0.2646847857237553,0.0,0.0,0.0,1.4495304269552538,0.4617014658928935,48.4797560164246,35.01106545177648,1015.2539917315826,0.0,0.0,0.0,0.0,0.0,0.0,0.0,2.1011384586690807,0.2131682436076467,2350.2867434120576,1225.7747040685767,2.770101976045712,1
0.0011773435165181,0.0,0.4745406662609071,0.0,0.0073505246493867,0.0,0.302420822717508,0.0,3.239245828231894,0.0,67.53217880898696,0.0,3.3096669965688155,0.0,85.43341132870687,0.0,3.356905274389101,0.280572639263667,114.55226879817018,31.24379705081615,42.0,0.0,47.83551013989589,0.0,14.0,0.0,16.0,0.0,33.7352191050313,29.23718989102713,0.0,0,0.0011773435165181,0.0,0.4745406662609071,0.0,0.0073505246493867,0.0,0.302420822717508,0.0,3.239245828231894,0.0,67.53217880898696,0.0,3.3096669965688155,0.0,85.43341132870687,0.0,42.0,0.0,47.83551013989589,0.0,14.0,0.0,16.0,0.0,2.21361162075745,0.1326500588119933,32.52072105697951,20.34060574482674,3.2671780822329626,0.2185125555973245,74.72107946313683,24.92563673833345,1,0,1,0,1,0,1,0,0.7131929829110571,0.1252112342739371,94.33542546862002,19.45219553234812,0.0,0.0,0.0,0.0,0.0,0.0,0.0,0.0,0.0,0.0,0.0,0.0,0.0,0.0,0.0,0.0,1.769719818656256,0.176735582937605,284.4501156577357,22.29085636518891,0.0,0.0,0.0,0.0,0.0,0.0,0.0,0.0,3.1319082365447315,0.031235466276295,80911.86829769923,496.8822774934829,1.72198360834624,1
0.000904403098926,0.0002806260859999,0.0875113869885844,0.0010607488177605,0.0447695407712394,0.0749401102245845,41.71257115796038,3.761761447297968,3.115021357308386,0.406293908774648,55.11535935880667,21.795855968045405,3.6930104611076944,0.5306108632578113,126.85538070464376,27.752118101233343,3.472182608899132,0.4648838090215538,96.04721495780728,32.09840144948103,210.0,2005.9858958464831,2560.0255072357468,1560.6933631292682,10.0,2.0,8.5,2.0,99.95362856480408,99.95362856480408,65.1750521678646,0,0.000904403098926,0.0002806260859999,0.1124194448020716,0.0010607488177605,0.0639467272184681,0.0749401102245845,41.71257115796038,3.761761447297968,3.115021357308386,0.406293908774648,49.74011811022101,21.795855968045405,3.769273898486391,0.5306108632578113,126.85538070464376,27.752118101233343,296.0,2005.9858958464831,2560.0255072357468,1560.6933631292682,10.0,2.0,13.0,2.0,2.4191306097685543,0.2367535648126962,38.91094204592353,20.283646192516866,3.39336125797093,0.452901762670478,81.92844818185625,24.176554662607405,1,1,2,1,2,1,1,1,0.3954723075439403,0.0383115474194189,30.93495498398308,20.76592909834757,0.0,0.0,0.0249080578134872,0.0,0.0191771864472287,0.0,0.0,0.0,0.0,0.0,5.375241248585663,0.0,0.076263437378697,0.0,0.0,0.0,0.7705151695820364,0.1572538033166368,106.39822062845153,69.47259737117936,86.0,0.0,0.0,0.0,0.0,0.0,4.5,0.0,0.5936936265560343,0.0247287586575475,11320.581352900645,4826.441785497997,3.9246789508282567,1
0.4608930247854992,0.029921967617327,4.13572526589104,0.9865605718926992,0.1752711309939125,0.0497730231828855,2.542202527620816,19.567403710560143,3.5764504445017,0.4849636652463981,61.108552961859175,25.53280704596789,4.699623710564179,0.5794361910492548,544.8353740117618,98.2798177561302,4.223913064676609,0.5281776915322199,319.5732686093772,69.0587134303498,161.0,2850.081106102361,14.0,1549.422258963505,2080.5090538824365,768.1209112601523,142.0,252.0,99.95362856480408,98.35381405054488,87.8738696962671,0,0.8648054720943303,0.029921967617327,4.13572526589104,0.9865605718926992,0.3251194108616122,0.0497730231828855,2.542202527620816,19.567403710560143,3.4963674164166685,0.4849636652463981,61.108552961859175,25.53280704596789,5.03807453261736,0.5794361910492548,544.8353740117618,98.2798177561302,290.0,2850.081106102361,14.0,1549.422258963505,3847.4533084699497,768.1209112601523,142.0,252.0,2.6952796841973523,0.317860371309718,32.42485795822407,21.295720410384124,3.8733281193453046,0.5331440668394561,323.6339816117859,56.29770542040285,2,1,1,1,2,1,1,1,0.7308536657335427,0.0272818423571005,98.82673347695304,18.22559951496953,0.4039124473088311,0.0,0.0,0.0,0.1498482798676996,0.0,0.0,0.0,0.0800830280850317,0.0,0.0,0.0,0.3384508220531805,0.0,0.0,0.0,1.5022731503283713,0.1184769667992581,231.2818817595007,44.6714034291262,129.0,0.0,0.0,0.0,1766.9442545875131,0.0,0.0,0.0,2.256824618197529,0.0140367916619525,53491.30883021566,1995.534284327748,2.060621354466739,1
0.0676693867343334,0.1690108380542949,5.997697514311529,0.7520929538397354,1.6954606321748091,0.0004817193780294,0.4238266306442568,0.0628340284707604,2.9883394638456666,0.5601951535123497,60.06209376710929,26.15491065115532,7.315079333217572,0.7715808183018988,239.0444331752799,48.13805924803282,5.878919636504794,0.6350127129824272,150.03104610912814,44.458920641729485,2063.252306867529,2.0,8.5,2.0,444.0,2013.1022884359888,927.0431846654678,274.0,99.95362856480408,99.90725712960815,82.54115464873638,0,0.0676693867343334,0.1690108380542949,11.429658718508854,0.7520929538397354,1.6954606321748091,0.0004817193780294,0.4787393948226679,0.0628340284707604,2.9883394638456666,0.5601951535123497,57.60635424646579,26.15491065115532,7.315079333217572,0.7715808183018988,255.58278698728756,48.13805924803282,2063.252306867529,2.0,11.0,2.0,444.0,2013.1022884359888,1803.086369330936,274.0,1.984470900580815,0.2519533162199767,28.13241292967198,20.721999382851138,4.931967381227941,0.6797760707963347,100.34449088528658,34.157456011263776,1,1,2,1,1,1,2,1,3.707549008793497,0.0576183757875091,86.35647684565676,22.09055143196664,0.0,0.0,5.431961204197325,0.0,0.0,0.0,0.054912764178411,0.0,0.0,0.0,2.455739520643501,0.0,0.0,0.0,16.538353812007657,0.0,36.99913654559059,0.2429290843137535,144.8571294163342,31.005284880445803,0.0,0.0,2.5,0.0,0.0,0.0,876.0431846654678,0.0,1368.936105119257,0.0590145400055187,20983.5879427406,961.327690517601,2.495231395772308,1
0.2430119455550796,0.0392556733712414,3.387932797472942,0.6680804453774485,0.2647071601170485,0.0126158692092833,57.1686416098791,0.0179192566261221,2.66764583799395,0.7212608291895726,110.59808804942624,28.69007759657991,3.325327933628434,0.8236356590548348,276.4742700220839,41.583387660673125,3.00435156297425,0.7645624353051879,217.70125573126745,41.24460421067267,1836.6320285157508,244.0,2347.1676061905378,1.9030618539862016,2273.897671646605,1710.672594226657,406.0,356.0,99.95362856480408,99.95362856480408,99.95362856480408,0,0.2430119455550796,0.078359954298173,3.387932797472942,0.6680804453774485,0.2647071601170485,0.0126158692092833,57.1686416098791,0.0179192566261221,2.66764583799395,0.7061418152690558,110.59808804942624,28.69007759657991,3.325327933628434,0.8236356590548348,276.4742700220839,41.583387660673125,1836.6320285157508,244.0,2347.1676061905378,1.9030618539862016,2273.897671646605,3417.345188453314,406.0,356.0,1.935548575984153,0.3438693142837515,94.62371158170234,27.37396146592816,2.954767820154669,0.7747202751039289,212.2867032235378,36.30817214936404,1,2,1,1,1,1,1,1,0.3018729556474268,0.0465713195368794,20.819777626197457,5.377245219807162,0.0,0.0391042809269315,0.0,0.0,0.0,0.0,0.0,0.0,0.0,0.0151190139205166,0.0,0.0,0.0,0.0,0.0,0.0,0.6575756014270104,0.2459088411968708,86.2486191411191,23.4758647588913,0.0,0.0,0.0,0.0,0.0,1706.672594226657,0.0,0.0,0.4324056715920945,0.0604711581787878,7438.824303749814,551.1162261777545,3.477376153030644,0
0.0002122467542369,0.0946650913681012,0.0100543416057945,0.9532687560381916,0.3171196035581132,0.0004711569242312,67.99651794229219,5.606923588521617,2.674974914883154,0.5826479455560865,84.48085225557654,32.51324286832023,2.9965511889254763,0.8106768001384006,193.97970969334227,38.94758167590536,2.866017705398727,0.7052747966784096,184.78348439537407,37.27298942426806,3680.4863280193695,6.5,3660.261765361104,2512.2420101879597,2.0,632.0,2.0,1493.2062040368214,99.95362856480408,99.86088569441225,99.95362856480408,0,0.0002122467542369,0.0946650913681012,0.0100543416057945,0.9532687560381916,0.3171196035581132,0.0006539547682842,67.99651794229219,5.606923588521617,2.674974914883154,0.5826479455560865,84.48085225557654,32.51324286832023,2.9965511889254763,0.8156291358472291,193.97970969334227,38.94758167590536,3680.4863280193695,10.0,3660.261765361104,2512.2420101879597,2.0,632.0,2.0,1493.2062040368214,2.016842484203593,0.3325284188802953,70.46627983882864,29.315076631164256,2.833795918841913,0.785670354912223,151.2499323574473,34.96923302357112,1,1,1,1,1,2,1,1,0.2809708807098989,0.0258047970524182,222.77357984359253,6.187532100829829,0.0,0.0,0.0,0.0,0.0,0.0001827978440529,0.0,0.0,0.0,0.0,0.0,0.0,0.0,0.0049523357088285,0.0,0.0,0.5445195107692327,0.1864118346758424,1349.9626846914168,15.50936297808712,0.0,3.5,0.0,0.0,0.0,0.0,0.0,0.0,0.2965014976083645,0.0347493721072136,1822399.2500592575,240.5403399860594,2.680263564228942,0
0.6724862143976682,6.856479604233634e-05,40.408632258343545,2.8987578645557903,0.4376791968852744,5.729424255174198e-05,11.319249482131326,0.0612581656934878,1.9599115275952763,0.6670850416222163,78.9273954880573,29.835216419782952,6.916223772232611,0.8575608499600704,242.68765606588403,57.3617736014776,4.788333458050652,0.7005214782591651,176.67975228310854,47.18661292291643,488.0,2.0,442.6551488810046,4.0,2619.6802640380947,2.0,2350.6057795985957,2382.8782872861702,99.95362856480408,99.90725712960815,99.81451425921632,0,0.6724862143976682,6.856479604233634e-05,40.408632258343545,2.8987578645557903,0.4376791968852744,5.729424255174198e-05,21.163467661259205,0.0612581656934878,1.9599115275952763,0.6670850416222163,78.9273954880573,29.835216419782952,6.916223772232611,0.8575608499600704,247.73760909332023,57.3617736014776,488.0,2.0,845.3102977620092,4.0,2619.6802640380947,2.0,2350.6057795985957,2382.8782872861702,1.5606292146623872,0.3213322469103628,50.06730411611312,27.21145627326565,2.675748079912224,0.7424831929437682,136.3077331851871,34.52936106256766,1,1,1,1,1,1,2,1,2.076884527313648,0.035970899736915,61.17098881568928,25.46344283827361,0.0,0.0,0.0,0.0,0.0,0.0,9.844218179127878,0.0,0.0,0.0,0.0,0.0,0.0,0.0,5.049953027436231,0.0,15.936296959553736,0.2024222104727458,174.44405596917437,106.77617661058038,0.0,0.0,402.6551488810046,0.0,0.0,0.0,0.0,0.0,253.9655607830816,0.0409747512926726,30430.72866297644,11401.151891573852,2.71019618982938,0
0.0547957506202707,0.0290119158441905,4.889500154329824,0.1252905295464721,0.1654336186962695,4.5835093264057214e-05,0.0597601204572129,0.0052141789942581,3.2132005068077616,0.4623309949099166,220.18360054546287,30.109802295342508,4.185956400422063,0.5667649013152617,531.2103016288111,52.232279135514375,3.6937361497354826,0.4975295219256812,386.5783790787215,42.823227241015154,987.432938462176,2.0,6.0,2.0,392.0,1446.9477103321994,520.0,174.0,99.95362856480408,99.7681428240204,99.95362856480408,0,0.0547957506202707,0.0504387850101973,4.889500154329824,0.1252905295464721,0.1654336186962695,4.5835093264057214e-05,0.0597601204572129,0.0052141789942581,3.2132005068077616,0.4443742255961522,220.18360054546287,30.109802295342508,4.185956400422063,0.5667649013152617,531.2103016288111,52.232279135514375,987.432938462176,2.0,6.0,2.0,392.0,2429.895420664399,520.0,174.0,2.4164255336497384,0.2777152705059821,179.47425519160237,28.84003473814096,3.577883394327863,0.4928258002606553,376.4674628232835,42.74798883955339,1,2,1,1,1,1,1,1,0.4963139892508694,0.0335371776558911,176.52980916875305,4.535428380500237,0.0,0.0214268691660068,0.0,0.0,0.0,0.0,0.0,0.0,0.0,0.0179567693137644,0.0,0.0,0.0,0.0,0.0,0.0,0.8958110382941473,0.1280948564963087,1012.8870037578896,13.608155986108857,0.0,0.0,0.0,0.0,0.0,982.9477103321994,0.0,0.0,0.8024774163296382,0.0164082922608099,1025940.082381635,185.18190934227027,3.9582707937693713,0
0.0564926056617967,0.0002006556501138,0.6193689646174647,0.6851558910267137,0.2435254508870323,0.0076763072610824,18.21045241048688,3.658823448043407,2.5897279066257983,0.3904537504355536,185.6855179784501,29.167139026200346,3.3977259395013477,0.4636447568065354,287.50590009835287,34.88499188654761,3.0446463737611844,0.4066025956050097,252.13040248410024,34.3150154494423,1418.3628049334577,248.0,592.229008111089,1731.7336197859238,244.0,4.530908084964494,35.0,648.0,99.95362856480408,99.90725712960815,99.95362856480408,0,0.0564926056617967,0.0002481994450254,0.894948618677688,0.6851558910267137,0.4857177400644468,0.0076763072610824,18.21045241048688,3.658823448043407,2.5897279066257983,0.3823277589033129,175.5960335419948,29.167139026200346,3.7128930321383855,0.4636447568065354,287.50590009835287,34.88499188654761,2834.725609866915,248.0,592.229008111089,1731.7336197859238,244.0,5.0618161699289885,36.0,648.0,1.9511691804085811,0.2295236038454711,152.13480865639616,25.434709628444548,2.876108406715828,0.4143808975333368,237.96752135307705,31.413276417117743,1,2,2,1,2,1,1,1,0.4395158638264048,0.0219288600336752,29.554720057748646,7.303834773252563,0.0,4.754379491156424e-05,0.2755796540602233,0.0,0.2421922891774144,0.0,0.0,0.0,0.0,0.0081259915322406,10.089484436455251,0.0,0.3151670926370384,0.0,0.0,0.0,0.8678849072366759,0.0930474015069434,81.87192442294914,20.911653056179585,1416.3628049334577,0.0,0.0,0.0,0.0,0.5309080849644943,1.0,0.0,0.7532242122092135,0.0086578189271943,6703.012008717095,437.297233542025,2.2035228723481097,0
0.0800015061534846,0.0399328116855055,59.61396062171866,0.0140668328853337,0.0206180710446357,0.0025243579733185,29.351959821356388,4.82893240220362,2.11365604041849,0.4081965802305258,291.5441856905927,32.55051868765093,3.56798015092642,0.5454867252884351,507.2517982705622,52.66907325421876,13.206205153765003,0.4690673842360062,381.2631143596354,59.02840858013533,34.0,12.0,705.7194053353437,688.7190183648054,190.0,863.1866021086084,1916.886237672096,4.0,99.95362856480408,79.57338279619755,99.95362856480408,0,0.0800015061534846,0.0399328116855055,59.61396062171866,0.0140668328853337,0.0206180710446357,0.0025243579733185,29.351959821356388,4.82893240220362,2.11365604041849,0.4081965802305258,291.5441856905927,32.55051868765093,3.56798015092642,0.5454867252884351,507.2517982705622,52.66907325421876,34.0,12.0,705.7194053353437,688.7190183648054,190.0,863.1866021086084,1916.886237672096,4.0,1.4647015971216948,0.2534028503209868,154.76373383793216,26.107805988571297,3.059372539114229,0.4690076640581618,327.838047255931,44.28641593368405,1,1,1,1,1,1,1,1,65.3286546418062,0.0348039292954237,61.58750413583736,14.924898389592457,0.0,0.0,0.0,0.0,0.0,0.0,0.0,0.0,0.0,0.0,0.0,0.0,0.0,0.0,0.0,0.0,188.8536275421401,0.1666523129490783,306.1215391609677,86.02102674572163,0.0,0.0,0.0,0.0,0.0,0.0,0.0,0.0,35665.69263582537,0.0277729934112775,93710.39673827987,7399.617042388157,3.5018506546178463,0
0.3255946444191706,0.1112588639804806,2.265164588810564,2.18397035031424,6.206537735753415e-05,0.0005793848068391,73.60758576172395,0.0780586112012997,2.720513917823516,0.4202857991995006,199.89496617126773,36.24790959135301,3.590281280515145,0.9121677156911842,284.5113115581904,44.55109692583487,3.0536038326244634,0.6481105225801197,245.4805016146874,49.66274188747411,2.0,6.0,2299.0793997350925,2.0,1767.6549192613163,346.0,238.0,851.2884319261984,72.10758172965454,72.0148388592627,40.06492000927429,0,0.3255946444191706,0.1112588639804806,2.265164588810564,2.18397035031424,6.206537735753415e-05,0.0005793848068391,73.60758576172395,0.0780586112012997,2.720513917823516,0.4202857991995006,199.89496617126773,36.24790959135301,3.590281280515145,0.9121677156911842,284.5113115581904,44.55109692583487,2.0,6.0,2299.0793997350925,2.0,1767.6549192613163,346.0,238.0,851.2884319261984,1.9803664616164705,0.19633087376764,156.81767298579257,27.4513372356928,2.984088337341233,0.6729328778559884,229.65856352889003,42.41803621885772,1,1,1,1,1,1,1,1,0.318559757283146,0.0773891588241032,20.7862612322132,6.916458528221017,0.0,0.0,0.0,0.0,0.0,0.0,0.0,0.0,0.0,0.0,0.0,0.0,0.0,0.0,0.0,0.0,0.717853500939118,0.3324676684445731,69.76565470344602,22.032251162441263,0.0,0.0,0.0,0.0,0.0,0.0,0.0,0.0,0.5153136488105484,0.1105347505609706,4867.24657620046,485.4200912848944,3.654751076286602,0
0.3337371555720607,0.0427228886365026,0.115299131390401,7.4879310150852945,0.0812595455098605,0.0967872345411084,38.62096185812345,5.1431151996848,2.3424201802055302,0.7143646558232143,182.43206147973305,48.77416957848668,3.5168829342186587,1.280213269493128,352.8810800733436,92.62612616750016,4.224079202873121,1.0026347452620477,282.5619122803538,73.71320068939661,268.0,1335.9815938244124,1401.5565480229834,490.0,2452.952175434306,260.0,16.0,1491.5582610268057,99.95362856480408,93.94852770693252,99.6522142360306,0,0.3337371555720607,0.0427228886365026,0.115299131390401,7.4879310150852945,0.0812595455098605,0.0967872345411084,45.699698110950806,5.1431151996848,2.3424201802055302,0.7143646558232143,182.43206147973305,48.77416957848668,3.5168829342186587,1.280213269493128,354.662231657075,92.62612616750016,268.0,1335.9815938244124,1722.036017595746,490.0,2452.952175434306,260.0,16.0,1491.5582610268057,1.2852860363862475,0.3731549097038231,153.33384335728246,40.09014992274084,2.6990316115382056,1.0029510622245703,268.86076902574735,67.17121680925442,1,1,1,1,1,1,2,1,14.89103712922674,0.0757467968815076,22.801988727859207,8.98754454133894,0.0,0.0,0.0,0.0,0.0,0.0,7.078736252827355,0.0,0.0,0.0,0.0,0.0,0.0,0.0,1.781151583731372,0.0,67.92139719330775,0.3791072799758743,96.06242880126408,29.756815961527444,0.0,0.0,320.4794695727626,0.0,0.0,0.0,0.0,0.0,4613.316196691075,0.1437223297307059,9227.990227197932,885.4680961682145,4.1820600886343975,0
0.4929615757601919,0.3688302866742559,379.09392363183656,40.74664706776826,0.0016466908399841,0.0059245597636919,2.3640443006819964,0.14393908684292,2.3277288910362106,1.0770615649048356,307.8198100520204,115.70859911030922,3.284635985500909,1.714311870749622,689.7496805685523,187.5328078154544,3.0458222373712105,1.3985884372467288,553.2977535465868,152.02080917938036,12.0,24.5,114.0,4.0,1989.1969589885716,3154.921228761132,3577.7847117564747,1768.2557322947514,99.95362856480408,99.95362856480408,98.284256897751,0,0.9682881952347268,0.3688302866742559,379.09392363183656,80.9635825000983,0.0016868680632891,0.0101769742514949,4.233005296814213,0.1623887864395214,2.255683966833777,1.0770615649048356,307.8198100520204,100.63497328191248,3.3452998089333144,1.8851759826515184,697.6728000344242,193.65866001434944,20.0,47.0,226.0,4.0,3968.393917977143,3154.921228761132,3577.7847117564747,3532.511464589503,1.5828841212430445,0.4156735193828104,85.2422006019127,25.874068850775675,2.9967201569234216,1.3569725141340947,627.0527997326694,169.6897219174854,2,1,1,2,2,2,2,2,0.4873545074842196,0.1528679452335024,84.30002365117987,21.36560715240477,0.4753266194745349,0.0,0.0,40.21693543233004,4.017722330496021e-05,0.004252414487803,1.868960996132216,0.0184496995966014,0.0720449242024336,0.0,0.0,15.073625828396736,0.0606638234324052,0.1708641119018962,7.923119465871878,6.125852198895018,1.0357433118127726,0.6085056507746447,305.9300703199142,79.56573901987159,8.0,22.5,112.0,0.0,1979.1969589885716,0.0,0.0,1764.2557322947514,1.0727642079648902,0.3702791270246738,93593.20792594764,6330.706825778316,3.246551696218856,1
0.0037280501659916,0.3088890160471114,0.1085872173456437,0.2238020985882869,0.2842981335894843,0.7936210944884731,287.9785641791369,50.16914297065003,2.271322107562028,0.8908046107596559,198.68990945864132,81.75481823180498,3.1904252886007494,1.7669751726788987,502.7969699531232,156.3991917912537,2.9012412301101724,1.3247634125259091,400.1800732590541,129.67647393408018,1709.9180608515303,3185.752974538425,4063.853593439437,3277.8914779891584,4.5,1480.350003687515,2.0,11.5,99.95362856480408,99.95362856480408,96.54532807790402,0,0.0037440988932329,0.3088890160471114,0.1100344971307833,0.306409985687182,0.5677743707388232,0.7936210944884731,287.9785641791369,50.16914297065003,1.9909725805848888,0.8908046107596559,182.5614131432964,63.72685807998894,3.2300915905810204,1.7669751726788987,502.7969699531232,156.3991917912537,3415.8361217030606,3185.752974538425,4063.853593439437,3277.8914779891584,5.0,1480.350003687515,2.0,18.0,1.3862744230131463,0.4403112444487125,100.19404103356608,26.506184716590987,2.91350276563682,1.328425964864994,397.8379598982142,127.4604470404116,2,1,2,2,2,1,1,1,0.4024547863448965,0.1276954649915657,103.0882328422141,44.70362936210734,1.6048727241257943e-05,0.0,0.0014472797851396,0.0826078870988951,0.2834762371493389,0.0,0.0,0.0,0.2803495269771392,0.0,16.128496315344975,18.027960151816032,0.0396663019802709,0.0,0.0,0.0,0.9314521859682964,0.5490554334224595,226.78297281344203,82.98436751594814,1705.9180608515303,0.0,0.0,0.0,0.5,0.0,0.0,6.5,0.8676031747451176,0.3014618689707249,51430.51675810239,6886.405252021948,4.067278057786187,1
0.4748340540402447,0.0081351326463795,0.0927902537953144,2.6901362394225004,0.0024736378753082,0.1004835627136697,3.959299846519727,9.253282728961814,1.6451514718515048,0.5799474479371366,92.96908285482178,34.13721672198059,2.342136756508081,0.8366315193930073,123.42479055730564,51.12163691026549,2.319017643118962,0.842860467341895,247.64418836024808,115.53405774570024,5.5,1489.060946618081,632.5900954060677,753.5892339079498,3234.1310002255377,20.0,10.0,74.0,99.95362856480408,99.8840714120102,56.66589380941341,0,0.4748340540402447,0.0081351326463795,0.0927902537953144,2.6901362394225004,0.0044199666548019,0.1004835627136697,3.959299846519727,9.253282728961814,1.6451514718515048,0.5799474479371366,92.96908285482178,34.13721672198059,2.449516989300073,0.8366315193930073,123.42479055730564,51.12163691026549,7.0,1489.060946618081,632.5900954060677,753.5892339079498,3234.1310002255377,20.0,10.0,74.0,1.3172106963842307,0.2199608368360456,73.61990948700732,20.63489198514648,2.001761142381731,0.7643942678497441,105.87654914766829,42.82982016712006,1,1,1,1,2,1,1,1,0.7899290911351365,0.3286882585140604,281.88289032934057,73.95180454217504,0.0,0.0,0.0,0.0,0.0019463287794936,0.0,0.0,0.0,0.0,0.0,0.0,0.0,0.1073802327919917,0.0,0.0,0.0,1.0151840585918612,0.4915464956564675,301.45742520834364,126.8909369938,1.5,0.0,0.0,0.0,0.0,0.0,0.0,0.0,1.0305986728190435,0.2416179573921536,90876.57921324408,16101.309891164525,3.6506129822326674,1
0.1438193990381511,0.1324192052714529,1.582016421648632,1.4025671648155509,0.2388971807064708,0.131748556358429,3.098243052497807,8.530124433322698,2.0120344943323065,0.55414132009496,93.145721502376,29.944942889643112,2.261029803391372,0.8073280721852322,105.81170691639802,45.11018419015369,8.45561599445601,0.6976697623224981,215.2668639130773,82.56165756798679,2386.062313545619,795.922286419197,1779.229354400065,844.7013035778537,650.0,904.7752056249932,36.0,172.0,99.95362856480408,63.96939485277069,68.21238117319731,0,0.1438193990381511,0.1324192052714529,1.582016421648632,1.4025671648155509,0.2388971807064708,0.131748556358429,3.098243052497807,8.530124433322698,2.0120344943323065,0.55414132009496,93.145721502376,29.944942889643112,2.261029803391372,0.8073280721852322,105.81170691639802,45.11018419015369,2386.062313545619,795.922286419197,1779.229354400065,844.7013035778537,650.0,904.7752056249932,36.0,172.0,0.8540586055693163,0.249247175283299,64.8243867129568,20.804379252988355,1.960324199701977,0.656021179795995,102.71346386390022,35.527279289343795,1,1,1,1,1,1,1,1,33.807713446484605,0.1355627321404796,276.32526818967824,64.82020437913071,0.0,0.0,0.0,0.0,0.0,0.0,0.0,0.0,0.0,0.0,0.0,0.0,0.0,0.0,0.0,0.0,155.1527146360358,0.3338213939403343,510.5393365930799,88.78994872970107,0.0,0.0,0.0,0.0,0.0,0.0,0.0,0.0,24072.36485893116,0.1114367230522678,260650.41420890213,7883.654995422945,4.1144391348030815,1
0.0731042089648652,0.080006988524963,2.766429978777481,1.4805240372945292,0.5317795219269883,0.1423645155852011,21.23171472366215,22.930943128408224,1.8497580200427988,0.6656790061897214,77.52586026715854,29.61223248057426,2.438083839464035,0.9222851562316424,339.6720069231688,73.11340083708411,2.32856478534225,0.7725640285977506,260.4201781771412,64.32915866317455,3654.871236580364,2234.242928760665,646.0,3033.734368322256,274.0,870.6906591975367,704.0,492.0,99.95362856480408,99.7681428240204,96.17435659633664,0,0.0731042089648652,0.080006988524963,2.766429978777481,1.4805240372945292,0.5317795219269883,0.1423645155852011,21.23171472366215,22.930943128408224,1.8497580200427988,0.6656790061897214,77.52586026715854,29.61223248057426,2.438083839464035,0.9222851562316424,339.6720069231688,73.11340083708411,3654.871236580364,2234.242928760665,646.0,3033.734368322256,274.0,870.6906591975367,704.0,492.0,1.3365479326124792,0.3787850142692188,59.54960914840572,22.894738854810416,2.125294992783282,0.7873187277562619,278.38947888790085,57.679297852525465,1,1,1,1,1,1,1,1,0.73071699047021,0.0445006148012611,33.38438486287224,17.32068318314114,0.0,0.0,0.0,0.0,0.0,0.0,0.0,0.0,0.0,0.0,0.0,0.0,0.0,0.0,0.0,0.0,1.2331218637060004,0.2319416578657972,135.61288674473403,36.763211102817465,0.0,0.0,0.0,0.0,0.0,0.0,0.0,0.0,1.5205895307497597,0.0537969326535345,18390.855051240054,1351.5336905903214,3.8648309915018224,1
0.0748339171771865,0.0674617890486219,14.04094356853993,1.2614614471963037,0.2564463160969392,0.0107146990234247,4.800013148637788,1.2367287827615954,2.2178023314155606,0.6677247487446842,155.75958301640105,40.50382223172575,4.511919122569868,0.737743631109813,303.07474240931765,107.91590820155253,4.903767811717496,0.6639579211739745,244.50408932268675,76.5064118007004,546.0,276.2154494122104,292.5,149.0,343.5,3667.912446954791,352.5,211.0,99.95362856480408,99.23487131926731,99.16531416647344,0,0.0862051600510045,0.0674617890486219,26.89997148958764,2.216372280555568,0.2564463160969392,0.0107146990234247,9.503066592480875,2.309461245833589,2.1832618511535835,0.6677247487446842,138.75148758576196,34.72284683619838,4.511919122569868,0.737743631109813,316.26107281686853,117.2908165214264,546.0,276.2154494122104,582.0,296.0,438.0,3667.912446954791,646.0,402.0,1.629903545182662,0.3467441880406557,91.48907864824297,25.42586362326112,3.171270901563132,0.7020245696884269,256.6963956716785,70.24935675154356,2,1,2,2,1,1,2,2,8.95692163209742,0.031947662754478,35.93692697687265,18.31365007867096,0.0113712428738179,0.0,12.859027921047712,0.9549108333592642,0.0,0.0,4.703053443843089,1.0727324630719934,0.0345404802619768,0.0,17.008095430639088,5.780975395527374,0.0,0.0,13.186330407550912,9.374908319873882,75.64591621914157,0.1690590396240115,122.50323923662,52.93095034359909,0.0,0.0,289.5,147.0,94.5,0.0,293.5,191.0,5722.304640633386,0.0285809588785931,15007.043623464557,2801.6855042765533,3.776369107237026,1
0.0008471181805543,0.0536670389973475,3.38180351216441,2.0627407913018736,0.0798982720731023,0.1264672117433357,1.4587051330390182,1.745943448383521,1.762767122270659,0.6582655787730219,61.2207844118726,22.89614476456149,2.282553997274404,0.8211087695763556,124.3338253849528,39.57252844080071,2.2076556353157395,0.7336764295798498,101.9928641909185,35.09240196126491,933.6231458846552,3180.373550585536,92.0,292.0,3.0,735.319318532037,893.7082050334261,2642.2731070959107,99.95362856480408,99.8840714120102,93.11384187340596,0,0.001621589844984,0.0536670389973475,3.38180351216441,2.0627407913018736,0.0798982720731023,0.1264672117433357,1.4587051330390182,1.745943448383521,1.6188268018500298,0.6582655787730219,61.2207844118726,22.89614476456149,2.282553997274404,0.8211087695763556,124.3338253849528,39.57252844080071,933.6231458846552,3180.373550585536,92.0,292.0,4.0,735.319318532037,893.7082050334261,2642.2731070959107,1.4087826185534256,0.372655234178305,44.04075659061451,20.512396170750563,2.087962041646682,0.7643526864108758,71.92846675089899,24.949481566924355,2,1,1,1,1,1,1,1,0.4856214041343358,0.0440293964757047,52.526784757491725,21.376782985713927,0.0007744716644296,0.0,0.0,0.0,0.0,0.0,0.0,0.0,0.1439403204206291,0.0,0.0,0.0,0.0,0.0,0.0,0.0,1.4036703331212157,0.2059074382721447,198.957991609141,90.82027357077877,0.0,0.0,0.0,0.0,1.0,0.0,0.0,0.0,1.970290404084624,0.0423978731357971,39584.28242514302,8248.322091471093,2.0460038383475494,1
0.1654250402586452,0.0077947961449321,0.5020063482676562,0.001353113201592,0.0106136827940401,0.1270708435539038,38.79385939314119,5.969415661086451,1.132838271938752,0.8424649380480935,134.36787771838956,28.5180567561169,1.551115282693344,0.9695357816019974,196.82976594055413,38.75040722546072,1.30323608452204,0.8581398466307396,188.43811593292415,43.627421422791,186.0,4031.276090897452,3736.94019997876,3906.177755720044,3121.620266483912,110.0,108.0,2.0,99.95362856480408,99.83769997681428,99.95362856480408,0,0.1654250402586452,0.0077947961449321,0.5020063482676562,0.001353113201592,0.0106136827940401,0.1270708435539038,38.79385939314119,5.969415661086451,1.132838271938752,0.8424649380480935,134.36787771838956,28.5180567561169,1.551115282693344,0.9695357816019974,196.82976594055413,38.75040722546072,186.0,4031.276090897452,3736.94019997876,3906.177755720044,3121.620266483912,110.0,108.0,2.0,1.018734497959088,0.4776846808326504,123.25095755336842,26.882145015998287,1.2423278133911595,0.8860568977670475,178.01021324608345,35.66350859236158,1,1,1,1,1,1,1,1,0.121679524033684,0.0423108333342176,17.973270995298456,8.008549612913955,0.0,0.0,0.0,0.0,0.0,0.0,0.0,0.0,0.0,0.0,0.0,0.0,0.0,0.0,0.0,0.0,0.2862446413115634,0.2008662819490395,64.03620000877976,30.987497849802217,0.0,0.0,0.0,0.0,0.0,0.0,0.0,0.0,0.0819359946795856,0.040347263224031,4100.634911564445,960.225022991497,4.264665535524605,1
3.1489548403498904,0.0006436844556318,3.297634991451304,16.285542919735676,0.1406753509208442,0.0032473937225523,13.69732461976443,3.4109568859906503,0.8540608636720709,0.6744821346774463,139.53751934752853,39.74614774947519,4.036339106699188,0.8412680805172262,225.3961691354071,70.13398015971383,4.290606268928307,0.7524585645782975,230.27908626513505,65.13461211983095,652.5650590574277,142.0,258.0,421.6893333979933,3325.9338480519154,2.0,240.0,2571.865749901664,99.95362856480408,77.11569673081382,99.62902851843263,0,3.1489548403498904,0.0006436844556318,3.297634991451304,16.285542919735676,0.1406753509208442,0.0032473937225523,13.69732461976443,5.809781575871057,0.8540608636720709,0.6744821346774463,139.53751934752853,39.74614774947519,4.036339106699188,0.8412680805172262,225.3961691354071,84.2362696502168,652.5650590574277,142.0,258.0,839.3786667959866,3325.9338480519154,2.0,240.0,2571.865749901664,0.854060863672071,0.3294042319095585,92.0707910807922,31.971568318671128,3.5089742317205705,0.7813701117038644,161.45918078529454,49.20207925327109,1,1,1,1,1,1,1,2,9.624206881834017,0.0411126004404078,33.87911151027641,11.96471304489423,0.0,0.0,0.0,0.0,0.0,0.0,0.0,2.3988246898804064,0.0,0.0,0.0,0.0,0.0,0.0,0.0,14.102289490502969,60.467233427621245,0.2212131796332236,212.71574767086744,50.75742902203422,0.0,0.0,0.0,417.6893333979933,0.0,0.0,0.0,0.0,3656.286318390436,0.0489352708434408,45247.98930717615,2576.316600926842,3.6878015577217913,1
0.0006795196775382,0.0009483933791274,13.966087932085514,0.911429556812788,0.3604493730192515,0.0538327078319195,2.5020960653288284,0.0296170912537618,1.717498624349835,0.6181817943052228,64.88119931134065,21.986400605439123,2.994223374803093,0.8133558515047965,107.1583583455304,29.607984533800312,2.652444406089193,0.7458843485312724,103.27719825628904,37.45102173012607,2785.1520634304024,1008.6256496811905,525.211082357848,4.0,4.0,34.0,2294.298893607569,931.0700084523774,99.95362856480408,99.8840714120102,83.7931833990262,0,0.0006795196775382,0.0009483933791274,13.966087932085514,0.911429556812788,0.3604493730192515,0.0538327078319195,2.5020960653288284,0.0296170912537618,1.717498624349835,0.6181817943052228,64.88119931134065,21.986400605439123,2.994223374803093,0.8133558515047965,107.1583583455304,29.607984533800312,2785.1520634304024,1008.6256496811905,525.211082357848,4.0,4.0,34.0,2294.298893607569,931.0700084523774,1.41516828750996,0.3994146462412717,37.271876545546775,20.402329493714447,2.559591250884734,0.7639259236317644,77.60140473788385,23.95355822424699,1,1,1,1,1,1,1,1,0.4219594163745961,0.0459629949349104,78.38242886141654,41.759264200620905,0.0,0.0,0.0,0.0,0.0,0.0,0.0,0.0,0.0,0.0,0.0,0.0,0.0,0.0,0.0,0.0,1.1916108520451572,0.2300452518431712,402.2237108359799,259.57424154956203,0.0,0.0,0.0,0.0,0.0,0.0,0.0,0.0,1.4199364227117854,0.052920817895588,161783.91355866595,67378.78687603038,2.042499469542155,1
0.0763158873054132,0.0143396445697677,12.180377610203095,5.108361080643576,0.5794866927283078,0.0203460417390601,20.72923744344021,4.627504841079755,2.638713239276436,0.9476603100706424,95.0824581461394,35.309597858240394,4.843546670098524,1.0742180094145868,246.40233396490945,76.10877032025068,3.835881522619945,0.9698432949958136,159.32505650401572,56.78213721661514,1723.134325091685,492.0,1096.1364909650415,1058.0,853.8457384287481,352.0,2285.1428355403764,2028.1669649259225,99.95362856480408,99.8840714120102,83.81636911662416,0,0.0763158873054132,0.0143396445697677,12.180377610203095,5.108361080643576,0.5794866927283078,0.0203460417390601,20.72923744344021,4.627504841079755,2.638713239276436,0.9476603100706424,95.0824581461394,35.309597858240394,4.843546670098524,1.0742180094145868,246.40233396490945,76.10877032025068,1723.134325091685,492.0,1096.1364909650415,1058.0,853.8457384287481,352.0,2285.1428355403764,2028.1669649259225,2.294489776202016,0.5511053907389386,67.82503205839663,31.04842769112195,3.7328030803739214,1.0112529619750736,120.95430154347942,43.73407305586447,1,1,1,1,1,1,1,1,0.3908321632858775,0.0400089073038806,27.37810025055968,11.924180502872886,0.0,0.0,0.0,0.0,0.0,0.0,0.0,0.0,0.0,0.0,0.0,0.0,0.0,0.0,0.0,0.0,1.0868998730676118,0.1966412585210233,89.39996636471643,31.003585906934816,0.0,0.0,0.0,0.0,0.0,0.0,0.0,0.0,1.1813513340743909,0.0386677845527319,7992.35398601243,961.2223390886872,3.901954130208023,1
0.1891023432771761,0.0149453315687608,72.27849748299845,0.2683697179571496,0.5046241475135522,0.0117580542697453,36.94543748193317,0.0360452609202042,2.2043646135323294,0.9228074626855018,52.33535499225566,33.49356403839485,2.9965479696606057,0.9406378861790377,166.47481562824714,40.19848039547534,3.69711559659101,0.8713344684438575,131.96828632916754,55.92132885543588,3017.655046770573,294.0,1460.2161982818857,6.0,1194.786276479111,641.2700904119386,2159.368035381217,52.0,99.95362856480408,84.21052631578947,25.11013215859031,0,0.1891023432771761,0.0149453315687608,72.27849748299845,0.2683697179571496,0.5046241475135522,0.0117580542697453,36.94543748193317,0.0360452609202042,2.2043646135323294,0.9228074626855018,52.33535499225566,33.49356403839485,2.9965479696606057,0.9406378861790377,166.47481562824714,40.19848039547534,3017.655046770573,294.0,1460.2161982818857,6.0,1194.786276479111,641.2700904119386,2159.368035381217,52.0,1.4492166533197222,0.5389765221613606,40.27815453831561,24.5895186960908,2.67852686442627,0.8722474212948205,108.08314318901904,38.2915845488369,1,1,1,1,1,1,1,1,9.56778837866666,0.0604432344841399,62.78048861106872,61.13924520755991,0.0,0.0,0.0,0.0,0.0,0.0,0.0,0.0,0.0,0.0,0.0,0.0,0.0,0.0,0.0,0.0,60.11592475061504,0.1946533975230343,182.1597547956929,126.31583666189026,0.0,0.0,0.0,0.0,0.0,0.0,0.0,0.0,3613.9244086216095,0.0378899451672604,33182.17626722695,15955.690591593338,3.637234335262904,1
0.327407859091338,0.0335082361908212,39.09580918608914,10.50723691993305,0.0015103433817329,0.0282146985114574,49.32347967945008,14.719079969429814,2.307762469304359,0.8059234817172589,69.20088574849323,25.51470717912724,3.1980605249816585,0.8515005857214859,133.16322019566644,46.10562739501428,2.866100005238636,0.8114083768399157,146.54008753746638,51.557843937297655,4.0,1970.3970631761624,1069.4274747008749,975.2499633861404,2632.9140034518578,810.8624777946188,2400.868645191946,2406.0997256057267,99.95362856480408,99.8840714120102,99.93044284720612,0,0.327407859091338,0.0335082361908212,39.09580918608914,10.50723691993305,0.0017473377327172,0.0539760046040631,49.32347967945008,14.719079969429814,2.307762469304359,0.8059234817172589,69.20088574849323,25.51470717912724,3.4656824967554742,0.8619970924603093,133.16322019566644,46.10562739501428,6.0,3887.794126352325,1069.4274747008749,975.2499633861404,2632.9140034518578,810.8624777946188,2400.868645191946,2406.0997256057267,1.87460104027762,0.5099718795384597,44.87858395011636,21.57983586174653,2.604643414123532,0.8309498220593776,90.7741499666581,31.37945372376301,1,1,1,1,2,2,1,1,0.7411557513461963,0.045796716363639,58.3716785838894,26.499527932792123,0.0,0.0,0.0,0.0,0.0002369943509843,0.0257613060926056,0.0,0.0,0.0,0.0,0.0,0.0,0.2676219717738157,0.0104965067388233,0.0,0.0,0.965159995692146,0.1451958980884686,134.8137595451828,52.05854646739671,2.0,1917.3970631761624,0.0,0.0,0.0,0.0,0.0,0.0,0.9315338172844636,0.0210818488217169,18174.749762706368,2710.0922602981027,3.4405735550133043,1
0.0011996262069384,0.0012159244020626,11.405994545482583,1.588181553356435,2.699565973169595,0.6867718895150063,83.51573347385431,68.78731203800558,2.9254765531675253,0.6824662282349445,58.54917014087621,32.23747490936423,6.084144896270801,1.4398040928388265,218.53311011958027,112.24412063159122,4.413995641966451,1.0898938738021289,164.5476425004636,76.45110230674456,2499.8367405105746,4025.052719601112,1791.5571867143024,2553.174901403449,2.0,2.0,1946.0709804831044,1275.0463220105753,99.95362856480408,99.8840714120102,99.95362856480408,0,0.0011996262069384,0.0012159244020626,11.405994545482583,1.588181553356435,2.699565973169595,0.6867718895150063,83.51573347385431,68.78731203800558,2.9254765531675253,0.6824662282349445,58.54917014087621,32.23747490936423,6.084144896270801,1.4398040928388265,218.53311011958027,112.24412063159122,2499.8367405105746,4025.052719601112,1791.5571867143024,2553.174901403449,2.0,2.0,1946.0709804831044,1275.0463220105753,1.5877189026050715,0.4314128691221567,42.46360041443791,27.71677636444486,4.218800914328839,1.1026844987432125,89.50863970925917,48.23635437409396,1,1,1,1,1,1,1,1,0.578882896515724,0.0634569848156397,80.73700771618759,17.583671462119003,0.0,0.0,0.0,0.0,0.0,0.0,0.0,0.0,0.0,0.0,0.0,0.0,0.0,0.0,0.0,0.0,1.7913205775986256,0.3863226866926177,161.00575114063048,62.54201939877248,0.0,0.0,0.0,0.0,0.0,0.0,0.0,0.0,3.2088294117282734,0.1492452182534025,25922.85190035863,3911.504190476433,2.2248471141783392,1
0.7256245290706294,0.0610575745088166,20.239150602574117,10.315315519462146,0.0007776071686871,0.0107729229876354,0.037461899633854,3.080866074582474,1.9858800123833644,0.8763429081669489,325.2032451597745,55.41429198451418,2.850873705706055,1.0499715497968398,419.0885842392639,64.79449907091055,2.485677101968109,0.9038251749377412,383.5838133432128,62.10527587156922,4.0,186.0,2.0,753.0177178008325,4150.722467232076,1586.5999744565,1472.0747693683743,4281.88131810745,99.95362856480408,99.8840714120102,99.95362856480408,0,0.7256245290706294,0.0610575745088166,20.239150602574117,10.315315519462146,0.0007776071686871,0.0107729229876354,0.037461899633854,3.080866074582474,1.9858800123833644,0.8763429081669489,325.2032451597745,55.41429198451418,2.850873705706055,1.0499715497968398,419.0885842392639,64.79449907091055,4.0,186.0,2.0,753.0177178008325,4150.722467232076,1586.5999744565,1472.0747693683743,4281.88131810745,1.6531365403762353,0.5033571890889343,281.06008135534483,49.91884126325642,2.45575428815708,0.9415004916970332,383.6754942610962,59.95571646570616,1,1,1,1,1,1,1,1,0.194461057943696,0.0373648760818701,20.63967050870011,6.282352057246884,0.0,0.0,0.0,0.0,0.0,0.0,0.0,0.0,0.0,0.0,0.0,0.0,0.0,0.0,0.0,0.0,0.5604468470745261,0.2102565057358795,73.18657929141736,24.485467846443377,0.0,0.0,0.0,0.0,0.0,0.0,0.0,0.0,0.3141006683957772,0.0442077982042619,5356.275388378921,599.5381356592125,3.190274611494433,1
0.0023528765501157,0.0297021049728906,0.1564756415002648,3.898139402207889,0.794694876602756,0.0488464423340659,1.210774557603429,1.22274484940257,2.9801269602558165,0.6842614351865421,133.8856112236515,28.556811611836977,3.774821836858573,0.7834918989407812,234.1999763168092,32.48091359044706,2.9667899138784586,0.7165944307583845,174.76651380710888,33.39450662766499,3083.600237402771,1711.5702507006824,36.0,909.8011825452944,4.0,867.1615041750683,4.0,3089.873617873888,99.95362856480408,80.26895432413633,99.95362856480408,0,0.0023528765501157,0.0560577494520104,0.1564756415002648,3.898139402207889,0.794694876602756,0.0959506179949052,1.210774557603429,1.22274484940257,2.9801269602558165,0.6779936103715453,133.8856112236515,28.556811611836977,3.774821836858573,0.7864798779964441,234.1999763168092,32.48091359044706,3083.600237402771,3368.109401050941,36.0,909.8011825452944,4.0,1702.323008350137,4.0,3089.873617873888,0.854060863672071,0.4132248297214452,111.42233903229372,26.627119117281065,3.1989742956610097,0.7404599957563226,161.07289132739095,31.41917308968815,1,2,1,1,1,2,1,1,0.3755070143671352,0.0338854529661322,25.9461890277888,8.63850622535285,0.0,0.0263556444791198,0.0,0.0,0.0,0.0471041756608392,0.0,0.0,0.0,0.0062678248149968,0.0,0.0,0.0,0.0029879790556629,0.0,0.0,1.2166980765194029,0.1570117653453155,77.25817364603452,33.988145024358275,0.0,1656.5391503502583,0.0,0.0,0.0,835.1615041750683,0.0,0.0,1.480354209406015,0.0246526944568524,5968.825395120823,1155.19400219681,3.4057006145343878,0
0.026423606260516,0.041540031358124,17.138172888248732,4.188302161627245,0.168399606051055,0.0009377364401821,19.590808358720096,1.4032121959490098,1.6164513433445986,0.8175330474287337,270.3276244655105,48.43486009946756,2.343725790000285,1.2206468713951877,411.86290063057055,72.97028763646632,2.043701466669865,0.8713625573231252,365.38824158110816,65.71388959424245,1867.109273624915,8.0,1922.5950729526132,1235.6194434478548,958.5768655278398,932.5618651144308,502.0,506.50195270909273,99.95362856480408,99.95362856480408,100.02318571759795,0,0.026423606260516,0.0816556991746819,17.138172888248732,4.548695129882709,0.168399606051055,0.0009377364401821,19.590808358720096,1.4032121959490098,1.6164513433445986,0.7929530007050853,270.3276244655105,47.01048973635688,2.343725790000285,1.2206468713951877,411.86290063057055,72.97028763646632,1867.109273624915,8.0,1922.5950729526132,1235.6194434478548,958.5768655278398,1844.1237302288612,502.0,590.0,1.4104855506775869,0.376063014119104,234.22279658606837,41.23695312193205,1.9315231091846643,0.8846146171880278,373.0824080269818,65.95242152474306,1,2,1,2,1,1,1,1,0.2026526974961633,0.0444236445961509,25.79642942416566,7.518200509535532,0.0,0.0401156678165579,0.0,0.3603929682554643,0.0,0.0,0.0,0.0,0.0,0.0245800467236483,0.0,1.4243703631106823,0.0,0.0,0.0,0.0,0.4982814218174504,0.2820602764196067,90.17012250385316,20.41256705512331,0.0,0.0,0.0,0.0,0.0,911.5618651144308,0.0,83.49804729090727,0.2482843753284199,0.0795579995339049,8130.650992359886,416.6728937799056,3.647754976859595,1
0.0087199468831508,0.0002198067762888,0.9886573794508706,0.1115158851530324,0.1737574277438678,0.0002632155006231,120.11185157427764,26.3739959146101,1.6703599388795134,0.7075885585980399,146.67013223775658,39.63025021445153,2.90233317233762,0.9432267967680864,365.71976953056657,74.96547553484,2.3757285304026583,0.7553570651151095,296.788005349013,52.34086838663177,976.410739203708,2.0,3581.3270845439583,1784.6366503787667,105.5,2.0,24.0,20.0,99.95362856480408,99.83769997681428,90.21562717366103,0,0.0167158390839576,0.0002198067762888,0.9886573794508706,0.1115158851530324,0.3451003917661883,0.0002632155006231,120.11185157427764,26.3739959146101,1.633618550085286,0.7075885585980399,146.67013223775658,39.63025021445153,2.985621167769402,0.9432267967680864,365.71976953056657,74.96547553484,1950.821478407416,2.0,3581.3270845439583,1784.6366503787667,205.0,2.0,24.0,20.0,1.4172242103640855,0.3237849103574256,109.58006360858336,26.415780689180156,2.3466376994644023,0.80088605916607,275.99369992402364,45.41611042778938,2,1,1,1,2,1,1,1,0.3588883536674284,0.0397618851057045,70.46421964259807,6.13145944668385,0.0079958922008068,0.0,0.0,0.0,0.1713429640223205,0.0,0.0,0.0,0.0367413887942273,0.0,0.0,0.0,0.083287995431782,0.0,0.0,0.0,1.4942738630999095,0.2365127309652571,310.6335213669757,26.75378155857334,974.410739203708,0.0,0.0,0.0,99.5,0.0,0.0,0.0,2.232854377943527,0.0559382719086441,96493.18459684734,715.7648276838589,3.8851043919468817,1
0.0008043527800585,0.1109195416482147,32.00307143530762,12.4925096274209,0.413287833626311,0.3340889874613608,78.7905584057346,58.35480443008845,1.5712822654028007,0.9011099835285936,434.3518200476674,83.90828628771729,2.434135881219538,1.909138440514672,1100.6155632968762,217.05064658388176,2.159793066028312,1.240398080185129,813.9918394183325,151.0604309448889,1933.570726405257,1417.446240521425,1289.0096981041568,1965.426958557932,2.0,760.7327999243034,400.5300984355245,532.1602127407141,99.95362856480408,99.95362856480408,100.02318571759795,0,0.0008043527800585,0.2215988792465617,32.00307143530762,12.4925096274209,0.413287833626311,0.3340889874613608,78.7905584057346,58.35480443008845,1.5712822654028007,0.8288464981765358,434.3518200476674,83.90828628771729,2.434135881219538,1.909138440514672,1100.6155632968762,217.05064658388176,1933.570726405257,1417.446240521425,1289.0096981041568,1965.426958557932,2.0,1504.4655998486069,400.5300984355245,532.1602127407141,1.3749293387960322,0.4261250906166911,345.63303700319113,64.76046878773803,2.126245111024634,1.1518854125060356,811.9190215092597,144.22112491296895,1,2,1,1,1,1,1,1,0.2047285983416289,0.1000176913567574,72.14998998279822,17.089276813125245,0.0,0.110679337598347,0.0,0.0,0.0,0.0,0.0,0.0,0.0,0.0722634853520577,0.0,0.0,0.0,0.0,0.0,0.0,0.5824494565727175,0.5714379665775352,345.66995474593955,74.28817755648909,0.0,0.0,0.0,0.0,0.0,743.7327999243034,0.0,0.0,0.3392473694618539,0.3265413496462682,119487.7176140599,5518.733324664448,2.630208295075467,1
0.0594340937720809,0.0002537913752505,2.9927499140272964,1.248573180123337,2.5742784569689032,0.0002923217171063,1.041421385397399,0.0786114491352165,1.7887882264157031,0.6175717772015301,25.87112146005532,22.79359430124942,7.815655832832003,0.7639114703474408,95.96715664928932,28.95436752421432,4.070865216694945,0.6452664330257623,73.92023989550275,28.181419862757544,1542.889751179947,4.0,580.0,4.0,834.2747664047438,1.3501812176251171,1083.6427288243026,1847.3286751531489,99.95362856480408,92.37189891027128,65.22142360306052,1,0.0594340937720809,0.0002537913752505,2.9927499140272964,1.248573180123337,2.5742784569689032,0.0002923217171063,1.041421385397399,0.0786114491352165,1.7887882264157031,0.6175717772015301,25.87112146005532,22.79359430124942,7.815655832832003,0.7639114703474408,95.96715664928932,28.95436752421432,1542.889751179947,4.0,580.0,4.0,834.2747664047438,1.3501812176251171,1083.6427288243026,1847.3286751531489,1.4893724353787356,0.2818671813501581,21.52065088203497,20.49794029924158,2.360081784520628,0.6924926046024507,80.77806585850712,23.502211529119293,1,1,1,1,1,1,1,1,0.7374821430657343,0.0373254833132224,10.0696420357425,8.279955636820661,0.0,0.0,0.0,0.0,0.0,0.0,0.0,0.0,0.0,0.0,0.0,0.0,0.0,0.0,0.0,0.0,3.115425896951652,0.207935906675364,48.85185895849445,17.928552075188474,0.0,0.0,0.0,0.0,0.0,0.0,0.0,0.0,9.705878519397007,0.0432373412849057,2386.504123700634,321.43297951274496,5.431984385624636,1
0.0016013970562402,0.0,0.0633844916610044,0.0,0.1035356842687731,0.0,0.0008894107757129,0.0,1.2652951289405292,0.0,48.73146105869547,0.0,2.781486430913834,0.0,126.2419351806212,0.0,2.0017497643418727,0.5329940960642741,94.69392804656005,37.39916621422677,410.0,0.0,2.0,0.0,12.0,0.0,12.0,0.0,68.86158126594019,68.86158126594019,0.0,0,0.0016013970562402,0.0,0.0633844916610044,0.0,0.1035356842687731,0.0,0.0008894107757129,0.0,1.2652951289405292,0.0,48.73146105869547,0.0,2.781486430913834,0.0,126.2419351806212,0.0,410.0,0.0,2.0,0.0,12.0,0.0,12.0,0.0,0.930000724613318,0.2362534603677988,39.27691720457594,20.27572987306378,1.6897914425075464,0.4913897698139214,73.64532868369339,28.415173319713023,1,0,1,0,1,0,1,0,0.233857987178836,0.0627072761808201,31.55258262282693,13.863448877177673,0.0,0.0,0.0,0.0,0.0,0.0,0.0,0.0,0.0,0.0,0.0,0.0,0.0,0.0,0.0,0.0,0.8403892160583325,0.2550838650440667,111.66941561986272,31.90686420105947,0.0,0.0,0.0,0.0,0.0,0.0,0.0,0.0,0.7062540344671386,0.0650677782058196,12470.05838488164,1018.0479831448504,2.968275428105888,1
0.0266176618004143,0.0,1.6539374657189114,0.0,0.0209239151074069,0.0,10.4232320549622,0.0,2.322024286510662,0.0,64.78407097839892,0.0,2.4840876601208985,0.0,82.00199455460884,0.0,2.2923956870384976,0.4906655863984026,88.14508081345282,37.49449545505312,106.0,0.0,850.0,0.0,270.0,0.0,267.89089459878346,0.0,55.87757941108278,55.87757941108278,0.0,0,0.0266176618004143,0.0,1.6539374657189114,0.0,0.0209239151074069,0.0,10.4232320549622,0.0,2.322024286510662,0.0,64.78407097839892,0.0,2.4840876601208985,0.0,82.00199455460884,0.0,106.0,0.0,850.0,0.0,270.0,0.0,267.89089459878346,0.0,1.2628184402213816,0.1997108318745066,51.8059074523905,20.259340626694453,2.351801396436163,0.385460583527965,70.82145744761829,23.6907342206483,1,0,1,0,1,0,1,0,0.1776380122798903,0.0623176932682751,10.961587423394546,8.455714844582236,0.0,0.0,0.0,0.0,0.0,0.0,0.0,0.0,0.0,0.0,0.0,0.0,0.0,0.0,0.0,0.0,0.5320509679807147,0.324581589753101,86.03639235333151,43.97016804339484,0.0,0.0,0.0,0.0,0.0,0.0,0.0,0.0,0.2830782325292155,0.1053532084066503,7402.2608091764,1933.375677764381,3.279114668781568,1
0.0005117091621449,0.1187987314455336,40.8416488342024,5.8406106828887125,1.1907684857641447,0.1326364851345891,0.1223388700071836,6.50468615822507,2.449650872387423,0.4786563086716464,46.95323437486104,23.06895665823362,4.58033362346976,0.6217821071619675,148.54613997375668,43.101440728676735,3.7391803788240967,0.5441785102392542,88.99634475627239,34.84662725406619,3152.3794143973755,2048.556640219803,2.0,1407.8800977665996,2.0,2713.35640139508,2885.708553863888,2338.757342092149,99.95362856480408,99.95362856480408,97.28727104103872,0,0.0005117091621449,0.1187987314455336,40.8416488342024,5.8406106828887125,1.1907684857641447,0.1326364851345891,0.1223388700071836,6.50468615822507,2.449650872387423,0.4786563086716464,46.95323437486104,23.06895665823362,4.58033362346976,0.6217821071619675,148.54613997375668,43.101440728676735,3152.3794143973755,2048.556640219803,2.0,1407.8800977665996,2.0,2713.35640139508,2885.708553863888,2338.757342092149,2.0697251372643968,0.2343138284849637,40.832863103707815,20.750034323232143,3.542193073764194,0.5259908390218387,70.57619764880982,28.934156624779177,1,1,1,1,1,1,1,1,0.3950892716374187,0.0404327026516817,17.721650442635976,4.029360812803724,0.0,0.0,0.0,0.0,0.0,0.0,0.0,0.0,0.0,0.0,0.0,0.0,0.0,0.0,0.0,0.0,1.221515989341894,0.2079305399802271,51.36885102121855,17.0361007373787,0.0,0.0,0.0,0.0,0.0,0.0,0.0,0.0,1.492101312217906,0.0432351094564688,2638.758855240146,290.22872833411503,3.5670190197439613,1
0.0747141334091137,0.0218116803861376,0.5777468051492605,0.92652325496978,0.0102547483784096,0.1184291044037691,1.9624710088386053,2.242561779694107,1.740200729064297,0.8759236547118985,152.2181123058824,35.85759803165166,2.455717755352356,0.99991472225308,190.4990460892214,38.27120137224598,5.024127906588562,0.8994191748705688,189.87649405058656,46.62320315265509,58.0,2600.913267540829,193.39215279436644,2667.943088374246,472.0,675.1349912263264,95.0,1485.117268657487,99.95362856480408,94.04127057732435,74.35659633665662,0,0.0747141334091137,0.0218116803861376,1.15147765689602,0.92652325496978,0.0102547483784096,0.1184291044037691,3.457409142766238,2.242561779694107,1.740200729064297,0.8759236547118985,151.87185080500322,35.85759803165166,2.455717755352356,0.99991472225308,197.4743357984597,38.27120137224598,58.0,2600.913267540829,370.7843055887329,2667.943088374246,472.0,675.1349912263264,188.0,1485.117268657487,1.121286270962182,0.5056309695695991,138.42612296286742,32.398240240821984,2.084481813256597,0.9219747683606536,170.43941022520858,36.94065738553785,1,1,2,1,1,1,2,1,18.20481355150779,0.0572985811068758,71.89654114410904,37.32422777141359,0.0,0.0,0.5737308517467596,0.0,0.0,0.0,1.4949381339276329,0.0,0.0,0.0,0.3462615008791658,0.0,0.0,0.0,6.975289709238282,0.0,99.31506681378374,0.219780929316918,442.0284400197842,162.23234320841604,0.0,0.0,177.39215279436644,0.0,0.0,0.0,93.0,0.0,9863.482496226328,0.0483036568914081,195389.141786324,26319.333182893293,3.0926978423457867,1
0.0002207789646468,0.0830237322478687,2.2897098028351195,2.501355249014061,0.1387479716767363,0.0568309375808833,3.043804788294324,0.5761802717750584,1.4523143164407646,0.7072053783709823,103.7459033253216,26.17860933356542,3.1623234310903574,0.9028475384904752,151.87372465041807,29.49017298072277,2.2196102836680427,0.7650139142220499,130.1971145830348,33.849046807155936,572.0234013047624,814.231285812426,623.3625185145403,494.0,4.0,600.0,1555.7883877992035,1744.0446714411098,99.95362856480408,99.95362856480408,58.68305124043589,0,0.0004189788258837,0.0830237322478687,2.2897098028351195,2.501355249014061,0.1387479716767363,0.0568309375808833,3.043804788294324,0.5761802717750584,1.4128843402354776,0.7072053783709823,103.7459033253216,26.17860933356542,3.1623234310903574,0.9028475384904752,151.87372465041807,29.49017298072277,572.0234013047624,814.231285812426,623.3625185145403,494.0,6.0,600.0,1555.7883877992035,1744.0446714411098,1.2216228288255178,0.357998946851089,95.2365482340953,24.168731535606117,1.9989885975169928,0.8338366478268737,122.18239970767412,28.2221405194637,2,1,1,1,1,1,1,1,0.4249263469812763,0.0382977410131937,23.623985156303892,17.846146857433922,0.0001981998612368,0.0,0.0,0.0,0.0,0.0,0.0,0.0,0.0394299762052869,0.0,0.0,0.0,0.0,0.0,0.0,0.0,0.9647117328880084,0.2159315780309015,83.68822089210012,46.02084822263024,0.0,0.0,0.0,0.0,2.0,0.0,0.0,0.0,0.930668727571784,0.0466264463909153,7003.718316084942,2117.9184711303687,3.197275465247458,1
0.3064280268480241,0.0264284114733839,0.2160621475749238,0.0222266498909888,0.1567935873938424,0.0159480224226422,19.377893366569843,6.603216131608459,3.412100698443564,0.7269724163436844,34.863352523941984,23.50613277350537,5.228241750459211,0.8401949300521724,70.79829247939264,31.91147361649348,4.276263012846515,0.7569207447440857,59.14291927034162,34.726415550588705,162.0,242.0,2513.6549367348653,985.6561810793816,2046.5845733275164,462.0,38.0,62.0,99.95362856480408,99.83769997681428,63.48249478321354,0,0.3064280268480241,0.0264284114733839,0.2160621475749238,0.0222266498909888,0.1567935873938424,0.0159480224226422,19.377893366569843,6.603216131608459,3.412100698443564,0.7269724163436844,34.863352523941984,23.50613277350537,5.228241750459211,0.8401949300521724,70.79829247939264,31.91147361649348,162.0,242.0,2513.6549367348653,985.6561810793816,2046.5845733275164,462.0,38.0,62.0,2.2074339040722784,0.3533266538674507,31.45491526179147,21.95309097792241,3.81123890223663,0.781923518720075,51.654849376224846,26.00514364052419,1,1,1,1,1,1,1,1,2.1261686294588054,0.0542236822703379,9.8965638811378,6.9761705323282905,0.0,0.0,0.0,0.0,0.0,0.0,0.0,0.0,0.0,0.0,0.0,0.0,0.0,0.0,0.0,0.0,10.929661530738416,0.21484754714394,36.67173908047439,22.311362617747445,0.0,0.0,0.0,0.0,0.0,0.0,0.0,0.0,119.4575011765032,0.0461594685137675,1344.8164471863925,497.7969018606181,2.037966845086764,1
0.0540439442888083,0.0850070844719299,0.2574923197099963,0.0046204607078621,0.3637425519110808,0.0744769926821071,0.3575990728945726,0.0804142071299622,1.27771287331811,0.7421868117246748,212.5128861364412,33.03798688664759,2.0489067066068904,0.8803167599852217,313.12688982082864,52.79383878375752,3.1153477759884023,0.7891691343807189,272.68699701851347,47.682950211577385,3063.439606138867,3187.747174443974,4.0,18.0,248.86507624430192,472.0,2.0,2.0,99.95362856480408,96.29028518432644,100.02318571759795,0,0.1060908453337468,0.0850070844719299,0.2574923197099963,0.0046204607078621,0.3637425519110808,0.0744769926821071,0.3575990728945726,0.0804142071299622,1.2432467971677643,0.7421868117246748,212.5128861364412,33.03798688664759,2.0489067066068904,0.8803167599852217,313.12688982082864,52.79383878375752,3063.439606138867,3187.747174443974,4.0,18.0,463.73015248860384,472.0,2.0,2.0,0.9890732592883008,0.3587135788802058,94.30258212709076,22.60829953092304,1.7752356107437788,0.8459762614279891,257.75315782032106,43.354916697002295,2,1,1,1,1,1,1,1,9.611904289385995,0.0436896493661147,26.350603771402827,6.377761556420777,0.0520469010449384,0.0,0.0,0.0,0.0,0.0,0.0,0.0,0.0344660761503456,0.0,0.0,0.0,0.0,0.0,0.0,0.0,67.78233469457217,0.2183083862378271,138.660537970142,24.90533319395832,0.0,0.0,0.0,0.0,214.86507624430192,0.0,0.0,0.0,4594.444896647003,0.0476585515017643,19226.74479016919,620.2756215020819,1.6155527794790794,1
0.0610271581688373,0.008258613806122,4.184486925380639,0.1602924210470604,0.0020558293387822,0.0563279653637512,10.59606324284428,0.0148193396469107,2.545699109685992,0.5046901090322716,75.81134364865665,22.016206732053547,3.647990661852454,0.752433373090847,133.3078800918984,28.796457465869658,11.686199560895933,0.6287951484946694,95.63626766219988,27.29312327719511,5.5,1416.96029483462,946.3465365103964,14.5,380.0,150.0,444.2889651369451,747.1258089734,99.95362856480408,97.91328541618364,75.23765360537908,0,0.0610271581688373,0.008258613806122,4.184486925380639,0.1602924210470604,0.0038134743432127,0.0563279653637512,10.59606324284428,0.0204079731478401,2.545699109685992,0.5046901090322716,75.81134364865665,22.016206732053547,3.9135901522852494,0.752433373090847,133.3078800918984,32.166053266530525,9.0,1416.96029483462,946.3465365103964,25.0,380.0,150.0,444.2889651369451,747.1258089734,1.7539799120406796,0.2874371043964157,30.80399363209551,20.48019254333026,3.029122099820204,0.6537088734231007,85.81481288285609,23.947349865564945,1,1,1,1,2,1,1,2,46.77417420009846,0.0316727221264155,48.48575769023587,5.7845390071055816,0.0,0.0,0.0,0.0,0.0017576450044305,0.0,0.0,0.0055886335009294,0.0,0.0,0.0,0.0,0.2655994904327956,0.0,0.0,3.369595800660869,175.86767905887424,0.1858172156625293,233.79041318940352,11.541648031716734,3.5,0.0,0.0,10.5,0.0,0.0,0.0,0.0,30929.44053755519,0.0345280376365749,54657.95729927202,133.20963928803076,1.6133377217462967,1
0.00109995023552,0.0,10.353832497151842,0.0,2.185740189141643,0.0,0.0749642836370441,0.0,3.580244819247264,0.0,27.723816027430985,0.0,6.199906145852948,0.0,50.12503017501771,0.0,4.842588023987778,0.5570746109951067,47.74788931368036,42.39078093333902,2354.804517620468,0.0,4.0,0.0,2.0,0.0,3041.6651294162616,0.0,99.95362856480408,99.51309993044283,0.0,0,0.00109995023552,0.0,10.353832497151842,0.0,2.185740189141643,0.0,0.0749642836370441,0.0,3.580244819247264,0.0,27.723816027430985,0.0,6.199906145852948,0.0,50.12503017501771,0.0,2354.804517620468,0.0,4.0,0.0,2.0,0.0,3041.6651294162616,0.0,2.9015383936580688,0.2464748851851913,23.49287914580357,20.162136945969685,4.405912616482671,0.529114020793747,34.63670385898643,22.780995164036543,1,0,1,0,1,0,1,0,0.7077888386400188,0.0727866317744085,53.29191689339329,79.99317091432157,0.0,0.0,0.0,0.0,0.0,0.0,0.0,0.0,0.0,0.0,0.0,0.0,0.0,0.0,0.0,0.0,2.037247715627412,0.2263067217907134,329.1271802688737,273.126750123536,0.0,0.0,0.0,0.0,0.0,0.0,0.0,0.0,4.15037825482911,0.0512147323276593,108324.70079173968,74598.22163304446,3.60330674116496,1
0.1115384732682431,0.0,8.909350517261238,0.0,0.00024867003677,0.0,6.227881607727049,0.0,3.075764058485431,0.0,27.801163753049053,0.0,6.690104847058787,0.0,53.83928442263799,0.0,5.026769142511318,0.4203612159903774,54.59845232949185,37.86799145219203,2.0,0.0,452.0,0.0,594.0,0.0,2044.60265498225,0.0,99.95362856480408,83.28309761187109,0.0,0,0.1115384732682431,0.0,8.909350517261238,0.0,0.00024867003677,0.0,6.227881607727049,0.0,3.075764058485431,0.0,27.801163753049053,0.0,6.690104847058787,0.0,53.83928442263799,0.0,2.0,0.0,452.0,0.0,594.0,0.0,2044.60265498225,0.0,2.16156497034306,0.2018720437981136,21.317662357177312,20.35575147770641,3.789311611974029,0.3679917307311404,34.51999697619564,25.515902593502293,1,0,1,0,1,0,1,0,3.832501266220705,0.0936277987560604,44.061959557872505,46.71968768956218,0.0,0.0,0.0,0.0,0.0,0.0,0.0,0.0,0.0,0.0,0.0,0.0,0.0,0.0,0.0,0.0,18.123447254602425,0.2078414945037315,152.0054989015187,117.35465335496174,0.0,0.0,0.0,0.0,0.0,0.0,0.0,0.0,328.4593403903562,0.0431980868375446,23105.67169629961,13772.114664063234,2.6305628916499915,1
0.0002326476778615,0.05298957143315,0.0036223249207552,3.4020892622835106,0.6803507696840865,0.0961970356118571,378.9222993440955,12.01306517735152,2.0482241542457613,0.7173980793977801,112.73532135666645,57.6112809853003,3.3820755145676964,0.8675912855148795,622.3047639008712,69.62434616265182,3.0170609702876185,0.733978772745735,431.19424173371647,61.57397044196456,3429.004381871075,1621.7627455826075,2826.971833101368,1311.0,2.0,550.0,2.0,187.2916616041398,99.95362856480408,99.95362856480408,56.99049385578484,0,0.0002326476778615,0.05298957143315,0.0036223249207552,3.4020892622835106,0.6803507696840865,0.0961970356118571,378.9222993440955,12.01306517735152,2.0482241542457613,0.7173980793977801,112.73532135666645,57.6112809853003,3.3820755145676964,0.8675912855148795,622.3047639008712,69.62434616265182,3429.004381871075,1621.7627455826075,2826.971833101368,1311.0,2.0,550.0,2.0,187.2916616041398,1.7395544488814492,0.3059364440816952,96.50394824781512,27.63290108344244,2.906363875931078,0.7962397724980079,329.9405565409538,48.06410518218839,1,1,1,1,1,1,1,1,0.3133442660178618,0.0327484406149951,58.27775033351071,13.614579550656448,0.0,0.0,0.0,0.0,0.0,0.0,0.0,0.0,0.0,0.0,0.0,0.0,0.0,0.0,0.0,0.0,0.9329880728368428,0.2293504514353658,318.90621932726003,38.45035447167604,0.0,0.0,0.0,0.0,0.0,0.0,0.0,0.0,0.8704667440558058,0.0526016295736061,101701.17672560646,1478.429758997538,4.2744238558036844,0
0.0004539541409673,0.0855439429793255,106.7439756243764,4.977373182029886,0.709917495004242,0.0001464366619419,0.0557757068975774,0.0964842244502222,2.4420106916957383,0.674681327486546,180.13306795227163,37.48270200981468,3.3091818072442623,0.8753923570953763,335.45519728812167,60.349119981200325,3.1502222684952934,0.723983905350796,309.90617721217814,67.77002224817046,4062.6298937440392,4.0,2.0,8.0,2.0,633.4182009020044,2510.398841614525,1621.5717444352526,99.95362856480408,99.90725712960815,60.2828657546951,0,0.0004539541409673,0.0855439429793255,106.7439756243764,4.977373182029886,0.709917495004242,0.0001464366619419,0.0557757068975774,0.0964842244502222,2.4420106916957383,0.674681327486546,180.13306795227163,37.48270200981468,3.3091818072442623,0.8753923570953763,335.45519728812167,60.349119981200325,4062.6298937440392,4.0,2.0,8.0,2.0,633.4182009020044,2510.398841614525,1621.5717444352526,1.9671773496486171,0.2849993045658415,125.62041423586136,28.52819523392226,2.890715718486335,0.8013296678871833,218.4812310925992,41.57382168339119,1,1,1,1,1,1,1,1,0.3474523752346509,0.0336927292149316,41.71216184017676,16.803473636834948,0.0,0.0,0.0,0.0,0.0,0.0,0.0,0.0,0.0,0.0,0.0,0.0,0.0,0.0,0.0,0.0,1.1112077339733064,0.2326291002974834,243.97075167063733,68.8846725532533,0.0,0.0,0.0,0.0,0.0,0.0,0.0,0.0,1.2347826280420904,0.0541162983052166,59521.72767073578,4745.098112768927,4.139337980953576,0
0.0688857409457002,0.091556350315672,4.480564271440073,13.678453342588485,0.0248845193286051,0.0739039591180342,63.18187197081198,15.415288612784074,2.410236404433358,0.7017116947719433,229.27297969988044,44.52291290561055,3.039768429861482,0.7932680450876153,340.20371261952664,67.82579340873357,2.780087514996368,0.7053615208218087,362.3686805355867,68.28827014350304,74.0,1885.306891322501,1038.0,1028.6628879576542,386.0,750.8282219037981,106.0,913.9564634201512,66.58938094134014,66.58938094134014,61.25666589380941,0,0.0688857409457002,0.091556350315672,4.480564271440073,13.678453342588485,0.0248845193286051,0.0739039591180342,63.18187197081198,15.415288612784074,2.410236404433358,0.7017116947719433,229.27297969988044,44.52291290561055,3.039768429861482,0.7932680450876153,340.20371261952664,67.82579340873357,74.0,1885.306891322501,1038.0,1028.6628879576542,386.0,750.8282219037981,106.0,913.9564634201512,1.8307978474322804,0.2915199459399892,114.10688670456474,24.110745144819926,2.687395466609061,0.7553706226922765,308.69472818823215,55.00152137871248,1,1,1,1,1,1,1,1,0.3058438051465849,0.0423629230767905,42.41928441471475,16.331549554853925,0.0,0.0,0.0,0.0,0.0,0.0,0.0,0.0,0.0,0.0,0.0,0.0,0.0,0.0,0.0,0.0,0.676498872596756,0.2173060009000399,206.76754203815267,41.32344670628455,0.0,0.0,0.0,0.0,0.0,0.0,0.0,0.0,0.4576507246246818,0.0472218980271681,42752.81644049923,1707.6272476871395,3.693841194615533,0
0.1820787040867344,0.0443887893187393,4.327030889951374,0.0606825071219887,0.1927220899896655,0.032202115521779,74.74308879686919,8.35727729038824,2.522023652038416,0.6085958466858707,146.65458112310114,26.08380795571641,3.468159892144112,0.7040697865782226,348.9480867961853,40.272892429034485,3.2178164826794693,0.6510718898128633,358.62042256713426,58.48554715263065,1186.7572608040846,461.6861251117193,2704.6693649695208,1605.7199083992691,1163.470507996315,1089.7537168747724,837.873661519024,98.0,99.95362856480408,99.95362856480408,62.48550892650128,0,0.1820787040867344,0.0443887893187393,4.327030889951374,0.0606825071219887,0.3842508726838436,0.032202115521779,74.74308879686919,8.35727729038824,2.522023652038416,0.6085958466858707,146.65458112310114,26.08380795571641,3.521867716976142,0.7040697865782226,348.9480867961853,40.272892429034485,2368.514521608169,461.6861251117193,2704.6693649695208,1605.7199083992691,1163.470507996315,1089.7537168747724,837.873661519024,98.0,2.050824862208878,0.3456897439226412,131.69803245453787,24.90409406444516,3.1128489096503613,0.6462911061206706,264.53562517360393,32.20179179708994,1,1,1,1,2,1,1,1,0.3802558991511179,0.0683134171683308,86.29947600889014,27.80850466227278,0.0,0.0,0.0,0.0,0.191528782694178,0.0,0.0,0.0,0.0,0.0,0.0,0.0,0.0537078248320299,0.0,0.0,0.0,0.8526441068746355,0.188136538960873,346.79089499944314,90.997958078983,1181.7572608040846,0.0,0.0,0.0,0.0,0.0,0.0,0.0,0.7270019729880449,0.0353953572921761,120263.9248545148,8280.628374544345,4.05272443159705,0
0.4485596371206564,0.002158852460353,17.87715215525219,0.1255089273998919,0.0039757141764553,0.0476010763333243,173.62046031369172,0.0302387255668747,1.697809555311519,0.5392666386145981,149.49156683505723,25.376040020927626,3.753945617997829,0.7556178421927727,333.9757456494428,73.4330724157049,2.772948236401884,0.6108908466077367,239.2867342435001,48.67445089205594,6.0,991.308613978588,3977.223422600719,4.0,1622.7871412981044,46.0,440.3763656478692,56.0,99.95362856480408,99.95362856480408,76.3273823324832,0,0.4485596371206564,0.002158852460353,17.87715215525219,0.1255089273998919,0.0039757141764553,0.0476010763333243,173.62046031369172,0.0302387255668747,1.697809555311519,0.5392666386145981,149.49156683505723,25.376040020927626,3.753945617997829,0.7556178421927727,333.9757456494428,73.4330724157049,6.0,991.308613978588,3977.223422600719,4.0,1622.7871412981044,46.0,440.3763656478692,56.0,1.1002714083373302,0.2732182422219819,120.36605269421284,22.131387841772685,2.8832373670811755,0.6398446582294839,213.8401034978749,34.554978972190376,1,1,1,1,1,1,1,1,0.3156699560013242,0.0349029647470573,24.927070064333225,8.043624352385768,0.0,0.0,0.0,0.0,0.0,0.0,0.0,0.0,0.0,0.0,0.0,0.0,0.0,0.0,0.0,0.0,0.9872241436137128,0.1939362197276565,99.76671930030328,29.540486942154395,0.0,0.0,0.0,0.0,0.0,0.0,0.0,0.0,0.9746115097338288,0.0376112573222538,9953.398279945504,872.6403687795944,3.113448769145992,0
0.2930079391629796,0.0494409791455879,2.684509115131391,0.0009408868167,1.1317067418599365,0.07612636197531,65.11146851151386,1.255961272991172,2.909379654379358,0.4589996747224605,141.39648744973294,26.02540444517726,4.041086396239295,0.5357655602937514,228.25162765142824,28.895348531552383,2.8180405068315912,0.4987652525954083,187.1065499727657,30.172593964105577,2165.826964864055,992.811162703454,1611.815036362441,2090.699602875809,1521.5448748682024,1496.0746328888115,610.2550533733622,2.0,99.95362856480408,99.95362856480408,58.14977973568281,0,0.2930079391629796,0.0494409791455879,2.684509115131391,0.0009408868167,1.1317067418599365,0.07612636197531,65.11146851151386,1.255961272991172,2.909379654379358,0.4589996747224605,141.39648744973294,26.02540444517726,4.041086396239295,0.5357655602937514,228.25162765142824,28.895348531552383,2165.826964864055,992.811162703454,1611.815036362441,2090.699602875809,1521.5448748682024,1496.0746328888115,610.2550533733622,2.0,0.7332628176468587,0.2114938158159946,122.91245960434088,23.272336424279413,2.7572794101541955,0.4938535098616267,164.13648744826082,28.008585193119863,1,1,1,1,1,1,1,1,0.5721565603877303,0.0590438325867256,29.66377376721488,8.261908969682466,0.0,0.0,0.0,0.0,0.0,0.0,0.0,0.0,0.0,0.0,0.0,0.0,0.0,0.0,0.0,0.0,1.4660246342812036,0.189361061361182,64.85116196160263,12.003713114516446,0.0,0.0,0.0,0.0,0.0,0.0,0.0,0.0,2.1492282283193367,0.0358576115598333,4205.673207770016,144.0891285356141,2.9274995935160355,0
0.1751374723113357,0.1161809434128919,1.5152860718611407,0.8853788315155455,0.2232591914504342,0.0108837155164336,10.97530641060753,0.2719063894302422,1.5491972836322443,0.6123857754981954,93.83919175758818,23.887237728272304,2.1466449091311963,0.8935591375456138,136.71865862803884,26.76025840340394,1.9273147859364683,0.655742555921865,122.33871222273903,32.18167614750425,1626.641387507589,28.0,160.0,180.0,1731.048908814373,919.7394191637064,250.0,278.0,99.95362856480408,99.95362856480408,32.529561789937404,0,0.1751374723113357,0.1161809434128919,1.5152860718611407,0.8853788315155455,0.2232591914504342,0.0108837155164336,10.97530641060753,0.2719063894302422,1.5491972836322443,0.6123857754981954,93.83919175758818,23.887237728272304,2.1466449091311963,0.8935591375456138,136.71865862803884,26.76025840340394,1626.641387507589,28.0,160.0,180.0,1731.048908814373,919.7394191637064,250.0,278.0,1.304511406063589,0.1917458629984343,71.71069667775878,20.36005194962122,1.802100359604244,0.6352960823488569,117.98935464688218,27.00995346342093,1,1,1,1,1,1,1,1,0.3456380467878494,0.0653936693547685,20.759579273395588,20.913767703545226,0.0,0.0,0.0,0.0,0.0,0.0,0.0,0.0,0.0,0.0,0.0,0.0,0.0,0.0,0.0,0.0,0.7216150240760787,0.3181785384477818,92.77763244308328,59.24599720107539,0.0,0.0,0.0,0.0,0.0,0.0,0.0,0.0,0.5207282429723196,0.1012375823287665,8607.689081743858,3510.0881843498328,3.055314656506067,0
0.0023927555838683,0.0137604671571924,0.0905074000195327,1.1206024872760736,0.3419114305469062,0.1091295964013958,0.8726616216300727,1.801267082446195,1.3907826162179435,0.7628809126591198,64.79572002025054,42.61850307417133,2.3721162389537707,0.9716881031586382,265.8403451503225,54.9331566176367,2.0994407516884617,0.8212013492142104,176.92583655227867,64.59453227298098,1634.3324734329644,768.0,14.0,146.0,52.0,100.0,20.0,104.0,99.95362856480408,99.95362856480408,27.405518200788315,0,0.0023927555838683,0.0137604671571924,0.0905074000195327,1.1206024872760736,0.3419114305469062,0.1091295964013958,0.8726616216300727,1.801267082446195,1.3907826162179435,0.7628809126591198,64.79572002025054,42.61850307417133,2.3721162389537707,0.9716881031586382,265.8403451503225,54.9331566176367,1634.3324734329644,768.0,14.0,146.0,52.0,100.0,20.0,104.0,1.076215091753382,0.2633209229489032,60.857491586084,20.40180170620937,1.7732722547273572,0.8387736647936701,116.29914514778288,42.54579600262712,1,1,1,1,1,1,1,1,0.9341983974904788,0.0888163998896522,108.59778983151334,121.67520341743138,0.0,0.0,0.0,0.0,0.0,0.0,0.0,0.0,0.0,0.0,0.0,0.0,0.0,0.0,0.0,0.0,4.843554647788125,0.3610900104843018,546.6593140695941,317.6784179569355,0.0,0.0,0.0,0.0,0.0,0.0,0.0,0.0,23.460021626109945,0.1303859956715531,298836.40565903904,100919.5772356214,3.2693872044434005,0
0.2521335543052598,0.085699228628067,100.82902164022164,0.9606472328680198,0.2443007397647694,0.1395233450563109,51.90693604979418,6.895319008168286,2.127589293131368,0.8104231432630589,238.36632189681572,49.804504644477305,2.929434282528011,0.9728230190354248,368.2967515161336,65.53005163734503,2.553129794081815,0.7903485712218288,331.2998598830331,79.37029926527569,1381.251412029104,840.134436799578,1444.3238214857502,288.2705391614388,1339.4083600490471,485.4303947475878,908.52063814846,480.0,99.95362856480408,99.95362856480408,48.82912126130304,0,0.5004217925294259,0.085699228628067,100.82902164022164,0.9606472328680198,0.2443007397647694,0.1395233450563109,51.90693604979418,6.895319008168286,1.9829451599402232,0.8104231432630589,238.36632189681572,49.804504644477305,2.929434282528011,0.9728230190354248,368.2967515161336,65.53005163734503,1381.251412029104,840.134436799578,1444.3238214857502,288.2705391614388,2664.8167200980943,485.4303947475878,908.52063814846,480.0,1.5115438280198934,0.2537837030735018,86.3390770361856,29.241941202777006,2.43450866126484,0.8495117255879538,296.62447180014067,56.4329255110527,2,1,1,1,1,1,1,1,0.2938533422145489,0.0910044808847732,52.484847033939786,23.68101228715532,0.248288238224166,0.0,0.0,0.0,0.0,0.0,0.0,0.0,0.1446441331911441,0.0,0.0,0.0,0.0,0.0,0.0,0.0,0.7920027080988578,0.315023819380882,213.7370919464324,57.80611682954662,0.0,0.0,0.0,0.0,1325.4083600490471,0.0,0.0,0.0,0.6272682896359245,0.0992400067773185,45683.544473717695,3341.5471429111926,3.3307656865781827,1
0.079325847975525,3.69021898639077e-05,4.905568089636134,3.776351639324567,0.0011745047421451,0.0621112941549387,0.0708376932383316,1.159666249647202,1.9474376278137489,0.4728551951282336,82.01949932583446,34.59941218881499,2.8974796263937628,0.5350033914730362,165.8922813364665,39.280440635179616,2.410707772882125,0.4931455017384834,124.6718159695156,36.8014236771964,4.0,821.0,2.0,685.3894063166645,1150.1279377446094,2.0,388.0,765.4204548893973,99.95362856480408,99.95362856480408,38.99837699976814,0,0.079325847975525,3.69021898639077e-05,4.905568089636134,3.776351639324567,0.0011745047421451,0.0621112941549387,0.0708376932383316,1.159666249647202,1.9474376278137489,0.4728551951282336,82.01949932583446,34.59941218881499,2.8974796263937628,0.5350033914730362,165.8922813364665,39.280440635179616,4.0,821.0,2.0,685.3894063166645,1150.1279377446094,2.0,388.0,765.4204548893973,1.576434505763553,0.2039658733929517,71.72272433010119,21.4009185532672,2.4492243190201832,0.4831947982542931,124.39322190616826,36.66834610989463,1,1,1,1,1,1,1,1,0.1991608094131543,0.0529534901803086,10.44832699116686,7.892617562265837,0.0,0.0,0.0,0.0,0.0,0.0,0.0,0.0,0.0,0.0,0.0,0.0,0.0,0.0,0.0,0.0,0.6543573010609238,0.2224035312358156,52.12989035770804,14.636272339661094,0.0,0.0,0.0,0.0,0.0,0.0,0.0,0.0,0.4281834774517364,0.0494633307061604,2717.525468706662,214.22046800072843,2.9093714637237285,1
0.0004045367424942,0.0705326063464319,31.974822908021764,1.3815062480481757,0.3622723778781811,0.0292637064366071,0.8100058337988969,0.0083574682370866,1.050279087432907,0.6387408464842401,158.08660836775826,32.755531621484906,1.55233866084459,0.7568168873775234,254.2109274073837,53.10865546314369,1.3982757222943885,0.6831025775791841,196.29168700126283,46.74426391900188,2979.024255762256,106.0,4.0,2.0,4.0,843.9678267855802,3656.4748319953887,506.0,99.95362856480408,99.95362856480408,54.39369348481336,1,0.0004045367424942,0.0705326063464319,31.974822908021764,1.3815062480481757,0.3622723778781811,0.0292637064366071,0.8100058337988969,0.0083574682370866,1.050279087432907,0.6387408464842401,158.08660836775826,32.755531621484906,1.55233866084459,0.7568168873775234,254.2109274073837,53.10865546314369,2979.024255762256,106.0,4.0,2.0,4.0,843.9678267855802,3656.4748319953887,506.0,0.8818416231348958,0.2798117024451836,130.7288752810597,23.2531764987246,1.316525030970621,0.6803690076102004,170.42771951979023,34.892646639953284,1,1,1,1,1,1,1,1,0.2194112123847652,0.0659945305456012,33.820637623422066,17.585145282010018,0.0,0.0,0.0,0.0,0.0,0.0,0.0,0.0,0.0,0.0,0.0,0.0,0.0,0.0,0.0,0.0,0.5296980161369712,0.2393754976508238,97.98629787386312,43.012646034069455,0.0,0.0,0.0,0.0,0.0,0.0,0.0,0.0,0.280579988299443,0.0573006288755795,9601.31457102543,1850.0877188521504,5.0,1
0.2098256076442928,0.0432068815719706,3.094944156546348,0.008875236117241,0.2532857637177388,0.0258739985504077,0.1368587829799565,0.7721768461831857,1.673910275625652,0.7840586479016914,101.21095409309088,28.10789592192792,2.2596375687307666,0.9044409949001262,127.5916236388108,32.90139844665366,1.940629634351499,0.7613101386775251,116.74404473219133,32.49641910967482,1417.5942387048635,178.0,12.5,334.0,2696.5123602517765,504.0,396.0,4.0,99.95362856480408,99.95362856480408,60.46835149547879,0,0.2098256076442928,0.0432068815719706,3.094944156546348,0.008875236117241,0.2532857637177388,0.0258739985504077,0.2322714889028247,0.7721768461831857,1.673910275625652,0.7840586479016914,101.21095409309088,28.10789592192792,2.2596375687307666,0.9044409949001262,132.88857578381644,32.90139844665366,1417.5942387048635,178.0,21.0,334.0,2696.5123602517765,504.0,396.0,4.0,1.4546324307044027,0.3288354220244039,91.14918096993928,26.086858785906266,1.8584097640182569,0.8378770699671032,115.00644514607332,30.05115852801493,1,1,1,1,1,1,2,1,0.1721748344217597,0.0328800805427622,6.666906480239976,4.406326229902124,0.0,0.0,0.0,0.0,0.0,0.0,0.0954127059228682,0.0,0.0,0.0,0.0,0.0,0.0,0.0,5.296952145005633,0.0,0.3704895623767633,0.2170401514470144,18.78865532552357,7.548730810885488,0.0,0.0,8.5,0.0,0.0,0.0,0.0,0.0,0.1372625158301255,0.0471064273401429,353.0135689413252,56.98333685521187,2.406125403281095,1
0.0365357070164604,0.0692669927747512,0.2210385277161961,0.4970160671009154,0.5282325784619981,0.0575712929275936,27.562692711590785,2.7294944137671067,1.434179745105751,0.7799344712489968,129.30417271990748,39.182292091151446,3.022194399864245,1.0460476481185368,198.4658271556363,42.03203078744459,2.6272508004353923,0.840645994001775,169.4045398113855,44.69047043315658,1673.737022404618,659.7442014201932,1895.6513824254057,1833.82611040798,154.0,820.7878013716206,27.0,877.4303318489251,99.95362856480408,99.95362856480408,66.4966380709483,0,0.0365357070164604,0.0692669927747512,0.3498423529891425,0.4970160671009154,1.0562481495265952,0.0575712929275936,27.562692711590785,2.7294944137671067,1.434179745105751,0.7799344712489968,100.93844953354382,39.182292091151446,3.1404229248973303,1.0460476481185368,198.4658271556363,42.03203078744459,3340.474044809236,659.7442014201932,1895.6513824254057,1833.82611040798,154.0,820.7878013716206,46.0,877.4303318489251,1.232079071787035,0.3911495611687497,91.57876373180872,34.85277976598685,2.57578983619592,0.8687518006604298,168.67886386865632,39.80159594296868,1,1,2,1,2,1,1,1,0.4147932204109484,0.0545337564725842,19.44284055536772,6.815173703499907,0.0,0.0,0.1288038252729464,0.0,0.5280155710645971,0.0,0.0,0.0,0.0,0.0,28.365723186363677,0.0,0.1182285250330852,0.0,0.0,0.0,0.981895699211885,0.2518542144178859,48.612580486980576,16.88251532327202,1666.737022404618,0.0,0.0,0.0,0.0,0.0,19.0,0.0,0.9641191641307968,0.0634305453200504,2363.1829816031645,285.0193236405146,2.7803019405121154,1
0.4494425240481763,0.063835117293348,2.568306334281715,1.5089579694286996,0.0807818907666226,0.0955406181635111,6.773006438251969,7.07625421579133,1.5591139808163097,0.8160482314085655,204.77733437492216,43.40014637781172,2.483457962973094,1.291069472815825,409.5911989509839,65.66268473620784,2.0603561507464314,1.0769450501974818,320.37662976706946,67.44835194418923,921.191047807666,922.224159871236,600.0,1904.6265636828,1354.8943406653502,144.0,202.0,618.7086831842134,99.95362856480408,99.95362856480408,90.86482726640388,0,0.4494425240481763,0.063835117293348,2.568306334281715,1.5089579694286996,0.0807818907666226,0.1853470879910341,6.773006438251969,7.07625421579133,1.5591139808163097,0.8160482314085655,204.77733437492216,43.40014637781172,2.483457962973094,1.324745827966967,409.5911989509839,65.66268473620784,921.191047807666,1779.448319742472,600.0,1904.6265636828,1354.8943406653502,144.0,202.0,618.7086831842134,1.1710175861402508,0.4985847118863858,180.7303191899478,38.58458586734592,2.0737759643889024,1.1168895216206058,279.8644171794782,57.26820074414028,1,1,1,1,1,2,1,1,0.2609413310784895,0.0608309514491529,87.87512559093426,46.208551962356445,0.0,0.0,0.0,0.0,0.0,0.089806469827523,0.0,0.0,0.0,0.0,0.0,0.0,0.0,0.033676355151142,0.0,0.0,0.8033056509398427,0.3130916470426186,686.0715418788183,341.3268763799454,0.0,857.224159871236,0.0,0.0,0.0,0.0,0.0,0.0,0.6452999688318845,0.0980263794478597,470694.1605759791,116504.03653929054,2.4721074365841087,1
0.4712285663494044,0.0372286221462018,11.394323792362854,0.563068566568603,0.007235398190212,0.0801231744422361,0.0761006884714561,2.3226145850113795,1.9020737833036891,0.991180697098944,332.19580599326383,51.414689682274215,2.449666608417873,1.1748989999180224,394.45039278470745,57.449854225980985,2.2858398015070605,1.0006340076131877,370.28703477777,56.38497715034384,130.0,932.2144603364752,4.0,1305.7165789261471,2309.1323298022444,464.0,1334.671007758296,226.0,99.95362856480408,99.95362856480408,57.68606538372363,0,0.4712285663494044,0.0372286221462018,11.394323792362854,0.563068566568603,0.007235398190212,0.0801231744422361,0.0761006884714561,2.3226145850113795,1.9020737833036891,0.991180697098944,332.19580599326383,51.414689682274215,2.449666608417873,1.1748989999180224,394.45039278470745,57.449854225980985,130.0,932.2144603364752,4.0,1305.7165789261471,2309.1323298022444,464.0,1334.671007758296,226.0,1.6907528377186878,0.4601468170767676,307.92079287654855,44.959513102978285,2.241023459426092,1.086679251297198,364.6617202492229,54.55479795226762,1,1,1,1,1,1,1,1,0.1541297708025791,0.0439426366013144,19.50452266469081,8.629839835678569,0.0,0.0,0.0,0.0,0.0,0.0,0.0,0.0,0.0,0.0,0.0,0.0,0.0,0.0,0.0,0.0,0.4174752732910652,0.2660224068020499,54.62186538913899,18.773740511272656,0.0,0.0,0.0,0.0,0.0,0.0,0.0,0.0,0.1742856038094496,0.0707679209207553,2983.54817858922,352.4533327846001,2.531153020448846,1
0.0378406097847783,0.1014271615799577,11.004611057237014,9.5248238137642,0.6989814469206044,0.0302506293582349,51.2622398467235,9.5248238137642,2.7677953600035754,1.0417776770325753,102.89043346299349,46.31029438133402,3.592156505660036,1.185391825551216,259.564516545738,55.83511819509822,3.2986020392523905,1.0516815135453532,253.06973772572084,63.13255753286893,2664.9453763780048,370.0,1908.5949918914837,976.4472525889296,170.0,1685.4884339312982,434.0,2093.046462813941,99.95362856480408,99.95362856480408,59.40180848597264,0,0.0378406097847783,0.1014271615799577,11.004611057237014,9.5248238137642,0.6989814469206044,0.0302506293582349,51.2622398467235,9.5248238137642,2.7677953600035754,1.0417776770325753,102.89043346299349,46.31029438133402,3.592156505660036,1.185391825551216,259.564516545738,55.83511819509822,2664.9453763780048,370.0,1908.5949918914837,976.4472525889296,170.0,1685.4884339312982,434.0,2093.046462813941,2.1037093541735143,0.4764399655707335,88.79301075473423,33.332904207031575,3.098543420314757,1.1170044101956655,212.3346356337838,52.13948705419151,1,1,1,1,1,1,1,1,0.4158436920185118,0.0598554637781348,64.31227191438768,35.66990454240746,0.0,0.0,0.0,0.0,0.0,0.0,0.0,0.0,0.0,0.0,0.0,0.0,0.0,0.0,0.0,0.0,1.3273547466438378,0.2948938924698706,294.8207120900089,129.14244026054703,0.0,0.0,0.0,0.0,0.0,0.0,0.0,0.0,1.7618706234379269,0.0869624078160316,86919.2522772599,16677.76987644896,2.2801575627863606,1
0.0843848979968104,0.0008198672379025,5.416941419628699,1.2880024405571078,0.4282074671380438,0.1732866645745341,169.07845504288002,0.4845352682441586,3.2408406088676864,1.127861781298682,186.3872219388727,52.02181295429489,3.664573054658666,1.3218811024675716,381.5781128945201,70.99894920706059,3.431354258593664,1.175468192178423,291.6617054077867,63.83826327852214,3937.9356889778182,1822.9324786981672,3220.3503522454585,118.0,652.5493686050372,4.0,483.9153431817776,472.0,99.95362856480408,99.95362856480408,70.71643867377695,0,0.0884284945031184,0.0008198672379025,5.416941419628699,1.2880024405571078,0.4282074671380438,0.1732866645745341,169.07845504288002,0.4845352682441586,3.236365587520622,1.127861781298682,186.3872219388727,52.02181295429489,3.664573054658666,1.3218811024675716,381.5781128945201,70.99894920706059,3937.9356889778182,1822.9324786981672,3220.3503522454585,118.0,848.1889585521831,4.0,483.9153431817776,472.0,2.414515501526965,0.6483298347530777,159.82541473205856,46.97662820978355,3.4306608351187005,1.239778088490788,286.3482087922607,60.740459085679234,2,1,1,1,1,1,1,1,0.2182312256930917,0.0448376172750356,24.0319815260776,3.824980315267059,0.0040435965063079,0.0,0.0,0.0,0.0,0.0,0.0,0.0,0.0044750213470641,0.0,0.0,0.0,0.0,0.0,0.0,0.0,0.5771339131225015,0.2600948542675051,97.72968106603116,16.46613671507517,0.0,0.0,0.0,0.0,195.63958994714585,0.0,0.0,0.0,0.3330835536760911,0.0676493332164347,9551.09056126817,271.1336583195465,2.3441979353920006,1
0.0002855219332715,0.1526292004886006,0.4114290252607731,0.0241735749940446,1.2053874674760303,0.1274315711714895,164.11536692755766,5.365367248982231,2.740741658454103,0.9479310641407585,118.94786754500186,38.33492247703423,4.146705534747268,1.148794918221668,304.93287027694663,49.663063624471526,3.648894780452129,0.9924870943131044,214.09212977140083,47.84753838769888,3675.233356629636,1824.3331600963572,3655.445627144851,1653.9717594048625,2.0,624.9174146777293,6.174395702467791,8.0,99.95362856480408,99.95362856480408,62.62462323208904,0,0.0002855219332715,0.1526292004886006,0.4114290252607731,0.0241735749940446,1.2053874674760303,0.1274315711714895,164.11536692755766,5.365367248982231,2.740741658454103,0.9479310641407585,118.94786754500186,38.33492247703423,4.146705534747268,1.148794918221668,304.93287027694663,49.663063624471526,3675.233356629636,1824.3331600963572,3655.445627144851,1653.9717594048625,2.0,624.9174146777293,6.174395702467791,8.0,2.402007381637691,0.5079394005394262,96.3954175149376,35.06545678452133,3.434645723005169,1.0762066808767703,186.7996798484463,44.40287891738181,1,1,1,1,1,1,1,1,0.3155710980807907,0.0356626939587239,19.44890012088296,7.193232408797736,0.0,0.0,0.0,0.0,0.0,0.0,0.0,0.0,0.0,0.0,0.0,0.0,0.0,0.0,0.0,0.0,1.048882268981035,0.2553293165371602,96.9097259779182,15.285669520753448,0.0,0.0,0.0,0.0,0.0,0.0,0.0,0.0,1.1001540141828048,0.0651930598833333,9391.494989115194,233.65169269769092,2.1868712313832512,1
0.2403049132253647,0.0731148263161856,24.611878346051554,0.959662283152376,0.0839080414497095,0.0836510019773107,108.7628781943216,5.760622976215718,2.2404003319769323,0.8285222204124789,70.08826938274362,28.448411813331404,3.613898336120416,0.9654918416011384,218.07706329164856,35.8884213070345,2.9445894014723804,0.8354770164293845,147.7010219265667,36.68924650167924,284.07166860384007,1755.2177763948607,2818.2503353948537,2293.348935748918,1011.6504666314086,484.0,996.6583084412824,146.0,99.95362856480408,99.95362856480408,58.938094134013454,0,0.2403049132253647,0.0731148263161856,24.611878346051554,0.959662283152376,0.1668641177124512,0.0836510019773107,108.7628781943216,5.760622976215718,2.2404003319769323,0.8285222204124789,70.08826938274362,28.448411813331404,3.624838781929862,0.9654918416011384,218.07706329164856,35.8884213070345,566.1433372076801,1755.2177763948607,2818.2503353948537,2293.348935748918,1011.6504666314086,484.0,996.6583084412824,146.0,1.835161167847168,0.3918908437765995,55.054766286829285,25.46789651996145,2.8131622001744705,0.9162767132277558,125.02812807765714,33.29584898627862,1,1,1,1,2,1,1,1,0.2629080085825413,0.0327522531386945,17.314673827773365,7.679890138428544,0.0,0.0,0.0,0.0,0.0829560762627417,0.0,0.0,0.0,0.0,0.0,0.0,0.0,0.0109404458094464,0.0,0.0,0.0,0.7551800721124768,0.2192478100696662,75.43012716847399,14.53794460603739,282.07166860384007,0.0,0.0,0.0,0.0,0.0,0.0,0.0,0.5702969413158058,0.0480696022203444,5689.704084652159,211.3518333682117,3.012402702186305,1
0.5153356693218698,0.1647738957392919,32.19363658702247,1.5655633930709811,0.5589323888418969,0.1451919346666891,24.491537613538213,0.0075549284507445,2.7408066255357344,0.7266221146048206,66.59940029152534,25.360123963675875,3.623496750928597,0.8920717720909838,193.97863669490943,33.91282864752499,3.12412065624474,0.762464250954726,110.4601674119552,31.557350489730727,1250.752429272397,857.863558690394,674.0,2.0,3070.455180868464,2036.5040551035104,1858.2263258213416,1609.6273209372812,99.95362856480408,99.95362856480408,59.86552283793184,0,0.5153356693218698,0.1647738957392919,32.19363658702247,1.5655633930709811,0.5589323888418969,0.1451919346666891,24.491537613538213,0.0075549284507445,2.7408066255357344,0.7266221146048206,66.59940029152534,25.360123963675875,3.623496750928597,0.8920717720909838,193.97863669490943,33.91282864752499,1250.752429272397,857.863558690394,674.0,2.0,3070.455180868464,2036.5040551035104,1858.2263258213416,1609.6273209372812,2.0348357521306464,0.3225084022970634,48.91738633282811,22.37792035776048,3.004710346531684,0.8342835839907545,87.68525002631772,26.77283606718108,1,1,1,1,1,1,1,1,0.1990626889855437,0.0432008260127415,10.898838011336991,9.74524520532293,0.0,0.0,0.0,0.0,0.0,0.0,0.0,0.0,0.0,0.0,0.0,0.0,0.0,0.0,0.0,0.0,0.7137383793037705,0.2390120432977941,59.43381585711778,13.845371237310502,0.0,0.0,0.0,0.0,0.0,0.0,0.0,0.0,0.509422474091173,0.0571267568413866,3532.3784673377845,191.69430469894493,2.026736889584726,1
0.0013786942785209,0.002285206957533,6.095892366980323,0.0030375962504933,0.1274361155078098,0.087154916770511,0.0041091898707463,0.0127369132550896,1.946679093837677,0.7320493420476212,79.71604485752462,22.92728421578186,2.27851485779477,0.9550658638944896,102.28496205975658,27.275067518350973,2.147418529745959,0.8150237459249644,112.40763224218436,28.001471545835045,1742.651144786769,2359.614962658581,4.0,2.0,6.0,47.221999821330655,613.5452797670487,2.0,99.95362856480408,99.95362856480408,100.02318571759795,0,0.0013786942785209,0.0040230314924384,6.095892366980323,0.0030375962504933,0.1274361155078098,0.087154916770511,0.0041091898707463,0.0127369132550896,1.946679093837677,0.6184393420457619,79.71604485752462,22.92728421578186,2.27851485779477,0.9550658638944896,102.28496205975658,27.275067518350973,1742.651144786769,2359.614962658581,4.0,2.0,6.0,90.44399964266132,613.5452797670487,2.0,1.4430494383171464,0.3709702940257278,69.20154499846436,21.76382310348612,2.108716587984065,0.879011957425156,89.22502544081698,24.293809471047982,1,2,1,1,1,1,1,1,0.5124737213969646,0.031047582822783,34.85827205044502,5.709626836476768,0.0,0.0017378245349053,0.0,0.0,0.0,0.0,0.0,0.0,0.0,0.1136100000018592,0.0,0.0,0.0,0.0,0.0,0.0,2.3498490735477957,0.2102377332655259,234.62303246743,10.715562531098223,0.0,0.0,0.0,0.0,0.0,43.221999821330655,0.0,0.0,5.521790668453432,0.0441999044886264,55047.96736421272,114.82328035787616,2.731653037793649,1
0.0169422361711357,0.0432616673598308,0.7498924564948624,0.0009833335817752,0.0007726415524946,0.0629289192719522,0.404917913299414,0.0991003871292548,1.636198030909405,0.6458434916957276,79.40029673518355,23.81254593746141,3.612019457562788,0.9615310259758376,297.72762463889603,42.048950943487455,2.590302053324412,0.8464606398136475,144.04134286371183,37.10722388980242,2.0,2665.337134018326,4.0,60.0,204.0,188.0,206.0,2.0,99.95362856480408,99.95362856480408,100.02318571759795,0,0.0169422361711357,0.0432616673598308,0.7498924564948624,0.0009833335817752,0.0007726415524946,0.0629289192719522,0.404917913299414,0.0991003871292548,1.636198030909405,0.6458434916957276,79.40029673518355,23.81254593746141,3.612019457562788,0.9615310259758376,297.72762463889603,42.048950943487455,2.0,2665.337134018326,4.0,60.0,204.0,188.0,206.0,2.0,1.4790772148678422,0.3632306798747466,74.14601163378148,22.950927590633224,2.3756618979038326,0.9149141389292744,107.61336068853431,27.857082382304835,1,1,1,1,1,1,1,1,0.4100468740307813,0.0493937411525433,38.94196300817233,12.688491598103266,0.0,0.0,0.0,0.0,0.0,0.0,0.0,0.0,0.0,0.0,0.0,0.0,0.0,0.0,0.0,0.0,1.426608322947187,0.244947049857154,132.2522321226344,55.08175252569739,0.0,0.0,0.0,0.0,0.0,0.0,0.0,0.0,2.035211307102186,0.059999057233723,17490.652901419176,3033.9994613021704,2.5845504692800025,1
0.2520975903081499,0.0745402124276861,8.220910250105796,1.311810017631899,0.0710184797686173,0.08129188806406,0.0249151274154542,0.0133075516835283,2.309020605325985,0.7846758531734657,77.54705020477822,22.658592745428912,2.805083547250365,0.9064831384599226,96.17605617331742,24.31876681746635,2.6580358151703343,0.780630819274143,91.16322681580628,30.136214331076363,622.2969225284323,532.0,2.0,4.0,2659.7037969768685,942.1789765715512,1992.9529389661063,1510.6385260551024,99.95362856480408,99.95362856480408,55.92395084627869,0,0.2520975903081499,0.0745402124276861,14.99518519162227,1.311810017631899,0.0710184797686173,0.08129188806406,0.0249151274154542,0.0133075516835283,2.309020605325985,0.7846758531734657,77.04305431425288,22.658592745428912,2.805083547250365,0.9064831384599226,96.17605617331742,24.31876681746635,622.2969225284323,532.0,2.0,4.0,2659.7037969768685,942.1789765715512,3569.9058779322127,1510.6385260551024,1.892653223826986,0.3698366966076069,67.44844841668831,20.914513008150543,2.501807609137904,0.8297110821521276,83.30418870918108,23.63388633414939,1,1,2,1,1,1,1,1,0.3871090547279088,0.0539158082222174,24.09856491112195,26.663322081778706,0.0,0.0,6.774274941516474,0.0,0.0,0.0,0.0,0.0,0.0,0.0,0.5039958905253314,0.0,0.0,0.0,0.0,0.0,1.0078466223452387,0.2232342031972549,71.190064443603,50.463516594334166,0.0,0.0,0.0,0.0,0.0,0.0,1576.9529389661063,0.0,1.0157548141727062,0.0498335094771133,5068.02527548435,2546.56650706664,2.9116931474176173,1
0.0069966838112902,0.0991258649818502,11.402681984062312,1.3352986239376996,0.0060965423780441,0.0939948515191532,1.7003432544878194,0.0050202720753027,1.7648289781761166,0.6800539729692807,67.89555100137727,23.98925548269217,2.352711172352695,0.8335829226904274,86.77506631751567,26.436653318601724,2.293553288946932,0.7105120507082956,108.33326533189108,34.14584688455278,14.0,764.4222880464943,636.8840601689649,10.0,116.0,765.5013053826481,2445.2780258008893,768.6487000174841,99.95362856480408,99.95362856480408,41.57199165314167,0,0.0069966838112902,0.0991258649818502,11.402681984062312,1.3352986239376996,0.0060965423780441,0.0939948515191532,1.7003432544878194,0.0050202720753027,1.7648289781761166,0.6800539729692807,67.89555100137727,23.98925548269217,2.352711172352695,0.8335829226904274,86.77506631751567,26.436653318601724,14.0,764.4222880464943,636.8840601689649,10.0,116.0,765.5013053826481,2445.2780258008893,768.6487000174841,1.5958991507835156,0.3016153622691037,59.61236665316086,20.97407860632993,2.184236103367676,0.7493001448158058,79.26382319423936,24.9083427705654,1,1,1,1,1,1,1,1,0.3692412746187545,0.0490867116667892,91.51188738253153,34.581823637454455,0.0,0.0,0.0,0.0,0.0,0.0,0.0,0.0,0.0,0.0,0.0,0.0,0.0,0.0,0.0,0.0,1.0148505635056746,0.2529664350609346,341.7064995035147,161.58287553616535,0.0,0.0,0.0,0.0,0.0,0.0,0.0,0.0,1.0299216662477857,0.063992017267438,116763.3318029455,26109.025666535905,2.026765183613534,1
0.0322457145024519,0.0001569560889328,15.703261889007038,0.3610486569979869,0.2846468162618705,0.0107358884461641,24.235414428697283,1.1352464398320803,1.0981904874579884,0.6938285592282185,69.40177452873064,21.985806995688563,2.2984884445837865,0.929949654472183,149.44885301820776,25.85382278288652,1.9503774720817504,0.794790822092533,111.38623805001998,28.28419899470546,2680.508339169499,118.0,560.0,350.0,182.0,2.0,1372.2963859758702,446.0,99.95362856480408,99.95362856480408,47.71620681660097,0,0.0322457145024519,0.0001569560889328,15.703261889007038,0.3610486569979869,0.2846468162618705,0.0107358884461641,24.235414428697283,1.1352464398320803,1.0981904874579884,0.6938285592282185,69.40177452873064,21.985806995688563,2.2984884445837865,0.929949654472183,149.44885301820776,25.85382278288652,2680.508339169499,118.0,560.0,350.0,182.0,2.0,1372.2963859758702,446.0,0.9422729986354584,0.3633171014857504,59.45395474770787,20.955944073707304,2.000858408687893,0.834586120487775,101.3068863380214,23.851510226748864,1,1,1,1,1,1,1,1,0.2647736755950368,0.0434582005589539,9.767397122540748,7.485904695421542,0.0,0.0,0.0,0.0,0.0,0.0,0.0,0.0,0.0,0.0,0.0,0.0,0.0,0.0,0.0,0.0,1.2722998633923572,0.218023898438107,50.754965546989695,11.939939095787423,0.0,0.0,0.0,0.0,0.0,0.0,0.0,0.0,1.618746942388211,0.0475344202901499,2576.066527676111,142.56214561111298,2.388951153133548,1
0.0002520020854679,0.005783552098762,26.296370534931214,0.1747680148706614,0.0226823858511191,0.0062295871894931,0.0404960854071561,0.2171578094950135,2.2215583433682866,0.6424265918885167,42.21182432527114,24.44503008238669,3.518007300289655,0.9279888556221852,80.77361076349453,51.53935233366208,2.692985488750552,0.7516489346809931,102.88234653317004,39.0657524116855,55.89464691207286,78.05776678755876,4.0,36.0,2.0,724.0,3753.287851330735,737.0,99.95362856480408,99.95362856480408,54.1386505912358,0,0.0002520020854679,0.005783552098762,26.296370534931214,0.1747680148706614,0.0226823858511191,0.0062295871894931,0.0404960854071561,0.3414609666653803,2.2215583433682866,0.6424265918885167,42.21182432527114,24.44503008238669,3.518007300289655,0.9279888556221852,80.77361076349453,51.92348485703437,55.89464691207286,78.05776678755876,4.0,54.0,2.0,724.0,3753.287851330735,737.0,1.3647113127157355,0.3035243881482679,36.592065388882695,20.41970298949099,2.5881072233756863,0.7641039281669868,55.75755613577365,27.66096757184047,1,1,1,1,1,1,1,2,0.4013353383877059,0.0466783689370512,28.54253280495518,12.187797102463389,0.0,0.0,0.0,0.0,0.0,0.0,0.0,0.1243031571703667,0.0,0.0,0.0,0.0,0.0,0.0,0.0,0.3841325233722976,1.1061847776514349,0.2855511550767483,123.26759812329271,36.8895834015271,0.0,0.0,0.0,18.0,0.0,0.0,0.0,0.0,1.2236447623077544,0.0815394621656651,15194.900747085598,1360.8413635382235,3.398864581554548,1
0.0010834624945206,0.0538334030277983,0.0650766996699587,0.0088717078346221,0.3833059942513053,0.2262545428523814,93.04224592766496,11.212931077644264,1.8770780261161988,0.7336835736366447,192.0726082608176,32.050639180301644,2.4318867120638465,1.161188147915221,560.7568103194458,67.2742548180727,2.208626460684476,0.8273738096609924,327.6128302611156,51.139248305319626,3336.129566209353,1468.3229771938104,1104.2662115550588,1418.5011916467806,6.0,1300.0746642519491,2.0,2.0,99.95362856480408,99.95362856480408,100.02318571759795,0,0.0016534963058418,0.0538334030277983,0.0650766996699587,0.0088717078346221,0.3833059942513053,0.2262545428523814,93.04224592766496,11.212931077644264,1.737714295051401,0.7336835736366447,192.0726082608176,32.050639180301644,2.4318867120638465,1.161188147915221,560.7568103194458,67.2742548180727,3336.129566209353,1468.3229771938104,1104.2662115550588,1418.5011916467806,6.0,1300.0746642519491,2.0,2.0,1.3497789935590356,0.3543058385598502,138.49425812571548,25.33272941655068,2.1745308293498864,0.8155537183493418,258.56706954661223,44.45097105522009,2,1,1,1,1,1,1,1,0.253975537750149,0.0609275024469724,57.57152971736938,17.782975758026414,0.0005700338113212,0.0,0.0,0.0,0.0,0.0,0.0,0.0,0.1393637310647977,0.0,0.0,0.0,0.0,0.0,0.0,0.0,0.5323284510708248,0.2869746419255606,187.3721662093008,61.43104327604349,0.0,0.0,0.0,0.0,0.0,0.0,0.0,0.0,0.2833735798194635,0.0823544451083037,35108.32866996583,3773.773077983128,2.018815845374086,1
0.7285061981355332,1.3700586574905138e-05,69.41068075063396,7.829100438057964,0.238810441745719,0.1501096925544978,7.40778735529355,0.6988252315528172,2.4079479586964005,0.6959320693482147,75.64908676108848,24.504159086311127,3.4452077313327063,0.9018378603448516,170.66934474491595,33.24674277631901,3.252784205466082,0.7625789706640963,148.2408602798697,41.31012163642712,930.8774620572262,2513.9699809318936,178.0,230.0,2733.296376322002,2.0,3015.884566696648,3973.455279628756,99.95362856480408,99.95362856480408,99.97681428240205,0,0.7285061981355332,1.3700586574905138e-05,69.41068075063396,7.829100438057964,0.238810441745719,0.1501096925544978,7.40778735529355,0.6988252315528172,2.4079479586964005,0.6959320693482147,75.64908676108848,24.504159086311127,3.4452077313327063,0.9018378603448516,170.66934474491595,33.24674277631901,930.8774620572262,2513.9699809318936,178.0,230.0,2733.296376322002,2.0,3015.884566696648,3973.455279628756,2.1263472369868546,0.3263284662362063,63.81563743777925,22.927930676038365,2.8962980087942083,0.8313959592577191,115.94086222828798,29.601438543295476,1,1,1,1,1,1,1,1,0.8800961464845914,0.0384509139616406,67.74317874713725,33.78947541780831,0.0,0.0,0.0,0.0,0.0,0.0,0.0,0.0,0.0,0.0,0.0,0.0,0.0,0.0,0.0,0.0,5.186064742135527,0.2183842286269343,314.201874763562,167.6416218705403,0.0,0.0,0.0,0.0,0.0,0.0,0.0,0.0,26.895267509621235,0.0476916713129811,98722.81810493708,28103.713383385217,2.934107626847491,1
1.1828053087427248,0.031130694733487,3.3582466531284467,9.266034542512344,0.008009372955839,0.0021835858916882,6.446880775393993,2.81373869127242,2.1455918804374976,0.6508105248044873,158.2965251034044,31.63230861758366,6.736530056739487,1.0206610179536435,1420.3846281673002,421.6893563588792,3.498700938489564,0.784499940348543,441.418392893177,112.67891030380804,12.0,33.0,22.0,20.0,3206.2370346628577,430.5,676.0,3222.698521185156,99.95362856480408,88.10572687224669,100.02318571759795,0,1.1828053087427248,0.0335472447987789,3.3582466531284467,9.266034542512344,0.008009372955839,0.0023820462432593,6.446880775393993,2.81373869127242,2.1455918804374976,0.5925978466676877,158.2965251034044,31.63230861758366,6.736530056739487,1.0699092575948992,1420.3846281673002,421.6893563588792,12.0,40.0,22.0,20.0,3206.2370346628577,595.0,676.0,3222.698521185156,1.4420755905971392,0.3266836211669021,139.85466739151826,27.732612448503485,2.8466058971772195,0.8092338707922806,193.04079745344143,37.220422838858426,1,2,1,1,1,2,1,1,0.4454947094154045,0.04429670927456,113.83970827072235,32.41884127487935,0.0,0.0024165500652918,0.0,0.0,0.0,0.0001984603515711,0.0,0.0,0.0,0.0582126781367997,0.0,0.0,0.0,0.0492482396412556,0.0,0.0,1.8637368226352613,0.2644192226999517,569.7193590480379,164.86682214580992,0.0,7.0,0.0,0.0,0.0,164.5,0.0,0.0,3.47351494404658,0.0699175253332466,324580.1480741071,27181.06904445812,3.056409535418755,1
0.0004431179439117,0.0002715431899927,0.0970082812218322,2.3760082206661366,0.2355687250855984,0.0347807037893956,36.54824279786956,0.0179953205777678,2.741801307447937,0.6894020617807426,233.00627371688736,50.082564074206815,3.463892771372241,0.9100243201543056,287.32167467224417,64.78457169992878,3.2463047889162504,0.8009937920465274,268.27752212044584,57.84246126651185,2009.5642207444307,1137.665395132039,2217.2519423554627,2.5,2.0,2.0,4.0,998.6769961401584,99.95362856480408,99.95362856480408,100.02318571759795,0,0.0004431179439117,0.0002715431899927,0.0970082812218322,4.742628696792373,0.2355687250855984,0.0678967433681455,36.54824279786956,0.0287311477561473,2.741801307447937,0.6894020617807426,233.00627371688736,49.57156877515406,3.463892771372241,0.9674496307180438,287.32167467224417,70.61432607358633,2009.5642207444307,2203.330790264078,2217.2519423554627,3.0,2.0,2.0,4.0,1995.3539922803168,2.1583149769616554,0.3939580492788986,181.26798554864973,39.14882825391901,3.144093353158775,0.8283188112129537,264.4805474164378,54.93807749509871,1,1,1,2,1,2,1,2,0.3942188123323913,0.0459353974025441,30.48532719767547,11.527211065565378,0.0,0.0,0.0,2.3666204761262364,0.0,0.0331160395787499,0.0,0.0107358271783795,0.0,0.0,0.0,0.5109952990527482,0.0,0.0574253105637381,0.0,5.829754373657551,0.7617968966268844,0.2197179164867774,57.61392856933334,22.956001616438208,0.0,1065.665395132039,0.0,0.5,0.0,0.0,0.0,996.6769961401584,0.5803345117103521,0.0482759628252905,3319.364765192244,526.9780102139136,3.021046481963951,0
1.1478938311001396,0.0501285162849011,98.49039312170127,0.0129501356532202,0.0011636845821794,0.0879201923066511,0.1515748893170894,0.018182158140064,2.85807691958537,0.8725613652239225,263.0426335733569,50.91342773411393,4.237034752872348,0.9921278534277248,601.9512461919494,175.36298466087538,3.560716010465826,0.8588602874310676,362.4147331644025,100.07925121329971,6.0,1015.0062461977006,4.0,4.0,3832.588915748781,648.0,3204.8956523857555,4.0,99.95362856480408,99.95362856480408,57.1296081613726,0,1.1478938311001396,0.0501285162849011,98.49039312170127,0.0129501356532202,0.0011636845821794,0.0879201923066511,0.1515748893170894,0.018182158140064,2.85807691958537,0.8725613652239225,263.0426335733569,50.91342773411393,4.237034752872348,0.9921278534277248,601.9512461919494,175.36298466087538,6.0,1015.0062461977006,4.0,4.0,3832.588915748781,648.0,3204.8956523857555,4.0,2.3620045387177178,0.4184932064832282,204.67149334292364,45.39640440974803,3.403124889201426,0.9234140386842262,292.80935348083807,58.17296266702231,1,1,1,1,1,1,1,1,0.3276833879603638,0.0395317978428202,30.466390213456087,18.265206839658088,0.0,0.0,0.0,0.0,0.0,0.0,0.0,0.0,0.0,0.0,0.0,0.0,0.0,0.0,0.0,0.0,0.8752012096085751,0.2251375791229011,150.753701233641,73.39942844118974,0.0,0.0,0.0,0.0,0.0,0.0,0.0,0.0,0.765977157300313,0.0506869295333205,22726.678435641898,5387.476095493333,3.1007977187381,0
0.0373393938980703,0.0969637604313111,10.925145623969769,4.170417609341087,0.0037656328143365,0.2652544583339435,14.1318299349131,5.216170652002383,1.1230151730523912,0.4349666612024046,165.9849052682088,33.149442050655544,3.5331956436802203,0.7693263217019912,218.12912856226563,38.43883742245932,25.266055420723564,0.6304762107855578,280.27550113633833,54.06305035988016,2.0,809.0539580598547,1037.668388014171,1695.6784546384554,234.0,674.813192884545,1256.4412505712576,811.1452301854347,99.95362856480408,80.33851147693021,63.87665198237885,0,0.0373393938980703,0.0969637604313111,10.925145623969769,4.170417609341087,0.0037656328143365,0.2652544583339435,14.1318299349131,5.216170652002383,1.1230151730523912,0.4349666612024046,165.9849052682088,33.149442050655544,3.5331956436802203,0.7693263217019912,218.12912856226563,38.43883742245932,2.0,809.0539580598547,1037.668388014171,1695.6784546384554,234.0,674.813192884545,1256.4412505712576,811.1452301854347,0.9399339866570636,0.22440166632043,121.5172231242449,27.235009277663444,2.4397984366008565,0.5784053953921208,182.367552200125,35.214823342282514,1,1,1,1,1,1,1,1,132.49753908025284,0.0647976084064446,347.5606922624286,53.167970448740576,0.0,0.0,0.0,0.0,0.0,0.0,0.0,0.0,0.0,0.0,0.0,0.0,0.0,0.0,0.0,0.0,284.7364369553631,0.2919276461854208,1072.953938349118,71.51196539358887,0.0,0.0,0.0,0.0,0.0,0.0,0.0,0.0,81074.83853003546,0.0852217506073602,1151230.153818883,5113.961194453851,2.195626498791119,0
0.003853211717971,0.1086023450684151,0.5997527444718287,0.0021051849420459,0.2348733307760002,0.0381064297214217,52.08527797520384,6.250648307661429,2.9211859388622683,0.7007935274779107,168.55504402398486,33.26791062058478,4.219877143149967,0.8277673561449879,278.0477015677656,43.82784871202333,5.003043227562862,0.749626638381783,244.8649941883291,43.03823050703437,952.588758885316,410.4177369754819,2551.28689884837,1788.4677883853803,2.0,1677.176279320839,14.0,2.0,99.95362856480408,99.21168560166936,67.49362392766056,1,0.0073926395604138,0.1086023450684151,0.5997527444718287,0.0021051849420459,0.4628104105881681,0.0381064297214217,52.08527797520384,6.250648307661429,2.397215786224,0.7007935274779107,168.55504402398486,33.26791062058478,4.468455344643852,0.8277673561449879,278.0477015677656,43.82784871202333,1893.177517770632,410.4177369754819,2551.28689884837,1788.4677883853803,2.0,1677.176279320839,14.0,2.0,1.8605291821230343,0.3985527654127938,146.6006531344489,31.180483426039835,3.6301495761571294,0.7777068764289273,240.60040288720592,37.82457141586133,2,1,1,1,2,1,1,1,9.995668026566747,0.0504501798584498,32.36416678213676,15.004292839155518,0.0035394278424427,0.0,0.0,0.0,0.2279370798121678,0.0,0.0,0.0,0.5239701526382685,0.0,0.0,0.0,0.2485782014938846,0.0,0.0,0.0,67.22740239403028,0.1916375180055431,78.80661338713705,25.23292067849433,940.588758885316,0.0,0.0,0.0,0.0,0.0,0.0,0.0,4519.523632648868,0.0367249383073248,6210.482313549687,636.7002859671868,4.7,0
0.0070074895385419,0.0089550971696046,0.1406899151551499,0.0060189539384793,0.0597011578732546,0.0818989749248535,87.98899283048752,38.69433939147017,2.787390604852793,0.8879355751684146,210.68852733914173,50.08271037809162,4.068537915010355,1.014867232740822,337.6233667860649,96.15312648843556,3.550611561921218,0.9106649337546108,297.5560334595724,75.25012367818455,284.5,1967.3135472528047,2022.4210042211585,1999.144269509978,165.0,142.0,9.5,4.0,99.95362856480408,99.79132854161836,66.28796661256666,0,0.0133707187463363,0.0089550971696046,0.275444909905957,0.0060189539384793,0.072132308989695,0.0818989749248535,87.98899283048752,38.69433939147017,2.7143146119895456,0.8879355751684146,201.2186169315131,50.08271037809162,4.252689994267801,1.014867232740822,337.6233667860649,96.15312648843556,339.0,1967.3135472528047,2022.4210042211585,1999.144269509978,322.0,142.0,17.0,4.0,2.4030687507461885,0.4406691847419027,164.1843035298647,41.85491829685174,3.428101468727012,0.9527144731215096,255.4505501920666,58.27480570449477,2,1,2,1,2,1,1,1,0.4648382584555059,0.0606396389436327,82.42217250022503,25.01613003128184,0.0063632292077944,0.0,0.1347549947508071,0.0,0.0124311511164403,0.0,0.0,0.0,0.0730759928632478,0.0,9.469910407628618,0.0,0.1841520792574458,0.0,0.0,0.0,0.9290538346721992,0.2317376513986167,177.6561424279445,54.91486191741362,54.5,0.0,0.0,0.0,157.0,0.0,7.5,0.0,0.863141027719118,0.0537023390757468,31561.704942378103,3015.6420594086053,4.087359730213592,0
0.0426649242452279,0.0245716618605124,0.8442594937083072,0.9377643694261408,0.3886869814512002,0.1864848723357561,1.1107243821294048,1.1868760076594356,3.017653928528074,0.6108441565826525,175.3907143080687,39.380961606447975,4.935155407626334,0.9192237519520058,423.9600027238228,52.18273782829401,5.8362384233400215,0.7846084192077878,312.7694227525929,55.525760480268254,1487.3511087486925,2952.9133454969706,23.5,690.5030123406318,377.5233522047163,260.0,58.0,532.0,99.95362856480408,99.6522142360306,92.9283561326223,0,0.0558525939415535,0.0245716618605124,1.5569176934146751,0.9377643694261408,0.3886869814512002,0.1864848723357561,1.5054370662421093,1.1868760076594356,3.005795510085773,0.6108441565826525,164.18693327441474,39.380961606447975,4.935155407626334,0.9192237519520058,426.2487744863666,52.18273782829401,1487.3511087486925,2952.9133454969706,31.0,690.5030123406318,436.2063767031427,260.0,112.0,532.0,2.4819510894516403,0.4058454375622392,136.3784146402026,36.52157555242779,3.7744659490201737,0.7742055546868725,260.8790359770037,46.725860015480336,2,1,2,1,1,1,2,1,10.027706210139296,0.0651475795412567,106.2407885343429,28.79782321133386,0.0131876696963255,0.0,0.7126581997063681,0.0,0.0,0.0,0.3947126841127044,0.0,0.0118584184423007,0.0,11.203781033653968,0.0,0.0,0.0,2.28877176254386,0.0,83.86643650583511,0.2642421782609166,256.05784700106364,98.37123858977996,0.0,0.0,7.5,0.0,58.68302449842645,0.0,54.0,0.0,7033.579172187273,0.069823928772074,65565.62101082012,9676.900581687416,2.4520220255747067,0
0.1301531409451368,0.0007739501660075,2.944327464273357,0.0036254694351498,0.4043078522273369,0.0001654349322908,32.72626478691137,0.036008562728071,3.012704300779233,0.5934486948952288,137.67098251845695,32.68898468124861,4.643623455384569,0.9426032171134524,397.45625523980095,48.84963671519073,3.769438021824018,0.7397653996890287,278.22408302556926,53.29677943278527,1194.8041587527568,2.0,974.3465906722216,2.0,820.1891336991353,12.0,180.86817554462664,4.0,99.95362856480408,99.7681428240204,72.64085323440761,0,0.2595197831948717,0.0007739501660075,2.944327464273357,0.0036254694351498,0.4043078522273369,0.0001654349322908,32.72626478691137,0.036008562728071,2.952997212390564,0.5934486948952288,137.67098251845695,32.68898468124861,4.643623455384569,0.9426032171134524,397.45625523980095,48.84963671519073,1194.8041587527568,2.0,974.3465906722216,2.0,1636.3782673982705,12.0,180.86817554462664,4.0,2.2422062410888386,0.3474223136948385,110.94254840720788,29.77802030723312,3.5423267133102394,0.752592639373378,238.146923629884,43.223398043464016,2,1,1,1,1,1,1,1,0.6832140272374218,0.046004768091171,70.28181256840693,34.3341545464632,0.1293666422497348,0.0,0.0,0.0,0.0,0.0,0.0,0.0,0.0597070883886692,0.0,0.0,0.0,0.0,0.0,0.0,0.0,1.5350215350414629,0.2302165469687238,146.84307368599792,36.30363520299977,0.0,0.0,0.0,0.0,816.1891336991353,0.0,0.0,0.0,2.3562911130410487,0.0529996584982026,21562.88828955141,1317.9539289524844,3.6916279575649673,0
0.1660588101361901,0.2379850351109222,21.93054958921695,2.2703218042974704,0.0249927040193229,0.0232961111653725,9.363988756894344,0.7977409191403098,1.1518428342468772,0.6405259952409721,165.6370237387233,27.70306769050752,1.3602164422836185,0.9053941380571854,250.43048775757345,35.74472535005259,2.4944734719958053,0.7355548294060262,215.2191915531089,37.34824602622395,754.5988934463421,234.0,1249.598034585426,394.0,3055.423870809641,1796.460875183306,2284.6394606081126,872.6383639699816,99.95362856480408,99.79132854161836,67.67910966844424,0,0.1660588101361901,0.2379850351109222,21.93054958921695,2.2703218042974704,0.0491131934258466,0.0232961111653725,9.363988756894344,0.7977409191403098,1.1518428342468772,0.6405259952409721,165.6370237387233,27.70306769050752,1.4025312401841692,0.9053941380571854,250.43048775757345,35.74472535005259,1503.2946972702748,234.0,1249.598034585426,394.0,3055.423870809641,1796.460875183306,2284.6394606081126,872.6383639699816,0.9286115901818818,0.26556954023639,145.6786003136678,23.964720835421467,1.2658554505241932,0.7939919004891143,194.99116563034457,31.46824424444955,1,1,1,1,2,1,1,1,10.167531699633296,0.0464502231709956,61.86254316285081,28.98688421002378,0.0,0.0,0.0,0.0,0.0241204894065236,0.0,0.0,0.0,0.0,0.0,0.0,0.0,0.0423147979005509,0.0,0.0,0.0,65.13467291131106,0.2765026315275827,214.03970118392252,66.11371912865613,748.6958038239327,0.0,0.0,0.0,0.0,0.0,0.0,0.0,4242.525615263479,0.0764537052416781,45812.99368290286,4371.023857022832,2.539862726327189,0
0.0894836824723968,0.200827102343547,149.80262884154084,9.65555764336257,0.1784096852212982,0.0941828546916561,4.673498718324026,0.0472843504607851,2.104959013790136,0.5484752639384665,133.58664634232062,30.23070758789121,2.371931303712799,0.8704425926023021,995.1939093465847,133.01127753606258,2.3202518449114424,0.7078926841775854,390.1949616669788,74.87871271800438,1876.627817552592,596.0,74.0,2.0,682.0,1530.6697633437957,3068.4738422385544,1701.8797462768189,99.95362856480408,99.81451425921632,65.47646649663807,0,0.0894836824723968,0.200827102343547,149.80262884154084,9.65555764336257,0.1784096852212982,0.0941828546916561,4.673498718324026,0.0472843504607851,2.104959013790136,0.5484752639384665,133.58664634232062,30.23070758789121,2.371931303712799,0.8704425926023021,995.1939093465847,133.01127753606258,1876.627817552592,596.0,74.0,2.0,682.0,1530.6697633437957,3068.4738422385544,1701.8797462768189,1.678342395494193,0.2414585597052112,107.94652866791913,23.567824846859068,2.248945950516969,0.7362447565694025,243.22524802674027,42.05438478616616,1,1,1,1,1,1,1,1,0.2391534526297937,0.085012657737891,53.27316509660795,18.91960222225225,0.0,0.0,0.0,0.0,0.0,0.0,0.0,0.0,0.0,0.0,0.0,0.0,0.0,0.0,0.0,0.0,0.5060309572163891,0.303563807283906,351.5030840635653,74.31067425146352,0.0,0.0,0.0,0.0,0.0,0.0,0.0,0.0,0.256067329661335,0.0921509850927004,123554.41810619786,5522.076307707123,3.828748717405047,0
0.0124677627670017,0.4619770661837297,2.276968684698943,1.4970924986537568,0.419240464076156,0.1736681441084933,34.615491618037424,27.134768414467743,0.9047063403453316,1.237929594622689,292.8691724673487,64.5003720889384,1.7128594715450212,2.1527520855096136,490.1866290499251,116.73736921334849,5.131975335611889,1.89354070065038,448.1444103481816,102.426400190481,1654.4940991870103,196.0,2242.2811438875387,1240.779563775156,124.0,717.4513154059057,162.0,210.0,99.95362856480408,99.55947136563876,48.89867841409692,0,0.0124677627670017,0.4619770661837297,2.276968684698943,1.4970924986537568,0.8329175837274461,0.1736681441084933,34.615491618037424,27.134768414467743,0.9047063403453316,1.237929594622689,292.8691724673487,64.5003720889384,1.8728285363621493,2.1527520855096136,490.1866290499251,116.73736921334849,3298.9881983740206,196.0,2242.2811438875387,1240.779563775156,124.0,717.4513154059057,162.0,210.0,0.5288340297019044,0.4725434680698991,269.22041851024403,41.89980637104813,1.243666192429669,1.799503356801578,443.1401511324309,94.21278915206476,1,1,1,1,2,1,1,1,19.380109644504223,0.177392126902587,59.00690203779215,22.196437086387142,0.0,0.0,0.0,0.0,0.41367711965129,0.0,0.0,0.0,0.0,0.0,0.0,0.0,0.1599690648171282,0.0,0.0,0.0,122.80882223113268,0.9685464775074104,172.7557554851727,65.08877252211397,1644.4940991870103,0.0,0.0,0.0,0.0,0.0,0.0,0.0,15082.00681779795,0.9380822790920124,29844.55105325278,4236.548308435498,2.7870438100517614,1
0.4217615728703774,0.0,71.17568061434577,0.0,0.4533289215926548,0.0,101.09103774902428,0.0,1.1742960843411696,0.0,413.02300440637504,0.0,1.918971575324068,0.0,614.8304544143245,0.0,4.555688016511332,2.3363514850387013,537.2221336240644,153.42102064519062,2100.0452736540165,0.0,1864.9440884182447,0.0,2280.563799725292,0.0,2130.483716784594,0.0,99.95362856480408,99.11894273127754,0.0,0,0.4217615728703774,0.0,71.17568061434577,0.0,0.4533289215926548,0.0,101.09103774902428,0.0,1.1742960843411696,0.0,413.02300440637504,0.0,1.918971575324068,0.0,614.8304544143245,0.0,2100.0452736540165,0.0,1864.9440884182447,0.0,2280.563799725292,0.0,2130.483716784594,0.0,0.9346464724174692,1.6073155122431564,337.6453489683227,115.30366387901246,1.549114445287146,2.4087303619150444,503.8339436986819,145.10103954217962,1,0,1,0,1,0,1,0,16.044517915512504,0.0875396110883523,40.99133230311748,12.103596312670565,0.0,0.0,0.0,0.0,0.0,0.0,0.0,0.0,0.0,0.0,0.0,0.0,0.0,0.0,0.0,0.0,99.6216790798112,0.3663406935581875,156.03555999726623,35.959985071244496,0.0,0.0,0.0,0.0,0.0,0.0,0.0,0.0,9924.478942680891,0.1342055037566938,24347.09598366047,1293.1205263241268,3.268180460809698,1
0.0224980212382819,0.0983633893809516,5.833385557167816,14.828345067238942,0.2129908724795094,0.4760710690779934,138.71001041051176,20.64760802625001,1.0257173575505592,1.2387919583956213,333.61394392376474,61.390741927874686,1.7807176750807585,1.8740713083351943,505.0731976331241,98.77562791152218,2746.791225097136,1.53369532338864,417.8818369867235,95.99455046802603,915.8737183807898,717.3453038663379,1529.1412940172352,1754.796189731287,220.0,284.0,240.0,810.0,99.95362856480408,97.98284256897752,62.85648040806863,0,0.0224980212382819,0.0983633893809516,10.433203567026569,14.828345067238942,0.4143416777001796,0.4760710690779934,138.71001041051176,20.64760802625001,1.0257173575505592,1.2387919583956213,322.4939988168364,61.390741927874686,1.8765309925421825,1.8740713083351943,505.0731976331241,98.77562791152218,1821.74743676158,717.3453038663379,1529.1412940172352,1754.796189731287,220.0,284.0,426.0,810.0,0.7506094114779327,0.5133809561594038,259.74917343223103,41.88962852962358,1.3854725977018314,1.413494334917716,368.20421736831815,78.81382483480881,1,1,2,1,2,1,1,1,19110.55393515477,0.1788199919810028,102.7344809999844,24.032623400172906,0.0,0.0,4.599818009858751,0.0,0.2013508052206701,0.0,0.0,0.0,0.0,0.0,11.119945106928384,0.0,0.095813317461424,0.0,0.0,0.0,51947.21642887075,0.7086471267117571,309.27832628050487,56.57795414747637,905.8737183807898,0.0,0.0,0.0,0.0,0.0,186.0,0.0,2698513294.707939,0.5021807501968292,95653.08310687044,3201.0648955139386,2.580748253472673,1
0.0180089020492644,0.6421176770682068,165.22216256272236,25.89669895397614,0.6524393412586951,0.3487210032320518,71.70540566673628,26.64236584161779,1.1064591955222762,0.7794248367232973,418.6224592566932,84.79994145375576,2.591983310096387,1.9360639400471584,583.8446218194156,134.53132685199176,3.799842071465444,1.3933092894991193,589.2796566022914,142.4099252337487,2595.606883435901,1457.5209832717803,1571.2672839316087,1621.5606512008208,248.0,2658.4629998230243,1729.3900110892669,1747.9035295688004,99.95362856480408,99.0261998608857,100.02318571759795,0,0.0180089020492644,0.6421176770682068,165.22216256272236,25.89669895397614,0.6524393412586951,0.3487210032320518,71.70540566673628,26.64236584161779,1.1064591955222762,0.7794248367232973,418.6224592566932,84.79994145375576,2.591983310096387,1.9360639400471584,583.8446218194156,134.53132685199176,2595.606883435901,1457.5209832717803,1571.2672839316087,1621.5606512008208,248.0,2658.4629998230243,1729.3900110892669,1747.9035295688004,0.888969154145957,0.4268219438977571,324.52783851559093,61.08665225791829,1.902805305317114,1.3186184312942866,535.1797648898012,109.88170875034186,1,1,1,1,1,1,1,1,9.384575950063953,0.1800660482057795,144.2063594585075,75.01028461654067,0.0,0.0,0.0,0.0,0.0,0.0,0.0,0.0,0.0,0.0,0.0,0.0,0.0,0.0,0.0,0.0,78.34335156015752,0.6843300510767164,696.1015280286751,415.2026156214976,0.0,0.0,0.0,0.0,0.0,0.0,0.0,0.0,6137.680733678436,0.4683076188066612,484557.3373238564,172393.21201893303,1.728244357821623,1
0.2147878167219098,0.2703942928105955,72.26586187406986,2.733390283425692,0.0578768394020414,0.0007169685904488,0.1212804080980731,0.5759341634581858,0.6102868139361588,1.421104212400374,595.7357857128633,78.15243606741993,0.935340821452196,2.683440596317804,1219.5103740354614,123.68335914577536,0.8030647580954026,2.135988235708255,858.6627190960442,104.63888513659784,557.3178873219642,2.0,2.0,108.27379035476736,2962.2731496509373,797.616083793067,958.3876169141722,336.0,99.95362856480408,99.95362856480408,87.47971249710179,0,0.2147878167219098,0.2703942928105955,72.26586187406986,2.733390283425692,0.0578768394020414,0.0007169685904488,0.1212804080980731,0.5759341634581858,0.6102868139361588,1.421104212400374,595.7357857128633,78.15243606741993,0.935340821452196,2.683440596317804,1219.5103740354614,123.68335914577536,557.3178873219642,2.0,2.0,108.27379035476736,2962.2731496509373,797.616083793067,958.3876169141722,336.0,0.4082611638326107,0.7311461120764007,485.4067076469908,68.7018391196969,0.7436221554068007,2.127830487806775,808.1387342384227,93.26574141448312,1,1,1,1,1,1,1,1,0.1603875706767965,0.199699436343351,81.58345442302,30.938190614865004,0.0,0.0,0.0,0.0,0.0,0.0,0.0,0.0,0.0,0.0,0.0,0.0,0.0,0.0,0.0,0.0,0.3258909258341887,0.8790980256850247,288.2963784129766,71.13003097660747,0.0,0.0,0.0,0.0,0.0,0.0,0.0,0.0,0.1062048955410647,0.7728133387633083,83114.80180603819,5059.481306733138,2.671391960387678,1
0.3575666134444571,0.0243967501446571,0.6837752277283471,0.003287716560095,0.04082359999771,0.4133868264152145,384.0775560552373,6.917813135896296,0.7361282104076518,1.6606245904610564,592.8319259156845,71.9335020107574,1.1549563622475163,2.7568339062937106,1204.1211654826598,130.5192925947686,1.0076944146041855,2.058643972176992,924.6531436805496,116.45170770411715,382.0,734.0,2415.9394295152,573.1310501165062,3438.2554494669057,88.0,10.0,2.0,99.95362856480408,99.95362856480408,61.650823092974726,0,0.3575666134444571,0.0243967501446571,0.6837752277283471,0.003287716560095,0.04082359999771,0.4133868264152145,384.0775560552373,6.917813135896296,0.7361282104076518,1.6606245904610564,592.8319259156845,71.9335020107574,1.1549563622475163,2.7568339062937106,1204.1211654826598,130.5192925947686,382.0,734.0,2415.9394295152,573.1310501165062,3438.2554494669057,88.0,10.0,2.0,0.6090085712218207,0.7456062219385311,540.8840304532421,64.34188890910183,0.9350475063401746,1.992327071009485,822.6773568362697,100.72510035423008,1,1,1,1,1,1,1,1,0.1763221626651533,0.1686792576796014,97.34432470523808,53.69685537378786,0.0,0.0,0.0,0.0,0.0,0.0,0.0,0.0,0.0,0.0,0.0,0.0,0.0,0.0,0.0,0.0,0.4036163152698819,0.8302260191859056,384.07575716608255,154.19603999489638,0.0,0.0,0.0,0.0,0.0,0.0,0.0,0.0,0.1629061299520366,0.6892752429332756,147514.1872426996,23776.41875010768,2.1488558634020585,1
0.0264898379321758,0.001040680733372,0.0906852719019752,0.0570157191825728,0.0493977062563726,0.605780524910581,427.4985843706754,43.208615255537126,1.1206470262178287,1.7319668894521432,1173.1775124442077,155.48057186189715,1.2113153473651106,2.9494045244884024,1568.9766750416652,203.5853779080222,1.1783535799994802,2.4476739665483462,1414.4603874025734,194.47666550160827,1767.4042863850707,2611.49282478939,4164.025861342435,3222.544655896153,810.0112291322096,6.0,2.0,2.0,99.95362856480408,99.8840714120102,85.74078367725481,0,0.0521049542421034,0.001040680733372,0.0906852719019752,0.0570157191825728,0.0493977062563726,0.605780524910581,427.4985843706754,43.208615255537126,1.1064276903920942,1.7319668894521432,1173.1775124442077,155.48057186189715,1.2113153473651106,2.9494045244884024,1568.9766750416652,203.5853779080222,1767.4042863850707,2611.49282478939,4164.025861342435,3222.544655896153,1614.0224582644191,6.0,2.0,2.0,0.9214920616056694,1.058226772773046,836.2670510565129,100.97845771514196,1.1694018754879076,2.431643629638211,1295.1446592087975,173.49140085951797,2,1,1,1,1,1,1,1,0.0817302590838051,0.2617030473635469,207.28264516058087,46.56138861985487,0.0256151163099276,0.0,0.0,0.0,0.0,0.0,0.0,0.0,0.0142193358257345,0.0,0.0,0.0,0.0,0.0,0.0,0.0,0.2020559376451972,0.9417570996544484,633.1139623668148,137.71253051615733,0.0,0.0,0.0,0.0,804.0112291322096,0.0,0.0,0.0,0.0408266019376798,0.8869064347495587,400833.2893438085,18964.741061163564,2.005535504468177,1
0.0073620195403935,0.0014317432682947,0.0160331212342725,0.4823153553102202,0.0440671413128715,0.7600088998382,751.1876944389678,57.15928303017739,0.7290911406400327,0.8130564301838684,248.23634315133816,34.396115253358005,0.9078196696553712,2.0196374686129417,1229.320295233354,131.67624852540823,0.8862815573190906,1.5014508006851273,938.6499436313547,109.62779617340064,804.0,1941.7154642820344,3208.7486710190933,1988.063000116531,208.0,2.0,2.0,112.0,99.95362856480408,99.7217713888245,65.26779503825644,0,0.0073620195403935,0.0014317432682947,0.0160331212342725,0.4823153553102202,0.0440671413128715,0.7600088998382,751.1876944389678,57.15928303017739,0.7290911406400327,0.8130564301838684,248.23634315133816,34.396115253358005,0.9078196696553712,2.0196374686129417,1229.320295233354,131.67624852540823,804.0,1941.7154642820344,3208.7486710190933,1988.063000116531,208.0,2.0,2.0,112.0,0.6733513071575108,0.463592178936255,201.6932248945798,29.631627086812998,0.8192652898232756,1.3413499602447716,913.4675967670224,98.37911607963171,1,1,1,1,1,1,1,1,0.1606138441367814,0.198786348842849,204.6687355965487,37.00435226975872,0.0,0.0,0.0,0.0,0.0,0.0,0.0,0.0,0.0,0.0,0.0,0.0,0.0,0.0,0.0,0.0,0.3470190173989444,0.7116893184604378,673.4420372444517,84.19683885630319,0.0,0.0,0.0,0.0,0.0,0.0,0.0,0.0,0.1204221984365288,0.5065016860106825,453524.1775279575,7089.1076733942855,1.3553666983562338,1
0.0051637198029486,0.0708827795643908,88.74737778154594,8.368452312380533,0.3544161624326907,0.0007204340001247,0.0370001895028053,0.0762935657027128,1.0857516665609035,0.8929859329824591,403.5979780246721,46.40954245257313,1.4652229013729805,1.1346143397095798,573.9764011462316,54.6212168423168,1.3301470400850484,0.936716584528676,500.35611709822376,60.18278141324675,3890.608046531851,4.0,4.0,12.0,82.0,820.0,3790.798390679772,3091.979770874766,99.95362856480408,99.83769997681428,73.54509622072804,0,0.0101701387825829,0.0708827795643908,88.74737778154594,8.368452312380533,0.3544161624326907,0.0007204340001247,0.0370001895028053,0.0762935657027128,1.060696594181517,0.8929859329824591,403.5979780246721,46.40954245257313,1.4652229013729805,1.1346143397095798,573.9764011462316,54.6212168423168,3890.608046531851,4.0,4.0,12.0,162.0,820.0,3790.798390679772,3091.979770874766,0.7966926809657543,0.4477985070029761,350.4899724032539,43.2160075841403,1.2697758715816063,0.9862454932330352,436.00776319743215,50.28141660539091,2,1,1,1,1,1,1,1,0.2287951540390015,0.0805015934582742,216.37432843405784,45.23185029830484,0.0050064189796343,0.0,0.0,0.0,0.0,0.0,0.0,0.0,0.0250550723793864,0.0,0.0,0.0,0.0,0.0,0.0,0.0,0.407250233506347,0.2634783311378268,526.5615158995412,92.67276221364548,0.0,0.0,0.0,0.0,80.0,0.0,0.0,0.0,0.1658527526909741,0.0694208309791743,277267.0300264228,8588.240856306875,2.426512597204171,0
0.1984275717631225,0.0930474136781592,85.35723315738551,6.286052976962253,0.1862814409405038,0.2542672948801215,88.4853390212619,6.411088220128704,1.0343408584457268,0.9405574808332832,494.4882347568654,53.51582341369761,1.55091414772455,1.230749251712557,929.8483061591448,86.5165349385978,1.3776744452590557,1.086663288205761,715.2370855372028,72.85680178120539,1667.3363909454786,3168.222489354983,1618.888144296739,1814.5446021542664,1695.0762510159752,1054.998337875452,1351.2092099814206,1635.7411915040902,99.95362856480408,99.8840714120102,99.83769997681428,0,0.1984275717631225,0.1836675095077921,85.35723315738551,6.286052976962253,0.1862814409405038,0.2542672948801215,88.4853390212619,6.411088220128704,1.0343408584457268,0.9046330048341312,494.4882347568654,53.51582341369761,1.55091414772455,1.230749251712557,929.8483061591448,86.5165349385978,1667.3363909454786,3168.222489354983,1618.888144296739,1814.5446021542664,1695.0762510159752,2103.996675750904,1351.2092099814206,1635.7411915040902,0.7433523650422516,0.592158273874873,394.68141700691007,43.18920192690796,1.2602631512781957,1.093416073775411,712.970298837593,72.01255727394361,1,2,1,1,1,1,1,1,0.2932225090386365,0.0709237878990509,43.32543291366224,8.920216071545962,0.0,0.0906200958296328,0.0,0.0,0.0,0.0,0.0,0.0,0.0,0.0359244759991521,0.0,0.0,0.0,0.0,0.0,0.0,0.5283371525618825,0.2860306096519523,213.57776805396344,29.262675134070022,0.0,0.0,0.0,0.0,0.0,1048.998337875452,0.0,0.0,0.2791401467771979,0.0818135096578675,45615.4630069126,856.3041560021203,2.692555559901685,0
0.0066465737527994,0.0897024924969069,0.402382715469912,7.002132185931686,0.0007105173672818,0.0860475213489847,0.1856516212338874,6.796298953119752,1.1620202752739632,0.8725296290798726,515.9365538164482,53.857061421983616,1.206227131153793,1.0857535099929096,525.06016586096,63.480922747054585,3.074678399308925,0.9614204050257532,522.9812015445635,65.06645261685557,2.0,1860.2131672141809,14.0,2937.329509113327,106.0,574.0,26.0,1634.1723397109056,45.07303501043357,21.261303037329004,94.92232784604684,0,0.0066465737527994,0.0897024924969069,0.402382715469912,7.002132185931686,0.0007105173672818,0.1706175140965011,0.1856516212338874,6.796298953119752,1.1620202752739632,0.8725296290798726,515.9365538164482,53.857061421983616,1.206227131153793,1.0956588244631984,525.06016586096,63.480922747054585,2.0,3663.426334428361,14.0,2937.329509113327,106.0,574.0,26.0,1634.1723397109056,0.84376997047425,0.5319396127251317,452.448079157062,47.42575906578582,0.8540608636720709,1.0147523738711786,519.7829796161226,60.00842002569872,1,1,1,1,1,2,1,1,10.31792448272363,0.0387258736858402,43.51028398454045,11.584377729580233,0.0,0.0,0.0,0.0,0.0,0.0845699927475164,0.0,0.0,0.0,0.0,0.0,0.0,0.0,0.0099053144702887,0.0,0.0,88.8440525609226,0.2121977533226171,105.42812890796974,31.851571032819813,0.0,1803.2131672141809,0.0,0.0,0.0,0.0,0.0,0.0,7893.265675447978,0.0450278865151662,11115.090365035485,1014.5225772587662,2.745148953148748,0
0.0134793061310829,0.0755599170553736,0.0258304037738525,0.1187337559000525,0.0018920547455212,0.0613810352643389,0.7211775018754452,114.10893270732824,0.970745428253703,0.9909846343134012,423.204774842283,67.02916557219163,2.517817750830337,1.194811545828113,649.0791205634372,201.9318768560308,1.5352443474130466,1.0230712607214667,535.956801697785,139.7974658491013,6.0,536.0,9.0,2244.5822645035746,284.0,1390.5362745657123,2.0,4.0,87.38696962670994,87.38696962670994,63.552051936007416,0,0.0134793061310829,0.0755599170553736,0.0258304037738525,0.1187337559000525,0.0018920547455212,0.0613810352643389,1.2086471566294676,114.10893270732824,0.970745428253703,0.9909846343134012,423.204774842283,67.02916557219163,2.517817750830337,1.194811545828113,661.9516400114926,201.9318768560308,6.0,536.0,16.0,2244.5822645035746,284.0,1390.5362745657123,2.0,4.0,0.7338758246486533,0.4829263247035869,373.94485281815673,46.7826741482257,1.3174066183073914,1.0774210642854012,521.5082355368819,108.13124155579192,1,1,1,1,1,1,2,1,0.167024666454249,0.0611198877952043,39.724629182561074,18.35882305356689,0.0,0.0,0.0,0.0,0.0,0.0,0.4874696547540225,0.0,0.0,0.0,0.0,0.0,0.0,0.0,12.872519448055414,0.0,0.7112936320813523,0.2760789162964676,125.03280299602392,78.06006965241451,0.0,0.0,7.0,0.0,0.0,0.0,0.0,0.0,0.5059386310394822,0.076219568023432,15633.201825042528,6093.374474139805,2.20124725052444,0
0.0024218920458749,0.0640685911315882,10.248378709015752,0.5566901718021029,0.4029284344523285,0.0008216786083328,1.5619842264949284,16.589379826808482,1.2190358698554118,0.7317048388732116,384.3395101702337,41.29711171594404,2.307700709227127,0.9354050944383244,446.8824311869336,78.4914021304833,1.9016677397378128,0.7940412439013469,427.8439622500047,71.3484370482023,1997.0494242595448,8.0,10.0,1873.751002016445,4.0,2120.8871946400413,432.0,168.0,87.89705541386506,87.89705541386506,81.68328309761186,0,0.0024218920458749,0.0640685911315882,10.248378709015752,0.5566901718021029,0.4029284344523285,0.0008216786083328,1.5619842264949284,16.589379826808482,1.2190358698554118,0.7317048388732116,384.3395101702337,41.29711171594404,2.307700709227127,0.9354050944383244,446.8824311869336,78.4914021304833,1997.0494242595448,8.0,10.0,1873.751002016445,4.0,2120.8871946400413,432.0,168.0,0.8990670278943312,0.4424243456051025,326.26192792812105,37.25934353126136,1.792386182884902,0.7917718000306333,409.82985123989647,57.88994514603085,1,1,1,1,1,1,1,1,0.3438771784367943,0.065664029810903,37.31478532930416,16.80537340486337,0.0,0.0,0.0,0.0,0.0,0.0,0.0,0.0,0.0,0.0,0.0,0.0,0.0,0.0,0.0,0.0,0.7119150495675918,0.2085421725352239,87.58271728017674,39.21986298696547,0.0,0.0,0.0,0.0,0.0,0.0,0.0,0.0,0.5068230378008266,0.0434898377257111,7670.732366179369,1538.1976527163438,2.786853652267896,0
7.651358481819415e-05,0.0027146684344818,1.3569668598629503,1.6558703745540768,0.1903209833062137,0.0523136624357762,3.2467379912377794,0.2008897528551543,0.8576419229380909,0.7309531620828781,351.91893266543457,40.32921286416098,1.1261314658784345,1.0242848437082943,443.9693912364074,48.30531816352102,1.117687113720807,0.8221897580264538,416.48126169693353,50.27164958439553,3889.787162707461,262.2660008246868,395.0,82.0,2.0,4.0,148.04074144961464,804.5004660867467,99.95362856480408,99.95362856480408,67.51680964525852,0,7.651358481819415e-05,0.0027146684344818,2.711699318091348,1.6558703745540768,0.1903209833062137,0.0523136624357762,5.578238632162595,0.2008897528551543,0.8576419229380909,0.7309531620828781,344.8031165514085,40.32921286416098,1.1261314658784345,1.0242848437082943,450.2333210745496,48.30531816352102,3889.787162707461,262.2660008246868,678.0,82.0,2.0,4.0,294.0,804.5004660867467,0.6869462699736735,0.3525753876386583,312.72102174113235,36.33910862700586,1.0061045748301458,0.8464543567278977,404.9734495425308,44.99440443317849,1,1,2,1,1,1,2,1,0.2462568060619603,0.0643175592722171,57.93688408599076,26.65137954155763,0.0,0.0,1.3547324582283975,0.0,0.0,0.0,2.331500640924816,0.0,0.0,0.0,7.1158161140260745,0.0,0.0,0.0,6.263929838142246,0.0,0.4253730517096799,0.2743169499825371,141.21414522323943,66.08657637089938,0.0,0.0,283.0,0.0,0.0,0.0,145.95925855038536,0.0,0.180942233120806,0.0752497890477217,19941.43481113015,4367.435576426716,2.0600870888396376,0
0.2809360498774181,0.0532189962215949,40.21727252809097,3.0839229948710383,0.0023988400958612,0.00166343674144,2.0392480330988576,2.991762969929177,0.7425417445120249,0.8130534372060965,166.01879796638815,32.27382028527137,1.6655771456232251,1.0245064039455194,222.798638799946,35.49031081583938,1.2417840031225809,0.8603824221230788,205.01116739732117,42.82930489722042,10.0,28.0,156.0,709.9225700517436,1595.586109325026,554.0,1942.051666280723,1813.7868846504732,75.26083932297705,75.26083932297705,54.34732204961743,0,0.2809360498774181,0.0532189962215949,40.21727252809097,3.0839229948710383,0.0023988400958612,0.00166343674144,2.0392480330988576,2.991762969929177,0.7425417445120249,0.8130534372060965,166.01879796638815,32.27382028527137,1.6655771456232251,1.0245064039455194,222.798638799946,35.49031081583938,10.0,28.0,156.0,709.9225700517436,1595.586109325026,554.0,1942.051666280723,1813.7868846504732,0.5582690724855262,0.3909623601953136,133.2795318021542,22.749791679606474,1.1420565360234547,0.9007061590199599,202.8581927482159,33.72426074107916,1,1,1,1,1,1,1,1,0.1970177308991542,0.0555677656328841,20.02854769249533,12.515645848485626,0.0,0.0,0.0,0.0,0.0,0.0,0.0,0.0,0.0,0.0,0.0,0.0,0.0,0.0,0.0,0.0,0.6163459293674518,0.2408555914315458,51.02491679944189,25.287082357456907,0.0,0.0,0.0,0.0,0.0,0.0,0.0,0.0,0.3798823046478278,0.0580114159238397,2603.542134389967,639.4365341528083,1.994523887777138,0
0.0316371977175524,0.0551216161083785,0.1572271404284606,2.203988205135144,0.0058290229874746,0.0324615135280557,5.2475799976118935,0.1811865338362892,0.6461473863578968,0.739547049299238,201.52509702792247,27.604820266472547,0.7881359904784029,1.015626620900805,218.1439741010872,34.05302318032688,1.1392196253874023,0.8047916556775129,205.52242225118871,34.55199007839425,54.0,358.0,822.0831993491972,38.0,897.267646337564,736.5075023534096,6.0,1388.920509045496,40.64456294922328,40.64456294922328,57.40783677254812,0,0.0316371977175524,0.0551216161083785,0.1572271404284606,2.203988205135144,0.0058290229874746,0.0324615135280557,5.2475799976118935,0.1811865338362892,0.6461473863578968,0.739547049299238,201.52509702792247,27.604820266472547,0.7881359904784029,1.015626620900805,218.1439741010872,34.05302318032688,54.0,358.0,822.0831993491972,38.0,897.267646337564,736.5075023534096,6.0,1388.920509045496,0.5139029851959197,0.3694422788392597,130.98235494592618,22.269967492017077,0.9164741815842284,0.8244990497389981,201.2899256250184,30.1355908095632,1,1,1,1,1,1,1,1,0.2717009921110106,0.056865568813905,27.72385447772073,13.94077983110977,0.0,0.0,0.0,0.0,0.0,0.0,0.0,0.0,0.0,0.0,0.0,0.0,0.0,0.0,0.0,0.0,0.6110790502570418,0.2407460617159822,70.60453827550651,24.99947041907509,0.0,0.0,0.0,0.0,0.0,0.0,0.0,0.0,0.3734176056630482,0.0579586662317555,4985.000825097465,624.9735212342106,2.3854699888315127,0
0.0,0.1903126731724469,0.0,0.010027250382997,0.0,0.073230227647449,0.0,2.9826147478072755,0.0,0.6581959720480274,0.0,25.85978649641158,0.0,0.8532974917296069,0.0,35.540337846161805,2.146549101222744,0.7285930213722269,226.1008114945772,35.30774653426331,0.0,737.6632194137295,0.0,1939.891587021476,0.0,2914.469048971779,0.0,4.0,0.0,0.0,78.94736842105263,0,0.0,0.1903126731724469,0.0,0.010027250382997,0.0,0.073230227647449,0.0,2.9826147478072755,0.0,0.6581959720480274,0.0,25.85978649641158,0.0,0.8532974917296069,0.0,35.540337846161805,0.0,737.6632194137295,0.0,1939.891587021476,0.0,2914.469048971779,0.0,4.0,1.3376587465767535,0.3055240871459329,192.0110148282469,24.227843353656397,2.12690502193255,0.7713758877837704,215.8490156508984,32.42219028332614,0,1,0,1,0,1,0,1,0.2833714292200915,0.047109330285028,31.59605839294485,8.489732619723222,0.0,0.0,0.0,0.0,0.0,0.0,0.0,0.0,0.0,0.0,0.0,0.0,0.0,0.0,0.0,0.0,0.551154162306144,0.2325288260321594,49.80626736498448,13.148628244139676,0.0,0.0,0.0,0.0,0.0,0.0,0.0,0.0,0.3037709106273873,0.0540696549358942,2480.664268832318,172.88642470258762,2.23653030404423,0
0.0,0.0594665902639128,0.0,3.362142620731131,0.0,0.0001983816991503,0.0,0.3416263344584962,0.0,0.5784499088523105,0.0,27.192373808612512,0.0,0.7259246954824821,0.0,32.468944085513165,0.0,0.6073655645234632,0.0,32.78128664718512,0.0,2.0,0.0,86.0,0.0,2241.8198644431377,0.0,2935.3608305324824,0.0,0.0,82.65708323672618,0,0.0,0.0594665902639128,0.0,3.362142620731131,0.0,0.0001983816991503,0.0,0.3416263344584962,0.0,0.5784499088523105,0.0,27.192373808612512,0.0,0.7259246954824821,0.0,32.468944085513165,0.0,2.0,0.0,86.0,0.0,2241.8198644431377,0.0,2935.3608305324824,0.0,0.3011096186794619,0.0,24.27683366360036,0.0,0.6242073292870374,0.0,28.77498822784865,0,1,0,1,0,1,0,1,0.0,0.0462707086850417,0.0,11.006174348655817,0.0,0.0,0.0,0.0,0.0,0.0,0.0,0.0,0.0,0.0,0.0,0.0,0.0,0.0,0.0,0.0,0.0,0.1723062208499497,0.0,20.486454410130808,0.0,0.0,0.0,0.0,0.0,0.0,0.0,0.0,0.0,0.0296894337435916,0.0,419.694814298368,2.8864274963621512,0
0.0,0.0824497695606194,0.0,0.3253810084175299,0.0,0.1281864373305947,0.0,0.0187503321126278,0.0,0.9494347852197552,0.0,25.56948832600516,0.0,1.12047775130059,0.0,28.507139482798948,0.0,0.9493856035380304,0.0,30.67142033623506,0.0,1929.0875734226024,0.0,6.0,0.0,979.9691455953276,0.0,386.0,0.0,0.0,66.3807094829585,0,0.0,0.0824497695606194,0.0,0.3253810084175299,0.0,0.1281864373305947,0.0,0.0187503321126278,0.0,0.9494347852197552,0.0,25.56948832600516,0.0,1.12047775130059,0.0,28.507139482798948,0.0,1929.0875734226024,0.0,6.0,0.0,979.9691455953276,0.0,386.0,0.0,0.3952578424230474,0.0,22.528104351131795,0.0,1.0120626224590117,0.0,26.694030018556944,0,1,0,1,0,1,0,1,0.0,0.0510962980528021,0.0,10.340108530934224,0.0,0.0,0.0,0.0,0.0,0.0,0.0,0.0,0.0,0.0,0.0,0.0,0.0,0.0,0.0,0.0,0.0,0.2825048273064867,0.0,14.424713809349733,0.0,0.0,0.0,0.0,0.0,0.0,0.0,0.0,0.0,0.0798089774514679,0.0,208.0723684816448,2.497907225044295,0
0.0,0.0003238335170255,0.0,1.9090181970815576,0.0,0.0571961956983249,0.0,0.1724170365005193,0.0,0.7009307551131516,0.0,31.269621704386445,0.0,0.9000493814591413,0.0,33.64675024126578,0.0,0.7924706652021715,0.0,35.92462722050679,0.0,738.3587472469401,0.0,180.0,0.0,2.0,0.0,1893.1709539736376,0.0,0.0,58.8453512636216,0,0.0,0.0003238335170255,0.0,1.9090181970815576,0.0,0.0571961956983249,0.0,0.1724170365005193,0.0,0.7009307551131516,0.0,31.269621704386445,0.0,0.9000493814591413,0.0,33.64675024126578,0.0,738.3587472469401,0.0,180.0,0.0,2.0,0.0,1893.1709539736376,0.0,0.3276437911308107,0.0,28.219064898399765,0.0,0.8294290760529812,0.0,32.49501067760759,0,1,0,1,0,1,0,1,0.0,0.0671361838616925,0.0,11.738704023936137,0.0,0.0,0.0,0.0,0.0,0.0,0.0,0.0,0.0,0.0,0.0,0.0,0.0,0.0,0.0,0.0,0.0,0.2586247468932122,0.0,23.62509623246604,0.0,0.0,0.0,0.0,0.0,0.0,0.0,0.0,0.0,0.0668867597055781,0.0,558.1451719932812,2.648689215791036,0
0.0,0.0006997376811626,0.0,0.0072666202785924,0.0,0.0324551256237822,0.0,0.0122912900430058,0.0,0.5035662947746975,0.0,23.007610979121672,0.0,0.577301952493161,0.0,29.92621465176948,0.0,0.6244282341085794,0.0,31.336266209695008,0.0,589.3110118406821,0.0,6.0,0.0,4.0,0.0,2.0,0.0,0.0,45.490377927196846,0,0.0,0.0006997376811626,0.0,0.0072666202785924,0.0,0.0324551256237822,0.0,0.0122912900430058,0.0,0.5035662947746975,0.0,23.007610979121672,0.0,0.577301952493161,0.0,29.92621465176948,0.0,589.3110118406821,0.0,6.0,0.0,4.0,0.0,2.0,0.0,0.2608192281971528,0.0,20.54657244178954,0.0,0.5528944168172837,0.0,25.489931836017877,0,1,0,1,0,1,0,1,0.0,0.1288500175567962,0.0,30.511255132457997,0.0,0.0,0.0,0.0,0.0,0.0,0.0,0.0,0.0,0.0,0.0,0.0,0.0,0.0,0.0,0.0,0.0,0.3571292700608789,0.0,67.74870583344871,0.0,0.0,0.0,0.0,0.0,0.0,0.0,0.0,0.0,0.1275413155342162,0.0,4589.887142107168,2.1782668304219053,0
0.0,0.0862562040327055,0.0,1.7070797592389937,0.0,0.0030112320267658,0.0,1.3249708361782029,0.0,0.7786139970199328,0.0,26.86301691502318,0.0,0.9383491720557512,0.0,37.35615334209416,0.0,0.9065539552274297,0.0,41.44765182304347,0.0,6.0,0.0,829.3580657511884,0.0,1718.7708867874253,0.0,418.0,0.0,0.0,60.02782286111755,0,0.0,0.0862562040327055,0.0,1.7070797592389937,0.0,0.0030112320267658,0.0,1.3249708361782029,0.0,0.7786139970199328,0.0,26.86301691502318,0.0,0.9383491720557512,0.0,37.35615334209416,0.0,6.0,0.0,829.3580657511884,0.0,1718.7708867874253,0.0,418.0,0.0,0.3443769565182003,0.0,22.018109057203283,0.0,0.8391788612503424,0.0,34.8170129169415,0,1,0,1,0,1,0,1,0.0,0.1690074032725076,0.0,27.353664350048835,0.0,0.0,0.0,0.0,0.0,0.0,0.0,0.0,0.0,0.0,0.0,0.0,0.0,0.0,0.0,0.0,0.0,0.4623455361184299,0.0,47.43292453373234,0.0,0.0,0.0,0.0,0.0,0.0,0.0,0.0,0.0,0.2137633947686383,0.0,2249.882329822748,3.252907946352458,0
0.0839144849679129,0.0041334716925161,275.18433135951364,37.151585909369885,1.4458635438252545e-05,0.0966884820687816,1.0652751132925005,4.601229193732138,1.703082804550499,3.5987156990415645,2815.6066303769458,368.89060219787774,1.8399120255839123,4.5294152271250745,4013.209334728726,487.3349688320634,1.768084943700302,3.979031419400033,3466.0913459773847,425.29131057529736,4.0,414.0,4.0,242.0,1995.090261642228,2.0,1354.375551901313,1308.1453104405502,79.78205425457918,79.78205425457918,54.64873637839092,0,0.0839144849679129,0.0041334716925161,275.18433135951364,37.151585909369885,1.4458635438252545e-05,0.0966884820687816,1.0652751132925005,4.601229193732138,1.703082804550499,3.5987156990415645,2815.6066303769458,368.89060219787774,1.8399120255839123,4.5294152271250745,4013.209334728726,487.3349688320634,4.0,414.0,4.0,242.0,1995.090261642228,2.0,1354.375551901313,1308.1453104405502,1.4666569298949046,1.6883064836591082,2197.730786938406,219.94918887971463,1.7371193988193658,4.1551195105454255,3448.24926921145,424.2866634737821,1,1,1,1,1,1,1,1,0.121590574818642,0.269893645399597,232.5319289542463,43.28947006231744,0.0,0.0,0.0,0.0,0.0,0.0,0.0,0.0,0.0,0.0,0.0,0.0,0.0,0.0,0.0,0.0,0.2204773208482918,1.145352328400456,773.2785373701032,122.30376902305534,0.0,0.0,0.0,0.0,0.0,0.0,0.0,0.0,0.0486102490084406,1.311831956172346,597959.6963572461,14958.21191724487,2.0879131034928697,0
0.0,0.3375839473327389,0.0,98.00605714163136,0.0,0.0797858888918883,0.0,0.6681089349502827,0.0,3.719559359490047,0.0,570.126535926767,0.0,7.007890387233954,0.0,683.0797472577243,2.3765677736161943,4.84060281135515,3452.6835059712203,652.3146352248176,0.0,90.0,0.0,10.0,0.0,688.1032705220973,0.0,1646.0498273765254,0.0,0.0,51.91282170183167,0,0.0,0.3375839473327389,0.0,98.00605714163136,0.0,0.0797858888918883,0.0,0.6681089349502827,0.0,3.719559359490047,0.0,570.126535926767,0.0,7.007890387233954,0.0,683.0797472577243,0.0,90.0,0.0,10.0,0.0,688.1032705220973,0.0,1646.0498273765254,1.5634383535945808,1.6303880983403476,1872.443944338909,284.2539627612184,2.252255554217284,4.622988270640348,3502.240151295395,645.4947307102285,0,1,0,1,0,1,0,1,0.3141940457028403,0.4448931699083136,343.95864240375704,68.81176118080309,0.0,0.0,0.0,0.0,0.0,0.0,0.0,0.0,0.0,0.0,0.0,0.0,0.0,0.0,0.0,0.0,0.6372084375277234,2.035193522258996,805.4547221985036,245.5662478010784,0.0,0.0,0.0,0.0,0.0,0.0,0.0,0.0,0.4060345928565226,4.142012673044979,648757.3095118687,60302.78205910063,1.5747934470145792,1
0.0404747024535034,2.1314378729098135e-05,26.26537116130908,11.628881648946532,0.0227568186446187,0.152084732653642,8.753081045803128,3.1817689509740603,1.9945724633341,2.0831049160489536,1932.1092444807337,246.41616101793224,2.797733917987374,3.4402071548492783,4034.090377130699,848.6197844908315,2.418989916390816,2.8103863383321017,2796.949595652248,567.7303964661596,95.0,430.0,21.9545028421897,18.0,344.0,4.0,78.0,85.40537356293726,91.00394157199165,86.87688383955484,59.77277996753999,0,0.0404747024535034,2.1314378729098135e-05,51.71160481700554,11.628881648946532,0.0411969079901748,0.152084732653642,14.60185063621384,3.1817689509740603,1.9945724633341,2.0831049160489536,625.0372134819689,246.41616101793224,2.926423656086881,3.4402071548492783,4105.7797983041,848.6197844908315,172.0,430.0,41.9090056843794,18.0,344.0,4.0,150.0,85.40537356293726,1.4793290125742915,0.931313986434015,394.5507437124297,90.66653267821532,2.310997661215933,2.8910580868367908,3115.8575830634945,592.3221921546394,1,1,2,1,2,1,2,1,0.3114166063789317,0.1954062413646188,299.89752438961443,87.86194993891787,0.0,0.0,25.44623365569646,0.0,0.018440089345556,0.0,5.848769590410711,0.0,0.0,0.0,1307.0720309987646,0.0,0.1286897380995073,0.0,71.68942117340112,0.0,0.6460982747838336,1.0882089238577444,1454.6083967384368,279.78376133926923,77.0,0.0,19.9545028421897,0.0,0.0,0.0,72.0,0.0,0.4174429806786462,1.18419866196363,2115885.5878619654,78278.95310914918,2.571439888349195,1
0.166318444805386,0.1169885464736869,0.9458908014703412,0.0333007749042906,0.0205688147945379,0.2903403271138269,4.358338571287732,0.0576843078021909,1.3739756778411352,0.8234619225254602,377.4503188988712,89.17805582892998,1.5576352700997609,2.0432415279886227,761.4572119530173,117.29736604432308,1.4790705076780737,1.4783777326442131,593.7997383772723,110.9033785637068,460.5475396605304,380.0,266.0,4.0,3468.223327706003,404.0,62.0,2.0,99.95362856480408,99.95362856480408,34.56990493855785,0,0.166318444805386,0.1169885464736869,0.9458908014703412,0.0333007749042906,0.0405222692607329,0.2903403271138269,4.358338571287732,0.0576843078021909,1.3739756778411352,0.8234619225254602,377.4503188988712,89.17805582892998,1.5749764175530006,2.0432415279886227,761.4572119530173,117.29736604432308,919.0950793210608,380.0,266.0,4.0,3468.223327706003,404.0,62.0,2.0,1.2101935636396717,0.314024050900426,354.016578795662,72.0936351210761,1.463361396121152,1.2752935288475595,620.7443210776555,103.93296928529256,1,1,1,1,2,1,1,1,0.0745879971248662,0.1664061881277113,23.3665573212544,11.130688900004644,0.0,0.0,0.0,0.0,0.019953454466195,0.0,0.0,0.0,0.0,0.0,0.0,0.0,0.0173411474532396,0.0,0.0,0.0,0.1716960224881657,0.950194310930336,162.55849430830875,31.14063048784217,458.5475396605304,0.0,0.0,0.0,0.0,0.0,0.0,0.0,0.0294795241382567,0.9028692285243765,26425.264071784448,969.7388671803252,2.464695813718543,1
0.2212090424874935,0.3099597309351909,37.30913904408885,2.755505178776275,0.087890452851747,0.1621913718541234,85.75132739018181,39.842188878918165,2.1175444699145265,1.7588417745305136,1036.62972518189,138.00673805771152,2.78061111695263,2.10252952054902,1308.010220785563,236.38562169689868,2.3504987186704644,1.9096871063762608,1211.0226560076424,200.30908281736745,476.0,197.4529448687761,1951.6674242877991,1325.0495605886172,1202.1184874975231,1916.106490920285,100.0,248.0,74.56526779503825,74.56526779503825,59.26269418038488,0,0.2212090424874935,0.3099597309351909,37.30913904408885,2.755505178776275,0.087890452851747,0.1621913718541234,85.75132739018181,39.842188878918165,2.1175444699145265,1.7588417745305136,1036.62972518189,138.00673805771152,2.78061111695263,2.10252952054902,1308.010220785563,236.38562169689868,476.0,197.4529448687761,1951.6674242877991,1325.0495605886172,1202.1184874975231,1916.106490920285,100.0,248.0,1.0493870662751876,0.6588574594119591,744.0076398563358,112.8421220856244,2.311791346259652,1.9265085674971247,1169.0227664395238,182.0552985039613,1,1,1,1,1,1,1,1,0.2629603852678877,0.1712156723416055,84.73632529218754,20.40039978863061,0.0,0.0,0.0,0.0,0.0,0.0,0.0,0.0,0.0,0.0,0.0,0.0,0.0,0.0,0.0,0.0,0.95172452216776,0.8055476774790072,321.70332177362724,75.03580318901004,0.0,0.0,0.0,0.0,0.0,0.0,0.0,0.0,0.9057795660954512,0.6489070606918226,103493.02724018594,5630.3717602198485,1.4572819586825323,1
0.0060310773807737,0.0018090194558236,5.337728385713191,1.6886855818184152,0.344990371953739,0.0932189799160113,0.7791220320345076,8.370299243752783,2.031801468373017,0.5218520429659451,90.76001870165756,26.51178242289961,3.6175503915354055,0.803977710872668,158.04053550739212,54.381553353579065,2.6645912982104285,0.7056212892374576,162.80492001567356,58.77352281174097,336.0,797.0,18.0,346.0,104.0,34.0,389.5720355024816,298.0,91.65314166473452,91.65314166473452,48.71319267331324,0,0.0083751410257917,0.0018090194558236,8.940113435483624,1.6886855818184152,0.344990371953739,0.0932189799160113,0.7791220320345076,8.370299243752783,1.963325339289037,0.5218520429659451,88.31463898874844,26.51178242289961,3.6175503915354055,0.803977710872668,158.04053550739212,54.381553353579065,336.0,797.0,18.0,346.0,124.0,34.0,671.1440710049633,298.0,1.55766771424561,0.2770288484668178,67.76238605318342,20.73291161056619,2.31094277679777,0.6521738282702704,120.20311497936628,36.63684670813239,2,1,2,1,1,1,1,1,0.4134660680235598,0.0889634886808386,59.346965241607705,23.153312309554043,0.0023440636450179,0.0,3.602385049770433,0.0,0.0,0.0,0.0,0.0,0.0684761290839799,0.0,2.445379712909116,0.0,0.0,0.0,0.0,0.0,1.26155734276124,0.3492729156201227,194.33420980715744,57.71443930215301,0.0,0.0,0.0,0.0,20.0,0.0,281.57203550248164,0.0,1.5915269290748013,0.1219915695857813,37765.7851013723,3330.956503961904,2.016119911202107,1
0.4087914618938693,7.642874589408599e-05,4.34283909724936,0.0021573674861308,0.0744033094517337,0.1973953643820243,35.67143170845942,3.29456959178566,1.768671662160482,0.8065105946960486,53.54506031753901,24.144759175661694,2.3133168358347467,1.05012047214803,100.69549538212294,42.71551825089722,2.018867952002471,0.8671919189108769,89.34050059748222,38.22091785354725,188.0,1685.4716294625273,2998.5578867797044,148.0,3469.0097405925053,8.0,638.0,2.0,99.93044284720612,99.95362856480408,62.11453744493392,0,0.4087914618938693,7.642874589408599e-05,4.34283909724936,0.0021573674861308,0.0744033094517337,0.1973953643820243,35.67143170845942,3.29456959178566,1.768671662160482,0.8065105946960486,53.54506031753901,24.144759175661694,2.3133168358347467,1.05012047214803,100.69549538212294,42.71551825089722,188.0,1685.4716294625273,2998.5578867797044,148.0,3469.0097405925053,8.0,638.0,2.0,1.1719528074235512,0.3429500312936031,47.73638451829777,21.85965256455807,1.984427427619294,0.8796274761232243,75.12698876174608,29.058714003821137,1,1,1,1,1,1,1,1,0.1930218294545517,0.050822042670825,12.34255958703677,5.568988025423048,0.0,0.0,0.0,0.0,0.0,0.0,0.0,0.0,0.0,0.0,0.0,0.0,0.0,0.0,0.0,0.0,0.488809890072939,0.3138978472700437,63.59195872686284,28.211940809246453,0.0,0.0,0.0,0.0,0.0,0.0,0.0,0.0,0.2389351086331187,0.0985318585207677,4043.9372147190265,795.9136042244254,1.5708573484542538,1
0.0639827930306966,8.109692155811032e-06,1.3538595253371994,0.0930146951739168,0.1262801363927148,0.0002552535560973,28.086994134904373,1.168691519965659,1.336183751450545,0.6107577047193724,69.40796918167904,25.287381247183266,2.2688888326745627,0.7569924054358041,145.27184546302595,29.38558325970792,1.8514479597739115,0.6520349232522011,119.97965368011864,34.05522142555257,666.0,10.622334682026889,1720.488397200874,326.0,1072.9155732563836,4.0,251.49638457694527,24.0,91.16624159517735,91.16624159517735,53.46626478089497,0,0.0639827930306966,8.109692155811032e-06,1.3538595253371994,0.0930146951739168,0.1262801363927148,0.0002552535560973,28.086994134904373,1.168691519965659,1.336183751450545,0.6107577047193724,69.40796918167904,25.287381247183266,2.2688888326745627,0.7569924054358041,145.27184546302595,29.38558325970792,666.0,10.622334682026889,1720.488397200874,326.0,1072.9155732563836,4.0,251.49638457694527,24.0,1.0990775025802648,0.2942256771644809,59.44490560209394,21.50482365549142,1.7173484129418752,0.6758549654369274,106.96019254947544,27.185559809564445,1,1,1,1,1,1,1,1,0.4467191589536278,0.0559013979063535,31.953835767365817,25.41157146508481,0.0,0.0,0.0,0.0,0.0,0.0,0.0,0.0,0.0,0.0,0.0,0.0,0.0,0.0,0.0,0.0,1.7150576499065324,0.216466600650774,165.32838233027636,90.895788437039,0.0,0.0,0.0,0.0,0.0,0.0,0.0,0.0,2.9414227425029176,0.0468577891973017,27333.474003946038,8262.044355590953,2.78774395235001,1
0.040072843923425,0.0655880700105849,0.3323658125932525,7.489143589506256,0.0028629300596543,0.1417438759656717,315.85925278553486,28.702732026221668,2.608327985175376,0.852969431931921,381.9089137995014,123.66876767742872,3.741244228581286,1.309966665340719,1292.9496930476134,323.62961224661177,3.1598844447519974,1.1285681911860974,1057.281596456585,269.7396137226712,6.0,748.3369002438785,2221.146757177581,484.0,152.0,534.0,2.0,332.0,95.96568513795502,95.96568513795502,53.16485045212149,0,0.0736577296387732,0.0655880700105849,0.3323658125932525,7.489143589506256,0.0034396350084051,0.1417438759656717,315.85925278553486,28.702732026221668,2.472719874123464,0.852969431931921,381.9089137995014,123.66876767742872,3.85052366904468,1.309966665340719,1292.9496930476134,323.62961224661177,8.0,748.3369002438785,2221.146757177581,484.0,292.0,534.0,2.0,332.0,1.5273243954598663,0.4629646379950123,273.9534341370409,74.35651406570415,3.134393546150669,1.0366766974400343,848.5633768147429,210.65765188552552,2,1,1,1,2,1,1,1,0.2840002020734519,0.163439924054565,162.3781923699424,56.58745213130803,0.0335848857153482,0.0,0.0,0.0,0.0005767049487508,0.0,0.0,0.0,0.1356081110519122,0.0,0.0,0.0,0.1092794404633941,0.0,0.0,0.0,0.9483006353957744,0.4905304515960651,763.3219796510685,203.03500899321543,2.0,0.0,0.0,0.0,140.0,0.0,0.0,0.0,0.8992740950920296,0.2406201239430396,582660.4446184263,41223.21487687507,1.2426819781745848,1
0.0044096571573852,0.0747753549249879,40.90583518156393,25.74180055507388,0.0133142949513687,0.004268703858398,0.4587484676031863,17.61996235548827,2.365269825746275,0.858486351644573,283.56362441573947,122.0301984688151,2.821483132127041,0.9816944853279992,879.330650491822,200.09283696943373,2.5965414935667,1.0024707898880096,589.0516859023597,176.13052649413532,419.3021432269262,28.0,2.0,140.0,22.0,691.1482109321291,534.0,1979.136244825469,82.56434036633435,82.56434036633435,56.61952237421748,0,0.0044096571573852,0.0747753549249879,40.90583518156393,25.74180055507388,0.0259806097772332,0.004268703858398,0.4587484676031863,17.61996235548827,2.365269825746275,0.858486351644573,283.56362441573947,122.0301984688151,2.8361922430843185,0.9816944853279992,879.330650491822,200.09283696943373,828.6042864538524,28.0,2.0,140.0,22.0,691.1482109321291,534.0,1979.136244825469,1.988651071736604,0.4138892924007388,109.85010058410212,30.390640157634834,2.5708546417525824,0.9061129369322094,403.71437667429336,133.26877319852923,1,1,1,1,2,1,1,1,0.2217493240368738,0.2492363578950467,226.47296383472337,72.2064533608321,0.0,0.0,0.0,0.0,0.0126663148258645,0.0,0.0,0.0,0.0,0.0,0.0,0.0,0.0147091109572772,0.0,0.0,0.0,0.5239205745315068,0.5327971664757364,543.044366733709,155.03308121051228,409.3021432269262,0.0,0.0,0.0,0.0,0.0,0.0,0.0,0.2744927684174241,0.2838728206045736,294897.18424121506,24035.256269625297,2.430006765729764,1
0.3845238439220804,0.0864192679397921,115.87612073592376,22.04374809564932,0.0011860537664114,0.1126696791040018,60.02462827779368,31.208504719315044,1.9339147324668675,0.7660117825859976,173.721356582372,63.63366943554496,3.310576756109135,2.2508309338350774,1731.3324372838115,379.7323784303264,2.3445987499265786,1.2084679917934371,682.490372761718,175.90676253904456,2.0,146.0,156.0120140099165,144.0,1355.566493480132,1334.5834434050453,2241.407794509686,1586.8601431252102,99.95362856480408,99.95362856480408,54.62555066079295,0,0.3845238439220804,0.0864192679397921,115.87612073592376,22.04374809564932,0.0011860537664114,0.1126696791040018,60.02462827779368,31.208504719315044,1.9339147324668675,0.7660117825859976,173.721356582372,63.63366943554496,3.310576756109135,2.2508309338350774,1731.3324372838115,379.7323784303264,2.0,146.0,156.0120140099165,144.0,1355.566493480132,1334.5834434050453,2241.407794509686,1586.8601431252102,1.37355806050153,0.3701477751068771,89.53886571335843,35.741706266399135,2.197228553711301,0.8719969425221452,288.7794415089699,83.81793753757856,1,1,1,1,1,1,1,1,0.2280005674996739,0.2166172357932574,123.755079736119,54.013728175704735,0.0,0.0,0.0,0.0,0.0,0.0,0.0,0.0,0.0,0.0,0.0,0.0,0.0,0.0,0.0,0.0,0.7230034017555149,0.8276582857967932,760.1211514490811,189.49623886002027,0.0,0.0,0.0,0.0,0.0,0.0,0.0,0.0,0.5227339189500465,0.6850182380480863,577784.164880277,35908.824542093855,1.7634355727251314,1
0.0987116357563511,0.0557267101168602,6.719125267562816,2.0889774813706765,0.501441291057469,0.0053680762419726,18.850816223830293,0.2668449011407858,1.3734887350137528,0.7779229138675903,212.07946582213373,55.44852668095827,2.9747724465667758,0.8372176127294473,317.8900029549395,67.91922321470001,2.455051562760471,0.8147386512269789,277.16960304637723,67.3126317063991,1201.992924504808,62.0,254.0,38.0,374.0,2379.767983972941,973.8485876397084,877.4188103846786,99.95362856480408,99.95362856480408,69.1398098771157,0,0.0987116357563511,0.0557267101168602,6.719125267562816,2.0889774813706765,0.501441291057469,0.0053680762419726,18.850816223830293,0.2668449011407858,1.3734887350137528,0.7779229138675903,212.07946582213373,55.44852668095827,2.9747724465667758,0.8372176127294473,317.8900029549395,67.91922321470001,1201.992924504808,62.0,254.0,38.0,374.0,2379.767983972941,973.8485876397084,877.4188103846786,1.0442233193918802,0.4957164688065294,172.54262314966368,43.308317172935695,2.4983427650950505,0.8122703850719806,223.5572712242729,58.770065311826215,1,1,1,1,1,1,1,1,0.3109365629769732,0.0720996101646012,55.53313424120846,24.80113746837996,0.0,0.0,0.0,0.0,0.0,0.0,0.0,0.0,0.0,0.0,0.0,0.0,0.0,0.0,0.0,0.0,1.1565429111848942,0.2002008738335116,183.0675953946273,50.13771760298744,0.0,0.0,0.0,0.0,0.0,0.0,0.0,0.0,1.3375915054120298,0.0400803898837016,33513.74448357096,2513.790726436917,2.021700374164284,1
0.1572757951554471,0.1320987068712245,0.0415641146318463,0.0616418591198311,0.0183855831715016,0.0318638514689216,0.0089097374622184,0.2353546332657785,3.207348535357573,0.5967484298615933,63.86593997797464,33.148753629618554,4.923489432393493,0.7504162429968437,121.1332994252218,39.92171381114234,3.9121515359938734,0.6511194396927116,122.29887112924082,43.42397887413804,103.56552759809802,262.0,2.0,24.0,330.0,1947.7626170619435,2.0,12.0,69.81219568745652,55.41386505912358,65.9169951309993,0,0.1572757951554471,0.1320987068712245,0.0415641146318463,0.0616418591198311,0.0183855831715016,0.0318638514689216,0.0089097374622184,0.2353546332657785,3.207348535357573,0.5967484298615933,63.86593997797464,33.148753629618554,4.923489432393493,0.7504162429968437,121.1332994252218,39.92171381114234,103.56552759809802,262.0,2.0,24.0,330.0,1947.7626170619435,2.0,12.0,1.854650831420856,0.2345757135614397,53.35754877921643,24.70756393238609,3.8753154825497376,0.7002667958054098,100.04291004404502,36.839365658033714,1,1,1,1,1,1,1,1,0.3468028269918753,0.0511122987940213,42.84296378568354,15.624020606468916,0.0,0.0,0.0,0.0,0.0,0.0,0.0,0.0,0.0,0.0,0.0,0.0,0.0,0.0,0.0,0.0,1.170395759851185,0.2529223371799569,106.80070633969068,26.913222089425872,0.0,0.0,0.0,0.0,0.0,0.0,0.0,0.0,1.3698262346776326,0.0639697086445718,11406.390874656843,724.3215232347608,1.5394496982264776,1
0.6332705387120008,0.1199896210460078,69.04219701798469,4.075658338499629,1.727195272952834,0.0420304762137659,20.592905306589188,3.3298344223488527,2.3438594924879457,0.7263284920657398,55.34769900468108,25.73580228301792,4.163563453202011,0.8800293711536048,128.36158269802831,33.48714817202123,3.1581684863707484,0.7182076802851018,118.21778305739764,45.377512441174034,2594.2416939931413,288.0,1092.2579208836785,894.7638761333369,2016.5056527017105,1700.3345806073596,3601.438898664897,528.7622370080494,99.95362856480408,99.95362856480408,45.81497797356828,0,0.6332705387120008,0.1199896210460078,69.04219701798469,4.075658338499629,1.727195272952834,0.0420304762137659,20.592905306589188,3.3298344223488527,2.3438594924879457,0.7263284920657398,55.34769900468108,25.73580228301792,4.163563453202011,0.8800293711536048,128.36158269802831,33.48714817202123,2594.2416939931413,288.0,1092.2579208836785,894.7638761333369,2016.5056527017105,1700.3345806073596,3601.438898664897,528.7622370080494,1.8413521207301933,0.2263330465889471,41.65088591977357,20.48729784370648,2.8893930694330376,0.8209193345531599,87.54301260321354,30.095939944004563,1,1,1,1,1,1,1,1,0.3112876833250387,0.0401626621005218,21.298289313616788,18.2752316922242,0.0,0.0,0.0,0.0,0.0,0.0,0.0,0.0,0.0,0.0,0.0,0.0,0.0,0.0,0.0,0.0,1.0751199870605814,0.2651367442395527,101.32492232302612,38.011615053843,0.0,0.0,0.0,0.0,0.0,0.0,0.0,0.0,1.1558829865771447,0.0702974931459499,10266.739883767275,1444.8828790015434,0.7846253268295424,1
0.0045700759308011,0.3099822592536998,0.0164388040887928,0.1635839417611322,0.000664819826718,0.2769234614543263,0.329967757143919,3.0910430595942096,1.1930621685655407,0.5285753234785754,84.81771518478223,26.05041366979983,2.0524734010279646,0.8598897391498374,162.72268814421875,30.930283379776085,1.5942926895578076,0.6546897130607673,127.5669350119726,47.991485302037546,2.0,1738.7003655942726,4.0,1124.0,2.0,665.7860640581978,2.0,26.0,75.26083932297705,75.26083932297705,48.5045212149316,0,0.0045700759308011,0.3099822592536998,0.0164388040887928,0.1635839417611322,0.000664819826718,0.2769234614543263,0.329967757143919,3.0910430595942096,1.1930621685655407,0.5285753234785754,84.81771518478223,26.05041366979983,2.0524734010279646,0.8598897391498374,162.72268814421875,30.930283379776085,2.0,1738.7003655942726,4.0,1124.0,2.0,665.7860640581978,2.0,26.0,0.7807639869582352,0.1373974434001325,74.8925576394046,20.96379786380445,1.6185078718654986,0.7221396582504402,102.89339658191004,28.13661745820534,1,1,1,1,1,1,1,1,0.1386860551951176,0.0582614570311748,10.599560039679478,43.24552716622493,0.0,0.0,0.0,0.0,0.0,0.0,0.0,0.0,0.0,0.0,0.0,0.0,0.0,0.0,0.0,0.0,0.4874984593402632,0.3641677808420486,57.88295841590888,81.13173217267357,0.0,0.0,0.0,0.0,0.0,0.0,0.0,0.0,0.2376547478591302,0.1326181726034223,3350.436874977836,6582.357965338434,1.903532598468412,1
0.4001063519135732,0.0904738964501551,0.0377549717862777,0.7650004068077365,0.0009027498907725,0.0003920246579415,0.8016563520012312,0.0292629799960799,1.7043972429357994,0.6715649687485625,52.52738952413,22.30448677953533,2.5697346019685865,0.826971429449603,76.90270798993924,29.156603228462995,2.047794646785704,0.665830308147274,87.63872711623941,38.20813994820507,10.0,4.0,34.0,2.0,3398.9655169872644,1619.3500850800256,30.0,822.2767750554078,99.93044284720612,76.62879666125667,48.92186413169488,0,0.4001063519135732,0.0904738964501551,0.0377549717862777,0.7650004068077365,0.0009027498907725,0.0003920246579415,0.8016563520012312,0.0292629799960799,1.7043972429357994,0.6715649687485625,52.52738952413,22.30448677953533,2.5697346019685865,0.826971429449603,76.90270798993924,29.156603228462995,10.0,4.0,34.0,2.0,3398.9655169872644,1619.3500850800256,30.0,822.2767750554078,1.1718910754234857,0.2087439322530167,46.381074202223104,20.33727916382,1.9273486062049767,0.7393062689606096,66.73571502581883,24.532171035280815,1,1,1,1,1,1,1,1,0.2748164712405668,0.0626444576795253,48.96681480562082,31.39877317721271,0.0,0.0,0.0,0.0,0.0,0.0,0.0,0.0,0.0,0.0,0.0,0.0,0.0,0.0,0.0,0.0,0.6720757643727244,0.2856916558158282,311.8849721907974,39.03058295463784,0.0,0.0,0.0,0.0,0.0,0.0,0.0,0.0,0.4516858330571818,0.0816197222027896,97272.23587845443,1523.3864057788655,1.152816943655589,1
0.0012979802607246,0.0752366620658225,0.0211270400133045,4.549614814878851,0.0161987577210789,0.0001233339815073,20.949686274015704,0.8748555850660296,3.074564714455944,0.7342654503879439,53.131061399912575,33.27806141292825,3.618943666877071,0.912906438501586,166.74744107943786,44.5129966047044,3.36755074560776,0.8674691155837481,136.25498474370815,53.922072401509325,68.0,2.0,2044.813357644549,100.0,7.0,1457.7140648482912,2.0,839.7380270068654,86.73776953396708,86.73776953396708,54.67192209598887,0,0.0015198829180036,0.0752366620658225,0.0211270400133045,4.549614814878851,0.0161987577210789,0.0001233339815073,20.949686274015704,0.8748555850660296,2.9895214764899904,0.7342654503879439,53.131061399912575,33.27806141292825,3.618943666877071,0.912906438501586,166.74744107943786,44.5129966047044,68.0,2.0,2044.813357644549,100.0,12.0,1457.7140648482912,2.0,839.7380270068654,2.557789326949616,0.2358719184660379,43.20374993951648,26.64795210394256,3.317141709885898,0.8132161700953857,134.20744537521293,37.37798979009737,2,1,1,1,1,1,1,1,0.2996471167031841,0.0738206546766398,55.48552948825206,20.383759605969097,0.0002219026572789,0.0,0.0,0.0,0.0,0.0,0.0,0.0,0.0850432379659529,0.0,0.0,0.0,0.0,0.0,0.0,0.0,0.7315902461391374,0.4370085695997079,256.4750181831591,63.33217751111031,0.0,0.0,0.0,0.0,5.0,0.0,0.0,0.0,0.5352242882459236,0.1909764899035828,65779.43495205177,4010.9647082987863,1.996313880998988,1
0.392658986966935,0.0,0.0108535858268794,0.0,0.2490924210644358,0.0,0.2240486554527478,0.0,1.516227100534384,0.0,170.23719043389718,0.0,4.648385416409059,0.0,564.8056692379786,0.0,2.905600399161355,0.5334998391845203,335.8452759946303,145.4284559401686,1160.1303272159375,0.0,10.0,0.0,1853.5508684811207,0.0,4.0,0.0,99.93044284720612,99.95362856480408,0.0,0,0.392658986966935,0.0,0.0108535858268794,0.0,0.2490924210644358,0.0,0.2240486554527478,0.0,1.516227100534384,0.0,170.23719043389718,0.0,4.648385416409059,0.0,564.8056692379786,0.0,1160.1303272159375,0.0,10.0,0.0,1853.5508684811207,0.0,4.0,0.0,1.2464127244277232,0.2641336741087666,111.7543355515305,111.41017386891788,2.3454042489491584,0.4869708603490028,267.27441444485976,137.11680512547173,1,0,1,0,1,0,1,0,0.3924472093943147,0.0622066082768766,45.56709668453576,18.3482568034384,0.0,0.0,0.0,0.0,0.0,0.0,0.0,0.0,0.0,0.0,0.0,0.0,0.0,0.0,0.0,0.0,1.4478408828814948,0.2106501502850117,181.59216863983403,27.299571735211337,0.0,0.0,0.0,0.0,0.0,0.0,0.0,0.0,2.0962432221430665,0.044373485815098,32975.71571131792,745.2666169259497,0.9424617860517246,1
0.0125924780355561,0.0781347902033484,0.0588169897896193,0.0107423869904863,0.0981899541114148,0.0370451902004143,41.65176466206594,7.3758732626779135,2.5136292065202577,1.4891423464013878,480.6537722795864,112.66030871984948,3.564821402488773,1.7158716476115283,543.9157989609314,130.52489658092924,3.229764010891412,1.4840007922860914,526.6065246668471,123.40902120931317,798.7314562204936,538.0,2216.492746724007,1209.5270958504498,166.0,326.0,3.5,2.0,99.95362856480408,99.95362856480408,45.88453512636216,0,0.0125924780355561,0.0781347902033484,0.1009869790037214,0.0107423869904863,0.1961563203890532,0.0370451902004143,41.65176466206594,7.3758732626779135,2.5136292065202577,1.4891423464013878,465.3700548807783,112.66030871984948,3.674694138870849,1.7158716476115283,543.9157989609314,130.52489658092924,1593.462912440987,538.0,2216.492746724007,1209.5270958504498,166.0,326.0,4.0,2.0,2.1765820628287167,0.6067152407887243,412.8355062844055,91.32821207763776,3.222895280966437,1.647452743296562,517.2810796100572,119.4263169792207,1,1,2,1,2,1,1,1,0.2260405827250054,0.0632233663799184,40.62975129016128,23.636653729736217,0.0,0.0,0.042169989214102,0.0,0.0979663662776384,0.0,0.0,0.0,0.0,0.0,15.28371739880808,0.0,0.1098727363820761,0.0,0.0,0.0,0.6501415204997263,0.4255624996931145,130.98189971765603,71.20854446289682,794.7314562204936,0.0,0.0,0.0,0.0,0.0,0.5,0.0,0.422683996677696,0.1811034411450521,17156.2580536461,5070.656804524355,1.8098966326209125,0
0.0019039321225027,0.2754988988400966,115.44973990908989,17.39259670776316,0.8931536678946808,0.000495472872056,47.583920096768566,0.093627576983593,2.8666269838584872,0.506467439017555,412.63472400137766,61.04085981817657,3.887419938374718,0.7819663378576516,896.2323732030355,103.25882474163232,3.4302957746128544,0.6463693942463352,623.3185637466521,86.80669686350082,3516.246528380206,2.0,479.86848018748606,2.0,4.0,3186.8583295816893,2464.31007598216,2274.193614752766,99.97681428240205,99.97681428240205,78.20542545791793,0,0.0029199326901809,0.2754988988400966,115.44973990908989,17.39259670776316,0.8931536678946808,0.000495472872056,47.583920096768566,0.093627576983593,2.767892502943111,0.506467439017555,412.63472400137766,61.04085981817657,3.887419938374718,0.7819663378576516,896.2323732030355,103.25882474163232,3516.246528380206,2.0,479.86848018748606,2.0,4.0,3186.8583295816893,2464.31007598216,2274.193614752766,2.38458210203706,0.263317352790522,296.8763204683618,43.85603185929699,3.3225941992463337,0.6599996858573971,549.2463625968301,75.80378436847523,2,1,1,1,1,1,1,1,0.3638958364669105,0.0547776829054386,67.11459608354207,10.544625365807342,0.0010160005676782,0.0,0.0,0.0,0.0,0.0,0.0,0.0,0.0987344809153762,0.0,0.0,0.0,0.0,0.0,0.0,0.0,0.721826875987652,0.2162586678605264,263.66350497764813,36.439732144769465,0.0,0.0,0.0,0.0,0.0,0.0,0.0,0.0,0.5210340388980932,0.0467678114248094,69518.44385709827,1327.8540787825452,0.0,0
0.000913581393684,0.0898638072850933,8.937008014164263,14.631097632735909,0.2956613206348977,0.0005650150658964,53.304690497158646,2.532835143118575,2.885409615621469,0.4869768759977153,318.20952661862395,43.22444467784176,3.988596170896229,0.7007655260349543,431.7350914597183,62.936458717284594,3.6743483968494792,0.5904500345234925,385.44952557206113,59.408789736046046,1615.0330020031447,4.5,985.2882345135658,402.0,4.0,2018.7046186356413,561.3653259977034,1910.6882079295608,99.95362856480408,99.95362856480408,99.90725712960815,0,0.0013389380595834,0.0898638072850933,17.228716038193056,14.631097632735909,0.5897361719589282,0.0010904354905951,106.32275937522884,2.532835143118575,2.7010042676627704,0.4869768759977153,310.4996063149165,43.22444467784176,4.074194317849329,0.7633371548964998,454.4665047594788,62.936458717284594,3219.0660040062894,7.0,1966.576469027132,402.0,6.0,2018.7046186356413,1112.7306519954068,1910.6882079295608,2.303156259140651,0.2642373795726613,220.96740481980316,31.43390781954296,3.608164390215868,0.572616592668129,362.55359168429953,55.400414360476496,2,1,2,1,2,2,2,1,0.4478877467132865,0.081909261294484,65.45802807268615,18.61696662819946,0.0004253566658993,0.0,8.291708024028793,0.0,0.2940748513240305,0.0005254204246987,53.01806887807018,0.0,0.1844053479586993,0.0,7.709920303707435,0.0,0.0855981469531008,0.0625716288615454,22.73141329976048,0.0,0.8847186476148744,0.2047816129725577,125.42136131816764,42.06047722472231,1604.0330020031447,2.5,981.2882345135658,0.0,2.0,0.0,551.3653259977034,0.0,0.7827270854374924,0.0419355090116424,15730.517874902358,1769.0837443713835,0.0,0
0.2283476245429565,0.0395020925469048,91.8456728252428,1.5224815733638302,0.7342453853625548,0.0006897166295523,61.94777528474698,0.001611087091998,3.040813100831503,0.3911770708925896,64.24361547629704,22.745116030204738,4.127729228921529,0.55888444775092,164.8106572795009,26.48655104660532,3.547516763771615,0.4140214732278132,142.61111399841857,41.02718389831984,2097.4920775687715,6.0,2001.087692531958,2.0,1052.8767751606292,559.0,2653.323100252455,1511.6387948613706,99.95362856480408,99.95362856480408,66.91398098771157,0,0.439684523642275,0.0395020925469048,91.8456728252428,1.5224815733638302,0.7342453853625548,0.0006897166295523,61.94777528474698,0.001611087091998,2.9788187340580548,0.3911770708925896,64.24361547629704,22.745116030204738,4.127729228921529,0.55888444775092,164.8106572795009,26.48655104660532,2097.4920775687715,6.0,2001.087692531958,2.0,2003.7535503212584,559.0,2653.323100252455,1511.6387948613706,2.390904996317016,0.1498783529358152,49.22152262924054,20.60561517170613,3.4078427743919875,0.4176952939014391,126.99310004252116,24.273638337686336,2,1,1,1,1,1,1,1,0.4774769314803312,0.0455536247403679,48.78264134675565,124.3910083189051,0.2113368990993185,0.0,0.0,0.0,0.0,0.0,0.0,0.0,0.0619943667734486,0.0,0.0,0.0,0.0,0.0,0.0,0.0,0.9733261766586148,0.1828812518709838,163.95011414536597,592.007109895621,0.0,0.0,0.0,0.0,950.8767751606292,0.0,0.0,0.0,0.9473638461688768,0.0334455522858982,26879.639928278528,350472.4181669659,0.0,0
0.1029905968415931,0.0020788771374296,0.4946222662437378,0.0296760812604475,0.1085105387587468,0.5403784989041187,46.92902462001234,6.176591691469,2.2956213885714627,0.3470904511665103,99.45270977046752,38.97119148497348,3.8518623829845566,0.887468950070629,329.2281912120484,71.46272074068807,3.2324431859280587,0.6271695408405379,251.7420810729487,56.8010443745448,1128.0974437738569,3451.3697951376694,2758.909509248401,636.0,1121.3663457188154,8.0,30.0,2.0,99.95362856480408,99.95362856480408,82.72664038952006,0,0.1029905968415931,0.0020788771374296,0.4946222662437378,0.0296760812604475,0.1085105387587468,0.5403784989041187,46.92902462001234,6.176591691469,2.2956213885714627,0.3470904511665103,99.45270977046752,38.97119148497348,3.8518623829845566,0.887468950070629,329.2281912120484,71.46272074068807,1128.0974437738569,3451.3697951376694,2758.909509248401,636.0,1121.3663457188154,8.0,30.0,2.0,1.9305599047634427,0.1776917590413117,84.0053577416653,23.915536089804736,3.304525303564194,0.6431161352523558,266.46387341231457,55.1522078442925,1,1,1,1,1,1,1,1,0.280636674519012,0.0731978483897545,25.890515802795704,8.096785323767069,0.0,0.0,0.0,0.0,0.0,0.0,0.0,0.0,0.0,0.0,0.0,0.0,0.0,0.0,0.0,0.0,0.7930308863299604,0.3049410799844131,112.04778148970098,23.78527638762299,0.0,0.0,0.0,0.0,0.0,0.0,0.0,0.0,0.6288979866732827,0.0929890622620602,12554.705336763778,565.7393728356157,0.0,0
0.0907466873655691,0.0003975217387846,1.0722605923531745,0.0406517501158063,1.3804439088851348,0.2592384013174537,127.71497670213432,69.09393907750979,3.163667605373893,0.2901306014156792,170.13750453762924,31.750953919773995,5.485968695820599,0.6967580558175642,551.6127463341331,156.26596019518,4.301159489795266,0.5882135306446655,394.0966620144387,97.07672408730735,2244.920677501894,3416.9113185898136,2588.644715957613,2615.6132446235943,1002.8704676124512,8.0,70.0,2.0,99.95362856480408,99.95362856480408,99.83769997681428,0,0.0907466873655691,0.0003975217387846,1.7917184323174808,0.0406517501158063,1.3804439088851348,0.2592384013174537,127.71497670213432,69.09393907750979,3.163667605373893,0.2901306014156792,148.28057609003176,31.750953919773995,5.485968695820599,0.6967580558175642,551.6127463341331,156.26596019518,2244.920677501894,3416.9113185898136,2588.644715957613,2615.6132446235943,1002.8704676124512,8.0,106.0,2.0,2.7871233902126145,0.1715540409082981,128.2822242490583,27.663052627705973,3.9479591169640833,0.593338702492876,386.06864801028433,84.67223003805375,1,1,2,1,1,1,1,1,0.5589322255191143,0.0513321376741052,33.29027537881795,16.955259899784725,0.0,0.0,0.7194578399643063,0.0,0.0,0.0,0.0,0.0,0.0,0.0,21.856928447597483,0.0,0.0,0.0,0.0,0.0,2.002603661548409,0.3144552522568248,191.2751034570132,67.77321307101398,0.0,0.0,0.0,0.0,0.0,0.0,36.0,0.0,4.010421425247095,0.0988821056719033,36586.16520249111,4593.208409969061,0.0,0
0.0030825788384414,0.0072932723878418,0.2891008538777555,0.058219086425467,0.5787872735328579,0.0005528319027666,33.755736366965266,0.0887285096881811,3.824644656974312,0.4054214735342188,275.1093349262667,37.20671149369265,4.516022495480467,0.6158999490987153,418.3385644229761,88.2875869325286,4.259284520422835,0.4999637427114513,368.04355376541474,68.8575368090914,3964.123245400091,8.0,1786.6285766766773,30.0,5.0,197.48763025239555,6.0,6.0,99.95362856480408,99.95362856480408,99.95362856480408,0,0.0054802176778725,0.0109769052439433,0.2891008538777555,0.058219086425467,0.5787872735328579,0.0007976345894934,33.755736366965266,0.0887285096881811,3.7104208758588673,0.3427040661047217,275.1093349262667,37.20671149369265,4.516022495480467,0.6519768710896042,418.3385644229761,88.2875869325286,3964.123245400091,12.0,1786.6285766766773,30.0,8.0,374.9752605047911,6.0,6.0,3.056981321565916,0.2325538175609924,180.5753008469587,31.481508951400755,4.121300841326796,0.5106936042409653,379.1702844959222,68.36228036351896,2,2,1,1,1,2,1,1,0.4704412966745656,0.0483098659657503,25.970782297998504,8.749274862563178,0.0023976388394311,0.0036836328561014,0.0,0.0,0.0,0.0002448026867267,0.0,0.0,0.1142237811154442,0.062717407429497,0.0,0.0,0.0,0.0360769219908889,0.0,0.0,0.8665099373327422,0.1542882173691107,92.99853721995756,26.171875309162072,0.0,4.0,0.0,0.0,3.0,177.48763025239555,0.0,0.0,0.7508394714963929,0.0238048540189379,8648.727925051833,684.9670571983273,0.0,0
0.780677218664068,0.0332598070407856,95.35141820313984,2.0610403612347064,0.0020853090974992,0.0005181047563223,7.115735522275031,0.20098622844543,2.03215076226462,0.3011957832756277,104.37863811015626,23.023106107294,3.412179127631389,0.7010000595652999,463.9804495265773,55.91960618564004,2.79880737200278,0.4419778261657395,225.19842365714467,39.09127445812393,2.0,2.0,216.0,6.0,2730.835280450156,666.8028860441095,3222.073452515005,1338.3902061072963,99.95362856480408,99.95362856480408,83.46858335265478,0,0.780677218664068,0.0332598070407856,95.35141820313984,2.0610403612347064,0.0020853090974992,0.0005181047563223,7.115735522275031,0.20098622844543,2.03215076226462,0.3011957832756277,104.37863811015626,23.023106107294,3.412179127631389,0.7010000595652999,463.9804495265773,55.91960618564004,2.0,2.0,216.0,6.0,2730.835280450156,666.8028860441095,3222.073452515005,1338.3902061072963,1.539021229055732,0.162231366018996,78.01741511573096,20.64082684521795,2.696031710345078,0.4366072936029342,151.0380902258753,30.234020495352095,1,1,1,1,1,1,1,1,0.5202104605930538,0.041447469424439,30.88742935234552,14.385824272161098,0.0,0.0,0.0,0.0,0.0,0.0,0.0,0.0,0.0,0.0,0.0,0.0,0.0,0.0,0.0,0.0,1.927410243890043,0.1944380117009399,176.57932933220906,54.550080488203726,0.0,0.0,0.0,0.0,0.0,0.0,0.0,0.0,3.7149102482522736,0.0378061403942148,31180.25954741274,2975.711281269505,0.0,0
0.0792032703944034,0.0017177940172856,0.4065895936090555,0.0852423143634162,0.3056670746470393,0.0004039536769411,63.43649225029583,0.0321785397538008,2.8382142734681195,0.3553373138473832,486.2712871778306,53.87910110681808,5.714562712900733,0.751213775814183,666.3091822359895,86.04908041971021,3.8093411836948743,0.5725346873775149,594.0109557518464,72.41340584012558,664.0,18.0,1461.9350755323226,5.0,1325.908585450718,20.0,2.0,18.0,99.95362856480408,99.95362856480408,99.90725712960815,0,0.0792032703944034,0.0017177940172856,0.4065895936090555,0.1616048473687641,0.3056670746470393,0.0004039536769411,63.43649225029583,0.0363782423931979,2.8382142734681195,0.3553373138473832,486.2712871778306,50.069917243514375,5.714562712900733,0.751213775814183,666.3091822359895,86.65172474358438,664.0,18.0,1461.9350755323226,6.0,1325.908585450718,20.0,2.0,32.0,2.531379436872778,0.2261552108443813,326.4489299604243,39.738002652340406,3.163140682466489,0.5533727434503947,610.808301399411,76.08334895423845,1,1,1,2,1,1,1,2,0.7116723936034668,0.0432722617137284,41.49944564667363,5.002229286261958,0.0,0.0,0.0,0.0763625330053479,0.0,0.0,0.0,0.0041997026393971,0.0,0.0,0.0,3.809183863303701,0.0,0.0,0.0,0.6026443238741805,1.431518112156138,0.2331137855520445,138.37073895212686,20.01245146135802,0.0,0.0,0.0,1.0,0.0,0.0,0.0,14.0,2.049244105431073,0.0543420370144046,19146.46139815764,400.4982134932108,0.0,0
0.3762297723580481,1.6983332783326865e-05,0.0802983182675802,0.0066472210087766,0.3543567502973381,0.0656673528311575,0.1936847415853435,1.0947861757586743,4.108997063493705,0.4090631628738864,181.34301765338728,25.038321483590472,4.597272633422854,0.4816704676009665,278.83075173675445,36.933026471534994,4.394244371373969,0.4410794519633195,248.64474090403803,32.685986786524275,1753.49283159715,3665.620723610415,2.0,632.4615270322745,3072.2367796318963,4.0,2.0,2.0,99.95362856480408,99.95362856480408,98.63204266172038,0,0.3762297723580481,1.6983332783326865e-05,0.0802983182675802,0.0066472210087766,0.3543567502973381,0.0656673528311575,0.1936847415853435,1.2402174306299545,4.108997063493705,0.4090631628738864,181.34301765338728,25.038321483590472,4.597272633422854,0.4816704676009665,278.83075173675445,37.026535773611776,1753.49283159715,3665.620723610415,2.0,637.0,3072.2367796318963,4.0,2.0,2.0,2.9597631620818814,0.2044160575032633,140.8545259444925,22.306205335924776,4.346258518323196,0.4544487695398004,238.14232943554453,30.746774201411075,1,1,1,1,1,1,1,2,0.4451348580810103,0.0338882771133587,32.404754895376755,5.072712600735945,0.0,0.0,0.0,0.0,0.0,0.0,0.0,0.1454312548712799,0.0,0.0,0.0,0.0,0.0,0.0,0.0,0.0935093020767823,0.9000748989267978,0.1292836991492216,76.60139163536861,10.44799482861761,0.0,0.0,0.0,4.538472967725454,0.0,0.0,0.0,0.0,0.8101348236780853,0.0167142748657064,5867.773200475121,109.16059593882032,0.0,0
0.0027497523182606,0.0294470546274854,0.0211105473732402,1.0199495525930544,0.0154260870193825,0.0505752658710549,0.2624417143958055,0.7294859915511047,3.0545845003020604,0.3736898332313468,75.12392154720004,25.729225280797035,4.280535979812003,0.4786587719220025,246.0327666372774,31.033556900336745,3.815861626749389,0.4206644527148783,187.71920110464976,36.1360599413013,52.32187712295314,2125.138898820628,2.0,628.0,4.0,264.0,2.0,587.6763082176176,99.95362856480408,99.95362856480408,69.46440992348714,0,0.0037381221041847,0.0294470546274854,0.0211105473732402,1.0199495525930544,0.0229957338598456,0.0505752658710549,0.2624417143958055,0.7294859915511047,2.864401553240412,0.3736898332313468,75.12392154720004,25.729225280797035,4.398254958258845,0.4786587719220025,246.0327666372774,31.033556900336745,90.64375424590628,2125.138898820628,2.0,628.0,6.0,264.0,2.0,587.6763082176176,2.570424331796936,0.1843655857184217,59.2709667281984,20.87302789409154,3.70594980914514,0.4343174371051375,184.49311271628653,28.021438852348048,2,1,1,1,2,1,1,1,0.4768236948658503,0.0397091475641103,73.8373985204978,37.242680343000096,0.000988369785924,0.0,0.0,0.0,0.0075696468404631,0.0,0.0,0.0,0.190182947061648,0.0,0.0,0.0,0.117718978446843,0.0,0.0,0.0,1.0681083442675188,0.1400121419728541,411.316382546895,224.4757657100937,38.32187712295314,0.0,0.0,0.0,2.0,0.0,0.0,0.0,1.1408554350939002,0.0196033998998266,169181.16655146366,50389.36939113288,0.0,0
0.0712061832792967,0.1265934740316729,0.0052813576588448,0.0043711945745563,0.4330269528294077,0.1310905743929385,63.879459617076805,5.871101095260485,2.6787061845995424,0.3377309286053741,208.48666812840125,35.37967499081105,3.2933412388291385,0.6082044394305763,479.0968280685401,49.12108747047034,3.0728939063406515,0.51846804963448,397.904789125794,44.58719334602588,1918.2986421706016,3003.302671934336,2229.94335159614,2389.1304537896635,520.0,677.6590856548341,4.0,14.0,99.95362856480408,99.95362856480408,99.95362856480408,0,0.0712061832792967,0.1265934740316729,0.0052813576588448,0.0069568325043434,0.8636979655822827,0.1310905743929385,63.879459617076805,5.871101095260485,2.6787061845995424,0.3377309286053741,208.48666812840125,33.30330516552878,3.5499940335093063,0.6082044394305763,479.0968280685401,49.12108747047034,3832.5972843412032,3003.302671934336,2229.94335159614,2389.1304537896635,520.0,677.6590856548341,4.0,26.0,2.2793740657105603,0.1732006290397317,189.59546699308515,29.380016105918397,2.876280252285541,0.5210020969056061,403.1229960997315,43.28007853157983,1,1,1,2,2,1,1,1,0.382758906511294,0.0483042817048541,38.14248735722469,6.145213456977465,0.0,0.0,0.0,0.002585637929787,0.430671012752875,0.0,0.0,0.0,0.0,0.0,0.0,2.0763698252822635,0.2566527946801675,0.0,0.0,0.0,0.6764170646567331,0.231289481712473,138.10753693007595,12.248471229772436,1914.2986421706016,0.0,0.0,0.0,0.0,0.0,0.0,12.0,0.4575400453588311,0.0534948243508244,19073.69175689229,150.0250474665631,0.0,0
7.632604876484095e-05,0.0719732457999433,4.824051664538288,3.4890081915591797,0.5296614034782783,0.1932646143233505,92.54342351966892,1.2902480627754829,1.8899529280151608,0.516854340913522,182.6022898093572,31.869699364578157,3.5378660094737424,0.7542681781198703,291.3081134983639,36.109664952655166,2.877949338635462,0.5864864238222653,234.5021182185778,39.39724005191623,1968.7971697085409,1639.3837132307112,3466.7718711901075,765.7481526182028,2.0,1607.9679307462795,401.3204023692318,2829.386875773456,99.95362856480408,99.95362856480408,95.71064224437748,0,7.632604876484095e-05,0.0719732457999433,8.863361993137431,3.4890081915591797,0.5296614034782783,0.1932646143233505,92.54342351966892,1.8382456933088136,1.8899529280151608,0.516854340913522,166.4398896400194,31.869699364578157,3.5378660094737424,0.7542681781198703,291.3081134983639,36.49854688019168,1968.7971697085409,1639.3837132307112,3466.7718711901075,1403.4963052364055,2.0,1607.9679307462795,776.6408047384635,2829.386875773456,1.7473761037068647,0.2119282619514499,112.05584472176668,22.914252129601724,2.689282640518336,0.5866454030658339,214.98039809462367,33.99632144811799,1,1,2,1,1,1,1,2,0.4684381729697056,0.0360234119999238,48.2768130013204,20.985078059357377,0.0,0.0,4.039310328599143,0.0,0.0,0.0,0.0,0.547997630533331,0.0,0.0,16.1624001693378,0.0,0.0,0.0,0.0,0.3888819275365165,1.1265011486391152,0.21789522506429,138.41506276832638,81.50003632563964,0.0,0.0,0.0,637.7481526182028,0.0,0.0,375.3204023692318,0.0,1.269004837885246,0.0474783291058176,19158.72960115973,6642.255921080581,0.0,0
0.3240910008117774,0.2198208133850796,35.28219139341863,0.842544340018577,0.001437990091492,0.1004148879871357,3.634169159134437,1.277461979585972,2.847420510744186,0.2797681948477285,84.33771183053894,30.82987947696129,3.214284069727482,0.6186129767305434,119.93279400168583,34.200217720809505,3.105438854278562,0.4639994538213024,134.41110476222102,41.80808938270784,2.0,586.0,107.0,892.0,3033.899751045112,962.0,4133.00887862855,566.0,99.95362856480408,99.95362856480408,61.25666589380941,0,0.3240910008117774,0.2198208133850796,35.28219139341863,0.842544340018577,0.001437990091492,0.1004148879871357,7.081550856769596,1.277461979585972,2.847420510744186,0.2797681948477285,84.33771183053894,30.82987947696129,3.214284069727482,0.6186129767305434,120.24568477941412,34.200217720809505,2.0,586.0,210.0,892.0,3033.899751045112,962.0,4133.00887862855,566.0,2.148522173728433,0.143123326993735,40.5882545550271,21.038768313158027,3.014754049576432,0.4194113276763019,103.60774430220071,32.41134193664482,1,1,1,1,1,1,2,1,0.3587925530296056,0.0585235797866565,73.02774269225021,22.06674765834697,0.0,0.0,0.0,0.0,0.0,0.0,3.4473816976351586,0.0,0.0,0.0,0.0,0.0,0.0,0.0,0.3128907777282776,0.0,0.6967192552412943,0.2496541704296241,114.25204986054716,29.613130839683556,0.0,0.0,103.0,0.0,0.0,0.0,0.0,0.0,0.4854177206239837,0.0623272048129038,13053.53089733695,876.9375181282172,0.0,0
0.2146799759631483,0.0014144198295956,2.2716326713159845,0.002174906284555,0.1593718695392207,0.0009507722447522,7.950641405862342,0.0448017017659481,2.4946405083087484,0.4254971902326556,43.32551670970616,23.233023220881424,3.345883744916293,0.4984232933078015,151.44171767812628,25.570649001868755,3.0278064203565203,0.4097046404227348,103.5851557653594,28.879725579352097,882.8101425885877,44.0,736.4140763307423,18.0,1276.5772559978263,14.0,574.0,2.0,99.95362856480408,99.95362856480408,32.436818919545566,0,0.2146799759631483,0.0014144198295956,2.2716326713159845,0.002174906284555,0.1593718695392207,0.0009507722447522,7.950641405862342,0.0448017017659481,2.4946405083087484,0.4254971902326556,43.32551670970616,23.233023220881424,3.345883744916293,0.4984232933078015,151.44171767812628,25.570649001868755,882.8101425885877,44.0,736.4140763307423,18.0,1276.5772559978263,14.0,574.0,2.0,2.009759615981196,0.1853196943573799,34.765042779796346,20.42509734450692,2.9459459017679404,0.4257640291163182,104.93756705585464,24.094768805976948,1,1,1,1,1,1,1,1,0.3607882268060917,0.031666926751981,20.50743183482108,14.688510637757684,0.0,0.0,0.0,0.0,0.0,0.0,0.0,0.0,0.0,0.0,0.0,0.0,0.0,0.0,0.0,0.0,0.7655203762465761,0.1303517226688857,68.68611337026,29.44454539027557,0.0,0.0,0.0,0.0,0.0,0.0,0.0,0.0,0.5860214464486995,0.0169915716027461,4717.7821699122105,866.9812532399985,0.0,1
0.107778055545435,6.62817877866706e-06,0.1169440142987241,3.490966022710144,0.2463277261818153,0.1095322336828248,58.14971592500112,3.5436896727383385,2.6808322504616746,0.4152996241808483,151.94088402261298,24.413718340045083,3.4570991311303825,0.5389529485859847,217.56395001306464,31.826370836416544,3.845174338411721,0.4778487629280946,212.393531856328,38.29945840300231,1142.0706723252154,3579.3441876625443,3870.868304475288,2273.8015659302764,366.0,4.0,10.0,1897.2941164204772,99.95362856480408,99.0261998608857,99.30442847206122,0,0.107778055545435,6.62817877866706e-06,0.1169440142987241,3.490966022710144,0.4703095580564365,0.1095322336828248,58.14971592500112,3.5436896727383385,2.6808322504616746,0.4152996241808483,151.94088402261298,24.413718340045083,3.613222931495269,0.5389529485859847,217.56395001306464,31.826370836416544,2137.1413446504307,3579.3441876625443,3870.868304475288,2273.8015659302764,366.0,4.0,10.0,1897.2941164204772,2.2311324108122843,0.2101160977591341,124.11074523347136,21.591086091524605,3.2196346682592414,0.4865621634444002,175.37201979632533,28.05181852028084,1,1,1,1,2,1,1,1,4.8066833741481885,0.0433986139133171,115.87938877191142,42.22689206815005,0.0,0.0,0.0,0.0,0.2239818318746211,0.0,0.0,0.0,0.0,0.0,0.0,0.0,0.1561238003648866,0.0,0.0,0.0,27.532442793838264,0.1605186673331946,476.03494603120873,218.1074505882774,995.0706723252154,0.0,0.0,0.0,0.0,0.0,0.0,0.0,758.0354061959765,0.0257662425624247,226609.2698429358,47570.86000211787,0.0,1
0.5780395539699419,0.0007933969462657,81.03302512074282,11.977493436964302,0.0003125753250201,0.1072346101410111,0.185685066451839,8.375779144515967,2.364416064624025,0.2992972401142281,164.2079008948653,23.56230627862459,3.641140889582913,0.499179265593047,248.21911596348568,35.53979971558889,3.0075238489764247,0.4318527086353454,212.5875437812823,35.05532525736527,2.0,3745.30458793745,2.0,2081.867672361212,2586.226752776723,4.0,3206.92121253105,2938.956886740177,99.95362856480408,99.95362856480408,96.68444238349176,0,0.5780395539699419,0.0007933969462657,81.03302512074282,11.977493436964302,0.0003125753250201,0.1072346101410111,0.185685066451839,8.375779144515967,2.364416064624025,0.2992972401142281,164.2079008948653,23.56230627862459,3.641140889582913,0.499179265593047,248.21911596348568,35.53979971558889,2.0,3745.30458793745,2.0,2081.867672361212,2586.226752776723,4.0,3206.92121253105,2938.956886740177,1.949281902315821,0.1958759194193638,120.2345624970372,20.962378825949703,2.92369793118573,0.4091759333102258,198.6319460021056,28.34429980447553,1,1,1,1,1,1,1,1,0.3755832649154813,0.0429687158330634,20.26940833408552,6.538679696933047,0.0,0.0,0.0,0.0,0.0,0.0,0.0,0.0,0.0,0.0,0.0,0.0,0.0,0.0,0.0,0.0,1.353486625004776,0.1801559541474967,71.17045902681825,24.87460783542377,0.0,0.0,0.0,0.0,0.0,0.0,0.0,0.0,1.8319260440668188,0.0324561678147949,5065.234238088015,618.7461149661258,0.0,1
0.0767973749457482,0.0668151326955438,5.8343149667852,2.019901014554975,0.0958038003306813,0.0012704321452873,21.708363463996815,0.0230463023866285,2.375572138962217,0.3586302347767588,164.19979719316046,26.617456939572715,3.607615143921296,0.4866962203662731,250.69788941275664,34.36792951850468,3.396152048579654,0.4114127321553065,269.97273202158533,63.52379558916319,204.0,19.17745808459756,1812.5680028936983,6.5,632.0,2143.05788799671,1190.2587409784946,1297.667315013508,99.95362856480408,99.32761418965916,99.95362856480408,0,0.0767973749457482,0.1330178391990145,5.8343149667852,2.019901014554975,0.0958038003306813,0.0014648869490827,21.708363463996815,0.0251242354271568,2.375572138962217,0.3530264758426267,164.19979719316046,26.617456939572715,3.607615143921296,0.4873481256909049,250.69788941275664,34.79671214701352,204.0,22.35491616919512,1812.5680028936983,10.0,632.0,4272.11577599342,1190.2587409784946,1297.667315013508,1.902475172354723,0.2243154647205469,145.08589606972353,23.5675874813366,3.05683935278495,0.4083831973529955,209.4262964204244,31.594952937064587,1,2,1,1,1,2,1,2,1.097504074129406,0.0478765217717698,244.6233979923697,139.09221085026925,0.0,0.0662027065034706,0.0,0.0,0.0,0.0001944548037954,0.0,0.0020779330405282,0.0,0.005603758934132,0.0,0.0,0.0,0.0006519053246318,0.0,0.4287826285088414,6.005399102493665,0.1778396958469275,1769.7287304065906,1113.5097487271692,0.0,3.177458084597559,0.0,3.5,0.0,2129.05788799671,0.0,0.0,36.06481838023171,0.0316269574189276,3131939.779226523,1239903.9605104432,0.0,1
0.2461191373047011,0.0971175030433112,39.30851409328511,8.36450676122275,0.0009198265396876,0.0007509695807424,0.0108973390546793,0.0118464247397298,2.5011343036108933,0.3919895090208187,135.077935771356,24.99834725248339,3.0013649924589965,0.48910701206413,199.3587255568005,41.95096543038601,2.830945500401302,0.4747200400501976,175.91294365051118,38.0632568112966,3.0,14.0,2.0,2.0,1942.197925776568,3883.325471108619,3226.3435188546564,3315.5646297048543,99.95362856480408,99.95362856480408,99.95362856480408,0,0.2461191373047011,0.0971175030433112,39.30851409328511,8.36450676122275,0.0014113870910339,0.0007509695807424,0.0108973390546793,0.0118464247397298,2.5011343036108933,0.3919895090208187,135.077935771356,24.99834725248339,3.123287520576995,0.48910701206413,199.3587255568005,41.95096543038601,4.0,14.0,2.0,2.0,1942.197925776568,3883.325471108619,3226.3435188546564,3315.5646297048543,1.9988326831555152,0.2786763225388918,100.06670360443664,22.667016191360005,2.7243436451033323,0.4614003019191998,164.53053434222633,28.78210676693873,1,1,1,1,2,1,1,1,0.4398368672941951,0.0446630962538345,60.10130150328101,25.275684651381027,0.0,0.0,0.0,0.0,0.0004915605513462,0.0,0.0,0.0,0.0,0.0,0.0,0.0,0.1219225281179987,0.0,0.0,0.0,0.8069106067036061,0.1400651680860721,239.29845475916815,100.85430731904611,1.0,0.0,0.0,0.0,0.0,0.0,0.0,0.0,0.6511047272107818,0.0196182513109796,57263.750450125655,10171.5913048046,0.0,1
0.6269838832462677,0.0309968763428836,18.623311225134245,0.0820398623319675,0.0351640803333617,0.0196960909142428,8.569552127996161,1.9470269628482697,3.4765649073289304,0.3818689924220279,202.13362688590655,27.889964715495232,4.138596031400571,0.4465779225769954,262.16398927114346,38.7484004422742,3.8923400028111423,0.4233200599279828,226.01556902193403,34.86423380857651,73.0,1481.3079012632463,212.0,506.72787189324765,4090.220061038327,1264.1499984093189,2246.996694442279,64.0,99.95362856480408,99.95362856480408,99.95362856480408,0,0.6269838832462677,0.0309968763428836,18.623311225134245,0.0820398623319675,0.058508467167254,0.0359235082326969,8.569552127996161,3.1233474198625477,3.4765649073289304,0.3818689924220279,202.13362688590655,27.889964715495232,4.173643272225943,0.4513149296713267,262.16398927114346,38.77742901532217,124.0,2747.8465344854653,212.0,835.4557437864953,4090.220061038327,1264.1499984093189,2246.996694442279,64.0,2.5823261136074867,0.2391663060588006,136.97002698652145,26.09878036510404,3.806191099971671,0.4242346807759258,218.03369814773453,31.484824792492173,1,1,1,1,2,2,1,2,0.4787807881042021,0.0298197756861905,29.511885031595117,5.428879081342105,0.0,0.0,0.0,0.0,0.0233443868338922,0.0162274173184541,0.0,1.1763204570142776,0.0,0.0,0.0,0.0,0.0350472408253725,0.0047370070943312,0.0,0.0290285730479631,0.8573127214585552,0.1087498277330981,60.53073256556459,12.845977307848004,51.0,1266.5386332222188,0.0,328.72787189324765,0.0,0.0,0.0,0.0,0.7349851023746742,0.0118265250319785,3663.969584923902,165.0191329937458,0.0,1
0.108694264987633,0.0253614976634241,28.17480824909636,1.2023404353285656,0.5008980246932926,0.1470283170631172,8.011781631367626,18.69252025405841,2.7817617515063287,0.5507760240908808,58.63035563783362,26.370834655432724,3.3156301321904604,0.7319093679648423,96.44976841781994,47.558139263662326,3.0485692749128868,0.658250576189327,134.5210998252951,65.7788201402265,3111.780726252004,3144.744809270821,642.7970065245675,3228.893037159944,868.7894080858973,1065.9051553938984,2940.00236928677,941.9347906095276,99.95362856480408,99.95362856480408,99.95362856480408,0,0.108694264987633,0.0253614976634241,28.17480824909636,1.2023404353285656,0.5008980246932926,0.1470283170631172,8.011781631367626,18.69252025405841,2.7817617515063287,0.5507760240908808,58.63035563783362,26.370834655432724,3.3156301321904604,0.7319093679648423,96.44976841781994,47.558139263662326,3111.780726252004,3144.744809270821,642.7970065245675,3228.893037159944,868.7894080858973,1065.9051553938984,2940.00236928677,941.9347906095276,1.5673217174328244,0.3037263414209118,50.22676221978674,24.2158290920764,2.916975836727348,0.6233465921191821,76.7640527224307,31.167760587366743,1,1,1,1,1,1,1,1,0.4489790603908408,0.0586314388363988,234.3733727811081,107.35483519659486,0.0,0.0,0.0,0.0,0.0,0.0,0.0,0.0,0.0,0.0,0.0,0.0,0.0,0.0,0.0,0.0,1.1389328413633395,0.2526437499357732,1981.322844589428,898.5056278051042,0.0,0.0,0.0,0.0,0.0,0.0,0.0,0.0,1.29716801713597,0.0638288643816094,3925640.214491942,807312.3631974444,0.0,1
0.3271078451771405,0.0053016293068902,1.3193257562265472,3.583942415646433,0.1428541017806508,0.0164737389412288,21.85542755055772,9.975034786696432,2.5196844627696526,0.415113028147297,66.21280130560032,27.429908991697936,2.94129231044003,0.5128495876373599,99.87300252403016,37.40494377839437,2.854287104055654,0.4930623790151912,117.04361177938468,36.80547142031451,1606.397760144448,1307.35477892699,2463.695598410178,2756.434144474209,2427.1258898373567,91.56579169246328,269.77270911651,1982.2273438549532,99.95362856480408,88.70855552979364,99.95362856480408,0,0.3271078451771405,0.0053016293068902,1.3193257562265472,3.583942415646433,0.1428541017806508,0.0164737389412288,21.85542755055772,9.975034786696432,2.5196844627696526,0.415113028147297,66.21280130560032,27.429908991697936,2.94129231044003,0.5128495876373599,99.87300252403016,37.40494377839437,1606.397760144448,1307.35477892699,2463.695598410178,2756.434144474209,2427.1258898373567,91.56579169246328,269.77270911651,1982.2273438549532,1.642336676112587,0.2792691589081496,57.62561008663134,24.932321334368684,2.770481535931405,0.4952515992966023,83.432467678427,30.314259665727207,1,1,1,1,1,1,1,1,0.4721531049738646,0.0321888499790333,73.50210186921096,15.843481935458806,0.0,0.0,0.0,0.0,0.0,0.0,0.0,0.0,0.0,0.0,0.0,0.0,0.0,0.0,0.0,0.0,1.257355872992138,0.1346056918217796,300.6965689750868,66.39487453596693,0.0,0.0,0.0,0.0,0.0,0.0,0.0,0.0,1.5809437913478213,0.0181186922708199,90418.42659338914,4408.279364646791,0.0,1
0.0070512546796506,7.661122708002566e-06,1.4038905738791527,1.0845066500988023,0.2185282833884634,0.0477806557786358,46.30305421518796,0.0692774165110989,2.386275911494964,0.4858809922058033,76.25120919126547,27.10087641800689,3.240847916137035,0.538964635836894,138.28003047864738,32.25960413224331,3.036723999537424,0.4916939674476318,119.38666449635647,37.75556291220365,1456.8228738792632,3606.244861777709,3108.3753293807044,6.0,30.0,2.0,190.0,1498.2484869824766,99.95362856480408,99.95362856480408,99.95362856480408,0,0.0091232440908926,7.661122708002566e-06,1.4038905738791527,1.0845066500988023,0.435114625511606,0.0477806557786358,46.30305421518796,0.0692774165110989,2.2214848467941435,0.4858809922058033,76.25120919126547,27.10087641800689,3.3000922886125434,0.538964635836894,138.28003047864738,32.25960413224331,2904.6457477585263,3606.244861777709,3108.3753293807044,6.0,52.0,2.0,190.0,1498.2484869824766,2.0240934243059034,0.2411353544262635,65.91336170452365,24.944484422858277,2.9664821470997453,0.5141051789940727,106.71615084539508,28.41740260479803,2,1,1,1,2,1,1,1,0.3544542341766378,0.0307130655776367,36.78762929328487,28.821091280370247,0.0020719894112419,0.0,0.0,0.0,0.2165863421231426,0.0,0.0,0.0,0.1647910647008204,0.0,0.0,0.0,0.059244372475508,0.0,0.0,0.0,0.6773757383131812,0.1242193693241526,131.83139032108966,93.73141329091725,1447.8228738792632,0.0,0.0,0.0,22.0,0.0,0.0,0.0,0.4588378908553273,0.0154304517152902,17379.515473991494,8785.577837512736,0.0,1
0.0025579752602715,0.0065936631449131,1.3680485709943753,0.0369278154108556,0.3871584596039619,0.0484080017547163,46.92022460489756,0.0016065037023338,3.5314176359589693,0.5195714757206901,126.81260474155508,31.15966000513293,3.988100039010433,0.6025093158171628,176.6048015096568,36.31331785475272,3.8414888497431456,0.5617908668688797,159.63471252021907,34.65357928423739,4077.145465672544,2638.8648361345518,4152.803196335453,4.0,6.0,70.0,95.0,46.0,99.95362856480408,99.95362856480408,99.95362856480408,0,0.0025579752602715,0.0065936631449131,2.5493806888787844,0.0369278154108556,0.3871584596039619,0.0484080017547163,46.92022460489756,0.0016065037023338,3.5314176359589693,0.5195714757206901,123.94063257835091,31.15966000513293,3.988100039010433,0.6025093158171628,176.6048015096568,36.31331785475272,4077.145465672544,2638.8648361345518,4152.803196335453,4.0,6.0,70.0,188.0,46.0,2.7189123078834325,0.3486374208197173,90.33056543432056,28.74680720617134,3.754471224547333,0.573509576619636,153.45471010175996,32.727367762120295,1,1,2,1,1,1,1,1,0.4050595137655476,0.0266005525014165,19.96057981342591,3.9960621267415393,0.0,0.0,1.1813321178844092,0.0,0.0,0.0,0.0,0.0,0.0,0.0,2.8719721632041626,0.0,0.0,0.0,0.0,0.0,0.7379367902632394,0.1096396630987396,46.17728117780548,8.435175816008718,0.0,0.0,0.0,0.0,0.0,0.0,93.0,0.0,0.5445507064240122,0.0120208557244051,2132.341296974108,71.15219104697834,0.0,1
0.0436421240646862,0.011275475886102,24.489427617144315,2.699251546583053,0.8497546459334777,0.005961731924898,76.43784081293319,3.708640271350245,2.890509801887448,0.4918954821254088,343.29544829690883,40.70558113567387,3.899699281571867,0.6162768849746437,488.5894385349572,47.65524070968164,3.567773701205054,0.5388484047755376,406.402601607903,46.147075510709456,2164.2203741089083,128.0,2108.5117416407224,1042.5131551499785,66.0,202.0,720.0,1033.1841744461358,99.95362856480408,99.95362856480408,99.95362856480408,0,0.0436421240646862,0.011275475886102,24.489427617144315,5.31814496655322,0.8497546459334777,0.005961731924898,76.43784081293319,7.332777406814266,2.890509801887448,0.4918954821254088,343.29544829690883,39.57346577081431,3.899699281571867,0.6162768849746437,488.5894385349572,49.17047390734769,2164.2203741089083,128.0,2108.5117416407224,2072.0263102999565,66.0,202.0,720.0,2022.368348892272,2.186858507478676,0.323273387405869,163.25332731082867,32.053537721818635,3.336993397394063,0.554468077959088,404.88574226104686,43.57348911135519,1,1,1,2,1,1,1,2,0.4209951682216885,0.0292789384805008,42.46382981592186,6.466694679351098,0.0,0.0,0.0,2.618893419970167,0.0,0.0,0.0,3.6241371354640215,0.0,0.0,0.0,1.1321153648595583,0.0,0.0,0.0,1.5152331976660562,1.1939651421432529,0.1110160970349473,145.20768285971252,18.094291906035316,0.0,0.0,0.0,1029.5131551499785,0.0,0.0,0.0,989.1841744461358,1.4255527606531582,0.0123245738008728,21085.27116148685,327.40339958081506,0.0,1
0.0041385017851776,0.007983990765279,18.4031770176515,0.3017614449755257,0.470351310983367,0.0005533820391313,36.13524003766168,3.259980156306576,2.5405612695827933,0.5697160261771013,315.5315681322242,32.82509266923964,3.286041098548579,0.81346701365676,477.373856111171,44.3404687800097,3.0923484959233782,0.6235746545152913,415.5810064339999,42.470157848726615,3511.67542536248,18.0,1562.2213428967996,2227.6057088640305,10.0,184.0,658.0,96.0,99.95362856480408,99.95362856480408,99.95362856480408,0,0.0041385017851776,0.007983990765279,18.4031770176515,0.3017614449755257,0.470351310983367,0.0005533820391313,36.13524003766168,3.259980156306576,2.5405612695827933,0.5697160261771013,315.5315681322242,32.82509266923964,3.286041098548579,0.81346701365676,477.373856111171,44.3404687800097,3511.67542536248,18.0,1562.2213428967996,2227.6057088640305,10.0,184.0,658.0,96.0,2.0214701240904285,0.3689268741294002,259.56034898892125,30.67680794632406,3.046909698684899,0.617396384965561,409.4968856215945,40.68239785676036,1,1,1,1,1,1,1,1,0.3147097150253836,0.0349926191163588,31.33595581406416,5.437579736036679,0.0,0.0,0.0,0.0,0.0,0.0,0.0,0.0,0.0,0.0,0.0,0.0,0.0,0.0,0.0,0.0,0.6805142427724197,0.1510895648964342,108.00843336172264,21.47932587842645,0.0,0.0,0.0,0.0,0.0,0.0,0.0,0.0,0.4630996346161197,0.0228280566205937,11665.821677253682,461.3614401916402,0.0,1
0.0423507547265867,0.0389837416161007,0.1316550772665579,0.0139151486542736,0.0027080082847095,0.2505670880459099,0.5023105243363943,0.0815302069061907,1.5961024377929116,0.4555803926461615,276.537762956016,27.586482987058936,2.5908260102142378,0.7781731701480243,378.7091474424864,34.61558081505318,2.0831507214371032,0.6125859901198071,332.75565500180625,33.02812567542163,5.5,3083.677940535838,4.0,25.5,786.5098671119133,1054.8057794230435,4.0,8.0,99.95362856480408,99.95362856480408,99.95362856480408,0,0.0843536359981289,0.0389837416161007,0.1456640647782876,0.0139151486542736,0.0037341627913827,0.2505670880459099,0.5023105243363943,0.1325714884750297,1.5611958549970824,0.4555803926461615,255.33837284748407,27.586482987058936,2.96647337981031,0.7781731701480243,378.7091474424864,36.55985730363456,6.0,3083.677940535838,4.0,49.0,1571.0197342238266,1054.8057794230435,4.0,8.0,1.2920084002408028,0.2694132854403975,216.6375278088777,25.69841550420409,1.8582746817960905,0.6106316209697751,324.7997846331004,31.31987009207375,2,1,2,1,2,1,1,2,0.2743125149385247,0.0255208356247516,31.7739037362103,3.922979242538188,0.0420028812715421,0.0,0.0140089875117297,0.0,0.0010261545066732,0.0,0.0,0.051041281568839,0.0349065827958292,0.0,21.19939010853197,0.0,0.3756473695960722,0.0,0.0,1.9442764885813768,0.7599856938170044,0.2074334976692639,80.32787004447485,6.993282846667547,0.5,0.0,0.0,23.5,784.5098671119133,0.0,0.0,0.0,0.5775782548065136,0.0430286559553045,6452.566705882039,48.90600497349456,0.0,1
0.5451899697627374,0.022053578032147,27.568018571179465,2.0193272019125037,0.0299620913842579,0.0017924256461551,3.721047163354768,0.989856996228351,1.8385138776797088,0.4003027578726569,195.5238391482527,25.3227154460106,2.605894489728465,0.5643643710539933,272.516291500134,29.37458996025281,2.283667249253111,0.4770774387700618,235.28945555085787,30.91074941459029,289.0379744153199,132.0,90.0,905.6052187401574,2913.284716243542,1511.3383902376163,3146.4451919449134,3105.1987266615165,99.95362856480408,99.95362856480408,99.93044284720612,0,0.5451899697627374,0.022053578032147,27.568018571179465,2.0193272019125037,0.0559013811207189,0.0017924256461551,7.335888978286391,0.989856996228351,1.8385138776797088,0.4003027578726569,195.5238391482527,25.3227154460106,2.683286812852267,0.5643643710539933,293.6883711603212,29.37458996025281,552.0,132.0,174.0,905.6052187401574,2913.284716243542,1511.3383902376163,3146.4451919449134,3105.1987266615165,1.3788794769355617,0.2999837277949911,125.8590269652772,22.21060986119621,2.275361151619306,0.4880829390807851,224.5807333288974,26.73816559415797,1,1,1,1,2,1,2,1,0.2522113083475472,0.0298034438240292,41.78370743361194,17.82366096204919,0.0,0.0,0.0,0.0,0.0259392897364609,0.0,3.614841814931623,0.0,0.0,0.0,0.0,0.0,0.077392323123802,0.0,21.172079660187197,0.0,0.6399788387994425,0.1243742349720619,185.15335785035936,116.27170116242738,262.9620255846801,0.0,84.0,0.0,0.0,0.0,0.0,0.0,0.4095729141110828,0.0154689503248856,34281.76592326324,13519.108491204815,0.0,1
0.0882339690968567,0.0833752904869133,34.73964921178353,1.2071475715055977,0.2257970094007957,0.0034330942823965,1.773814339676278,1.6292067240046393,1.3754294806553986,0.4414553367783841,264.8606141833397,27.541424201070804,2.749925193621793,0.5751570309681131,374.4934794296223,36.51774487990927,2.1952223008608263,0.4923365739160659,317.9608100259097,34.10010128430526,1305.4249551649864,131.0,107.0,1469.8184759440878,1110.9168635109688,2319.1550965443785,1231.0472024572146,914.5009866609354,99.95362856480408,99.95362856480408,99.62902851843263,0,0.0882339690968567,0.0833752904869133,67.47754588396765,2.407929359281084,0.2257970094007957,0.0067220292305688,2.331178506521041,1.6292067240046393,1.3754294806553986,0.4414553367783841,250.70977716270045,27.48367330028107,2.749925193621793,0.5889458287081233,377.8197172325635,36.51774487990927,1305.4249551649864,260.0,116.0,1469.8184759440878,1110.9168635109688,2319.1550965443785,2390.094404914429,1809.0019733218708,1.1368916342979178,0.2437769901550437,183.351435251838,24.17475759119808,2.165371838328649,0.5092202730933733,318.2621831600686,32.27952404019275,1,1,2,2,1,2,2,1,0.3182942092799493,0.0242460839699108,21.739683223847397,6.551917300445971,0.0,0.0,32.73789667218412,1.2007817877754867,0.0,0.0032889349481723,0.5573641668447635,0.0,0.0,0.0,14.150837020639244,0.0577509007897347,0.0,0.0137887977400101,3.326237802941165,0.0,0.7719079625528259,0.1238277316588435,80.40061714819768,13.753215795854116,0.0,129.0,9.0,0.0,0.0,0.0,1159.0472024572146,894.5009866609354,0.5958419026524548,0.0153333071277745,6464.259237811059,189.1509447273312,0.0,1
0.0009279345382835,0.000105298524662,0.0045459382916703,0.013402624869915,0.4267882508766312,0.1152726274609059,140.88887983683384,5.678505130250457,2.411868331510085,0.4805258881683075,214.8594398762766,36.33038498267308,4.261407253324858,0.6038536436730867,568.9907820953144,49.901943662792846,3.2801610509609023,0.529890719684879,441.4319807320749,46.33428350812231,1440.1672278899146,2218.328485267933,2779.224447245837,2940.777246802176,6.0,4.0,2.0,2.0,99.95362856480408,99.95362856480408,99.90725712960815,0,0.0009279345382835,0.000105298524662,0.0045459382916703,0.0166266816679439,0.4267882508766312,0.1152726274609059,140.88887983683384,5.678505130250457,2.411868331510085,0.4805258881683075,214.8594398762766,29.396184587224408,4.261407253324858,0.6038536436730867,568.9907820953144,49.901943662792846,1440.1672278899146,2218.328485267933,2779.224447245837,2940.777246802176,6.0,4.0,2.0,2.0,2.0990262801278243,0.3017488448592284,162.3977256195249,26.189816768666685,3.031316824469599,0.5401043653647186,459.87648660176745,44.51613953330666,1,1,1,2,1,1,1,1,0.351834540389174,0.0283276070613589,42.42429865741967,10.491127765379517,0.0,0.0,0.0,0.0032240567980288,0.0,0.0,0.0,0.0,0.0,0.0,0.0,6.934200395448672,0.0,0.0,0.0,0.0,0.9498160648480694,0.1179433535993291,215.26842083327887,72.58332502544076,0.0,0.0,0.0,0.0,0.0,0.0,0.0,0.0,0.9021505570434718,0.0139106346582563,46340.49300805368,5268.339071748775,0.0,1
0.3257162618278038,0.0003659486922077,25.19120775194497,4.331109154751804,0.0855731166712585,0.0003491697015457,3.9004475552452496,0.1457604811201704,2.1527271971238147,0.4797018465788249,134.9778220795418,23.707543535127066,2.5863746352245087,0.7345640467918267,173.27384845989465,36.7775038242902,2.35033673093432,0.6001778021901664,160.2923167920964,35.48289500672093,504.0,2.0,222.0,18.0,3302.231555509486,4.0,3174.659521205669,2539.189782794979,99.95362856480408,99.95362856480408,99.95362856480408,0,0.3257162618278038,0.0003659486922077,25.19120775194497,4.331109154751804,0.0855731166712585,0.0003491697015457,3.9004475552452496,0.1457604811201704,2.1527271971238147,0.4797018465788249,134.9778220795418,23.707543535127066,2.5863746352245087,0.7345640467918267,173.27384845989465,36.7775038242902,504.0,2.0,222.0,18.0,3302.231555509486,4.0,3174.659521205669,2539.189782794979,1.5345747493651425,0.2953767068997842,103.15867428216922,22.18445756668076,2.3028203289765448,0.5537223150946836,155.9528276659269,27.959941071146453,1,1,1,1,1,1,1,1,0.2185228052933939,0.0397876458279298,14.66250688064554,4.88123106564392,0.0,0.0,0.0,0.0,0.0,0.0,0.0,0.0,0.0,0.0,0.0,0.0,0.0,0.0,0.0,0.0,0.5964230412501769,0.2460250956023656,50.69164811084282,25.89529388386148,0.0,0.0,0.0,0.0,0.0,0.0,0.0,0.0,0.3557204441341101,0.0605283476661531,2569.643188193514,670.5662453315538,0.0,1
0.2892721722881952,0.0182656901514303,70.69210708662308,0.6515728882221197,0.3344656104499464,0.0370936195743749,122.4378594523534,0.0067832945480432,2.2243652598193835,0.5457316546437792,162.26427360305868,28.90781564383254,2.7925733302566806,0.6458299106779695,435.9320623896955,43.46523552635111,2.780795507751757,0.6126862910026393,328.535917980632,39.17480229035808,2688.256169418796,1651.8766964645993,1604.9064781884845,2.0,1631.948457064026,976.2344421078024,1566.8891640371362,406.0,99.95362856480408,99.93044284720612,99.95362856480408,0,0.2892721722881952,0.0182656901514303,70.69210708662308,0.6515728882221197,0.3344656104499464,0.0370936195743749,122.4378594523534,0.0067832945480432,2.2243652598193835,0.5457316546437792,162.26427360305868,28.90781564383254,2.7925733302566806,0.6458299106779695,435.9320623896955,43.46523552635111,2688.256169418796,1651.8766964645993,1604.9064781884845,2.0,1631.948457064026,976.2344421078024,1566.8891640371362,406.0,1.8103966148699904,0.3587191952311879,123.50385984561412,26.39927989688989,2.516891157554157,0.6104471525196534,302.4807252608094,35.5271037996764,1,1,1,1,1,1,1,1,1.8015456471478075,0.0424260698047855,61.08374108787988,6.645324980515991,0.0,0.0,0.0,0.0,0.0,0.0,0.0,0.0,0.0,0.0,0.0,0.0,0.0,0.0,0.0,0.0,7.694201120550256,0.1584589049436216,173.32463194319544,18.640530961971585,0.0,0.0,0.0,0.0,0.0,0.0,0.0,0.0,59.20073088347681,0.0251092245559317,30041.428038244165,347.46939454422125,0.0,1
0.2868264930497572,0.014921031122168,25.31325428871696,1.6230008750424183,0.34277884406013,0.0187020409898,0.0748430039058689,0.9098873370390734,2.208364056167742,0.4865510767912778,99.49128725127514,25.670641880620348,2.848902709047288,0.5550238504888505,215.2131384946506,29.60456070481044,2.596103066191725,0.5005443470561397,140.70586430909466,29.021381941574877,1529.0612648592637,1089.4229673887298,2.0,670.0,1188.9475929671012,1640.719814870907,3262.552587388808,3310.140771151875,99.95362856480408,99.95362856480408,99.95362856480408,0,0.5735892061045451,0.014921031122168,25.31325428871696,1.6230008750424183,0.685354974989759,0.0371444919909012,0.0748430039058689,0.9098873370390734,2.1952885730455405,0.4865510767912778,99.49128725127514,25.670641880620348,2.906794514279703,0.5784408811312816,215.2131384946506,29.60456070481044,3056.824061687412,2174.84593477746,2.0,670.0,2375.8951859342023,1640.719814870907,3262.552587388808,3310.140771151875,1.658745121806074,0.3122533692019239,65.45825688209162,23.25492936281128,2.559495662843031,0.5092309095358328,118.70716697039988,26.71979948617866,2,1,1,1,2,2,1,1,0.2739379187627803,0.0207700076250779,28.80074603794764,6.289545125660491,0.2867627130547878,0.0,0.0,0.0,0.3425761309296289,0.0184424510011012,0.0,0.0,0.0130754831222017,0.0,0.0,0.0,0.0578918052324157,0.023417030642431,0.0,0.0,0.6082901594979465,0.0945882331279522,83.95786418447025,11.94815739828002,1527.762796828148,1085.4229673887298,0.0,0.0,1186.9475929671012,0.0,0.0,0.0,0.3700169181420372,0.0089469338462678,7048.922958417954,142.75846521407357,0.0,1
0.5834055660063528,0.0,0.4484742115791782,0.0,1.1219656400340383,0.0,0.093078179700452,0.0,5.952120667461045,0.0,24.90867260977058,0.0,7.331562967002174,0.0,27.106719668732453,0.0,6.435265504367517,0.5234363682702988,36.63642242137399,41.55347788010936,3296.7971970915787,0.0,4.0,0.0,636.3040199060874,0.0,829.0,0.0,99.95362856480408,37.56086250869464,0.0,0,0.5834055660063528,0.0,0.4484742115791782,0.0,1.1219656400340383,0.0,0.093078179700452,0.0,5.952120667461045,0.0,24.90867260977058,0.0,7.331562967002174,0.0,27.106719668732453,0.0,3296.7971970915787,0.0,4.0,0.0,636.3040199060874,0.0,829.0,0.0,2.018178124918846,0.1939031540202192,20.38868535133389,20.44024180195277,6.605848576736192,0.4368675194009775,25.41881021669964,26.73660121006722,1,0,1,0,1,0,1,0,0.5497798959129143,0.0580661570057136,12.776711568408142,23.843112463093156,0.0,0.0,0.0,0.0,0.0,0.0,0.0,0.0,0.0,0.0,0.0,0.0,0.0,0.0,0.0,0.0,2.257171314458805,0.2732045922930095,34.17970510818637,35.99192029492655,0.0,0.0,0.0,0.0,0.0,0.0,0.0,0.0,5.0948223428156885,0.0746407492499895,1168.2522412825815,1295.4183265163456,0.0,1
0.1166961205667043,0.0012599801682761,2.202990865850296,1.0907086383058626,0.737883576606774,0.002749714165251,1.1113275137273533,2.0506641435940143,3.215834530841351,0.4315643048727776,25.822226201275157,23.532958300492925,4.8723463787552825,0.7978723218715069,45.87497728064061,31.958532456185736,4.4424734861878346,0.6528953861516412,36.73052240192056,31.80574432808586,2375.294444503888,30.0,116.0,159.0,382.8727450684872,4.0,807.9670668048484,845.0,99.95362856480408,94.7136563876652,69.76582425226061,0,0.1166961205667043,0.0012599801682761,2.202990865850296,1.0907086383058626,0.737883576606774,0.002749714165251,1.1113275137273533,4.082825068604372,3.215834530841351,0.4315643048727776,25.822226201275157,23.532958300492925,4.8723463787552825,0.7978723218715069,45.87497728064061,32.23332830570121,2375.294444503888,30.0,116.0,316.0,382.8727450684872,4.0,807.9670668048484,845.0,2.082002134438197,0.2300267840449778,21.03770531010853,20.3247784379886,4.417073772500174,0.6369311323029185,28.71858156886652,25.49117659669203,1,1,1,1,1,1,1,2,0.4451161495035127,0.0509774310502321,7.905724061653546,6.942914118170337,0.0,0.0,0.0,0.0,0.0,0.0,0.0,2.0321609250103574,0.0,0.0,0.0,0.0,0.0,0.0,0.0,0.2747958495154705,1.3995895122013828,0.3162507780747631,28.546174498034663,19.1005152461472,0.0,0.0,0.0,157.0,0.0,0.0,0.0,0.0,1.9588508026641045,0.100014554632893,814.8840784722445,364.82968266830153,0.0,1
0.1922128691985474,0.001382841696763,19.718742138336864,1.0761620092885202,5.342237668695421,0.197678096057125,1.5774894655673606,2.67564655244043,4.041085769669718,0.4010327771302495,27.03733340945568,21.819019989376216,11.017826316048144,0.8722373848383788,46.95603752114521,27.3571022439006,7.322615955313423,0.6384417431270561,39.99778776602632,28.179125037921818,2815.3639138397466,1730.5896451879676,372.0,624.0,676.0,2.0,3922.439451121173,795.204431534406,99.95362856480408,99.95362856480408,70.64688152098307,0,0.1922128691985474,0.001382841696763,19.718742138336864,1.0761620092885202,5.342237668695421,0.197678096057125,1.5774894655673606,2.67564655244043,4.041085769669718,0.4010327771302495,27.03733340945568,21.819019989376216,11.017826316048144,0.8722373848383788,46.95603752114521,27.3571022439006,2815.3639138397466,1730.5896451879676,372.0,624.0,676.0,2.0,3922.439451121173,795.204431534406,3.2006062069949053,0.2270361692391018,24.03299552742593,20.315250240578614,6.653597298722906,0.6013797100816927,36.35875621942528,23.62596713678929,1,1,1,1,1,1,1,1,1.027702089009582,0.0445901063393713,7.308629925118052,8.093241406694878,0.0,0.0,0.0,0.0,0.0,0.0,0.0,0.0,0.0,0.0,0.0,0.0,0.0,0.0,0.0,0.0,3.4047683351518274,0.2785728585060713,27.6235251821766,18.76443400769498,0.0,0.0,0.0,0.0,0.0,0.0,0.0,0.0,11.592447416052549,0.0776028374962436,763.0591434903445,352.10398362913986,0.0,1
0.1299911190173359,0.059834766639729,0.1197220867109933,0.7255619587553852,0.0004568017685895,0.0007083037578416,78.11064827959959,0.0525371031069283,2.762958912961075,0.6424372824974889,49.792856871925935,21.525757571638785,3.6106917947243775,0.8741911560399229,256.8185793154766,32.19257089168336,3.115111866460536,0.6883354619213693,162.71501330428055,33.08613863928347,2.0,4.0,2489.119514001793,8.0,1060.8100649577418,701.8394061141678,44.0,572.0,99.95362856480408,99.95362856480408,85.04521214931601,0,0.2596223084018842,0.059834766639729,0.1197220867109933,0.7255619587553852,0.0007068778808703,0.0007083037578416,78.11064827959959,0.0525371031069283,2.712331005852338,0.6424372824974889,49.792856871925935,21.525757571638785,3.8602421158105935,0.8741911560399229,256.8185793154766,32.19257089168336,2.0,4.0,2489.119514001793,8.0,2117.620129915484,701.8394061141678,44.0,572.0,2.0397772020502005,0.2855733727293893,45.0409760058032,20.40825528139033,3.060280666942251,0.7378905997674279,171.78336678764458,27.652160639777637,2,1,1,1,2,1,1,1,0.2598746614439317,0.0428587415636295,16.839318438677946,4.405043033687133,0.1296311893845483,0.0,0.0,0.0,0.0002500761122807,0.0,0.0,0.0,0.0506279071087367,0.0,0.0,0.0,0.249550321086216,0.0,0.0,0.0,0.661230907868242,0.2209276471651365,92.3191908234913,19.71892285143734,0.0,0.0,0.0,0.0,1056.8100649577418,0.0,0.0,0.0,0.4372263135202596,0.048809025281923,8522.832994304199,388.8359184209378,0.0,1
0.0903212622430773,0.0413571557906615,0.0468156102317323,1.6666497245410523,0.0987267881433897,0.0140362333143757,1.9190106397266788,2.745376943294765,2.7171510840049224,0.7310237503214575,181.42752609747063,26.697191737427342,2.935253608144957,0.7873520059184433,227.07316670533973,29.44256868072211,2.843188633755789,0.7068956271730258,209.1602749913671,32.7103684946795,1861.0640087712056,796.4805119273219,356.7969718840864,3012.160865481791,1245.4254144854908,2849.4059406074166,2.0,2201.8066280360026,99.95362856480408,99.95362856480408,99.95362856480408,0,0.0903212622430773,0.0413571557906615,0.0468156102317323,1.6666497245410523,0.0987267881433897,0.0213622921901852,3.818085324348999,2.745376943294765,2.7171510840049224,0.7310237503214575,181.42752609747063,26.697191737427342,2.935253608144957,0.7922078905877208,227.61457088963027,29.44256868072211,1861.0640087712056,1472.9610238546438,709.5939437681727,3012.160865481791,1245.4254144854908,2849.4059406074166,2.0,2201.8066280360026,2.3350418569599576,0.31976598941951,173.44446519289826,24.93814781007616,2.8282371132757995,0.7616707014015591,204.61426721266133,27.75800719118782,1,1,1,1,1,2,2,1,0.173237222505444,0.035686285703223,17.99048535381303,9.012977972925182,0.0,0.0,0.0,0.0,0.0,0.0073260588758095,1.8990746846223203,0.0,0.0,0.0,0.0,0.0,0.0,0.0048558846692774,0.5414041842905419,0.0,0.3745406474519211,0.175777240240055,60.62945213982291,26.199591212549738,0.0,676.4805119273219,352.7969718840864,0.0,0.0,0.0,0.0,0.0,0.1402806965937043,0.03089763818641,3675.9304667750766,686.4185797047135,0.0,1
0.8959360044191862,0.0738534388511579,29.91748275050078,2.390472113317763,0.0028718692177849,0.0946990504538103,0.0808364405083921,0.0182482399721486,2.087986280270502,0.6706999730691074,111.24719074373353,21.84676054928648,3.030008715180012,0.7658014655947172,234.81504009586448,27.952768227186585,2.55305271335532,0.6748507407845333,156.44211457423268,25.250600831617323,17.0,3588.665120124313,2.0,38.0,4084.4035595354753,1440.6713557580672,2357.931613492444,2710.5027085361558,99.95362856480408,99.95362856480408,97.26408532344075,0,0.8959360044191862,0.0738534388511579,29.91748275050078,2.390472113317763,0.0033085212167196,0.0946990504538103,0.0808364405083921,0.0182482399721486,2.087986280270502,0.6706999730691074,111.24719074373353,21.84676054928648,3.082275589492637,0.7658014655947172,234.81504009586448,27.952768227186585,28.0,3588.665120124313,2.0,38.0,4084.4035595354753,1440.6713557580672,2357.931613492444,2710.5027085361558,1.8836939156896968,0.3065605258947751,101.13128409528233,20.566817930467614,2.441842535756557,0.7327755765727294,143.70802398613682,23.810870294358143,1,1,1,1,2,1,1,1,0.2098918451971697,0.0277164146023309,9.91766014329087,3.8048278758717458,0.0,0.0,0.0,0.0,0.0004366519989347,0.0,0.0,0.0,0.0,0.0,0.0,0.0,0.0522668743126253,0.0,0.0,0.0,0.6094426083739695,0.1725595512295231,46.82854573342727,6.869825011022668,11.0,0.0,0.0,0.0,0.0,0.0,0.0,0.0,0.3714202929016675,0.0297767987205344,2192.912695507689,47.1944956820726,0.0,1
0.0023910841635323,0.0180457286128219,0.8387088190263796,0.8133779417961406,0.1717865337646804,0.0419623541684044,8.107693277277463,2.5091335420724405,2.044849768419929,0.502587648530312,94.32891806039632,21.87411167804608,2.861407312694327,0.5682345051166385,163.9496475955927,27.358510821874347,164.92282817860112,0.5371560556429053,137.38514605363963,31.59449793280891,2222.80162454707,3386.196076199473,1017.2384849934272,2030.2157080351008,36.0,328.38105038843617,346.1786850875509,1733.0727592398116,99.95362856480408,93.60074194296314,97.77417111059589,0,0.0023910841635323,0.0180457286128219,0.8387088190263796,0.8133779417961406,0.1717865337646804,0.0419623541684044,8.107693277277463,2.5091335420724405,2.044849768419929,0.502587648530312,94.32891806039632,21.87411167804608,2.861407312694327,0.5682345051166385,163.9496475955927,27.358510821874347,2222.80162454707,3386.196076199473,1017.2384849934272,2030.2157080351008,36.0,328.38105038843617,346.1786850875509,1733.0727592398116,1.882173158301661,0.2690018167575957,87.93735171912415,20.564977193030312,2.541782629747764,0.5440711818900994,122.60005425151196,24.2783072294642,1,1,1,1,1,1,1,1,96.566931258333,0.0372909789108699,44.321189324363246,19.35492874351966,0.0,0.0,0.0,0.0,0.0,0.0,0.0,0.0,0.0,0.0,0.0,0.0,0.0,0.0,0.0,0.0,697.2275867113262,0.1759348513334256,234.21747712190228,119.955701746035,0.0,0.0,0.0,0.0,0.0,0.0,0.0,0.0,486126.3076713,0.0309530719137145,54857.82658934881,14389.370381383706,0.0,1
0.2465135894529584,0.0112535681121032,15.31506091581646,1.3188441377635982,0.4760339633563402,0.034315598123504,0.1067516918621862,0.2595431704716464,3.003566884222352,0.4443740993252927,147.24953260134907,23.895776394141365,3.668926240956909,0.6563474159883905,172.61612484298848,26.35890215794631,3.383883119147394,0.5218599506098053,163.05230000789982,27.17122262224589,2177.4999871357286,1564.5451913429747,4.0,272.0,1343.386247640897,767.5039068548308,2423.015461528352,1792.4853356297322,99.95362856480408,99.95362856480408,99.95362856480408,0,0.4523597039505334,0.0112535681121032,27.179307897715944,2.5942369191935697,0.4760339633563402,0.034315598123504,0.1088768018350379,0.4616813152953689,2.946353935459212,0.4443740993252927,145.5562577657962,23.492096321887324,3.668926240956909,0.6563474159883905,173.04751579732635,26.631471074811728,2177.4999871357286,1564.5451913429747,4.0,494.0,2243.4328141680826,767.5039068548308,4279.87409334057,3546.9706712594643,2.3764548109705506,0.2861767750131369,117.09787970648485,22.323428991386784,3.274324947454204,0.4968464153503072,157.10111606233954,25.190143279308984,2,1,2,2,1,1,2,2,0.3915977323064924,0.0288771063743824,21.046152505393945,7.551635598954188,0.2058461144975749,0.0,11.864246981899484,1.2753927814299717,0.0,0.0,0.0021251099728516,0.2021381448237225,0.0572129487631403,0.0,1.6932748355528844,0.4036800722540405,0.0,0.0,0.4313909543378571,0.272568916865417,0.7331867287825612,0.1341209367696711,49.24527217190006,19.610303743380573,0.0,0.0,0.0,222.0,900.0465665271856,0.0,1856.8586318122184,1754.4853356297322,0.537562779262873,0.0179884256799741,2425.0968312845143,384.5640129076461,0.0,1
0.0183001446609782,0.0062711723071005,2.3656304967044406,0.0080380707118301,0.5790007632498078,0.0022860301218853,31.01429016139336,5.424153671735386,2.9524190196292937,0.4063706388113157,122.38037366058708,30.09046569524196,3.970498066846341,0.66392354386585,216.1304311502949,35.51461936697734,3.691777674741412,0.5357422156864361,198.1945162793949,36.17548886168764,2161.84102257984,100.0,1938.472168815121,4257.527700340189,64.0,168.0,16.0,2.0,99.95362856480408,99.95362856480408,99.95362856480408,0,0.0183001446609782,0.0062711723071005,2.3656304967044406,0.0080380707118301,1.0460044994795483,0.0022860301218853,48.24381648892936,5.424153671735386,2.9524190196292937,0.4063706388113157,122.38037366058708,30.09046569524196,4.099038817978675,0.66392354386585,219.0734693982673,35.51461936697734,3859.3699085902354,100.0,3207.824257571786,4257.527700340189,64.0,168.0,16.0,2.0,2.307816818132455,0.2780039766405205,94.55649555360456,24.25206688557895,3.530853055134169,0.5074180129534224,187.7551574536447,31.41318628980092,1,1,1,1,2,1,2,1,0.5145511794825222,0.0427714268974678,41.95297393861357,10.517070976123527,0.0,0.0,0.0,0.0,0.4670037362297405,0.0,17.229526327535993,0.0,0.0,0.0,0.0,0.0,0.1285407511323337,0.0,2.943038247972368,0.0,1.025572535554103,0.1755029426899392,109.6047217940721,42.18775797110272,1697.5288860103958,0.0,1269.352088756665,0.0,0.0,0.0,0.0,0.0,1.0517990256828718,0.030801282892828,12013.195039555943,1779.806922628341,0.0,1
0.2845070960074487,0.0112067336592687,0.228521985177494,0.9550758867190616,0.0393529385141062,0.0814719070494904,28.77671038820652,0.0686471446007708,2.952628173003381,0.4528077898809117,50.82984371927096,21.05592023654701,3.437723210900868,0.5399355996183478,90.46676633593724,24.61038311106575,3.270790063435964,0.4933201215198973,89.39694594049998,26.11792419344088,256.84964133252083,3605.9462455355942,3287.3485719107034,16.0,2795.070808655618,128.0,34.0,2418.297254764178,99.95362856480408,99.95362856480408,86.71458381636911,0,0.2845070960074487,0.0112067336592687,0.228521985177494,0.9550758867190616,0.0675688356194492,0.0814719070494904,28.77671038820652,0.0686471446007708,2.952628173003381,0.4528077898809117,50.82984371927096,21.05592023654701,3.5041099605408803,0.5399355996183478,90.46676633593724,24.61038311106575,431.69928266504166,3605.9462455355942,3287.3485719107034,16.0,2795.070808655618,128.0,34.0,2418.297254764178,2.407801438244397,0.2650892694860458,36.39975075604621,20.19164728890568,3.179658366169251,0.516711022915489,68.44387961472599,21.79651539995176,1,1,1,1,2,1,1,1,0.4030488866311221,0.0306288461589958,44.700852204730445,13.88218857072542,0.0,0.0,0.0,0.0,0.028215897105343,0.0,0.0,0.0,0.0,0.0,0.0,0.0,0.0663867496400123,0.0,0.0,0.0,1.1039452768706786,0.1203512779368838,173.3450580820047,52.48091107380998,174.84964133252083,0.0,0.0,0.0,0.0,0.0,0.0,0.0,1.2186951743250791,0.014484430101041,30048.509161453578,2754.2460271371506,0.0,1
0.3609880870318656,0.0014807561682044,3.324007869216139,1.1026284876295025,0.0006898074666206,0.0134490209179963,0.0850524587653183,1.2079797443394575,2.714819532874565,0.4758468953832653,47.25670563902724,22.443303794904786,3.111072761771789,0.7299202413724077,106.87258562233065,27.49870473028182,3.0353929486192044,0.5516672834706707,82.9441766605024,26.36673873332363,6.0,100.0,4.0,412.0,2046.8815474819844,30.0,244.0,950.0961421785748,99.95362856480408,99.95362856480408,91.69951309993044,0,0.3609880870318656,0.0014807561682044,3.324007869216139,1.1026284876295025,0.0006898074666206,0.0134490209179963,0.0850524587653183,1.2079797443394575,2.714819532874565,0.4758468953832653,47.25670563902724,22.443303794904786,3.111072761771789,0.7299202413724077,106.87258562233065,27.49870473028182,6.0,100.0,4.0,412.0,2046.8815474819844,30.0,244.0,950.0961421785748,2.2054180534593955,0.277192453996007,38.72429873312996,20.694812842597177,2.9687179088567768,0.5216715798488916,79.56526526317454,24.007427465724213,1,1,1,1,1,1,1,1,0.341120604289843,0.0324313185626193,12.01071072072172,3.330133114780293,0.0,0.0,0.0,0.0,0.0,0.0,0.0,0.0,0.0,0.0,0.0,0.0,0.0,0.0,0.0,0.0,0.6104547592260424,0.1804822101521905,31.2845336063488,8.12709020963812,0.0,0.0,0.0,0.0,0.0,0.0,0.0,0.0,0.3726550130617254,0.0325738281814194,978.7220429667676,66.04959527559576,0.0,1
0.3468190546520442,0.0412876173400753,27.92060588087051,0.6869901021960203,0.2592347151912793,0.0707693103770737,80.41241426889974,14.285490771008064,3.128867430313012,0.7830473407702441,140.2544659695005,40.23349103468356,3.946331451897742,0.8978949967998826,252.07711154134563,57.2609477856445,3.754515308261548,0.8239491697305733,236.4424357764549,60.56251487356588,1342.503624559888,1168.9645707854404,2889.7788011601083,2528.433359087064,1399.7291054457005,1075.6098026369373,1155.0122774542597,322.2602806715606,99.95362856480408,99.95362856480408,99.95362856480408,0,0.3468190546520442,0.0711567747627911,27.92060588087051,0.6869901021960203,0.4491390165777278,0.1413335856101811,80.41241426889974,14.285490771008064,3.128867430313012,0.7646787678100527,140.2544659695005,40.23349103468356,4.082061901707059,0.9427494993406168,252.07711154134563,57.2609477856445,2122.007249119776,2329.929141570881,2889.7788011601083,2528.433359087064,1399.7291054457005,1913.995544109534,1155.0122774542597,322.2602806715606,2.393000375842909,0.4770433264208616,95.0511331001428,38.06036006390702,3.6378207541429752,0.826280844982807,195.0318514486612,45.32986544302237,1,2,1,1,2,2,1,1,0.5254271733760842,0.0539612873657267,198.1963561735984,60.62964494249351,0.0,0.0298691574227158,0.0,0.0,0.1899043013864485,0.0705642752331074,0.0,0.0,0.0,0.0183685729601914,0.0,0.0,0.1357304498093166,0.0448545025407341,0.0,0.0,1.1246823983202443,0.1844384099273133,1541.6490258522967,517.268272059492,779.5036245598881,1160.9645707854404,0.0,0.0,0.0,838.3857414725968,0.0,0.0,1.2649104970913767,0.0340175270565156,2376681.718911336,267566.4652794127,0.0,0
0.316896228641923,0.0012189458822512,1.5806506035756769,0.000736251774505,0.2425661806728143,0.0716872414784665,47.39007055975745,9.676741602055133,2.733990032441505,0.6240846933678164,78.176386102932,33.17675936575722,3.515118568315448,0.8018998713267652,200.2034724692051,49.64921952981224,3.432627136788424,0.7117331758602613,167.697263167814,45.4633474066323,1319.9102660136057,2241.63106387584,2397.5881909215336,2159.612580740375,1158.9334886998674,18.0,346.0,2.0,99.95362856480408,99.95362856480408,99.95362856480408,0,0.316896228641923,0.0012189458822512,1.5806506035756769,0.000736251774505,0.4803574884502914,0.0716872414784665,47.39007055975745,9.676741602055133,2.733990032441505,0.6240846933678164,78.176386102932,33.17675936575722,3.6523108413091663,0.8018998713267652,200.2034724692051,49.64921952981224,2596.820532027211,2241.63106387584,2397.5881909215336,2159.612580740375,1158.9334886998674,18.0,346.0,2.0,2.174964361757638,0.429504716242426,68.85416419944683,32.67435746306845,3.266635823146469,0.7253066616224696,153.62688471765452,39.485879067630506,1,1,1,1,2,1,1,1,0.540001748996422,0.0400069856640677,60.11526136963607,17.41010245031856,0.0,0.0,0.0,0.0,0.2377913077774771,0.0,0.0,0.0,0.0,0.0,0.0,0.0,0.137192272993718,0.0,0.0,0.0,1.0423363074797272,0.1465572785225817,223.62189177221092,107.0349254391662,1276.9102660136057,0.0,0.0,0.0,0.0,0.0,0.0,0.0,1.0864649778904722,0.0214790358879456,50006.75047978243,11456.475263767868,0.0,0
0.071504350060771,0.0344558650342531,28.21570764224282,0.0368049318123873,0.0777214029407318,0.0140292557796195,26.142596609546946,1.0085443338197564,2.3491793901765736,0.6667941291613986,75.46360002642524,29.637646433514355,2.778311320619068,0.7072167881228237,152.08542493248717,34.93264567633757,2.694047526926527,0.6523263388877545,108.77687280002152,33.785815565668386,1380.291909238048,676.4063541352609,829.1489792308811,466.0,416.0,2403.3487646958906,2766.222046441075,74.0,99.95362856480408,99.95362856480408,99.95362856480408,0,0.071504350060771,0.0426535698618139,28.21570764224282,0.0368049318123873,0.0777214029407318,0.0140292557796195,26.142596609546946,1.0085443338197564,2.3491793901765736,0.6597266175176859,75.46360002642524,29.637646433514355,2.778311320619068,0.7072167881228237,152.08542493248717,34.93264567633757,1380.291909238048,676.4063541352609,829.1489792308811,466.0,416.0,3593.1181788626127,2766.222046441075,74.0,1.962678694654494,0.3967862777778453,54.84676408847281,28.574618429115137,2.6381306561248503,0.688648918108363,98.92655166221832,31.702094160488944,1,2,1,1,1,1,1,1,0.2925814267692066,0.0293656400309673,21.152390779540102,7.698974769457646,0.0,0.0081977048275607,0.0,0.0,0.0,0.0,0.0,0.0,0.0,0.0070675116437126,0.0,0.0,0.0,0.0,0.0,0.0,0.5141889754898927,0.1253538815293166,59.07369107165312,19.70069748631348,0.0,0.0,0.0,0.0,0.0,1189.769414166722,0.0,0.0,0.2643903025153455,0.0157135956144659,3489.7009768291086,388.1174814472383,0.0,0
0.805804910803976,0.043694168386889,33.588892428931615,2.4271438135883514,0.0073829395904603,0.0693695321856178,0.8006746064642982,5.988632661083862,3.859632505144648,0.5667213486941702,236.22580443370936,34.87671129867148,4.98033238509495,0.6836141952034303,383.751172816429,46.70561625726384,4.545999313892234,0.6317111784828165,323.1191591218035,45.870881840467455,19.5,2219.1043582069046,18.65557347603982,1795.7913041382922,2873.771822836508,768.5135651612329,1764.3408993707349,1691.7976787407674,99.95362856480408,99.69858567122652,99.95362856480408,0,0.805804910803976,0.043694168386889,33.588892428931615,2.4271438135883514,0.0110032606895877,0.1027653604788492,0.8927982270466828,5.988632661083862,3.859632505144648,0.5667213486941702,236.22580443370936,34.87671129867148,5.152551712850515,0.6997134922719568,387.5125203873751,46.70561625726384,34.0,3402.0092703673367,29.31114695207964,1795.7913041382922,2873.771822836508,768.5135651612329,1764.3408993707349,1691.7976787407674,2.734945036081107,0.3302312409759027,179.23214271745067,32.40483712888324,4.372767701324612,0.6366917911645633,296.2165353863207,39.49831756565633,1,1,1,1,2,2,2,1,0.781818124846614,0.045769134432992,72.38505140691623,18.964984733473795,0.0,0.0,0.0,0.0,0.0036203210991274,0.0333958282932313,0.0921236205823845,0.0,0.0,0.0,0.0,0.0,0.172219327755565,0.0160992970685264,3.761347570946043,0.0,1.6369034857099058,0.1854113334182781,188.1907602979214,91.74810431974116,14.5,1182.904912160432,10.65557347603982,0.0,0.0,0.0,0.0,0.0,2.6794530215292403,0.0343773625599438,35415.762261509706,8417.714646266106,0.0,0
0.0115224144332946,0.0609645403631594,6.434546514802179,0.1122956245255437,0.0819306064532934,0.0368892935921745,122.67110719653816,1.4051801932502173,2.9415565046788656,0.546819361617619,159.6790685844868,32.54235895859004,3.8641425143226975,0.6955592598478785,396.62301795772527,50.316455908669184,3.663752203493883,0.6310150900912179,304.4598133934243,44.68733196046236,448.5549619559238,994.7640736791956,2997.4168762086265,971.439454137837,44.86692088686596,1303.7693883129882,274.0,90.0,99.95362856480408,99.90725712960815,79.73568281938326,0,0.0115224144332946,0.0609645403631594,6.434546514802179,0.1122956245255437,0.1499617809174482,0.0368892935921745,122.67110719653816,1.4051801932502173,2.9415565046788656,0.546819361617619,159.6790685844868,32.54235895859004,3.88515285718669,0.6955592598478785,396.62301795772527,50.316455908669184,851.6495940011234,994.7640736791956,2997.4168762086265,971.439454137837,44.86692088686596,1303.7693883129882,274.0,90.0,2.481193388989343,0.3427493889346867,137.1214301790709,30.884096207416228,3.5080727026883216,0.6450825315259606,310.6082434115504,43.66446168932339,1,1,1,1,2,1,1,1,0.5419201879380521,0.0343658694702497,38.42863182741974,6.341369331826957,0.0,0.0,0.0,0.0,0.0680311744641548,0.0,0.0,0.0,0.0,0.0,0.0,0.0,0.021010342863992,0.0,0.0,0.0,0.9048244390369437,0.1524728174989019,111.1966462883628,18.199927631600534,403.0946320451996,0.0,0.0,0.0,0.0,0.0,0.0,0.0,0.8187072654785195,0.0232479600760534,12364.694145779273,331.2373657954967,0.0,0
0.3934252853938831,0.0239805520539597,40.71992391545331,4.481357554836627,0.0109831642007294,0.1563566532233304,234.1890235016912,54.92146155899508,3.47983941959901,0.4230648001763974,367.78263297186015,42.44284779499383,4.932311958161645,0.5919787878655416,1103.927973569838,149.67158108064712,4.127112531901095,0.4939018541651734,737.6244258641289,96.13082536155903,28.0,2870.2640116860007,1717.2841140266528,2337.293465547948,1275.9702633619377,1377.5658231679988,1200.5032366764372,884.0523718434897,99.95362856480408,99.86088569441225,99.83769997681428,0,0.7830971983206294,0.0239805520539597,40.71992391545331,4.481357554836627,0.0178305050562608,0.1563566532233304,234.1890235016912,54.92146155899508,3.3016634083078933,0.4230648001763974,367.78263297186015,42.44284779499383,5.118951417534581,0.5919787878655416,1103.927973569838,149.67158108064712,46.0,2870.2640116860007,1717.2841140266528,2337.293465547948,2538.940526723876,1377.5658231679988,1200.5032366764372,884.0523718434897,2.772353882261158,0.236981834184693,275.6470535311934,35.74177189389143,3.9599046784648815,0.4771723017413078,716.947620434698,89.57392532587362,2,1,1,1,2,1,1,1,0.5011719056096112,0.0416106091234869,87.77188755006785,15.425989491931707,0.3896719129267463,0.0,0.0,0.0,0.0068473408555314,0.0,0.0,0.0,0.1781760112911163,0.0,0.0,0.0,0.1866394593729361,0.0,0.0,0.0,0.987994279371269,0.1652537952760689,364.9415976078303,53.08889875192908,18.0,0.0,0.0,0.0,1262.9702633619377,0.0,0.0,0.0,0.9761326960703532,0.0273088168531449,133182.36966455553,2818.4311706925773,0.0,0
1.858467561354956,0.0422642403189125,2.605819350504305,2.8149295817384505,2.3086782382753714,0.1535920585896882,7.027563870534095,0.019553446699291,0.8540608636720709,0.6373624523426712,189.72124475963489,48.33672668590077,3.1627391019474422,0.8519336253619567,200.17254174827545,76.07493440268398,7.785224739839495,0.7125228780879023,212.24921386419297,62.30213579512819,682.0,2832.936663871442,2122.5703667770044,6.0,491.7352833207824,692.9775586985961,202.0,778.3870018075504,99.95362856480408,56.80500811500116,99.90725712960815,0,1.858467561354956,0.0422642403189125,2.605819350504305,5.626595260026392,2.3086782382753714,0.1535920585896882,7.027563870534095,0.019553446699291,0.8540608636720709,0.6373624523426712,189.72124475963489,48.04164627432007,3.1627391019474422,0.8519336253619567,200.17254174827545,76.07493440268398,682.0,2832.936663871442,2122.5703667770044,6.0,491.7352833207824,692.9775586985961,202.0,1552.7740036151008,0.854060863672071,0.3271363545620154,152.06317198707274,34.68001784621949,2.350949103723092,0.712579676766289,204.2441668782427,55.20957133679429,1,1,1,2,1,1,1,1,34.3208175754112,0.04845494514044,27.901221075787245,16.48339833425474,0.0,0.0,0.0,2.811665678287941,0.0,0.0,0.0,0.0,0.0,0.0,0.0,0.2950804115806988,0.0,0.0,0.0,0.0,144.25216571099762,0.2293648763259253,47.81782101899908,34.643909119435286,0.0,0.0,0.0,0.0,0.0,0.0,0.0,774.3870018075504,20808.687312313115,0.052608246492007,2286.54400700503,1200.2004390756915,0.0,1
0.0,0.0326112854182891,0.0,4.872967575912121,0.0,0.0170230056735002,0.0,0.29237968931686,0.0,0.6626860156804921,0.0,28.44874572013179,0.0,0.8019840893545453,0.0,85.43671382055102,0.0,0.7203289847508197,0.0,65.25985909317603,0.0,490.0,0.0,6.0,0.0,309.5297967852597,0.0,1567.4734757697065,0.0,0.0,95.6410850915836,0,0.0,0.0650087129906826,0.0,4.872967575912121,0.0,0.0170230056735002,0.0,0.29237968931686,0.0,0.6581177748102363,0.0,28.44874572013179,0.0,0.8019840893545453,0.0,85.43671382055102,0.0,490.0,0.0,6.0,0.0,615.0595935705194,0.0,1567.4734757697065,0.0,0.3360007881806913,0.0,21.51960527969261,0.0,0.7358775240621522,0.0,45.40197002048927,0,2,0,1,0,1,0,1,0.0,0.0581503264393765,0.0,45.053384421032426,0.0,0.0323974275723935,0.0,0.0,0.0,0.0,0.0,0.0,0.0,0.0045682408702559,0.0,0.0,0.0,0.0,0.0,0.0,0.0,0.219730889443399,0.0,72.61778883656763,0.0,0.0,0.0,0.0,0.0,305.5297967852597,0.0,0.0,0.0,0.0482816637755872,0.0,5273.343255512326,0.0,1
0.4482521194326456,0.0678229078829927,23.776689535747607,3.6716506850900927,0.0864827115176365,0.0440861966038855,4.705455634034621,4.453687676037873,2.312794757303721,0.6319887627476694,186.8934586328225,39.37341743983314,3.479595588796939,0.7708626908476567,229.5272078719318,72.16895720510783,8.88171080474011,0.6679834601964248,209.01059227740052,60.886892360306256,348.0,678.0,330.0,809.8220227278184,1295.34214542446,1181.1529620369492,1717.0552400081376,1185.27812941014,99.95362856480408,70.41502434500347,99.95362856480408,0,0.4482521194326456,0.0678229078829927,23.776689535747607,3.6716506850900927,0.0864827115176365,0.0440861966038855,4.705455634034621,4.453687676037873,2.312794757303721,0.6319887627476694,186.8934586328225,39.37341743983314,3.479595588796939,0.7708626908476567,229.5272078719318,72.16895720510783,348.0,678.0,330.0,809.8220227278184,1295.34214542446,1181.1529620369492,1717.0552400081376,1185.27812941014,0.854060863672071,0.2987940871034705,127.61727616236152,32.70037525828046,3.09597217168312,0.6965260420301542,205.03695109126124,53.70225808999717,1,1,1,1,1,1,1,1,32.61647101537527,0.0340151833250362,28.3147053730035,13.026464933093957,0.0,0.0,0.0,0.0,0.0,0.0,0.0,0.0,0.0,0.0,0.0,0.0,0.0,0.0,0.0,0.0,146.3748075901045,0.2058778702682497,56.71573149132427,27.17493879750698,0.0,0.0,0.0,0.0,0.0,0.0,0.0,0.0,21425.58429704011,0.0423856974661902,3216.674198595992,738.4772986482501,0.0,1
0.3573244200299705,0.0028242093199462,16.30747915221214,4.143975004631876,0.0033753627979744,0.0569698866714016,0.1000988299314258,0.5229807718785224,2.713882812235876,0.6826745424425233,205.2698648506408,53.415682867736834,3.4510173574380465,0.8185251456334202,257.65971594367284,69.33184710254093,3.152601577139985,0.7186817190271693,235.37474845267087,69.69922826218861,3.0,1046.1327215428528,6.0,146.0,1781.574625250982,11.0,1757.0974676331532,1145.020488633224,99.95362856480408,99.8840714120102,99.95362856480408,0,0.7041499552049575,0.0054864956358662,32.37278380164415,4.143975004631876,0.0050405251569376,0.0569698866714016,0.1000988299314258,0.5229807718785224,2.5960022410444905,0.6515347680521834,199.25833790135053,53.415682867736834,3.6018825186266445,0.8185251456334202,257.65971594367284,69.33184710254093,4.0,1046.1327215428528,6.0,146.0,3526.149250501964,18.0,3502.1949352663064,1145.020488633224,1.909735135582308,0.372536209159562,146.37759347264256,40.69372931872508,3.046442794953604,0.7392741629559966,222.5260917994368,62.06093155295626,2,2,2,1,2,1,1,1,0.4598973412149472,0.0414373029233511,44.51792479729965,20.510721523585065,0.3468255351749869,0.00266228631592,16.065304649432008,0.0,0.0016651623589631,0.0,0.0,0.0,0.117880571191385,0.03113977439034,6.011526949290257,0.0,0.1508651611885982,0.0,0.0,0.0,0.851742265739893,0.2135089747759949,191.06697962384823,91.12987311480792,1.0,0.0,0.0,0.0,1744.574625250982,7.0,1745.0974676331532,0.0,0.7254648872477265,0.0455860823098964,36506.59070258003,8304.65377392099,0.0,1
1.2655580501084542,0.025457696589982,0.1033199086818967,0.3040930451245813,0.0127102623220234,0.1568007456451968,37.17176836041352,7.751752138971064,0.8540729427693309,0.8252027313627793,316.11129601096263,41.28821228695305,2.689731196536949,1.1066333618911446,358.67014563072945,49.03996442592411,3.144130353430752,0.9401899736455176,330.6689102239471,48.35195591409901,70.0,1768.8796179092956,1985.654514700087,3944.4526983329592,3331.888586300798,1100.221639569611,2.0,138.0,99.95362856480408,99.7217713888245,99.95362856480408,0,1.2655580501084542,0.025457696589982,0.1033199086818967,0.3040930451245813,0.0127102623220234,0.3033474353623591,37.17176836041352,7.751752138971064,0.8540729427693309,0.8252027313627793,316.11129601096263,41.28821228695305,2.689731196536949,1.1339034690209489,358.67014563072945,49.03996442592411,70.0,3484.759235818591,1985.654514700087,3944.4526983329592,3331.888586300798,1100.221639569611,2.0,138.0,0.660530897572325,0.5462608351374988,137.7901081889486,32.24659591335711,1.3537491506777946,0.9370777809838804,332.40015603098294,44.6976674046653,1,1,1,1,1,2,1,1,7.854346419432753,0.0444421692932629,20.343133587090097,7.397602973515066,0.0,0.0,0.0,0.0,0.0,0.1465466897171622,0.0,0.0,0.0,0.0,0.0,0.0,0.0,0.0272701071298041,0.0,0.0,67.09505928376687,0.2315924793629049,96.57948149168104,24.074130625735314,0.0,1715.8796179092956,0.0,0.0,0.0,0.0,0.0,0.0,4501.746980292191,0.0536350764974575,9327.59624520196,579.5637653849669,0.0,0
0.0042065106850794,0.0054434184514904,0.7536322522367982,0.1513451521465185,0.000731187291445,0.0338668030695339,108.80662914615482,23.634101076983956,1.3874173911639678,0.7624488799107645,524.4929676786262,85.7865962440526,2.242544956317404,1.3492807687282162,759.1090517398904,109.42069732103656,1.7982413929637728,1.1195793010526418,658.4210508223614,92.21792548775396,4.0,371.0428609689639,1859.8751716670388,3650.756553341216,53.5,33.5,2.0,42.0,99.95362856480408,99.8840714120102,99.95362856480408,0,0.0078205095859775,0.0062356070719093,0.7536322522367982,0.1513451521465185,0.000731187291445,0.0338668030695339,108.80662914615482,23.634101076983956,1.305158884149454,0.6786123939468504,524.4929676786262,85.7865962440526,2.242544956317404,1.3492807687282162,759.1090517398904,109.42069732103656,4.0,371.0428609689639,1859.8751716670388,3650.756553341216,102.0,48.0,2.0,42.0,1.0482131272560105,0.5335547573037148,371.9681809780362,48.141138850175686,1.6729380064357535,1.1584410554627813,664.058088468993,91.2747238158663,2,2,1,1,1,1,1,1,0.2549593804844182,0.0656896938307813,31.254367106939217,6.86629812231656,0.003613998900898,0.0007921886204189,0.0,0.0,0.0,0.0,0.0,0.0,0.0822585070145136,0.0838364859639141,0.0,0.0,0.0,0.0,0.0,0.0,0.6100334556934294,0.332101845565194,135.11445187317986,22.52284976650547,0.0,0.0,0.0,0.0,48.5,14.5,0.0,0.0,0.3721408170652672,0.110291635827808,18255.91510498984,507.2787616045755,0.0,0
0.163014555115333,0.1241537327019843,22.77580744070201,4.930319679290903,0.0840080140340377,0.3242425493066392,108.15234552459629,20.53201751355384,1.985474459546524,1.0744988906660955,563.7259725452091,87.19259893057526,2.6616780706913983,1.4478130023316522,845.0535828717213,137.93413063420104,2.3280318180917337,1.2029570190479666,729.6031111179386,117.41714757674592,1061.9807391643103,2423.4714200644685,2914.746834305882,2919.761837699084,918.3958945647051,1557.7173757110515,807.4947185938453,989.0,99.95362856480408,99.8840714120102,99.95362856480408,0,0.2675601652311039,0.1241537327019843,22.77580744070201,4.930319679290903,0.0840080140340377,0.3242425493066392,108.15234552459629,20.53201751355384,1.9684763843718884,1.0744988906660955,563.7259725452091,87.19259893057526,2.6616780706913983,1.4478130023316522,845.0535828717213,137.93413063420104,1061.9807391643103,2423.4714200644685,2914.746834305882,2919.761837699084,1616.467403770098,1557.7173757110515,807.4947185938453,989.0,1.3943149859689612,0.6964231546746149,479.00055591745536,71.36955022399233,2.2742999273045523,1.194745247652516,749.7472012034641,122.07973159499169,2,1,1,1,1,1,1,1,0.2960738421383871,0.0592866105558661,29.72252603947463,5.004033356803709,0.1045456101157709,0.0,0.0,0.0,0.0,0.0,0.0,0.0,0.0169980751746352,0.0,0.0,0.0,0.0,0.0,0.0,0.0,0.6380726194730609,0.2982169944058314,133.82927592410942,24.02456825735957,0.0,0.0,0.0,0.0,698.0715092053928,0.0,0.0,0.0,0.4071366677212136,0.0889333757524477,17910.275094371416,577.1798799525292,0.0,0
0.0111759302528731,0.015500934254123,111.08869516069647,15.047015796624663,0.0496713455227655,9.15837387873708e-05,58.12244839112395,0.0100526689043647,1.2467292493748543,1.2203080355014713,469.4657695336512,76.94191090578559,1.7396297630910498,1.5418107220891453,580.5544646943476,94.16881198960289,2.791792010441668,1.3039870944192478,541.9329633030686,88.709493005312,518.0,2.0,1909.132076798061,2.0,90.0,76.0,2746.619534952832,2540.892888317124,99.95362856480408,99.14212844887548,99.95362856480408,0,0.0111759302528731,0.015500934254123,111.08869516069647,15.047015796624663,0.0496713455227655,9.15837387873708e-05,58.12244839112395,0.0100526689043647,1.2467292493748543,1.2203080355014713,469.4657695336512,76.94191090578559,1.7396297630910498,1.5418107220891453,580.5544646943476,94.16881198960289,518.0,2.0,1909.132076798061,2.0,90.0,76.0,2746.619534952832,2540.892888317124,0.9778148917242944,0.7546621782462587,435.5831454898581,68.94692868335173,1.4018864289515294,1.3376311975069932,533.0135375305742,86.67206021827394,1,1,1,1,1,1,1,1,9.634670026936323,0.0612057030991669,25.495925565367216,7.885754095965208,0.0,0.0,0.0,0.0,0.0,0.0,0.0,0.0,0.0,0.0,0.0,0.0,0.0,0.0,0.0,0.0,67.36671765556096,0.2714823443156456,91.50754171314006,30.5435414382592,0.0,0.0,0.0,0.0,0.0,0.0,0.0,0.0,4538.274647684068,0.0737026632751187,8373.630190382068,932.9079235906568,0.0,0
0.0993076677697857,0.0887745196511049,3.317023746780308,0.5352175573596512,0.4096488904113711,0.152611660907094,25.595178964428783,0.019134360396535,1.535350202833511,0.8918256071458093,329.39376310251777,58.194504284398846,2.0158838720104733,1.1488972222216105,566.4883379353823,110.17412792623652,1.7827738299417963,0.9924886705267236,467.5902934812849,84.49229931587227,2492.013689107597,1018.6994389104896,1571.184507375172,2.0,1014.7434976449424,1393.9944789994572,92.0,184.0,86.41316948759564,86.34361233480176,100.02318571759795,0,0.0993076677697857,0.1765939413198431,3.317023746780308,0.5352175573596512,0.4096488904113711,0.3046349226100594,25.595178964428783,0.019134360396535,1.535350202833511,0.8814816697780654,329.39376310251777,58.194504284398846,2.0158838720104733,1.2563241858777174,566.4883379353823,110.17412792623652,2492.013689107597,2035.3988778209791,1571.184507375172,2.0,1014.7434976449424,2755.9889579989144,92.0,184.0,1.2744034201887868,0.5110113925791069,287.17059871095535,52.8786639183897,1.7031302755010878,0.9812527728615198,481.8073332372557,84.80194205130715,1,2,1,1,1,2,1,1,0.1965102325601613,0.0641071822176018,16.439906641417316,5.397004990472942,0.0,0.0878194216687382,0.0,0.0,0.0,0.1520232617029653,0.0,0.0,0.0,0.0103439373677438,0.0,0.0,0.0,0.1074269636561069,0.0,0.0,0.3836326733670345,0.2915875640765918,106.02721218334209,20.54962580263052,0.0,1016.6994389104896,0.0,0.0,0.0,1361.9944789994572,0.0,0.0,0.1471740280747378,0.0850233075241205,11241.769723371444,422.2871206281378,0.0,0
0.0069287869081731,0.1491555984703816,198.9624021266449,25.978661950945288,0.5231960358306231,0.0012950102121578,0.975674758158334,0.105866955589434,1.1952250241676787,1.0161430302359251,326.82161529427214,55.635836142216384,2.3182780653698902,1.5811583003751335,578.1146011941396,96.15068654407344,1.901847124030256,1.1097022969218011,421.2923562612567,70.97627555590094,2160.5406026869014,4.0,4.0,6.0,90.0,2882.776497792232,3932.749025079054,3714.663418906002,99.95362856480408,99.8840714120102,100.02318571759795,0,0.0069287869081731,0.1491555984703816,198.9624021266449,25.978661950945288,0.5231960358306231,0.0012950102121578,0.975674758158334,0.105866955589434,1.1952250241676787,1.0161430302359251,326.82161529427214,55.635836142216384,2.3182780653698902,1.5811583003751335,578.1146011941396,96.15068654407344,2160.5406026869014,4.0,4.0,6.0,90.0,2882.776497792232,3932.749025079054,3714.663418906002,1.088387880221335,0.5700699890849129,203.9547721538209,41.38392202576748,1.862809328707932,1.0991865093147242,416.7047902262989,68.60967932659909,1,1,1,1,1,1,1,1,0.2265139322914844,0.0624036013675941,26.174921166992046,8.18057821574687,0.0,0.0,0.0,0.0,0.0,0.0,0.0,0.0,0.0,0.0,0.0,0.0,0.0,0.0,0.0,0.0,0.5994558640280832,0.3070883345412506,141.19164616826603,30.697093976173413,0.0,0.0,0.0,0.0,0.0,0.0,0.0,0.0,0.3593473329176557,0.094303245211319,19935.08094770483,942.311578582022,0.0,0
0.0578845396594133,0.0855848959234588,37.9061542782149,5.370446732140081,0.151690038624505,0.1616889545747333,0.0012545487555826,0.0020012328904925,1.4874599812648408,0.9473016519452386,377.9195009953881,54.54134986568665,1.9602704993744449,1.4005430194467683,667.1478857325147,102.6096989704011,1.740012008653243,1.1768250798186977,540.8224029821122,82.56065180815517,1076.680096492451,2662.630690082476,2.0,2.0,1355.1149714201651,1209.4181988956811,1245.584287739539,1141.8629682200622,99.95362856480408,99.8840714120102,100.02318571759795,0,0.1121894717597722,0.0855848959234588,37.9061542782149,5.370446732140081,0.151690038624505,0.1616889545747333,0.0012545487555826,0.0020012328904925,1.476766347801569,0.9473016519452386,377.9195009953881,54.54134986568665,1.9602704993744449,1.4005430194467683,667.1478857325147,102.6096989704011,1076.680096492451,2662.630690082476,2.0,2.0,2637.2299428403303,1209.4181988956811,1245.584287739539,1141.8629682200622,1.2298376060997411,0.5881313032675547,322.6645770323822,49.73382927516085,1.5829754346425695,1.1713275355302823,555.116830807028,84.03465419804687,2,1,1,1,1,1,1,1,0.2446527464076015,0.0748966345716929,28.015108610634595,5.55186346900063,0.0543049321003589,0.0,0.0,0.0,0.0,0.0,0.0,0.0,0.0106936334632717,0.0,0.0,0.0,0.0,0.0,0.0,0.0,0.5127642946931675,0.3491672499564951,133.1851352644454,21.44124000836423,0.0,0.0,0.0,0.0,1282.1149714201651,0.0,0.0,0.0,0.2629272219121816,0.1219177684421815,17738.280255408612,459.72677309627886,0.0,0
0.8360880124177645,0.000917141302521,0.8845987027949604,0.2240642652366702,0.807399167073076,0.0432588258708539,28.8736420290108,0.2208172438930304,1.4108040990493194,0.7068075251679163,173.36389961318753,32.818101491389776,3.723532599583437,1.0330721729537573,311.6483560624538,40.62193475493208,4.148862789551171,0.8804183338556493,275.27929265891106,41.01424761243791,1767.554669317018,1927.303636599658,1052.0187646187724,48.95942415789328,2378.094867563213,24.0,48.0,77.89167365797948,99.95362856480408,99.35079990725713,100.02318571759795,0,0.8360880124177645,0.000917141302521,0.8845987027949604,0.2240642652366702,0.807399167073076,0.0432588258708539,28.8736420290108,0.2208172438930304,1.4108040990493194,0.7068075251679163,173.36389961318753,32.818101491389776,3.723532599583437,1.0330721729537573,311.6483560624538,40.62193475493208,1767.554669317018,1927.303636599658,1052.0187646187724,48.95942415789328,2378.094867563213,24.0,48.0,77.89167365797948,1.0188423452065527,0.5386980393999772,153.41633456967332,29.50218790378536,2.303960422154938,0.8851769990433993,250.9472345145323,38.29867185681611,1,1,1,1,1,1,1,1,9.686927463685176,0.0423775186707593,59.77181563409924,10.661635081063809,0.0,0.0,0.0,0.0,0.0,0.0,0.0,0.0,0.0,0.0,0.0,0.0,0.0,0.0,0.0,0.0,75.87951866489325,0.2001854038577953,194.14554776295876,52.56433140399998,0.0,0.0,0.0,0.0,0.0,0.0,0.0,0.0,5757.701352815883,0.0400741959177086,37692.49371617928,2763.008935949538,0.0,0
0.9077546982543954,0.0010032253496951,55.02723622191439,0.5042527099983971,0.0034109670067916,0.0003415357401221,16.420524554633204,2.595928465127116,1.1314163985826573,0.698611931210297,274.53633851199936,34.38913705113903,3.3791941339252,1.1435368287708934,349.46645123420154,43.28715282195432,2.0073752753583203,0.9586218635746412,316.09713702438177,41.93882807305919,2.0,2.0,439.684659164785,1628.4141479080204,2864.612321732376,11.5,1502.836198054823,263.151012618887,99.95362856480408,99.8840714120102,94.1340134477162,0,0.9077546982543954,0.0018369715842491,55.02723622191439,0.5042527099983971,0.0034109670067916,0.0003415357401221,31.96977100668045,2.595928465127116,1.1314163985826573,0.6352181813509109,274.53633851199936,34.38913705113903,3.3791941339252,1.1435368287708934,352.8804962767897,43.28715282195432,2.0,2.0,861.36931832957,1628.4141479080204,2864.612321732376,20.0,1502.836198054823,263.151012618887,0.8046327923872985,0.5204474290557519,177.83018408617085,30.38407798036381,1.779469221036622,0.9798969060256126,308.080843468868,40.819875887502974,1,2,1,1,1,1,2,1,0.4903207013883362,0.0612283541493531,30.521062840515324,4.799323405488561,0.0,0.0008337462345539,0.0,0.0,0.0,0.0,15.549246452047242,0.0,0.0,0.063393749859386,0.0,0.0,0.0,0.0,3.4140450425881568,0.0,1.0572515635794075,0.2521236776601256,91.3427496708018,14.228402885188448,0.0,0.0,421.684659164785,0.0,0.0,8.5,0.0,0.0,1.117780868691102,0.0635663488368669,8343.497917422761,202.44744866323893,0.0,0
0.0012624143232127,0.0358877671744484,13.064102219476126,0.559735685697035,0.6016220638248018,0.1123008264323541,51.111402625800224,7.103263230753647,1.6187426896597548,0.9174723121592494,335.7045777577119,52.49369784447021,3.4022243370216354,1.1969926826404933,433.40236946418713,70.75918072464117,3.8892804423316094,1.091908979190934,406.8466662400801,62.78127268451372,999.427020851863,1297.8038376093552,786.0,1503.272567492049,4.0,452.0,696.0,206.0,99.95362856480408,99.53628564804082,71.13378159054022,0,0.0012624143232127,0.0358877671744484,13.064102219476126,0.559735685697035,0.6016220638248018,0.1123008264323541,51.111402625800224,7.103263230753647,1.6187426896597548,0.9174723121592494,335.7045777577119,52.49369784447021,3.4022243370216354,1.1969926826404933,433.40236946418713,70.75918072464117,999.427020851863,1297.8038376093552,786.0,1503.272567492049,4.0,452.0,696.0,206.0,0.9242022018045604,0.6241828313193359,285.94712322452835,45.48411656952699,2.0906414887608924,1.1007142077698076,387.0607568931043,57.37689171875964,1,1,1,1,1,1,1,1,9.268917846671467,0.0656359351189003,56.13141307511344,7.1642427935205175,0.0,0.0,0.0,0.0,0.0,0.0,0.0,0.0,0.0,0.0,0.0,0.0,0.0,0.0,0.0,0.0,70.43183407866591,0.2678551235162784,103.45442761339942,26.302088330605024,0.0,0.0,0.0,0.0,0.0,0.0,0.0,0.0,4960.643251684725,0.0717463671939207,10702.8185928161,691.799850550949,0.0,0
0.0026166555253326,0.0224136416310166,180.3693728922592,0.0006878240238492,1.188227349954046,0.0003389003404774,3.235614796811888,0.0449959640338875,1.3971717840366418,0.8550206957257063,331.1533318690976,47.905381103091685,2.8255709666694733,0.9281916913913106,511.5227047613568,57.70732842063313,2.2375372248251324,0.9473703380709028,501.45048220860144,65.26256210989568,3263.130836530844,2.0,30.0,8.0,4.0,578.8723896806741,4081.190414681016,4.0,99.95362856480408,99.83769997681428,42.82402040343148,0,0.0026166555253326,0.0224136416310166,180.3693728922592,0.0006878240238492,1.188227349954046,0.0003389003404774,3.235614796811888,0.0449959640338875,1.3971717840366418,0.8550206957257063,331.1533318690976,47.905381103091685,2.8255709666694733,0.9281916913913106,511.5227047613568,57.70732842063313,3263.130836530844,2.0,30.0,8.0,4.0,578.8723896806741,4081.190414681016,4.0,1.0438415131191046,0.6068333900975054,290.0391524107781,44.39824122100677,2.17905316918968,0.9491886063261462,404.7968868258842,56.20035760349749,1,1,1,1,1,1,1,1,0.2996542666851242,0.0636517675382453,51.72372495535172,7.272299255776953,0.0,0.0,0.0,0.0,0.0,0.0,0.0,0.0,0.0,0.0,0.0,0.0,0.0,0.0,0.0,0.0,0.8115016411971754,0.2027806810577201,285.03916935005515,26.87159898527896,0.0,0.0,0.0,0.0,0.0,0.0,0.0,0.0,0.6585349136657092,0.0411200046102328,81247.32806376943,722.0828320256451,0.0,0
0.4385263985834862,0.0121271785360672,4.62467216549004,0.0017931618406237,1.6042134461491333,0.0002031896522006,246.47536672301,0.5929656130346075,2.876192057930682,0.5963323697163168,299.72208534159563,37.56968212581172,5.312432131487394,0.7892104989507224,548.774135452911,53.378647953285736,6.21184145149348,0.6513662480649178,439.7005145208593,50.24464902930138,3025.585402709556,6.0,4023.4309671512183,405.6962938862624,981.3491336991316,684.1263918905632,250.0,2.0,99.95362856480408,98.5161140737306,85.71759795965686,0,0.4385263985834862,0.0214320798686065,4.62467216549004,0.0017931618406237,1.6042134461491333,0.0002031896522006,246.47536672301,0.5929656130346075,2.876192057930682,0.5870700478840476,299.72208534159563,37.56968212581172,5.312432131487394,0.7892104989507224,548.774135452911,53.378647953285736,3025.585402709556,6.0,4023.4309671512183,405.6962938862624,981.3491336991316,1232.2527837811265,250.0,2.0,1.7137137179102353,0.4206553467030597,233.08453924136765,35.65405885079673,4.135523245227767,0.6397991910060028,382.76460259741606,44.20036600452116,1,2,1,1,1,1,1,1,10.092994514383888,0.0555048239147426,105.7678217074792,21.88846975124695,0.0,0.0093049013325393,0.0,0.0,0.0,0.0,0.0,0.0,0.0,0.0092623218322691,0.0,0.0,0.0,0.0,0.0,0.0,85.66621873813918,0.1492048968645639,221.73373074313636,83.35576600326482,0.0,0.0,0.0,0.0,0.0,548.1263918905632,0.0,0.0,7338.701032890708,0.0222621012483651,49165.84734926968,6948.18372599104,0.0,0
0.1870907382569058,6.446338433840904e-05,0.0540578206388886,0.0298300337995272,0.2613081173813463,0.000280050215469,49.19057583576711,0.8107172410736609,2.3711639408471674,0.7745016502536661,242.79436910245948,34.164201640560115,2.8779050467271103,1.0002608103278614,368.43913777398313,47.88329157563592,2.760596998159009,0.7946935416199586,316.1355953766204,45.25916351309448,1944.0207314575343,6.0,2489.0314274848342,567.0,828.0449392313994,4.0,10.5,10.0,99.95362856480408,99.8840714120102,71.13378159054022,0,0.3732678870712673,6.446338433840904e-05,0.0732388455328418,0.0298300337995272,0.4673410733976779,0.000280050215469,49.19057583576711,0.8107172410736609,2.327303770394372,0.7745016502536661,236.82135870790995,34.164201640560115,2.8823651846976404,1.0002608103278614,368.43913777398313,47.88329157563592,3589.1594151952136,6.0,2489.0314274848342,567.0,1654.0898784627989,4.0,16.0,10.0,1.7021721443053706,0.3702891368755361,220.80676956187892,32.73216615167088,2.668032315938658,0.8082715496892396,317.8387547161359,42.76002534024351,2,1,2,1,2,1,1,1,0.3856914280850446,0.0455968150985714,20.10484649847294,8.096602664344166,0.1861771488143615,0.0,0.0191810248939532,0.0,0.2060329560163316,0.0,0.0,0.0,0.0438601704527952,0.0,5.973010394549533,0.0,0.00446013797053,0.0,0.0,0.0,0.7444461662865959,0.2296972308432153,62.85342761290117,14.738939776331604,1645.1386837376788,0.0,0.0,0.0,826.0449392313994,0.0,5.5,0.0,0.5542000944988099,0.0527608178570413,3950.553362690208,217.23634573033,0.0,0
0.307344409217733,0.1547485233746521,0.0990328640718019,0.8660692360346829,0.0143354259965904,1.96638786793546e-05,6.442790890071649,0.0428884232001394,0.8540608636720709,0.5931526562652844,246.94496398524248,32.337433709014,1.845662520353185,1.014371461444702,317.03227853032774,40.9251968409386,2.78322935914079,0.8626563180247316,306.87303440671906,38.15284028308759,52.0,2.0,914.128678620599,4.0,2363.42324167713,837.9440116646788,4.0,1153.5325953704607,99.95362856480408,64.7113378159054,62.09135172733596,0,0.307344409217733,0.1547485233746521,0.0990328640718019,0.8660692360346829,0.0143354259965904,1.96638786793546e-05,6.442790890071649,0.0428884232001394,0.8540608636720709,0.5931526562652844,246.94496398524248,32.337433709014,1.845662520353185,1.014371461444702,317.03227853032774,40.9251968409386,52.0,2.0,914.128678620599,4.0,2363.42324167713,837.9440116646788,4.0,1153.5325953704607,0.8393095205428132,0.40385303514608,211.76208623701527,30.323872601192384,1.1917566101138235,0.9298999116946682,291.43908011682333,37.20888140789728,1,1,1,1,1,1,1,1,14.850145990862543,0.0349380651156658,192.78146805715303,4.051624798736046,0.0,0.0,0.0,0.0,0.0,0.0,0.0,0.0,0.0,0.0,0.0,0.0,0.0,0.0,0.0,0.0,70.32508653080392,0.2366814977933495,1042.114455019779,10.9683399040904,0.0,0.0,0.0,0.0,0.0,0.0,0.0,0.0,4945.617795565059,0.0560181313977032,1086002.5373611706,120.30448025166176,0.0,0
0.0335894169241091,0.0376466382887874,27.49499720645204,0.0136304703740179,0.1839614496643098,9.643372003886874e-05,0.3352299977173061,0.2366047722546653,1.010984328773874,0.9493667530050548,247.1384713909281,32.28688045545429,1.2459524038409713,1.0349511742284618,297.3445296948095,37.94854864576966,3.1179391886715235,0.9670956545760228,281.7629703772189,38.15587489100574,2898.2286870312587,2.0,36.0,306.0,332.0,1537.558697602773,1854.8684040171229,4.0,80.26895432413633,76.46649663807095,51.10132158590308,0,0.0335894169241091,0.0376466382887874,27.49499720645204,0.0136304703740179,0.1839614496643098,9.643372003886874e-05,0.3352299977173061,0.2366047722546653,1.010984328773874,0.9493667530050548,247.1384713909281,32.28688045545429,1.2459524038409713,1.0349511742284618,297.3445296948095,37.94854864576966,2898.2286870312587,2.0,36.0,306.0,332.0,1537.558697602773,1854.8684040171229,4.0,0.841925072063727,0.5982791651107886,223.5466710972156,29.93754020675341,1.1252956953868896,0.9952572454230186,277.62984016448183,35.72952934512186,1,1,1,1,1,1,1,1,11.709738446467394,0.0695406918777756,25.430244054030684,11.425253933818372,0.0,0.0,0.0,0.0,0.0,0.0,0.0,0.0,0.0,0.0,0.0,0.0,0.0,0.0,0.0,0.0,81.3293047189906,0.2059187925830291,71.69931711537869,39.10897569415039,0.0,0.0,0.0,0.0,0.0,0.0,0.0,0.0,6614.455806074427,0.0424025491388525,5140.792074811635,1529.511979845646,0.0,0
0.0042066223929622,0.0045541653654865,0.1844201007785955,0.0261516341184275,0.054408000240431,0.0003403926231557,3.260518066846913,0.0002467516759168,0.8068544765086268,1.1741543082000303,321.61320091853634,39.44398315736596,1.01715901437072,1.2039355323385217,360.08050385193224,39.92555462964822,3.1284638563346205,1.110230171750145,348.3037772174641,41.59540209805815,2360.1892770844643,2.0,321.378145301809,2.0,136.0,731.0,2.0,4.0,86.41316948759564,84.23371203338743,19.360074194296317,0,0.0042066223929622,0.0045541653654865,0.1844201007785955,0.0261516341184275,0.054408000240431,0.0003403926231557,6.413131112245651,0.0002467516759168,0.8068544765086268,1.1741543082000303,321.61320091853634,39.44398315736596,1.01715901437072,1.2039355323385217,361.8886640166231,39.92555462964822,2360.1892770844643,2.0,636.756290603618,2.0,136.0,731.0,2.0,4.0,0.7519290789376168,0.6576735398659596,286.781278492952,34.77533684546351,0.9493844068617708,1.1489780360551127,344.0092756746375,40.93301877155128,1,1,1,1,1,1,2,1,11.318102943512203,0.0444000476864481,18.764495030231917,3.350053300759828,0.0,0.0,0.0,0.0,0.0,0.0,3.1526130453987378,0.0,0.0,0.0,0.0,0.0,0.0,0.0,1.8081601646908891,0.0,93.25384743063928,0.197819062585057,43.28106409614087,6.881969779912917,0.0,0.0,315.378145301809,0.0,0.0,0.0,0.0,0.0,8696.280060616948,0.0391323815220307,1873.250509294254,47.36150805163465,0.0,0
0.4383447857223221,0.0,0.0140612502021326,0.0,0.0008924401678196,0.0,28.52095023975733,0.0,0.6071383738100424,0.0,283.2245528167996,0.0,1.312378025479353,0.0,458.224007673121,0.0,0.8894696880704848,1.0768456992441644,385.98915740135214,44.74247981601566,6.0,0.0,1945.439140339627,0.0,3764.843763593903,0.0,2.0,0.0,99.95362856480408,99.8840714120102,0.0,0,0.4383447857223221,0.0,0.0140612502021326,0.0,0.0008924401678196,0.0,28.52095023975733,0.0,0.6071383738100424,0.0,283.2245528167996,0.0,1.312378025479353,0.0,458.224007673121,0.0,6.0,0.0,1945.439140339627,0.0,3764.843763593903,0.0,2.0,0.0,0.4781722417883282,0.4923383905423799,262.95587078934136,32.9437447940561,0.8093931723771749,1.1052693973524237,385.4605440094162,43.24410643280999,1,0,1,0,1,0,1,0,0.1464165399975314,0.065466597047117,21.59226263424361,3.456303158563424,0.0,0.0,0.0,0.0,0.0,0.0,0.0,0.0,0.0,0.0,0.0,0.0,0.0,0.0,0.0,0.0,0.3436211486871443,0.2981643225178397,85.5759640872782,10.309070562129827,0.0,0.0,0.0,0.0,0.0,0.0,0.0,0.0,0.1180754938250725,0.0889019632225223,7323.245629467127,106.2769358549718,0.0,0
0.0008085661229584,0.0073634529134382,0.013884588151086,0.0058473059140169,0.4697051335183835,0.001031096252877,63.73619801046755,0.010088868496922,1.506649899103379,0.8338766413611496,476.3328607173359,65.2841226217711,1.9831486477442437,0.9923620728361564,556.8119835737256,71.28004500110643,1.79229396009762,0.9880018521917628,502.4387802146412,63.32577162845278,4266.679904304349,2.0,1955.0428531807304,4.0,2.0,26.0,2.0,4.0,99.95362856480408,99.8840714120102,25.411546487363783,0,0.0014278023731619,0.0073634529134382,0.013884588151086,0.0058473059140169,0.4697051335183835,0.001031096252877,63.73619801046755,0.010088868496922,1.4985038119927307,0.8338766413611496,476.3328607173359,65.2841226217711,1.9831486477442437,0.9923620728361564,556.8119835737256,71.28004500110643,4266.679904304349,2.0,1955.0428531807304,4.0,2.0,26.0,2.0,4.0,1.0378822463791542,0.5136569547170776,323.39726938917994,47.75177823891417,1.703887666212671,0.913685960615841,501.1169443120665,58.13196490207437,2,1,1,1,1,1,1,1,0.2760268359116739,0.0926018431073944,36.69213653921851,10.566239828117812,0.0006192362502035,0.0,0.0,0.0,0.0,0.0,0.0,0.0,0.0081460871106482,0.0,0.0,0.0,0.0,0.0,0.0,0.0,0.5362343946655386,0.3627499780441357,114.28907963187486,36.83697187786594,0.0,0.0,0.0,0.0,0.0,0.0,0.0,0.0,0.2875473260223166,0.1315875465710209,13061.993723101032,1356.9624971306864,0.0,0
0.1612914274582819,0.0618901385328675,1.3090463562456307,0.0120815782104912,0.0168743900993755,0.0055006709179679,19.849636772550923,3.5454028813742653,1.7196822655421125,0.9594961275948498,409.1326334850754,46.1602345893515,2.302551532690413,1.0895854433665693,502.0154570504419,54.00498754823269,2.01712051504995,0.9703155706740656,458.7744915834575,54.06319664976572,44.0,96.0,1277.3367368574231,1666.1733603199602,2197.967383075751,1734.8135163196034,58.0,4.0,99.95362856480408,99.83769997681428,72.96545328077903,0,0.1612914274582819,0.0618901385328675,1.3090463562456307,0.0120815782104912,0.0168743900993755,0.0055006709179679,19.849636772550923,3.5454028813742653,1.7196822655421125,0.9594961275948498,409.1326334850754,46.1602345893515,2.302551532690413,1.0895854433665693,502.0154570504419,54.00498754823269,44.0,96.0,1277.3367368574231,1666.1733603199602,2197.967383075751,1734.8135163196034,58.0,4.0,1.1426434080154029,0.5333641290642406,357.6837685399444,42.144781343191845,1.9301267430477589,0.9869563710683046,452.02635697502296,51.895012933663466,1,1,1,1,1,1,1,1,0.3789123988580633,0.0766662506706563,35.528466027987896,11.699635760394363,0.0,0.0,0.0,0.0,0.0,0.0,0.0,0.0,0.0,0.0,0.0,0.0,0.0,0.0,0.0,0.0,0.6535062607345877,0.2504922053898794,118.63247852904358,63.06848758192001,0.0,0.0,0.0,0.0,0.0,0.0,0.0,0.0,0.427070432819303,0.0627463449610855,14073.664961943989,3977.634125870799,0.0,0
0.1674346009501613,0.0062866956395524,52.05742394071922,0.0511616649662656,0.0033512591917117,0.2984555628024443,0.3979581257782456,0.0698720565979584,0.805624337269231,1.19079959591238,531.4983656388468,58.26327610153837,1.6592966730918954,1.51385138878431,685.092097661225,67.72343979187895,1.315972499377624,1.2941809515473512,580.544162972705,67.16979985589794,26.0,2269.4601554337905,4.0,2.0,1302.9285804516944,8.0,1619.923229416765,6.0,99.95362856480408,99.83769997681428,71.36563876651982,0,0.1674346009501613,0.0062866956395524,52.05742394071922,0.0511616649662656,0.0033512591917117,0.2984555628024443,0.3979581257782456,0.0698720565979584,0.805624337269231,1.19079959591238,531.4983656388468,58.26327610153837,1.6592966730918954,1.51385138878431,685.092097661225,67.72343979187895,26.0,2269.4601554337905,4.0,2.0,1302.9285804516944,8.0,1619.923229416765,6.0,0.631938119807469,0.6274905788779322,409.873281333297,47.242539529003,1.3377828647837495,1.313852923698142,588.296538785464,63.17897084525283,1,1,1,1,1,1,1,1,0.1411784258107941,0.0914865613605341,22.727584772628703,5.446049142310227,0.0,0.0,0.0,0.0,0.0,0.0,0.0,0.0,0.0,0.0,0.0,0.0,0.0,0.0,0.0,0.0,0.4064289517238271,0.3839785828638589,92.87490829242152,18.573556581931676,0.0,0.0,0.0,0.0,0.0,0.0,0.0,0.0,0.1651844927993289,0.1474395520981374,8625.74859032571,344.9770041022174,0.0,0
0.1370480534109728,0.0148499764621781,11.153352213879089,0.0007937939050393,0.0009538696254018,0.0361104824365092,0.0209788084334832,0.0291251434653077,1.781464348840768,0.5972495610166894,372.35780926945904,52.60370934811292,4.160082290339213,1.0195853315970764,534.1002742086068,72.41122489871239,2.847337412322552,0.7477717900565228,441.8964304242192,61.2612602300756,2.0,490.0,4.0,32.0,1545.0539042045186,238.0,666.0,2.0,99.95362856480408,99.83769997681428,60.76976582425226,0,0.1370480534109728,0.0148499764621781,11.153352213879089,0.0007937939050393,0.0009538696254018,0.0361104824365092,0.0209788084334832,0.0291251434653077,1.781464348840768,0.5972495610166894,372.35780926945904,52.60370934811292,4.160082290339213,1.0195853315970764,534.1002742086068,72.41122489871239,2.0,490.0,4.0,32.0,1545.0539042045186,238.0,666.0,2.0,1.6155741226345868,0.404718521138895,340.23111031224346,45.86456082179829,2.5463810578701747,0.71468894815782,420.4362995301359,58.28667988093739,1,1,1,1,1,1,1,1,0.4134702887044724,0.047294441511341,18.007022020577963,3.897852807745434,0.0,0.0,0.0,0.0,0.0,0.0,0.0,0.0,0.0,0.0,0.0,0.0,0.0,0.0,0.0,0.0,1.0917325758570855,0.2221300244731509,76.9505578084655,14.185039384954216,0.0,0.0,0.0,0.0,0.0,0.0,0.0,0.0,1.1918800171875474,0.0493417477724426,5921.388347033992,201.2153423527023,0.0,0
0.4939768173010106,0.0050762644294204,0.130793619125427,0.1425166447671344,0.0345693318247928,0.0008065527665845,41.51180089836453,0.139906174062574,1.718734302541148,0.563649232518844,389.6289903991864,54.14723167570931,2.9462580258917903,0.8957326368003724,459.95583425744815,63.70617368478755,3.2787533439534697,0.7312810096245534,459.6392272670793,91.95605310918972,160.0,2.0,3021.370441409535,4.0,1916.7920465733523,149.5,2.0,47.0,99.95362856480408,98.0523997217714,98.7247855321122,0,0.4939768173010106,0.0089388850734993,0.130793619125427,0.2472065513524626,0.0345693318247928,0.0008065527665845,41.51180089836453,0.139906174062574,1.718734302541148,0.5507583897299113,389.6289903991864,51.07515383250181,2.9462580258917903,0.8957326368003724,459.95583425744815,63.70617368478755,160.0,2.0,3021.370441409535,4.0,1916.7920465733523,283.0,2.0,92.0,1.2996911585453836,0.4081563193915127,350.6780491110798,48.13961895522674,2.1694135099677108,0.704845419214592,435.7091224306372,59.28081319864425,1,2,1,2,1,1,1,1,9.79689543873786,0.0604843176513132,37.69864378399072,220.45664469411156,0.0,0.0038626206440788,0.0,0.1046899065853281,0.0,0.0,0.0,0.0,0.0,0.0128908427889327,0.0,3.072077843207495,0.0,0.0,0.0,0.0,61.32777923018323,0.2267439991242809,132.56209256365153,1438.335279719363,0.0,0.0,0.0,0.0,0.0,133.5,0.0,45.0,3761.0965053060936,0.0514128411388719,17572.708384854115,2068808.3768853776,0.0,0
0.2238393592037448,0.0749401675001691,0.0441462467856581,0.005187411003952,0.0020982871911692,0.0592763250955044,23.765205564655844,2.0491747385510024,1.6842092800358244,0.5866242935393249,254.19734084313504,38.70975482261457,2.268217108176487,0.8543330166906027,366.304331323336,52.38290948813517,1.962782150771548,0.7222966475801229,335.7028183594383,50.62811686538773,5.5,2594.6910186638765,2784.780084817087,2804.7749477135503,2509.6885828844247,1423.9825031024557,2.0,4.0,99.95362856480408,99.8840714120102,100.02318571759795,0,0.2238393592037448,0.0749401675001691,0.0441462467856581,0.005187411003952,0.0040820989364123,0.0592763250955044,23.765205564655844,2.0491747385510024,1.6842092800358244,0.5866242935393249,254.19734084313504,38.70975482261457,2.374934679161595,0.8543330166906027,366.304331323336,52.38290948813517,8.0,2594.6910186638765,2784.780084817087,2804.7749477135503,2509.6885828844247,1423.9825031024557,2.0,4.0,1.4177820475232252,0.3214609959306519,237.74906774084977,36.96366252608865,1.9068480064312108,0.7378151410363396,334.19560933037,49.31241354214735,1,1,1,1,2,1,1,1,0.2103037291979515,0.048475734579145,16.856033387965685,6.65416804477447,0.0,0.0,0.0,0.0,0.001983811745243,0.0,0.0,0.0,0.0,0.0,0.0,0.0,0.1067175709851082,0.0,0.0,0.0,0.3838960020277983,0.2284184153713149,74.93852725567629,14.138700338790244,2.5,0.0,0.0,0.0,0.0,0.0,0.0,0.0,0.1473761403729273,0.0521749724807425,5615.782867249739,199.90284727010737,0.0,0
0.0008196378503235,0.0753807041935744,0.1650158670988446,0.0041518427430631,0.0012410143293088,0.0725430977097743,0.0662090774108037,3.3256727152251173,2.132780804714929,0.6336994907450346,212.65620958111265,34.0720926928972,2.806748775860826,0.7096680070438544,283.1025629320711,43.83669512791611,2.399522696714324,0.6400314535540105,264.66563657232234,43.47833940974908,3.0,2037.850244429433,2.0,1706.2059401092858,4.0,2068.8112350138185,6.0,2.0,99.95362856480408,99.81451425921632,100.02318571759795,0,0.0014470565804467,0.0753807041935744,0.1650158670988446,0.0041518427430631,0.0022166436473356,0.0725430977097743,0.0662090774108037,3.3256727152251173,2.123613568881028,0.6336994907450346,212.65620958111265,34.0720926928972,3.1294678012369426,0.7096680070438544,283.1025629320711,43.83669512791611,4.0,2037.850244429433,2.0,1706.2059401092858,4.0,2068.8112350138185,6.0,2.0,1.8931204216196376,0.2847235754046499,198.91732285981192,32.09910690883434,2.2607936469865586,0.657536160373943,255.28125200588025,40.60690411043608,2,1,1,1,2,1,1,1,0.3010071226645668,0.0363990382246287,25.26640476301355,8.357853061481066,0.0006274187301231,0.0,0.0,0.0,0.0009756293180267,0.0,0.0,0.0,0.0091672358339014,0.0,0.0,0.0,0.3227190253761165,0.0,0.0,0.0,0.5265190190067192,0.215842130928044,101.08830319619688,17.530121931086867,1.0,0.0,0.0,0.0,0.0,0.0,0.0,0.0,0.2772222773757979,0.0465878254835589,10218.84504308623,307.3051749187728,0.0,0
0.1881251772474859,0.0229286645473801,18.05268477668548,1.8936642995438469,0.0026913098593155,0.0086078305256286,15.31683073580382,0.3817708020755539,2.474008027650915,0.6081110938824912,318.5644054733923,47.27911346488023,3.2267424508664844,0.827766221177059,351.25385786400955,54.79142552336931,2.7193335231549343,0.6700414342517382,334.76846276715145,51.88645209205686,2.0,226.0,1685.6397460408543,433.8665347517194,2133.562695236732,377.5,1213.068881388776,1165.3124310652042,99.95362856480408,99.8840714120102,100.02318571759795,0,0.3306319221091969,0.0445801266243387,35.7600300821361,3.322386281877023,0.0026913098593155,0.0086078305256286,15.31683073580382,0.759725156204702,2.4677047853235528,0.5984979163335429,311.048404413107,46.99804834025464,3.2267424508664844,0.827766221177059,351.25385786400955,55.21277657843042,2.0,226.0,1685.6397460408543,865.7330695034389,3350.339575261951,745.0,2405.137762777552,1946.765304549299,2.06392067414513,0.3077007897105392,282.00472646896634,43.24161957394079,2.645612186948044,0.7183004513745126,334.4298375736852,51.25266804735121,2,2,2,2,1,1,1,2,0.2869500010867514,0.0265031894654062,11.912546772641116,4.111823892492742,0.142506744861711,0.0216514620769585,17.707345305450616,1.428721982333176,0.0,0.0,0.0,0.3779543541291481,0.0063032423273621,0.0096131775489483,7.5160010602852765,0.2810651246255951,0.0,0.0,0.0,0.4213510550611126,0.4911636780127382,0.1819326060111984,31.90501928563329,7.892558324036328,0.0,0.0,0.0,431.8665347517194,1216.7768800252186,367.5,1192.068881388776,781.4528734840944,0.2412417585990007,0.0330994731300259,1017.9302556166324,62.29247689831512,0.0,0
0.1224472275999473,0.1044303843080631,88.2685108280088,24.191373971930854,0.4491488626418878,0.0037957480330151,1.939613420669275,0.0806349640912884,1.868189602357364,0.545205602042776,292.289735549512,40.54017926212207,2.529587712047636,0.7501836647704119,538.1113497572111,74.40844007546188,4.084892158853007,0.6375977443794686,431.1832699492282,59.59990931758953,3065.564647448904,50.0,4.0,8.0,516.4339721598908,1853.3020779149992,2138.1979044578998,3506.742669813453,99.95362856480408,76.16508230929747,100.02318571759795,0,0.2430388478464813,0.2086616663136616,88.2685108280088,24.191373971930854,0.4491488626418878,0.0037957480330151,1.939613420669275,0.0806349640912884,1.674320742892017,0.5333717682380681,292.289735549512,40.54017926212207,2.529587712047636,0.7501836647704119,538.1113497572111,74.40844007546188,3065.564647448904,50.0,4.0,8.0,1029.8679443197816,3702.6041558299994,2138.1979044578998,3506.742669813453,0.9325452913867924,0.3064406506452587,237.33885794539023,35.09459367984255,2.098629727153388,0.6345849867797542,390.6721854956944,53.86110063041969,2,2,1,1,1,1,1,1,10.178558385639176,0.0623823710188269,43.35598279825016,8.099225726984674,0.120591620246534,0.1042312820055985,0.0,0.0,0.0,0.0,0.0,0.0,0.1938688594653466,0.0118338338047079,0.0,0.0,0.0,0.0,0.0,0.0,88.86961781252968,0.204524622376176,173.67147387485852,23.78564937543474,0.0,0.0,0.0,0.0,513.4339721598908,1849.3020779149992,0.0,0.0,7897.808970145093,0.0418303211581174,30161.780837865663,565.7571162111191,0.0,0
0.0597845514676214,0.000455922750487,175.61128633044655,29.51277613289855,0.0171948264857577,0.0001570812924143,15.568586822822796,3.8136789912686737,1.0786561651777644,0.7242145307254556,582.9860736661024,71.13966401109319,1.6590503750073418,1.6716667732417143,947.742941196785,101.53298314138252,1.497577787178468,1.0880637510749158,761.9972183131711,94.10836108742954,168.16862979268052,2.0,302.0,203.67845957828396,809.7005626924761,6.0,3313.594471762142,3892.0976551950794,99.95362856480408,99.8840714120102,99.95362856480408,0,0.0597845514676214,0.000455922750487,175.61128633044655,29.51277613289855,0.033157250770003,0.0001570812924143,15.568586822822796,3.8136789912686737,1.0786561651777644,0.7242145307254556,582.9860736661024,71.13966401109319,1.702194915249248,1.6716667732417143,947.742941196785,101.53298314138252,332.33725958536104,2.0,302.0,203.67845957828396,809.7005626924761,6.0,3313.594471762142,3892.0976551950794,0.8367106887559121,0.4308836154476466,482.02201811168135,60.96918380153137,1.451049149758937,1.030361941037742,730.718366615901,86.60025060275224,1,1,1,1,2,1,1,1,0.2407437299961375,0.1230519195897785,106.21683311942203,23.854768337667096,0.0,0.0,0.0,0.0,0.0159624242842453,0.0,0.0,0.0,0.0,0.0,0.0,0.0,0.0431445402419061,0.0,0.0,0.0,0.4539004673196395,0.4678361061736426,562.3878503139839,122.88778548725176,164.16862979268052,0.0,0.0,0.0,0.0,0.0,0.0,0.0,0.2060256342329871,0.2188706222397158,316280.094180784,15101.4078219608,0.0,0
0.0,0.2299254888959752,0.0,14.663168051150407,0.0,0.0026606638217798,0.0,2.424018446185798,0.0,0.640476616443977,0.0,52.240340055346806,0.0,1.3667106748037297,0.0,122.755887576327,19.45564542030091,0.8621067479552114,982.7674104319734,80.06585222549793,0.0,16.0,0.0,172.0,0.0,3183.510550939224,0.0,3137.577121187788,46.90470670067239,0.0,100.02318571759795,0,0.0,0.2299254888959752,0.0,14.663168051150407,0.0,0.0026606638217798,0.0,2.424018446185798,0.0,0.640476616443977,0.0,52.240340055346806,0.0,1.3667106748037297,0.0,122.755887576327,0.0,16.0,0.0,172.0,0.0,3183.510550939224,0.0,3137.577121187788,0.8540608636720711,0.3593148529514428,46.64807632374146,45.57926046387814,0.8540608636720709,0.7881157260918077,1119.586854301614,65.6585369984353,0,1,0,1,0,1,0,1,33.21662994524256,0.1309798634613066,79.63017814913496,9.026965806467572,0.0,0.0,0.0,0.0,0.0,0.0,0.0,0.0,0.0,0.0,0.0,0.0,0.0,0.0,0.0,0.0,265.5752293718369,0.372285037835578,406.3784241444138,39.54025104862967,0.0,0.0,0.0,0.0,0.0,0.0,0.0,0.0,70530.20245590377,0.1385961493962377,165143.4236100971,1563.43145298866,0.0,0
0.0,0.1104514118323076,0.0,27.253447652945525,0.0,0.1529964341414875,0.0,0.3325632051644476,0.0,1.0707834780728915,0.0,71.90663452048962,0.0,1.741773183994667,0.0,100.53704220304397,0.0,1.3374375914765804,0.0,97.56928226028236,0.0,1489.3032729836304,0.0,6.0,0.0,1807.9111713958453,0.0,3791.2663852778105,0.0,0.0,100.02318571759795,0,0.0,0.1104514118323076,0.0,27.253447652945525,0.0,0.1529964341414875,0.0,0.3325632051644476,0.0,1.0707834780728915,0.0,71.90663452048962,0.0,1.741773183994667,0.0,100.53704220304397,0.0,1489.3032729836304,0.0,6.0,0.0,1807.9111713958453,0.0,3791.2663852778105,0.0,0.5311826479100539,0.0,59.47087888613375,0.0,1.3110659732522745,0.0,89.06799729420311,0,1,0,1,0,1,0,1,0.0,0.1233739158557953,0.0,13.490641584845974,0.0,0.0,0.0,0.0,0.0,0.0,0.0,0.0,0.0,0.0,0.0,0.0,0.0,0.0,0.0,0.0,0.0,0.4920839864789915,0.0,43.00845685379236,0.0,0.0,0.0,0.0,0.0,0.0,0.0,0.0,0.0,0.2421466497490562,0.0,1849.7273609445188,0.0,0
0.0,0.0004546386804105,0.0,0.0119921796786215,0.0,0.3687502096319235,0.0,11.886385693341936,0.0,0.8652334886625618,0.0,57.09811588423218,0.0,1.525600257832901,0.0,92.54286351903563,0.854060863672071,1.206871982177133,0.0,86.58871028114993,0.0,3290.988731149794,0.0,3307.6825471734483,0.0,2.0,0.0,2.0,19.68467424066775,0.0,100.02318571759795,0,0.0,0.0004546386804105,0.0,0.0119921796786215,0.0,0.3687502096319235,0.0,11.886385693341936,0.0,0.8652334886625618,0.0,57.09811588423218,0.0,1.525600257832901,0.0,92.54286351903563,0.0,3290.988731149794,0.0,3307.6825471734483,0.0,2.0,0.0,2.0,0.8540608636720712,0.5033429679620485,0.0,52.1011220429906,0.8540608636720709,1.2101167168162277,0.0,82.84750571848653,0,1,0,1,0,1,0,1,0.0,0.0936836907301014,0.0,20.370807282376017,0.0,0.0,0.0,0.0,0.0,0.0,0.0,0.0,0.0,0.0,0.0,0.0,0.0,0.0,0.0,0.0,1.1102230246251563e-16,0.4131011711421051,0.0,110.8992396866296,0.0,0.0,0.0,0.0,0.0,0.0,0.0,0.0,1.232595164407831e-32,0.1706525775989788,0.0,12298.641363072524,0.0,0
0.2486328100270662,0.1656789573486502,263.414890244544,26.72364947388941,0.0336957372276338,0.0002022323302184,5.044549532185442,0.0381241385993575,1.491198191455169,0.957055846290875,293.7783976653512,45.76531525641333,1.8278168598410165,1.5253488114662814,577.1979831284083,85.63695707498229,1.722289196175231,1.0348502953025027,406.74770545072494,62.94328371372249,272.04346622167736,2.0,112.0,2.0,3434.533183955032,3083.159435847475,4092.329845296152,3662.166212912241,99.95362856480408,99.95362856480408,100.02318571759795,0,0.2486328100270662,0.1656789573486502,263.414890244544,26.72364947388941,0.0336957372276338,0.0002022323302184,5.044549532185442,0.0381241385993575,1.491198191455169,0.957055846290875,293.7783976653512,45.76531525641333,1.8278168598410165,1.5253488114662814,577.1979831284083,85.63695707498229,272.04346622167736,2.0,112.0,2.0,3434.533183955032,3083.159435847475,4092.329845296152,3662.166212912241,1.2397782495748102,0.4537852885642557,252.0075843030636,40.57096685463335,1.6463215549670052,1.038003091667357,347.46998368908186,56.45505281176487,1,1,1,1,1,1,1,1,0.1568520636599023,0.0646124264346563,29.41394725413862,6.155990520291544,0.0,0.0,0.0,0.0,0.0,0.0,0.0,0.0,0.0,0.0,0.0,0.0,0.0,0.0,0.0,0.0,0.3825389866329331,0.3354742864095092,145.6880583464961,23.556587046008875,0.0,0.0,0.0,0.0,0.0,0.0,0.0,0.0,0.1463360762941513,0.1125429968419694,21225.01034477205,554.9127932561931,0.0,0
0.2038595405446361,0.1097943993658212,7.760008811034709,2.7095610698501105,2.820657572888408e-05,0.0560523584045546,0.2274221391363653,1.1764791992465042,0.9115902564775916,0.9015115294611176,244.4018954132657,37.15447646269594,1.1112899698072811,1.6036604398439065,660.5146229353726,66.06988398449701,1.0962644362670977,1.0984702541858486,433.2742632300038,56.88295223784028,2.0,286.0,2.0,299.90120274493347,4096.783160294681,1696.8510581691105,272.0,1415.68861886317,99.95362856480408,99.95362856480408,100.02318571759795,0,0.2038595405446361,0.1097943993658212,7.760008811034709,2.7095610698501105,2.820657572888408e-05,0.0560523584045546,0.2274221391363653,2.2481697946806847,0.9115902564775916,0.9015115294611176,244.4018954132657,37.15447646269594,1.1112899698072811,1.6036604398439065,660.5146229353726,66.71093657735514,2.0,286.0,2.0,595.8024054898669,4096.783160294681,1696.8510581691105,272.0,1415.68861886317,0.6432074664915619,0.4074059024877999,207.1269475620712,30.580684892182926,1.018787188100185,1.0840176021089976,368.03937163779017,48.58707904693527,1,1,1,1,1,1,1,2,0.1106815857172547,0.0850065088503084,41.50302388974495,7.546332585179571,0.0,0.0,0.0,0.0,0.0,0.0,0.0,1.0716905954341804,0.0,0.0,0.0,0.0,0.0,0.0,0.0,0.6410525928581308,0.4082713291147604,0.4272089561656217,213.59853173284384,27.545223578073024,0.0,0.0,0.0,295.90120274493347,0.0,0.0,0.0,0.0,0.166685478177133,0.1825074922281201,45624.332758426695,758.73934196603,0.0,0
0.3560858727601219,0.0001129444826293,34.57341764129299,0.0105117562342371,0.0005272333981727,0.0732212985956241,5.20820722027554,1.0274416470056664,1.620516712891638,0.6963911601748607,213.80188308242973,33.90127247332641,2.401228607633283,0.8160326003521365,508.1941748000372,41.5079321228364,3.3208153646194174,0.6935287823357461,318.6694786807065,44.099042760452406,4.0,1434.5573691494476,110.48283952014162,308.0,3069.5001040603684,2.0,1976.1742968732965,8.0,99.95362856480408,98.53929979132856,41.8965916995131,0,0.3560858727601219,0.0001129444826293,34.57341764129299,0.0105117562342371,0.0005272333981727,0.0732212985956241,5.20820722027554,1.0274416470056664,1.620516712891638,0.6963911601748607,213.80188308242973,33.90127247332641,2.401228607633283,0.8160326003521365,508.1941748000372,41.5079321228364,4.0,1434.5573691494476,110.48283952014162,308.0,3069.5001040603684,2.0,1976.1742968732965,8.0,1.2820639513701264,0.2963679999877153,179.29489927576225,30.611862445818492,1.8948360750394768,0.7421648747626929,273.5294829177959,37.131310429213165,1,1,1,1,1,1,1,1,9.917347489130677,0.035670443090575,45.93711848150407,25.004688668782595,0.0,0.0,0.0,0.0,0.0,0.0,0.0,0.0,0.0,0.0,0.0,0.0,0.0,0.0,0.0,0.0,68.00537051646289,0.208899047647593,203.826935431298,102.08817311913847,0.0,0.0,0.0,0.0,0.0,0.0,0.0,0.0,4624.7304190814,0.0436388121080713,41545.41960731453,10421.995090803186,0.0,0
0.0055080637812674,0.0285849448858145,1.7219618522623676,0.1906204951271704,0.084028877142309,0.0166907412568737,32.891002635833274,4.865015050322796,1.402464023587986,0.7691368386527617,198.21963057916247,35.068757397529914,2.090052737382311,0.8261729499409876,255.08097456254035,43.92806917233324,2.7198502387072114,0.7669053093811341,261.44859882802456,45.53278646739388,980.5882667823798,400.5,2678.696130150169,2809.6508949998265,74.0,2324.4219496722994,180.0,144.0,99.95362856480408,99.83769997681428,99.55947136563876,0,0.0055080637812674,0.0332981711081015,1.9574580092357792,0.1906204951271704,0.1674274045893118,0.0333514486862864,32.891002635833274,4.865015050322796,1.402464023587986,0.7671274974312343,195.15228186109815,35.068757397529914,2.102432200286487,0.8519202313426392,255.08097456254035,43.92806917233324,1957.17653356476,799.0,2678.696130150169,2809.6508949998265,74.0,3401.69516501326,200.0,144.0,1.2766352319444951,0.4192207594494885,177.36936739157036,31.57103520649853,1.960838130743408,0.7925069112032459,228.68722874889048,39.98025356550913,1,2,2,1,2,2,1,1,7.616576923516039,0.0524686661875102,36.86105581462932,8.07420367230898,0.0,0.0047132262222869,0.2354961569734115,0.0,0.0833985274470028,0.0166607074294127,0.0,0.0,0.0,0.0020093412215274,3.067348718064295,0.0,0.0123794629041762,0.0257472814016516,0.0,0.0,48.73055291652408,0.1879975214532116,149.51846462981774,23.803452170977344,976.5882667823798,398.5,0.0,0.0,0.0,1077.2732153409602,20.0,0.0,2374.666787550154,0.0353430680725507,22355.771265258063,566.604335256006,0.0,0
0.0527438241753464,0.1137302372496958,9.11137646056551,1.0381841587513885,0.0006048846685422,0.0701893268956661,0.0884850096722686,0.0143736351566161,1.4991532641717304,0.6084721545007776,162.53454962458437,29.144021869276838,1.975545191318127,0.7628536533907895,236.2599660352537,42.44538778039144,1.8144628764062871,0.6327011268283306,203.78209350897777,38.28057476446862,2.0,1019.6205308192272,4.0,8.0,509.676872452163,3409.7182457055324,1619.7172199906472,1472.4763026079522,99.95362856480408,99.95362856480408,100.02318571759795,0,0.0527438241753464,0.1137302372496958,9.11137646056551,1.0381841587513885,0.0006048846685422,0.0701893268956661,0.0884850096722686,0.0143736351566161,1.4991532641717304,0.6084721545007776,162.53454962458437,29.144021869276838,1.975545191318127,0.7628536533907895,236.2599660352537,42.44538778039144,2.0,1019.6205308192272,4.0,8.0,509.676872452163,3409.7182457055324,1619.7172199906472,1472.4763026079522,1.2828829110449849,0.2825103158013704,145.26687997842805,26.40953012074549,1.7575583208452683,0.6620543373916568,191.6640807997901,35.07946555533767,1,1,1,1,1,1,1,1,0.1719085105854509,0.0380759261490154,23.881986217909198,11.44177286293066,0.0,0.0,0.0,0.0,0.0,0.0,0.0,0.0,0.0,0.0,0.0,0.0,0.0,0.0,0.0,0.0,0.4463435705484022,0.1979210207290925,77.7238471258,39.5387424151603,0.0,0.0,0.0,0.0,0.0,0.0,0.0,0.0,0.1992225829698964,0.0391727304464458,6040.9964120347295,1563.312151772396,0.0,1
0.0257779277917818,0.1159074028683729,2.4007154848551977,0.1116781624286744,0.1133508187652077,0.183172031577574,4.316413693693988,2.1541096710888183,1.9664559644148056,0.7337991600080594,284.0468547919171,48.297045927252775,2.4545309814842264,0.9579990919884174,430.16992781742505,77.76066876494262,2.2468150554377435,0.7813472004418448,331.47756002727203,59.55981313466953,2206.6210311909813,2776.224103085174,201.04872111799543,987.0177570734636,460.4480047879163,2327.4810376267424,661.2644081079525,124.0,99.95362856480408,99.8840714120102,100.02318571759795,0,0.050470873034133,0.1159074028683729,2.4007154848551977,0.1116781624286744,0.1133508187652077,0.183172031577574,5.602916334187796,2.1541096710888183,1.940657261232161,0.7337991600080594,284.0468547919171,48.297045927252775,2.4545309814842264,0.9579990919884174,441.7537369347858,77.76066876494262,2206.6210311909813,2776.224103085174,241.0,987.0177570734636,889.7379471395451,2327.4810376267424,661.2644081079525,124.0,1.7488788033896032,0.3495641069157496,266.145027348476,45.49083862963776,2.2571487738923417,0.818087848946065,298.3389875063374,52.20068754990528,2,1,1,1,1,1,2,1,0.1209595637628708,0.0457322954773393,16.211524572363953,3.917022891935875,0.0246929452423511,0.0,0.0,0.0,0.0,0.0,1.2865026404938078,0.0,0.0257987031826444,0.0,0.0,0.0,0.0,0.0,11.583809117360772,0.0,0.2908325423732013,0.23251882638806,71.8079417530684,15.388924335645228,0.0,0.0,39.95127888200453,0.0,429.2899423516288,0.0,0.0,0.0,0.0845835677032599,0.0540650046248808,5156.3804988120655,236.8189922082139,0.0,1
0.0206694035119683,0.0004575846157384,58.37140391315438,14.696466526701514,0.0003488818905201,0.0005497256940025,0.0687840926871103,0.0347011003423318,1.7829978594539422,0.6222076712749871,292.5063158287074,40.74434545596581,2.42404433787147,1.1482720717064667,464.9264897152731,71.2998739303676,2.0803503023510665,0.7945445053069726,386.2406220620543,55.47485682234273,3.5,4.0,4.0,6.0,278.0,2.0,1550.2713096854927,2264.8116365214228,99.95362856480408,99.90725712960815,100.02318571759795,0,0.0407834996910934,0.0004575846157384,58.37140391315438,14.696466526701514,0.0006406227214243,0.0005497256940025,0.0687840926871103,0.0347011003423318,1.6890738655720328,0.6222076712749871,292.5063158287074,40.74434545596581,2.472106727701196,1.1482720717064667,464.9264897152731,71.2998739303676,5.0,4.0,4.0,6.0,544.0,2.0,1550.2713096854927,2264.8116365214228,1.3728980822731105,0.3369719111526357,242.97485774684,34.2189337369276,2.077144728901887,0.7854211409296767,347.19154072384447,53.6082571404073,2,1,1,1,2,1,1,1,0.1800464994978791,0.0714761315878578,34.81298768633632,5.7015817925293,0.020114096179125,0.0,0.0,0.0,0.0002917408309042,0.0,0.0,0.0,0.0939239938819093,0.0,0.0,0.0,0.0480623898297261,0.0,0.0,0.0,0.4518733279835226,0.2858618614730978,137.4682943374437,16.419649046495387,1.5,0.0,0.0,0.0,266.0,0.0,0.0,0.0,0.2041895045429042,0.0817170038448645,18897.531948046057,269.60487481007686,0.0,1
1.2959479587580964,0.0021139980324604,24.787730412302693,3.289619093678951,0.0190462848527133,0.0037158299346761,28.044222716457995,3.854206690021755,2.025989799346761,0.587484673313167,139.407694590354,22.85886231899029,3.5022429712520333,0.7718819778963408,281.2020370410785,41.269959536031045,2.9443354433157958,0.646125826911777,230.7049439973412,37.02623296121762,62.0,28.0,1113.8296061714354,1503.2111219407425,3162.0690311380577,10.0,1842.345916867,1967.8174670682115,99.95362856480408,99.95362856480408,95.73382796197542,0,1.2959479587580964,0.0021139980324604,24.787730412302693,3.289619093678951,0.0190462848527133,0.0037158299346761,28.044222716457995,3.854206690021755,2.025989799346761,0.587484673313167,139.407694590354,22.85886231899029,3.5022429712520333,0.7718819778963408,281.2020370410785,41.269959536031045,62.0,28.0,1113.8296061714354,1503.2111219407425,3162.0690311380577,10.0,1842.345916867,1967.8174670682115,1.5826065855240452,0.3090624862501115,110.21516248308016,20.85765669487366,2.8732456088491447,0.6583621678949302,191.04990435395752,31.194703197427508,1,1,1,1,1,1,1,1,0.4323627897015856,0.0502075457853958,33.27286953697183,10.062412060870049,0.0,0.0,0.0,0.0,0.0,0.0,0.0,0.0,0.0,0.0,0.0,0.0,0.0,0.0,0.0,0.0,1.0410261464528223,0.1909454446849804,148.89331015113535,37.20403956080847,0.0,0.0,0.0,0.0,0.0,0.0,0.0,0.0,1.083735437598413,0.0364601628459449,22169.217807762183,1384.1405596422017,0.0,1
0.0133589092943799,0.1335063307531893,32.707266953172336,0.0056973116687473,0.260555179232401,0.1731149468289957,0.0216118294479485,0.0092605861526635,2.427934839612155,0.5489613931123379,48.89802411814796,26.947485636307903,2.7721266757171863,0.7737640979068043,131.94102971704947,34.287239470499706,3.780545980387143,0.6427013034005328,113.00281519346896,36.49004940539055,3061.4589481265502,818.0,2.0,6.0,14.0,707.0,2116.5192145658093,2.0,99.95362856480408,72.64085323440761,36.98121956874566,0,0.0133589092943799,0.1335063307531893,32.707266953172336,0.0056973116687473,0.260555179232401,0.1731149468289957,0.0216118294479485,0.0092605861526635,2.427934839612155,0.5489613931123379,48.89802411814796,26.947485636307903,2.7721266757171863,0.7737640979068043,131.94102971704947,34.287239470499706,3061.4589481265502,818.0,2.0,6.0,14.0,707.0,2116.5192145658093,2.0,0.8447803058249133,0.2626269979859332,34.88189705396906,20.71737148440697,2.593354402857885,0.6324801991406342,91.22953520077922,30.128977531950817,1,1,1,1,1,1,1,1,7.973540295533008,0.0454826551988085,11.235560090782624,9.237370504867163,0.0,0.0,0.0,0.0,0.0,0.0,0.0,0.0,0.0,0.0,0.0,0.0,0.0,0.0,0.0,0.0,63.65616170902741,0.268872193786846,73.71090409890947,28.48296652843007,0.0,0.0,0.0,0.0,0.0,0.0,0.0,0.0,4052.106923525848,0.0722922565917512,5433.297383078629,811.2793822596677,0.0,1
0.2926748380439078,0.0002946159475437,0.0949858481512393,1.4851147217610787,0.0018470083870081,0.0731916468652476,19.198947077249912,2.282302733203544,0.8238180457058429,0.8201459046389689,36.015602938612886,23.46658867895443,3.895018548934285,0.9702307257039428,95.46324913063836,25.74889141215797,2.253336260159516,0.8804344909760421,76.24010037369723,31.447014715270157,2.0,1676.0562076232573,1271.7623688108692,1976.3689515369028,1328.0215833270838,4.0,14.0,835.8234795985863,99.95362856480408,99.95362856480408,61.92905170415024,0,0.2926748380439078,0.0002946159475437,0.0949858481512393,1.4851147217610787,0.0018470083870081,0.0731916468652476,19.198947077249912,2.282302733203544,0.8238180457058429,0.8201459046389689,36.015602938612886,23.46658867895443,3.895018548934285,0.9702307257039428,95.46324913063836,25.74889141215797,2.0,1676.0562076232573,1271.7623688108692,1976.3689515369028,1328.0215833270838,4.0,14.0,835.8234795985863,0.5993962967052989,0.4593018748959838,30.56241962397966,20.619204358385826,1.9696028605841664,0.8948913304917537,63.75134114858879,24.25133498643805,1,1,1,1,1,1,1,1,0.3979928209832222,0.0700333363460404,16.738951706030303,10.99876407024439,0.0,0.0,0.0,0.0,0.0,0.0,0.0,0.0,0.0,0.0,0.0,0.0,0.0,0.0,0.0,0.0,1.4878168457245626,0.2408285279613981,78.1696743846876,39.721651566569726,0.0,0.0,0.0,0.0,0.0,0.0,0.0,0.0,2.2135989664217868,0.0579983798800539,6110.497993408085,1577.809603175971,0.0,1
0.0047571795024314,0.060658199959097,2.165086427205388,0.4523693881490693,0.4988921666767156,0.0856683365702661,1.205975378067599,1.90993184427753,3.705451593526891,0.7193941709068412,28.64216144063297,22.347711778575057,5.949790585127416,0.8416965117442614,37.160846539782334,24.89247801582338,4.88878792966449,0.7317791864096156,41.01714500848957,29.27805033851343,1533.7116889104695,777.5619979247783,210.0,1815.318258618041,6.0,670.8052991391041,1318.150529289309,462.0,99.95362856480408,99.95362856480408,62.23046603292372,0,0.004820102473841,0.060658199959097,2.165086427205388,0.4523693881490693,0.4988921666767156,0.0856683365702661,1.205975378067599,1.90993184427753,3.635321804536063,0.7193941709068412,28.64216144063297,22.347711778575057,5.949790585127416,0.8416965117442614,37.160846539782334,24.89247801582338,1533.7116889104695,777.5619979247783,210.0,1815.318258618041,6.0,670.8052991391041,1318.150529289309,462.0,2.303256207111558,0.3494322640673808,23.14505975613506,20.662587806635717,4.627613667758794,0.7802240080027769,31.859920588596687,23.48146379714146,2,1,1,1,1,1,1,1,0.6624303379211292,0.0461961916752047,22.290579760254037,10.613809640632224,6.292297140952918e-05,0.0,0.0,0.0,0.0,0.0,0.0,0.0,0.0701297889908276,0.0,0.0,0.0,0.0,0.0,0.0,0.0,1.8543197342750857,0.2124562714751315,113.87767487291524,42.43324881250253,0.0,0.0,0.0,0.0,0.0,0.0,0.0,0.0,3.4385016769220247,0.0451376672891147,12968.124834461389,1800.5806047837475,0.0,1
0.2229943965302547,0.0,0.0023944288995494,0.0,2.601037984892656,0.0,0.8207149371186802,0.0,3.528296186611678,0.0,30.27784735394508,0.0,8.431241350203834,0.0,31.090427821125203,0.0,6.395989327129021,0.4088144983971274,36.1050284982494,33.7163358170235,2941.688365082977,0.0,850.722073406763,0.0,494.0,0.0,2.0,0.0,99.95362856480408,20.287502898214697,0.0,0,0.2229943965302547,0.0,0.0023944288995494,0.0,2.601037984892656,0.0,0.8207149371186802,0.0,3.528296186611678,0.0,30.27784735394508,0.0,8.431241350203834,0.0,31.090427821125203,0.0,2941.688365082977,0.0,850.722073406763,0.0,494.0,0.0,2.0,0.0,2.6599151942207526,0.1939401957824802,20.656711638011963,20.34302819106193,6.4930355961654165,0.3355665392710014,27.768924053986304,24.91248418230452,1,0,1,0,1,0,1,0,0.6219817083615363,0.0924085876257731,32.31921324252329,31.377564870204225,0.0,0.0,0.0,0.0,0.0,0.0,0.0,0.0,0.0,0.0,0.0,0.0,0.0,0.0,0.0,0.0,2.4851830583311605,0.2176480473159183,121.56186278340851,79.0314462697447,0.0,0.0,0.0,0.0,0.0,0.0,0.0,0.0,6.17613483341622,0.0473706725004322,14777.28648337224,6245.969499487544,0.0,1
2.2404636321877973,0.0,0.0064256662766588,0.0,0.0184218331632326,0.0,0.1270875999186316,0.0,6.92226034910993,0.0,23.47936090862091,0.0,14.582264888834905,0.0,24.457696899722183,0.0,8.953727669275716,0.3183156724874323,27.167845326996066,30.271885223619016,4.0,0.0,36.0,0.0,2885.951543101841,0.0,6.0,0.0,99.95362856480408,20.98307442615349,0.0,0,2.2404636321877973,0.0,0.0064256662766588,0.0,0.0184218331632326,0.0,0.1270875999186316,0.0,6.92226034910993,0.0,23.47936090862091,0.0,14.582264888834905,0.0,24.457696899722183,0.0,4.0,0.0,36.0,0.0,2885.951543101841,0.0,6.0,0.0,4.336249725133304,0.1649317636287765,20.251088801580455,20.3284374744402,8.34113161721638,0.2774366930003386,23.47889025627537,26.59380181970412,1,0,1,0,1,0,1,0,0.9958076782457608,0.0787830983992897,9.516578917968468,11.936109111891708,0.0,0.0,0.0,0.0,0.0,0.0,0.0,0.0,0.0,0.0,0.0,0.0,0.0,0.0,0.0,0.0,3.3362229141948605,0.1492977766385634,18.53610640062369,14.080516385402388,0.0,0.0,0.0,0.0,0.0,0.0,0.0,0.0,11.130383333198846,0.0222898261092183,343.5872404952427,198.26094167958507,0.0,1
0.0363053506857813,0.0013848360799003,0.0408287292006548,0.1812817172862466,0.0080627080702111,0.0844710273939332,68.83726242529691,7.938397148399705,2.9214356879338705,0.5934173270865948,67.53372825046893,22.34100726863054,3.756649374586993,0.6926113142495024,161.49101658433943,30.864496700780634,3.26423450360638,0.6650069052124787,119.65872229443715,36.4921116896063,2.0,2275.078580872761,3333.866984260936,2528.860445310605,978.0327705126092,18.0,2.0,92.0,99.95362856480408,99.95362856480408,64.17806631115232,0,0.0363053506857813,0.0013848360799003,0.0408287292006548,0.1812817172862466,0.0080627080702111,0.0844710273939332,68.83726242529691,7.938397148399705,2.9214356879338705,0.5934173270865948,67.53372825046893,22.34100726863054,3.756649374586993,0.6926113142495024,161.49101658433943,30.864496700780634,2.0,2275.078580872761,3333.866984260936,2528.860445310605,978.0327705126092,18.0,2.0,92.0,2.080248208709342,0.3250066269092492,44.51145294586868,20.510094269758724,3.102387226596954,0.6382532512670395,109.2228643784998,25.812028152945167,1,1,1,1,1,1,1,1,0.4361721865927194,0.0716172904641654,23.28133702224295,7.931443160095815,0.0,0.0,0.0,0.0,0.0,0.0,0.0,0.0,0.0,0.0,0.0,0.0,0.0,0.0,0.0,0.0,0.8935255761841735,0.2474902001787231,62.90817455114596,31.611279243663404,0.0,0.0,0.0,0.0,0.0,0.0,0.0,0.0,0.7983879552952593,0.0612513991845044,3957.438425357448,999.2729754208648,0.0,1
0.1483316508700143,0.005978108070441,17.013277434110577,0.1185130762708759,0.0016346761434191,0.2111212578637004,1.6642599254920327,1.7024970141886655,2.32119982409413,0.6044237256413691,51.460329849683504,22.63373933146455,3.166868794471119,1.1709975664638652,104.1130557502966,50.58619087644991,2.695993849707341,0.8626361837247124,83.42585233833196,41.1795856741328,2.0,1460.0681031777206,96.0,136.0,1016.2575490282968,34.0,1880.4349915255848,68.0,99.95362856480408,99.90725712960815,63.25063760723394,0,0.294728258505613,0.005978108070441,17.013277434110577,0.1185130762708759,0.0016346761434191,0.2111212578637004,1.6642599254920327,1.7024970141886655,2.2849761289230823,0.6044237256413691,51.460329849683504,22.63373933146455,3.166868794471119,1.1709975664638652,104.1130557502966,50.58619087644991,2.0,1460.0681031777206,96.0,136.0,2030.5150980565936,34.0,1880.4349915255848,68.0,1.664543385879897,0.3245186592112918,41.21980510833732,20.68088688776641,2.688242337721781,0.8271047148052347,78.24372850040696,34.266051171272174,2,1,1,1,1,1,1,1,0.2640613718906581,0.0538080149729691,9.602992052603112,4.618041831357729,0.1463966076355987,0.0,0.0,0.0,0.0,0.0,0.0,0.0,0.0362236951710475,0.0,0.0,0.0,0.0,0.0,0.0,0.0,0.6407459544076399,0.3671020144622262,44.872846857140615,28.644766327284017,0.0,0.0,0.0,0.0,1014.2575490282968,0.0,0.0,0.0,0.4105553780897574,0.1347638890222245,2013.572385064395,820.5226379447042,0.0,1
0.0020193325378203,0.2495244132775304,60.39552379078435,2.611594108392868,0.0394142108861683,0.0016413650958951,7.239030849530138,0.1268491969373961,1.4564045633429517,0.6153570383109395,90.58216460680124,26.19749293352337,3.500076231795925,0.8799175685556733,181.67542734140795,29.13987318686439,3.2545919004009907,0.7412284738464663,172.43814422522877,140.2191796970453,264.0,4.0,292.0,173.33641631942209,18.0,2934.5098735920333,3511.929440267977,2458.5315733531525,99.95362856480408,99.86088569441225,70.20635288662184,0,0.0020193325378203,0.2495244132775304,60.39552379078435,2.611594108392868,0.0394142108861683,0.0016413650958951,7.239030849530138,0.1268491969373961,1.4564045633429517,0.6153570383109395,90.58216460680124,26.19749293352337,3.500076231795925,0.8799175685556733,181.67542734140795,29.13987318686439,264.0,4.0,292.0,173.33641631942209,18.0,2934.5098735920333,3511.929440267977,2458.5315733531525,1.2651222170486245,0.3348329301874863,66.27654980063187,22.18129609392872,3.122658020784492,0.7684879016007444,127.34427277971804,28.206696083324324,1,1,1,1,1,1,1,1,1.2159935124168075,0.0853523564694873,289.1096922015365,639.3932586482424,0.0,0.0,0.0,0.0,0.0,0.0,0.0,0.0,0.0,0.0,0.0,0.0,0.0,0.0,0.0,0.0,6.083175538859818,0.2821077604479214,1226.499326637908,2772.8970995291843,0.0,0.0,0.0,0.0,0.0,0.0,0.0,0.0,37.005024636582434,0.0795847885049418,1504300.5982432414,7688958.324577363,0.0,1
0.000359071253837,0.0182110051366144,41.248940392591024,0.8542862703311336,0.2361967739701809,0.0901982381921092,10.627619530459045,1.2029001874530358,2.979806633027869,0.5747448962094013,59.648503266716176,22.67167752020049,3.3314612289117544,0.6839380631157642,119.3282315502347,25.02015203485222,3.2793671459308893,0.5895682762703764,101.22075226821023,27.11594707890061,1056.0560716393163,1816.597652522368,1963.6946945171087,516.0,2.0,262.0,1992.1831562599205,1595.7845018251423,99.95362856480408,99.95362856480408,54.34732204961743,0,0.000359071253837,0.0182110051366144,41.248940392591024,0.8542862703311336,0.2361967739701809,0.0901982381921092,10.627619530459045,1.2029001874530358,2.979806633027869,0.5747448962094013,59.648503266716176,22.67167752020049,3.3314612289117544,0.6839380631157642,119.3282315502347,25.02015203485222,1056.0560716393163,1816.597652522368,1963.6946945171087,516.0,2.0,262.0,1992.1831562599205,1595.7845018251423,2.331904746371737,0.2561582520925448,38.61060962410715,20.63237246364596,3.1552447532367496,0.6366020698079391,100.811024652198,23.38624467021048,1,1,1,1,1,1,1,1,0.3825524459295928,0.0323029876324786,20.67112304089927,11.762704346655354,0.0,0.0,0.0,0.0,0.0,0.0,0.0,0.0,0.0,0.0,0.0,0.0,0.0,0.0,0.0,0.0,0.7302222194706792,0.1778221472050576,51.606992961081566,22.05094092575904,0.0,0.0,0.0,0.0,0.0,0.0,0.0,0.0,0.5332244898086848,0.0316207160366171,2663.2817224851224,486.2439957113148,0.0,1
0.1341627237911153,0.0836993125941145,5.899717345487993,0.4098419664254109,0.1753845610101707,0.0803197030942644,25.1525177707496,0.9037985831863224,2.8889482920628966,0.5122026172068226,59.174423642706,22.390617179254605,3.204124901041416,0.6131705584736759,107.62461044133818,23.638636060045627,3.1616379522543427,0.5548400575661487,92.07223398821569,29.012010597651752,1685.075209103733,747.3769116097321,2201.006095329065,859.0,1008.4990124015928,935.0833734169988,850.5374713037795,474.0,99.95362856480408,99.90725712960815,35.07999072571296,0,0.2660001845448474,0.0836993125941145,5.899717345487993,0.4098419664254109,0.2957081924255362,0.0803197030942644,25.1525177707496,0.9037985831863224,2.857663506573449,0.5122026172068226,59.174423642706,22.390617179254605,3.21594126997788,0.6131705584736759,107.62461044133818,23.638636060045627,2936.9364878636056,747.3769116097321,2201.006095329065,859.0,2012.9980248031857,935.0833734169988,850.5374713037795,474.0,2.2811421154407605,0.2488498120868579,43.05104299685182,20.37059801083124,3.048818689192921,0.5630985221679546,83.29696923469915,23.543861848286745,2,1,1,1,2,1,1,1,0.5009275776737735,0.0412720093614013,29.942807135838823,14.504196475591009,0.131837460753732,0.0,0.0,0.0,0.1203236314153655,0.0,0.0,0.0,0.0312847854894471,0.0,0.0,0.0,0.011816368936464,0.0,0.0,0.0,1.4602363897131942,0.1873661713154929,90.3173810439406,32.454424684469096,1251.861278759873,0.0,0.0,0.0,1004.4990124015928,0.0,0.0,0.0,2.132290313842624,0.0351060821534266,8157.229318636364,1053.2896815998768,0.0,1
0.0903121027660018,0.1421706337107176,0.1227810795661952,1.8964377453566144,0.0037535285514338,0.0009626968665843,22.34857109262633,2.474705631987945,2.701865967257883,0.7406455220851758,72.09748881428457,29.640770955307023,3.782266045492736,1.0085492432968524,144.96166661585448,39.28992114468247,3.331488411654641,0.8166777281351992,115.94406785844004,35.8368674602959,4.0,2.0,1773.6838037695338,137.704992435624,857.2175725459201,2677.409775354853,8.0,1076.3830069473354,99.95362856480408,99.95362856480408,70.11361001623,0,0.0903121027660018,0.1421706337107176,0.1227810795661952,1.8964377453566144,0.0037535285514338,0.0009626968665843,22.34857109262633,2.474705631987945,2.701865967257883,0.7406455220851758,72.09748881428457,29.640770955307023,3.782266045492736,1.0085492432968524,144.96166661585448,39.28992114468247,4.0,2.0,1773.6838037695338,137.704992435624,857.2175725459201,2677.409775354853,8.0,1076.3830069473354,2.1067953035863485,0.3889092118287093,50.50165956104746,25.421537985593837,3.231050188020902,0.8161996169457438,107.9393000829262,31.59471151113264,1,1,1,1,1,1,1,1,0.3848121198738482,0.0559033597976328,14.864991109558767,4.660183062548375,0.0,0.0,0.0,0.0,0.0,0.0,0.0,0.0,0.0,0.0,0.0,0.0,0.0,0.0,0.0,0.0,0.8814308830515493,0.2556407983253465,60.34518524663832,15.393460878205264,0.0,0.0,0.0,0.0,0.0,0.0,0.0,0.0,0.7769204015970339,0.0653522177684204,3641.541382451095,236.958637808836,0.0,1
0.1025193122988068,0.0536362061988469,19.980130194352483,0.363082327797084,0.0004637940545269,0.0002508471447427,0.018845492903722,0.3902940832529751,2.856710553306706,0.7003931255821039,79.55004849238952,25.01434199128756,4.053577608023703,0.7900601189900507,170.83124303645252,27.6979279315816,7.698814151839831,0.6964426177941452,102.77993954679845,28.094941163367142,2.0,2.0,2.0,897.0,512.0,899.0,3166.584539610844,530.0,99.95362856480408,99.21168560166936,62.50869464409924,0,0.1025193122988068,0.0536362061988469,19.980130194352483,0.363082327797084,0.0004637940545269,0.0002508471447427,0.018845492903722,0.3902940832529751,2.856710553306706,0.7003931255821039,79.55004849238952,25.01434199128756,4.053577608023703,0.7900601189900507,170.83124303645252,27.6979279315816,2.0,2.0,2.0,897.0,512.0,899.0,3166.584539610844,530.0,2.2770717484649863,0.3054995574413152,48.71814962225267,23.075833135326768,3.239291114198447,0.7450516252745383,91.50979404125134,26.519055475813328,1,1,1,1,1,1,1,1,27.81098887391289,0.0348036015718493,19.137765885306177,4.957859458228131,0.0,0.0,0.0,0.0,0.0,0.0,0.0,0.0,0.0,0.0,0.0,0.0,0.0,0.0,0.0,0.0,123.51036115031016,0.1955220229137222,44.94933266485568,6.829024747511063,0.0,0.0,0.0,0.0,0.0,0.0,0.0,0.0,15254.809311480043,0.0382288614442741,2020.442507015861,46.63557900211855,0.0,1
0.5252899383564329,0.0756741056450587,1.0715332711001937,0.0335455627321117,0.3963649082414893,0.0032482930041964,50.10434647141676,6.1205308142801975,2.890328118365751,0.614865199097461,99.25485364739929,28.149460764594178,3.4453793403168422,0.8377554967002439,210.8217906318185,36.02901003790814,3.295120229131543,0.6955989212011546,171.1759291562709,34.273570274805074,3416.080084813617,38.0,2227.94084798101,1908.8902598726315,1750.757530179668,742.7507808938526,84.0,2.0,99.95362856480408,99.95362856480408,69.27892418270345,0,0.5252899383564329,0.0756741056450587,1.0715332711001937,0.0335455627321117,0.3963649082414893,0.0032482930041964,50.10434647141676,6.1205308142801975,2.890328118365751,0.614865199097461,99.25485364739929,28.149460764594178,3.4453793403168422,0.8377554967002439,210.8217906318185,36.02901003790814,3416.080084813617,38.0,2227.94084798101,1908.8902598726315,1750.757530179668,742.7507808938526,84.0,2.0,2.188367484306628,0.3051121760291914,85.51841946595573,24.62097863794072,3.185797321588026,0.7438692070195951,159.7026100196806,31.54561870753349,1,1,1,1,1,1,1,1,0.4084497019347391,0.0419848217165872,21.78830191334329,6.274435716416605,0.0,0.0,0.0,0.0,0.0,0.0,0.0,0.0,0.0,0.0,0.0,0.0,0.0,0.0,0.0,0.0,0.7796336840494784,0.2107462338187521,65.94647521343424,13.67796021207385,0.0,0.0,0.0,0.0,0.0,0.0,0.0,0.0,0.6078286813045619,0.0444139750687881,4348.937593076097,187.0865955630753,0.0,0
0.0042181167109887,0.0154371229311667,1.1608281137822871,0.0025499549053193,0.008139070432743,0.1723427964033003,0.0680503298018493,3.236207528334802,2.349323169774072,0.6759934743899232,214.6751133885302,35.647836466263726,4.596548467213626,0.8675850505313437,294.0138473254263,43.45440752846476,5.923116028992121,0.7572768332425908,253.1622251977053,46.90372371277533,6.0,2058.208267607009,6.0,1181.1260490730615,2.0,124.0,12.0,2.0,38.62740551820079,31.81080454440065,59.37862276837468,0,0.0042181167109887,0.0154371229311667,1.1608281137822871,0.0025499549053193,0.008139070432743,0.1723427964033003,0.0680503298018493,3.236207528334802,2.349323169774072,0.6759934743899232,214.6751133885302,35.647836466263726,4.596548467213626,0.8675850505313437,294.0138473254263,43.45440752846476,6.0,2058.208267607009,6.0,1181.1260490730615,2.0,124.0,12.0,2.0,0.8540608636720712,0.3803516539904421,131.83545510808872,32.433146873164446,3.5712007331234323,0.7580995181882191,243.1397621460154,40.181639658574575,1,1,1,1,1,1,1,1,12.612643620000194,0.061075321469649,41.45491915426582,18.509349793038037,0.0,0.0,0.0,0.0,0.0,0.0,0.0,0.0,0.0,0.0,0.0,0.0,0.0,0.0,0.0,0.0,98.52613596497288,0.2270990854915785,94.94541315537042,95.0546454712066,0.0,0.0,0.0,0.0,0.0,0.0,0.0,0.0,9707.39946818832,0.0515739946311113,9014.631479243986,9035.385625656778,0.0,0
0.4889400094427296,0.0239388462827965,61.41881127131745,0.5394088972662807,0.0087760220982788,0.0071087289211986,0.6659813331676503,0.0723157475732776,3.1585657290702382,0.649405792874465,179.1948527700619,31.164137802228502,4.224763482713387,0.7193649127422064,247.7884500521023,34.565661284243426,5.718854444750037,0.6673333031348783,213.71284804946615,35.072943667088936,20.0,92.0,32.0,32.0,1518.5528363943872,523.9489468354018,2587.5032752858097,242.0,94.69047067006724,64.50266635752376,59.03083700440529,0,0.4889400094427296,0.0239388462827965,61.41881127131745,0.5394088972662807,0.0087760220982788,0.0071087289211986,0.6659813331676503,0.0723157475732776,3.1585657290702382,0.649405792874465,179.1948527700619,31.164137802228502,4.224763482713387,0.7193649127422064,247.7884500521023,34.565661284243426,20.0,92.0,32.0,32.0,1518.5528363943872,523.9489468354018,2587.5032752858097,242.0,0.8540608636720711,0.3584546799348812,108.52267833187224,28.31400125517191,3.0371940241498487,0.6860740587502621,211.04652322284733,33.378778538398386,1,1,1,1,1,1,1,1,14.988095716602029,0.0375827245408313,24.71231811514581,7.734718968352497,0.0,0.0,0.0,0.0,0.0,0.0,0.0,0.0,0.0,0.0,0.0,0.0,0.0,0.0,0.0,0.0,106.45875280977424,0.1629426942546673,61.459454551553385,9.246185987466008,0.0,0.0,0.0,0.0,0.0,0.0,0.0,0.0,11333.46604981261,0.02655032161097,3777.264553774456,85.49195531481276,0.0,0
0.0004457786967493,0.0155004987421676,0.0466896931709754,7.7603384990175,0.787566847997152,0.0140597125205703,90.99113415760968,4.457873336181038,1.8553124945533512,0.6924314002650453,196.9743068324686,49.74054123767067,4.184948513818201,0.8903251667769204,293.1538285026895,57.50087973668817,3.1740927039363243,0.7389313154347569,238.60363656756175,56.89955128149612,2131.881950017617,112.0,3488.4112135627865,1874.6772919909563,2.0,1048.0,6.0,920.808227647884,99.95362856480408,99.95362856480408,59.193137027591,0,0.0004457786967493,0.0155004987421676,0.0466896931709754,7.7603384990175,0.787566847997152,0.0140597125205703,90.99113415760968,4.457873336181038,1.8553124945533512,0.6924314002650453,196.9743068324686,49.74054123767067,4.184948513818201,0.8903251667769204,293.1538285026895,57.50087973668817,2131.881950017617,112.0,3488.4112135627865,1874.6772919909563,2.0,1048.0,6.0,920.808227647884,1.6248722405429006,0.3600386734673003,150.287194992436,32.114508777917294,3.0477793090730723,0.7308730359100865,225.65487540706155,54.62457362056838,1,1,1,1,1,1,1,1,0.4676391072374098,0.0492705236624266,21.776169468379024,7.2815011202242115,0.0,0.0,0.0,0.0,0.0,0.0,0.0,0.0,0.0,0.0,0.0,0.0,0.0,0.0,0.0,0.0,1.082881569088438,0.2081211285645222,59.42260014273037,17.353971561826988,0.0,0.0,0.0,0.0,0.0,0.0,0.0,0.0,1.172632492671437,0.0433144041549703,3531.0454077228187,301.16032896869984,0.0,0
0.10009684926084,0.1459587430105965,10.918096742909569,2.0120209332679053,0.4772449840662074,0.0137120610383605,0.4581116957319295,0.0314811549059044,2.1186551556009547,0.6522033285038153,220.07918176937835,52.30115855481182,2.9948198695066277,0.8450355423207572,316.11502300997216,96.63220382546282,2.567624444088738,0.7262022522155193,272.57730025522204,71.09380129912695,1879.865036982156,92.0,8.0,2.0,863.0,2190.03523681898,786.6235751917286,392.0,99.95362856480408,99.95362856480408,58.14977973568281,0,0.10009684926084,0.1459587430105965,10.918096742909569,2.0120209332679053,0.4772449840662074,0.0137120610383605,0.4581116957319295,0.0314811549059044,2.1186551556009547,0.6522033285038153,220.07918176937835,52.30115855481182,2.9948198695066277,0.8450355423207572,316.11502300997216,96.63220382546282,1879.865036982156,92.0,8.0,2.0,863.0,2190.03523681898,786.6235751917286,392.0,1.651287190797737,0.2686073125005767,174.33671437901782,39.21498372631783,2.4920906184916283,0.7535842281348639,264.2808708033034,61.581058319863445,1,1,1,1,1,1,1,1,0.1898449624086123,0.0618115985605817,29.545152738092263,16.215201174987147,0.0,0.0,0.0,0.0,0.0,0.0,0.0,0.0,0.0,0.0,0.0,0.0,0.0,0.0,0.0,0.0,0.6090306122132271,0.2699883555464187,134.4722795064062,47.38374108282788,0.0,0.0,0.0,0.0,0.0,0.0,0.0,0.0,0.3709182866128181,0.0728937121306594,18082.793955649035,2245.2189190044705,0.0,0
0.0029226283597552,0.1229822289385124,0.3662643588438641,0.0113909516408909,0.3649284567760658,0.0033254317398152,28.835212782379077,5.453532796153056,2.792192828194393,0.7608568497114078,326.2931876722755,65.87180578581645,3.716242465075152,0.9028148870700128,444.01057783209137,80.78080823356014,3.399313174621012,0.8285146252093336,416.5791803556153,73.92426612983336,1984.2776301025228,41.9427116210714,1936.6772378060157,773.0,12.0,2026.9331556381155,4.0,4.0,99.95362856480408,99.95362856480408,58.42800834685834,0,0.0029226283597552,0.1229822289385124,0.3662643588438641,0.0113909516408909,0.3649284567760658,0.0033254317398152,28.835212782379077,5.453532796153056,2.792192828194393,0.7608568497114078,326.2931876722755,65.87180578581645,3.716242465075152,0.9028148870700128,444.01057783209137,80.78080823356014,1984.2776301025228,41.9427116210714,1936.6772378060157,773.0,12.0,2026.9331556381155,4.0,4.0,1.963607192878496,0.3966796797167826,296.0037693570854,56.04622679641126,3.3217788035037885,0.827348552552796,408.23037158872495,71.40845858559598,1,1,1,1,1,1,1,1,0.4600338769785606,0.0765862521848763,33.10574530422529,6.475256197761363,0.0,0.0,0.0,0.0,0.0,0.0,0.0,0.0,0.0,0.0,0.0,0.0,0.0,0.0,0.0,0.0,0.966375077127254,0.2570878284129559,82.95761905447719,14.3707872164643,0.0,0.0,0.0,0.0,0.0,0.0,0.0,0.0,0.9338807896927064,0.0660941515180894,6881.9665591877565,206.5195252208937,0.0,0
0.3844986152668208,0.0742967678791934,25.79239744419988,1.0746093449169225,0.046182015214454,0.0974319447644663,11.542512644477084,0.8602741680238353,1.951874416824032,0.7435093231548102,341.16380117781364,63.65083561341744,2.427547916068635,1.0921058670459456,381.6843168139212,71.15849765279879,2.280980041228391,0.8598671672115717,364.31026191002513,68.63696413059752,442.5499050130852,731.3363703796073,873.939034794706,234.32815378388992,2650.6000284455417,631.0,1861.673967484361,348.0,99.95362856480408,99.95362856480408,55.20519360074194,0,0.3844986152668208,0.0742967678791934,25.79239744419988,1.0746093449169225,0.0698204132413478,0.0974319447644663,22.733040892449708,0.8602741680238353,1.951874416824032,0.7435093231548102,341.16380117781364,63.65083561341744,2.518722800046417,1.0921058670459456,384.0052734786358,71.15849765279879,783.0998100261704,731.3363703796073,1719.878069589412,234.32815378388992,2650.6000284455417,631.0,1861.673967484361,348.0,1.6156482947629645,0.3063394993883837,289.6125313874607,55.42973529249999,2.214578227752469,0.8873421170311798,361.66358672140825,66.60758191248381,1,1,1,1,2,1,2,1,0.2472671258206892,0.0764696476157583,26.720336543334916,8.801836165729888,0.0,0.0,0.0,0.0,0.0236383980268937,0.0,11.190528247972622,0.0,0.0,0.0,0.0,0.0,0.0911748839777821,0.0,2.320956664714629,0.0,0.4910160617376679,0.3280362173720734,96.24764768473764,14.002961589310583,340.5499050130852,0.0,845.939034794706,0.0,0.0,0.0,0.0,0.0,0.2410967728843693,0.1076077599077782,9263.609684845382,196.08293327170765,0.0,0
0.0006152341640039,0.1166917420423617,0.0381098684893572,1.4870368121657762,0.0215680107942053,0.0032823357369174,2.738378663377489,1.2294567074517957,2.1596571696178275,0.5058574991800519,268.36070023952806,45.25350046675394,3.1339129934001893,0.8131058477543704,376.56697108669687,59.69029529222089,2.967328184900333,0.6346446867717784,329.84643909501006,55.26532701872892,205.437260621758,6.0,138.0,705.0,2.0,629.745497917341,2.0,424.0,99.95362856480408,99.95362856480408,60.58428008346858,0,0.0006152341640039,0.1166917420423617,0.0381098684893572,1.4870368121657762,0.0262986232181727,0.0032823357369174,2.738378663377489,1.2294567074517957,2.1596571696178275,0.5058574991800519,268.36070023952806,45.25350046675394,3.151573010346932,0.8131058477543704,376.56697108669687,59.69029529222089,240.0,6.0,138.0,705.0,2.0,629.745497917341,2.0,424.0,1.901997599761376,0.2277290672941856,247.9248557906654,39.24726194105556,2.908509533515952,0.6648971922714663,323.40704565090203,55.05927324072306,1,1,1,1,2,1,1,1,0.3396799259996644,0.062705690101404,20.947722326128822,10.37727413322523,0.0,0.0,0.0,0.0,0.0047306124239674,0.0,0.0,0.0,0.0,0.0,0.0,0.0,0.0176600169467429,0.0,0.0,0.0,0.7107492945918108,0.2590412921928971,61.03829990195087,15.879555051723726,34.56273937824204,0.0,0.0,0.0,0.0,0.0,0.0,0.0,0.5051645597627566,0.0671023910609659,3725.674054920496,252.1602686407245,0.0,0
0.1562476117239786,0.1062305002901995,0.0117057304237278,0.1486116771226875,0.0008718506166469,0.0204125569488025,6.504574432642755,0.0162311756539708,1.4577225598614758,0.653229445659497,301.27665582151405,49.09791566223601,3.236240168434047,0.8309147540598316,386.60710846763016,58.72562788245766,2.299122095837784,0.722198861177148,344.0276160378403,55.869284312736006,2.0,242.0,308.0,4.0,1490.3215706486412,1491.5335873965869,2.0,300.0,99.95362856480408,99.95362856480408,63.181080454440064,0,0.1562476117239786,0.1062305002901995,0.0117057304237278,0.1486116771226875,0.0008718506166469,0.0204125569488025,6.504574432642755,0.0162311756539708,1.4577225598614758,0.653229445659497,301.27665582151405,49.09791566223601,3.236240168434047,0.8309147540598316,386.60710846763016,58.72562788245766,2.0,242.0,308.0,4.0,1490.3215706486412,1491.5335873965869,2.0,300.0,1.180899331516364,0.3085974009244039,275.23759177975154,43.75651691293724,2.161566384282822,0.7437795519232294,332.820800009718,53.03707321025112,1,1,1,1,1,1,1,1,0.3848383251504138,0.055258849090991,19.152066495279936,8.868072440738045,0.0,0.0,0.0,0.0,0.0,0.0,0.0,0.0,0.0,0.0,0.0,0.0,0.0,0.0,0.0,0.0,0.8551646687224924,0.2207436722698959,52.60004239604251,13.69268115409659,0.0,0.0,0.0,0.0,0.0,0.0,0.0,0.0,0.7313066106312502,0.0487277688471992,2766.76446006547,187.48951718775191,0.0,0
0.5313919695603033,0.1334657084641423,0.0353247186897149,0.0382936602086942,0.0208926428317588,0.0787422612966131,1.0972657398847332,0.5956282966808928,2.605226637995483,0.670067204213615,28.222203214698325,21.25771707808215,3.4678542505533967,0.8035329126777573,71.92125551865588,22.281620222102752,3.013018745696008,0.7042411748678801,55.172118972622265,24.96368085593657,94.0,2084.4196954451345,100.0,514.8302744494977,2816.7226301500154,983.603008919116,6.0,156.0,99.95362856480408,99.95362856480408,73.01182471597497,0,0.5313919695603033,0.1334657084641423,0.0353247186897149,0.0382936602086942,0.0208926428317588,0.0787422612966131,1.0972657398847332,0.5956282966808928,2.605226637995483,0.670067204213615,28.222203214698325,21.25771707808215,3.4678542505533967,0.8035329126777573,71.92125551865588,22.281620222102752,94.0,2084.4196954451345,100.0,514.8302744494977,2816.7226301500154,983.603008919116,6.0,156.0,2.1203102521871684,0.3030570150913643,26.042698651388665,20.157921911234062,2.9518059613177026,0.7692943157890073,54.12203579536013,21.60329535043107,1,1,1,1,1,1,1,1,0.2528976697451567,0.0305115389476547,9.55193785245018,8.798616009736003,0.0,0.0,0.0,0.0,0.0,0.0,0.0,0.0,0.0,0.0,0.0,0.0,0.0,0.0,0.0,0.0,0.6186675773252588,0.2112548968716703,48.95471512933866,25.120744174841104,0.0,0.0,0.0,0.0,0.0,0.0,0.0,0.0,0.3827495712335051,0.04462863145226,2396.5641333947,631.0517878978133,0.0,1
0.0050450910832418,0.020775649031394,6.491856666058368,0.0205229375364837,0.1797418134600397,0.0038784795161164,0.0545749009337441,0.3025698862715593,2.3406393077937047,0.5630532680996291,41.13509377739244,21.680090055256183,2.7341427680803685,0.6254856934942353,76.80998407314664,22.48803608999537,2.5968850926322844,0.7210010887694722,63.19868688081281,32.748744281794835,1778.4952998536678,20.0,4.0,831.0,10.0,172.0,1014.4286222325396,12.0,99.95362856480408,99.95362856480408,26.362160908880128,0,0.0050450910832418,0.020775649031394,6.491856666058368,0.0205229375364837,0.1797418134600397,0.0038784795161164,0.0545749009337441,0.3025698862715593,2.3406393077937047,0.5630532680996291,41.13509377739244,21.680090055256183,2.7341427680803685,0.6254856934942353,76.80998407314664,22.48803608999537,1778.4952998536678,20.0,4.0,831.0,10.0,172.0,1014.4286222325396,12.0,1.706031548037472,0.2853046459833219,34.73056924001846,20.127382322762205,2.558974954641588,0.6909326646868627,56.02099750345414,22.286721916623485,1,1,1,1,1,1,1,1,0.2417316062221008,0.0438218851428955,8.109060475442222,10.52009441301329,0.0,0.0,0.0,0.0,0.0,0.0,0.0,0.0,0.0,0.0,0.0,0.0,0.0,0.0,0.0,0.0,0.5795426697664994,0.3360653135514965,39.98964540558834,30.802693033998263,0.0,0.0,0.0,0.0,0.0,0.0,0.0,0.0,0.3358697060800817,0.1129398949724656,1599.1717396646927,948.8058981467252,0.0,1
0.0042534921918802,0.0482319230528116,87.04263670760929,0.0027232684336766,0.000790426639492,0.1757101760199648,52.8096710942184,6.466437713866313,1.9643853610159343,0.6096094082327714,256.6745270297806,36.436176047390894,3.8460351599815454,1.0485054936831115,533.2703105372865,85.04211828006983,2.686125214635886,0.7497582037567122,397.9266516918051,62.66019889402543,2.0,498.0,833.0837438176195,805.8834974992358,63.5,280.0,2541.1414229714023,2.0,99.95362856480408,99.69858567122652,62.55506607929515,0,0.0078657122400689,0.0482319230528116,87.04263670760929,0.0027232684336766,0.000790426639492,0.1757101760199648,52.8096710942184,6.466437713866313,1.8791663004536632,0.6096094082327714,256.6745270297806,36.436176047390894,3.8460351599815454,1.0485054936831115,533.2703105372865,85.04211828006983,2.0,498.0,833.0837438176195,805.8834974992358,122.0,280.0,2541.1414229714023,2.0,1.486956742543286,0.283297567294403,213.81206218612184,30.071458888053613,2.4094109494370906,0.7234227132689249,354.98218399114603,46.07025142627604,2,1,1,1,1,1,1,1,0.5707124488546532,0.0698050903167935,46.6985550293635,11.088565637753932,0.0036122200481887,0.0,0.0,0.0,0.0,0.0,0.0,0.0,0.0852190605622712,0.0,0.0,0.0,0.0,0.0,0.0,0.0,1.306468662594675,0.3112589086184062,166.05397903622085,41.09626956642279,0.0,0.0,0.0,0.0,58.5,0.0,0.0,0.0,1.706860366341919,0.0968821081943213,27573.92395376168,1688.903372276088,0.0,0
0.3732640061849004,0.040323120264863,1.5986418162264329,0.311673379855268,0.0026129545318298,0.0007473909031603,0.5217605778824463,0.011679839719747,0.9520276175477544,0.5793421526095961,173.1076790094823,26.97759214921508,1.4313758722918275,1.1055466524501043,281.3312356114923,40.618506523402594,1.2107517631642235,0.8678534121200635,229.99325759501704,45.333276659777695,4.0,2.0,2.0,4.0,1983.7434571624383,184.0,126.0,62.0,88.12891258984466,88.12891258984466,55.29793647113378,0,0.3732640061849004,0.040323120264863,1.5986418162264329,0.311673379855268,0.0026129545318298,0.0007473909031603,0.5217605778824463,0.011679839719747,0.9520276175477544,0.5793421526095961,173.1076790094823,26.97759214921508,1.4313758722918275,1.1055466524501043,281.3312356114923,40.618506523402594,4.0,2.0,2.0,4.0,1983.7434571624383,184.0,126.0,62.0,0.7974188640113125,0.2504736739342554,127.60527293212368,22.147586478332787,1.103285649899542,0.9199877691567248,203.63953138602847,32.8043978861045,1,1,1,1,1,1,1,1,0.160629131104565,0.0688097352768227,26.382255214404243,14.881604835409302,0.0,0.0,0.0,0.0,0.0,0.0,0.0,0.0,0.0,0.0,0.0,0.0,0.0,0.0,0.0,0.0,0.523090642754538,0.3772853726818724,115.25789876376724,45.1414546407318,0.0,0.0,0.0,0.0,0.0,0.0,0.0,0.0,0.2736238205373556,0.1423442524396993,13284.383227438817,2037.7509270812463,0.0,1
0.0021581287297984,0.0020465484153227,5.696102956690368,0.009775013725175,0.0057587147381621,0.0006897038428737,0.0238341102967751,0.0326911671659786,1.5086246740235714,1.0123513395501105,332.2648825932768,78.56205374116848,1.764009478025597,1.2679568211837422,363.6164514765216,111.8579824365312,1.7890662299671105,1.0970935491035545,360.8850833475811,102.51323698485815,38.0,12.0,2.0,2.0,18.0,2.0,866.8971260161279,2.0,45.235335033619286,45.235335033619286,52.863436123348016,0,0.0021581287297984,0.0020465484153227,5.696102956690368,0.009775013725175,0.0057587147381621,0.0006897038428737,0.0238341102967751,0.0326911671659786,1.5086246740235714,1.0123513395501105,332.2648825932768,78.56205374116848,1.764009478025597,1.2679568211837422,363.6164514765216,111.8579824365312,38.0,12.0,2.0,2.0,18.0,2.0,866.8971260161279,2.0,1.309229688516966,0.4302023639154479,293.5050052823374,67.73624854188404,1.6484015704444956,1.1588120013417158,353.21971441412137,99.5622153765257,1,1,1,1,1,1,1,1,0.2076423984339782,0.0669369246993611,14.35530653490469,14.302942836825716,0.0,0.0,0.0,0.0,0.0,0.0,0.0,0.0,0.0,0.0,0.0,0.0,0.0,0.0,0.0,0.0,0.5675337738052606,0.3663780527764791,59.14573241961369,44.46894849260707,0.0,0.0,0.0,0.0,0.0,0.0,0.0,0.0,0.3220945844096407,0.1342328775562845,3498.2176634525413,1977.4873800381408,0.0,1
0.0013542928438603,0.0010047410095289,2.506443700382249,1.310035014351662,0.003304034996884,0.1180125463692441,0.6879091652358511,38.09240029508307,1.62442138537308,0.691230161222312,70.01842378786577,26.372055602872518,2.9516913205552626,0.8255709925051982,450.03148584661983,72.74758177012933,2.275297890532549,0.7990634554763546,259.3040710637175,75.98794408071407,38.0,1910.987276486459,2.0,1688.3520057511032,12.130984609002894,14.0,412.0,410.0,86.62184094597728,86.62184094597728,65.49965221423602,0,0.0013689571365165,0.0010047410095289,2.506443700382249,1.310035014351662,0.003304034996884,0.1180125463692441,0.6879091652358511,38.09240029508307,1.5439592023758533,0.691230161222312,70.01842378786577,26.372055602872518,2.9516913205552626,0.8255709925051982,450.03148584661983,72.74758177012933,38.0,1910.987276486459,2.0,1688.3520057511032,20.261969218005788,14.0,412.0,410.0,1.2796240997864514,0.3629884238517583,59.26664795890506,22.38920595709548,2.241706903875972,0.7542770436152322,112.5761328470394,33.32618451630779,2,1,1,1,1,1,1,1,0.2908878913119145,0.2141109486638127,256.42767918895845,70.1974246850069,1.4664292656174638e-05,0.0,0.0,0.0,0.0,0.0,0.0,0.0,0.0804621829972266,0.0,0.0,0.0,0.0,0.0,0.0,0.0,0.6946448037600143,0.4129552984532358,414.270383893108,112.90675306159756,0.0,0.0,0.0,0.0,8.130984609002894,0.0,0.0,0.0,0.4825314033907887,0.1705320785206011,171619.9509709431,12747.93488691257,0.0,1
0.000263572021069,0.2351051767872127,0.5837038980904481,0.3277216287684865,0.0006528117252968,0.0006455647370862,0.1955356129965366,0.0550110518520909,2.831830371750655,0.8315594137328219,415.70212570556765,72.67468416326253,3.321932424256444,1.3615572280405273,645.2323274493765,132.59610685453578,3.092849997294847,1.0192200743465294,495.5910551902542,99.90483408816772,2.0,2.0,2.0,6.0,6.0,604.0,6.0,22.0,51.49547878506839,51.49547878506839,52.237421748203104,0,0.000263572021069,0.2351051767872127,0.5837038980904481,0.3277216287684865,0.0006528117252968,0.0006455647370862,0.1955356129965366,0.0550110518520909,2.831830371750655,0.8315594137328219,415.70212570556765,72.67468416326253,3.321932424256444,1.3615572280405273,645.2323274493765,132.59610685453578,2.0,2.0,2.0,6.0,6.0,604.0,6.0,22.0,2.3122929926121496,0.2907825173794522,314.2356038391074,51.57194202814378,3.0614290391150725,1.11458371790494,478.5595020436814,93.08303122957392,1,1,1,1,1,1,1,1,0.2487159394430796,0.0851523289051432,39.665308681595576,15.11663462485878,0.0,0.0,0.0,0.0,0.0,0.0,0.0,0.0,0.0,0.0,0.0,0.0,0.0,0.0,0.0,0.0,0.5117078538266786,0.4448288896878556,123.47711825156176,35.79663781552314,0.0,0.0,0.0,0.0,0.0,0.0,0.0,0.0,0.2618449276679055,0.1978727411009304,15246.598731710166,1281.3992788957414,0.0,1
0.0013061942271037,0.3710573909052701,10.741600634816791,0.4409585454863531,0.1054417908334439,0.3850319346335138,67.44432653660499,5.280297807069502,3.31176768410609,0.9352383029867368,754.0192035030055,172.04588146463254,4.645948967843773,1.56051959496236,896.788392219562,208.11302241105565,4.145645026706851,1.2028770965490048,846.20434025596,197.6279953970665,200.0,827.2111723662086,1637.724205103851,350.0,2.0,737.0,824.8645132318584,8.0,84.72061210294459,84.72061210294459,53.83723626246232,0,0.0013061942271037,0.3710573909052701,10.741600634816791,0.4409585454863531,0.1054417908334439,0.3850319346335138,67.44432653660499,5.280297807069502,3.31176768410609,0.9352383029867368,754.0192035030055,172.04588146463254,4.645948967843773,1.56051959496236,896.788392219562,208.11302241105565,200.0,827.2111723662086,1637.724205103851,350.0,2.0,737.0,824.8645132318584,8.0,2.606973684031145,0.4085725058944269,661.2902940485685,130.82453851670252,4.135529442420447,1.2554244712174911,806.3767964455548,187.8044968843112,1,1,1,1,1,1,1,1,0.2881819984184536,0.076152148333242,66.08562923620597,26.03899231485957,0.0,0.0,0.0,0.0,0.0,0.0,0.0,0.0,0.0,0.0,0.0,0.0,0.0,0.0,0.0,0.0,0.9304797384388024,0.5147260827997764,219.77160136384728,71.60647091564907,0.0,0.0,0.0,0.0,0.0,0.0,0.0,0.0,0.865792543645142,0.2649429403144023,48299.5567660298,5127.486676993695,0.0,1
0.0034619932127633,0.3774440264316687,3.541146408332054,0.005731411502694,0.3024527785918081,0.0402130887908254,119.13497301055298,15.864062593077849,2.519054004824151,1.112116721161478,279.3854724241228,75.67582574337783,3.3173125572818174,1.6120429601288888,471.46174649445135,96.09606720027212,3.1491975251462025,1.378017439373382,395.3378704673414,98.32177937930255,949.2474157085244,572.0,2014.167429908596,1098.7004596030583,6.5,757.6840242214923,386.0,2.0,96.7308138186877,96.7308138186877,53.02573614653373,0,0.0046451218103555,0.3774440264316687,3.541146408332054,0.005731411502694,0.6033416761757517,0.0402130887908254,119.13497301055298,15.864062593077849,2.446471959730591,1.112116721161478,279.3854724241228,75.67582574337783,3.4671881504465114,1.6120429601288888,471.46174649445135,96.09606720027212,1895.4948314170488,572.0,2014.167429908596,1098.7004596030583,7.0,757.6840242214923,386.0,2.0,2.1244487111624117,0.5774523743380878,221.8115021287949,59.75365153972616,2.9052606462421786,1.5094426510946162,357.53948871082275,84.23394810782669,2,1,1,1,2,1,1,1,0.4075503522949262,0.0725176976116475,50.46843807030659,20.96072007876904,0.0011831285975922,0.0,0.0,0.0,0.3008888975839436,0.0,0.0,0.0,0.0725820450935601,0.0,0.0,0.0,0.1498755931646938,0.0,0.0,0.0,0.9439046475447656,0.4288217207893299,163.18720499944118,48.27153474779349,946.2474157085244,0.0,0.0,0.0,0.5,0.0,0.0,0.0,0.890955983656608,0.183888068220722,26630.06387552964,2330.1410669074344,0.0,0
0.0258395619259683,0.0812893434224473,0.4851205616218408,0.6784522043942474,0.0112850178797185,0.167438865335783,0.4365220875345841,4.12400367518066,2.3155226941768565,1.0285680752027893,168.92610678124467,74.95380081745444,3.305078927538688,1.31713075939485,238.3056844026017,125.30504088820896,2.8464497332133307,1.1834750771895042,212.7016610043122,105.55388449959035,64.0,921.0,6.0,122.0,87.73283897763626,340.0,19.0,384.0,67.21539531648504,67.21539531648504,52.74750753535822,0,0.0469393632592116,0.0812893434224473,0.8188389946319035,0.6784522043942474,0.0207864116384635,0.167438865335783,0.8500412024654338,4.12400367518066,2.276390992878723,1.0285680752027893,168.1958231182291,74.95380081745444,3.384384048001801,1.31713075939485,253.6030853041408,125.30504088820896,120.0,921.0,10.0,122.0,151.46567795527253,340.0,34.0,384.0,1.2334813632858692,0.5944429845878894,109.32650692740748,65.72085235039002,2.849242916653391,1.2144568708590244,194.10479552711865,86.9019859175329,2,1,2,1,2,1,2,1,0.3789913132077729,0.0695978329742331,46.97746233643836,12.817609940802203,0.0210998013332432,0.0,0.3337184330100626,0.0,0.0095013937587449,0.0,0.4135191149308497,0.0,0.0391317012981335,0.0,0.7302836630155696,0.0,0.079305120463113,0.0,15.297400901539064,0.0,0.8651014075126616,0.3501033528406501,111.75023188396656,48.18350040514645,56.0,0.0,4.0,0.0,63.73283897763626,0.0,15.0,0.0,0.7484004452803883,0.1225723576702647,12488.114326120292,2321.6497112927486,0.0,0
0.1917769105726696,0.2136466242528039,0.3683648854831176,0.0224844102869354,0.0328865148354564,0.0117299425716232,6.044851381679109,0.577372555800082,2.1625623419219817,1.0986701167140165,321.64282691002785,107.0559207887166,3.042950237797567,1.4635958702261205,638.2637198326928,169.52934795919816,2.564453028528186,1.197275762967121,497.99336902665584,134.23034980348012,160.0,58.0,154.0,68.0,1169.0086786578522,648.7051743377015,74.0,2.0,88.29121261303038,88.29121261303038,54.95015070716439,0,0.3812297403640361,0.2136466242528039,0.3683648854831176,0.0224844102869354,0.0328865148354564,0.0117299425716232,6.044851381679109,0.577372555800082,2.1052391980198357,1.0986701167140165,321.64282691002785,107.0559207887166,3.042950237797567,1.4635958702261205,638.2637198326928,169.52934795919816,160.0,58.0,154.0,68.0,2334.0173573157044,648.7051743377015,74.0,2.0,1.730232454808438,0.6237930304584125,299.5309785568951,88.99518135796121,2.468183993050042,1.274514917103024,486.1384428971925,124.63189949057974,2,1,1,1,1,1,1,1,0.3046789485834967,0.0592260030836588,33.72875118275811,17.445415897545978,0.1894528297913664,0.0,0.0,0.0,0.0,0.0,0.0,0.0,0.0573231439021466,0.0,0.0,0.0,0.0,0.0,0.0,0.0,0.7934224831366629,0.3301814435762207,142.90872663188424,72.22678412340892,0.0,0.0,0.0,0.0,1165.0086786578522,0.0,0.0,0.0,0.6295192367467481,0.109019785682077,20422.90414754661,5216.708344809515,0.0,0
