Number of peaks RSAM VRBA,Avg Prominence RSAM VRBA,Max Prominence RSAM VRBA,Std Prominence RSAM VRBA,Avg h Width RSAM VRBA,Max h Width RSAM VRBA,Std h Width RSAM VRBA,Avg RSAM peak RSAM VRBA,Max RSAM peak RSAM VRBA,Std RSAM peak RSAM VRBA,Number of drops RSAM VRBA,Avg Drop Depth RSAM VRBA,Max Drop Depth RSAM VRBA,Std Drop Depth RSAM VRBA,Avg l Width RSAM VRBA,Max l Width RSAM VRBA,Std l Width RSAM VRBA,Avg RSAM drop RSAM VRBA,Max RSAM drop RSAM VRBA,Std RSAM drop RSAM VRBA,Quantile Changes RSAM VRBA,Number of peaks DSAR VRBA,Avg Prominence DSAR VRBA,Max Prominence DSAR VRBA,Std Prominence DSAR VRBA,Avg h Width DSAR VRBA,Max h Width DSAR VRBA,Std h Width DSAR VRBA,Avg RSAM peak DSAR VRBA,Max RSAM peak DSAR VRBA,Std RSAM peak DSAR VRBA,Number of drops DSAR VRBA,Avg Drop Depth DSAR VRBA,Max Drop Depth DSAR VRBA,Std Drop Depth DSAR VRBA,Avg l Width DSAR VRBA,Max l Width DSAR VRBA,Std l Width DSAR VRBA,Avg RSAM drop DSAR VRBA,Max RSAM drop DSAR VRBA,Std RSAM drop DSAR VRBA,Quantile Changes DSAR VRBA,Number of peaks RSAM VORI,Avg Prominence RSAM VORI,Max Prominence RSAM VORI,Std Prominence RSAM VORI,Avg h Width RSAM VORI,Max h Width RSAM VORI,Std h Width RSAM VORI,Avg RSAM peak RSAM VORI,Max RSAM peak RSAM VORI,Std RSAM peak RSAM VORI,Number of drops RSAM VORI,Avg Drop Depth RSAM VORI,Max Drop Depth RSAM VORI,Std Drop Depth RSAM VORI,Avg l Width RSAM VORI,Max l Width RSAM VORI,Std l Width RSAM VORI,Avg RSAM drop RSAM VORI,Max RSAM drop RSAM VORI,Std RSAM drop RSAM VORI,Quantile Changes RSAM VORI,Number of peaks DSAR VORI,Avg Prominence DSAR VORI,Max Prominence DSAR VORI,Std Prominence DSAR VORI,Avg h Width DSAR VORI,Max h Width DSAR VORI,Std h Width DSAR VORI,Avg RSAM peak DSAR VORI,Max RSAM peak DSAR VORI,Std RSAM peak DSAR VORI,Number of drops DSAR VORI,Avg Drop Depth DSAR VORI,Max Drop Depth DSAR VORI,Std Drop Depth DSAR VORI,Avg l Width DSAR VORI,Max l Width DSAR VORI,Std l Width DSAR VORI,Avg RSAM drop DSAR VORI,Max RSAM drop DSAR VORI,Std RSAM drop DSAR VORI,Quantile Changes DSAR VORI,Coverage Percentage VRBA,Coverage Percentage VORI RSAM,Coverage Percentage VORI DSAR
1,0.09362757698359303,0.09362757698359303,0.0,2.0,2.0,0.0,103.25882474163232,103.25882474163232,0.0,1,17.39259670776316,17.39259670776316,0.0,2274.193614752766,2274.193614752766,0.0,61.04085981817657,61.04085981817657,0.0,10.544625365807342,1,0.0004954728720560908,0.0004954728720560908,0.0,2.0,2.0,0.0,0.7819663378576516,0.7819663378576516,0.0,1,0.2754988988400966,0.2754988988400966,0.0,3186.8583295816893,3186.8583295816893,0.0,0.506467439017555,0.506467439017555,0.0,0.05477768290543868,1,47.583920096768566,47.583920096768566,0.0,479.86848018748606,479.86848018748606,0.0,896.2323732030355,896.2323732030355,0.0,1,115.44973990908989,115.44973990908989,0.0,2464.3100759821596,2464.3100759821596,0.0,412.63472400137766,412.63472400137766,0.0,67.11459608354207,1,0.8931536678946808,0.8931536678946808,0.0,3516.246528380206,3516.246528380206,0.0,3.887419938374718,3.887419938374718,0.0,2,0.0019039321225027273,0.002919932690180982,0.0010160005676782546,4.0,4.0,0.0,2.8666269838584872,2.767892502943111,0.09873448091537629,0.3638958364669105,78.20542545791793,99.97681428240203,99.97681428240203
1,0.20038725534874402,0.20038725534874402,0.0,14.0,14.0,0.0,46.93571486744203,46.93571486744203,0.0,1,16.09502418050489,16.09502418050489,0.0,2948.4142327959385,2948.4142327959385,0.0,26.654988527498904,26.654988527498904,0.0,4.963846139905434,2,0.03894118909156269,0.0775955219980653,0.03865433290650261,1007.8393008373064,2007.6786016746128,999.8393008373064,0.6993760148704065,0.7276472772862098,0.0282712624158033,1,0.00030321860243043286,0.00030321860243043286,0.0,2.0,2.0,0.0,0.5454153434006608,0.5454153434006608,0.0,0.02858391210999571,1,1.8727720583797804,1.8727720583797804,0.0,84.0,84.0,0.0,403.1518052246691,403.1518052246691,0.0,1,214.31795957873464,214.31795957873464,0.0,3131.178082565211,3131.178082565211,0.0,171.1169561078636,171.1169561078636,0.0,30.121363497724307,1,0.20401886203581032,0.20401886203581032,0.0,2102.9034318305485,2102.9034318305485,0.0,3.1563133748059067,3.1563133748059067,0.0,2,0.001918506841209533,0.0021355389521766632,0.00021703211096713027,15.0,18.0,3.0,2.5785006754336504,2.561874403624469,0.016626271809181414,0.299633528085019,99.90725712960817,99.97681428240203,99.97681428240203
1,13.734229937662455,13.734229937662455,0.0,1748.0076361907923,1748.0076361907923,0.0,64.36792153330096,64.36792153330096,0.0,1,0.28854869150589835,0.28854869150589835,0.0,210.0,210.0,0.0,24.64408321322021,24.64408321322021,0.0,7.130101029351505,1,0.02179559717518542,0.02179559717518542,0.0,244.0,244.0,0.0,1.0084322389361327,1.0084322389361327,0.0,1,0.09146054506399481,0.09146054506399481,0.0,1813.1163994335532,1813.1163994335532,0.0,0.48823622364060637,0.48823622364060637,0.0,0.0808835224246992,1,206.8267838500338,206.8267838500338,0.0,2391.2477633901935,2391.2477633901935,0.0,610.074643886494,610.074643886494,0.0,1,19.922260667183394,19.922260667183394,0.0,1369.1680729859236,1369.1680729859236,0.0,175.35449448529127,175.35449448529127,0.0,38.49317396560873,1,0.003936272152162079,0.003936272152162079,0.0,4.0,4.0,0.0,3.466364909802932,3.466364909802932,0.0,1,0.01581848547836917,0.01581848547836917,0.0,34.0,34.0,0.0,1.9814080080930925,1.9814080080930925,0.0,0.3746223698165051,86.57546951078136,99.95362856480408,99.95362856480408
1,10.872211240298682,10.872211240298682,0.0,2038.115177935761,2038.115177935761,0.0,59.69579762009985,59.69579762009985,0.0,2,2.1198232348598154,4.105822018497719,1.9859987836379034,1009.4388949191164,1860.8777898382327,851.4388949191164,41.81962773996468,40.59569029547448,1.223937444490197,20.51804777362337,1,0.201381467798306,0.201381467798306,0.0,2764.499174620696,2764.499174620696,0.0,0.7130776932875051,0.7130776932875051,0.0,1,0.06693651428348657,0.06693651428348657,0.0,2199.078787470927,2199.078787470927,0.0,0.5108476632992685,0.5108476632992685,0.0,0.07162386048558081,1,0.6657080913436175,0.6657080913436175,0.0,6.0,6.0,0.0,365.0279970064977,365.0279970064977,0.0,2,34.1061524678594,63.02729674535681,28.921144277497405,1437.7243277174157,2769.4486554348314,1331.7243277174157,302.87845184388874,298.1788378491998,4.699613994688946,54.540377350845006,1,0.0012416554345726638,0.0012416554345726638,0.0,4.0,4.0,0.0,4.068861447382215,4.068861447382215,0.0,1,0.7259052477807937,0.7259052477807937,0.0,3983.4338979101663,3983.4338979101663,0.0,3.2374478748097637,3.2374478748097637,0.0,0.39079836162186693,99.74495710642243,99.95362856480408,99.95362856480408
1,9.229466103121915,9.229466103121915,0.0,1838.430004168142,1838.430004168142,0.0,70.37265177938212,70.37265177938212,0.0,1,0.029676081260447518,0.029676081260447518,0.0,2.0,2.0,0.0,38.97119148497348,38.97119148497348,0.0,7.907573709067935,1,0.4530159434064863,0.4530159434064863,0.0,3273.903873481707,3273.903873481707,0.0,0.887468950070629,0.887468950070629,0.0,1,0.04025412162285075,0.04025412162285075,0.0,460.0,460.0,0.0,0.43445300666414266,0.43445300666414266,0.0,0.0732537273773971,1,53.17029163251459,53.17029163251459,0.0,3009.608012903458,3009.608012903458,0.0,329.2281912120484,329.2281912120484,0.0,1,2.2751630011707675,2.2751630011707675,0.0,202.0,202.0,0.0,102.7455303378172,102.7455303378172,0.0,25.359549736824924,1,0.21621440714457751,0.21621440714457751,0.0,1579.1294684718823,1579.1294684718823,0.0,3.8906168566675436,3.8906168566675436,0.0,1,0.0007008249481850193,0.0007008249481850193,0.0,2.0,2.0,0.0,2.178632331724621,2.178632331724621,0.0,0.29406130071696535,88.29121261303038,99.95362856480408,99.95362856480408
1,0.028094844070430725,0.028094844070430725,0.0,28.0,28.0,0.0,49.77875983855209,49.77875983855209,0.0,1,0.8407966865465148,0.8407966865465148,0.0,196.0,196.0,0.0,25.575927607354352,25.575927607354352,0.0,12.774504168729093,1,0.07569762968547777,0.07569762968547777,0.0,2960.35309346023,2960.35309346023,0.0,0.48745453969074876,0.48745453969074876,0.0,1,0.014938319566792202,0.014938319566792202,0.0,220.0,220.0,0.0,0.2886367815217691,0.2886367815217691,0.0,0.03567824950252526,1,0.3691843750514181,0.3691843750514181,0.0,2.0,2.0,0.0,319.6796904426427,319.6796904426427,0.0,1,0.0008495240712136365,0.0008495240712136365,0.0,2.0,2.0,0.0,114.63679278053547,114.63679278053547,0.0,37.44019077714986,2,0.022583603194555657,0.04306467896267652,0.02048107576812086,99.49259640020045,196.9851928004009,97.49259640020045,4.166236373113952,4.357772911378261,0.19153653826430928,2,0.0027089095044821043,0.005354931541161623,0.0026460220366795184,6.0,6.0,0.0,2.804337654567105,2.69708563814693,0.10725201642017468,0.4404842946606984,97.26408532344077,99.95362856480408,99.95362856480408
2,0.20750783114752736,0.4149220417217734,0.20741421057424603,167.8716735716971,333.7433471433942,165.8716735716971,37.67626288737979,38.325990001147815,0.6497271137680194,1,0.007687323010344471,0.007687323010344471,0.0,14.0,14.0,0.0,24.071483884288366,24.071483884288366,0.0,5.010414246367969,1,0.04708408434866146,0.04708408434866146,0.0,3384.699213032947,3384.699213032947,0.0,0.48167046760096655,0.48167046760096655,0.0,1,0.020137348780750186,0.020137348780750186,0.0,390.0,390.0,0.0,0.3937829735966451,0.3937829735966451,0.0,0.033456270685834996,1,32.619711021722054,32.619711021722054,0.0,1637.5330435101607,1637.5330435101607,0.0,275.6557462087819,275.6557462087819,0.0,1,0.9109117666487236,0.9109117666487236,0.0,38.0,38.0,0.0,176.8682250740043,176.8682250740043,0.0,32.1313478082833,1,0.4917020727545083,0.4917020727545083,0.0,3841.7084906300797,3841.7084906300797,0.0,4.59043953034611,4.59043953034611,0.0,1,0.1646590875474736,0.1646590875474736,0.0,717.1322508167418,717.1322508167418,0.0,4.061789499375882,4.061789499375882,0.0,0.4421740068474825,98.60885694412242,99.95362856480408,99.95362856480408
1,1.2027662106866757,1.2027662106866757,0.0,360.0,360.0,0.0,32.59816030703719,32.59816030703719,0.0,1,0.09450583478516705,0.09450583478516705,0.0,152.0,152.0,0.0,23.66412155696359,23.66412155696359,0.0,6.672369947512136,1,0.2664487323686951,0.2664487323686951,0.0,1957.275585823332,1957.275585823332,0.0,0.5627898222073936,0.5627898222073936,0.0,1,0.001093134862513001,0.001093134862513001,0.0,6.0,6.0,0.0,0.2609134935984962,0.2609134935984962,0.0,0.03095284586769173,1,79.05996694426457,79.05996694426457,0.0,2533.8039333110924,2533.8039333110924,0.0,179.02509308775865,179.02509308775865,0.0,1,4.482429659931427,4.482429659931427,0.0,318.0,318.0,0.0,95.05254646821928,95.05254646821928,0.0,18.404690305398823,1,0.00017042147894841264,0.00017042147894841264,0.0,2.0,2.0,0.0,3.7341853060459362,3.7341853060459362,0.0,1,0.614784319161588,0.614784319161588,0.0,3062.89601533274,3062.89601533274,0.0,3.0030051194675904,3.0030051194675904,0.0,0.32016758984751337,72.77996753999535,99.95362856480408,99.95362856480408
1,0.23433691082156827,0.23433691082156827,0.0,52.0,52.0,0.0,63.46818467080417,63.46818467080417,0.0,2,4.181565014386518,7.5018707596055165,3.320305745218999,1914.170355113228,3372.7739825952613,1458.6036274820333,44.30437568084904,43.0074503272307,1.2969253536183416,6.101175613566432,1,0.3390191417346873,0.3390191417346873,0.0,3633.887703272596,3633.887703272596,0.0,0.8813408760072694,0.8813408760072694,0.0,1,0.0887152827283928,0.0887152827283928,0.0,991.0470047476902,991.0470047476902,0.0,0.5251581988251701,0.5251581988251701,0.0,0.052041966455443,1,3.5253669776420793,3.5253669776420793,0.0,94.0,94.0,0.0,616.2024207558957,616.2024207558957,0.0,1,45.90484980660915,45.90484980660915,0.0,1433.593649984181,1433.593649984181,0.0,435.1306402665398,435.1306402665398,0.0,37.9690285891157,1,0.004967955941684643,0.004967955941684643,0.0,4.0,4.0,0.0,3.2596811981060902,3.2596811981060902,0.0,1,0.45037946898070036,0.45037946898070036,0.0,2897.49092319088,2897.49092319088,0.0,2.370972781059602,2.370972781059602,0.0,0.32547945139103546,99.95362856480408,99.95362856480408,99.95362856480408
1,1.471861328800756,1.471861328800756,0.0,1257.1869707052476,1257.1869707052476,0.0,33.815501193158156,33.815501193158156,0.0,1,1.3627038819452437,1.3627038819452437,0.0,829.2202784089679,829.2202784089679,0.0,30.22732207741071,30.22732207741071,0.0,21.663485875828137,1,0.0776479704687747,0.0776479704687747,0.0,630.2830560742102,630.2830560742102,0.0,0.6725515252198668,0.6725515252198668,0.0,1,0.13143964572159733,0.13143964572159733,0.0,869.0,869.0,0.0,0.2797681948477285,0.2797681948477285,0.0,0.05110763299544254,1,10.745177377097875,10.745177377097875,0.0,510.8661259641499,510.8661259641499,0.0,129.98967491123193,129.98967491123193,0.0,2,18.21098270045723,30.135029252751067,11.924046552293838,2271.069238334696,3408.236710403014,1137.167472068318,88.62113417412291,84.33771183053894,4.283422343583986,69.36529260750017,1,0.17466619075401768,0.17466619075401768,0.0,2301.9027620743245,2301.9027620743245,0.0,3.1715115115559636,3.1715115115559636,0.0,1,0.22420399705284444,0.22420399705284444,0.0,2565.5841541628542,2565.5841541628542,0.0,2.847420510744186,2.847420510744186,0.0,0.3596554507482265,63.25063760723394,99.95362856480408,99.95362856480408
1,6.4204150732759615,6.4204150732759615,0.0,2639.436555379922,2639.436555379922,0.0,75.24897111686874,75.24897111686874,0.0,2,0.2795059458253526,0.40722886818696935,0.12772292236161675,28.5,42.0,13.5,48.882095134867114,43.37718377256311,5.504911362304011,21.81759263885059,1,0.005954070242397358,0.005954070242397358,0.0,52.0,52.0,0.0,0.7854450242747232,0.7854450242747232,0.0,1,0.01416598247549783,0.01416598247549783,0.0,88.0,88.0,0.0,0.2589071255323532,0.2589071255323532,0.0,0.12690230937045693,1,138.42296130796137,138.42296130796137,0.0,3030.1745764544103,3030.1745764544103,0.0,426.1255276948106,426.1255276948106,0.0,2,0.6730465118839533,1.1799302846739295,0.5068837727899762,6.5,8.0,1.5,190.63686330385417,162.1441166390479,28.49274666480629,98.03909992279661,2,0.43462563538668864,0.8679025955822373,0.4332769601955486,1259.5259319775264,2517.051863955053,1257.5259319775264,4.11537751885969,4.309568222116326,0.19419070325663634,2,0.07878323020862932,0.14833333066036536,0.06955010045173604,639.5634840461444,1225.1269680922887,585.5634840461444,2.8466578456609595,2.7988763383227373,0.04778150733822195,0.30400923888083753,97.75098539299792,99.95362856480408,99.95362856480408
0,0.0,0.0,0.0,0.0,0.0,0.0,0.0,0.0,0.0,0,0.0,0.0,0.0,0.0,0.0,0.0,0.0,0.0,0.0,37.91087995671397,0,0.0,0.0,0.0,0.0,0.0,0.0,0.0,0.0,0.0,0,0.0,0.0,0.0,0.0,0.0,0.0,0.0,0.0,0.0,0.05939502555435233,1,0.015327822812480463,0.015327822812480463,0.0,6.0,6.0,0.0,30.98437333010309,30.98437333010309,0.0,1,2.7320011925977816,2.7320011925977816,0.0,1176.143190370116,1176.143190370116,0.0,25.34598653223501,25.34598653223501,0.0,27.127543445949364,1,0.004780456153852697,0.004780456153852697,0.0,2.0,2.0,0.0,9.927474004302692,9.927474004302692,0.0,1,0.004434176808651102,0.004434176808651102,0.0,4.0,4.0,0.0,5.874817627923124,5.874817627923124,0.0,1.9479832446570986,0.0,86.06538372362624,86.57546951078136
0,0.0,0.0,0.0,0.0,0.0,0.0,0.0,0.0,0.0,0,0.0,0.0,0.0,0.0,0.0,0.0,0.0,0.0,0.0,15.275055710968433,0,0.0,0.0,0.0,0.0,0.0,0.0,0.0,0.0,0.0,0,0.0,0.0,0.0,0.0,0.0,0.0,0.0,0.0,0.0,0.0736200304454015,1,0.5031750952112333,0.5031750952112333,0.0,46.0,46.0,0.0,94.91940704859597,94.91940704859597,0.0,1,5.812087660633516,5.812087660633516,0.0,1494.9845689816889,1494.9845689816889,0.0,45.9988899103496,45.9988899103496,0.0,13.711592236007947,1,0.16741057736347242,0.16741057736347242,0.0,1079.1849826299162,1079.1849826299162,0.0,3.293949555237235,3.293949555237235,0.0,1,0.8289022234190431,0.8289022234190431,0.0,3301.793368524459,3301.793368524459,0.0,2.3219646512504313,2.3219646512504313,0.0,0.32538693792959833,0.0,99.95362856480408,99.95362856480408
1,9.076558376483703,9.076558376483703,0.0,2312.994858017285,2312.994858017285,0.0,35.53979971558889,35.53979971558889,0.0,1,11.267301415784267,11.267301415784267,0.0,2508.1347451407405,2508.1347451407405,0.0,23.56230627862459,23.56230627862459,0.0,6.492458627800561,1,0.11427475001778636,0.11427475001778636,0.0,3955.2750499833865,3955.2750499833865,0.0,0.49917926559304704,0.49917926559304704,0.0,1,0.0002988021379615735,0.0002988021379615735,0.0,10.0,10.0,0.0,0.3860340662744863,0.3860340662744863,0.0,0.042888237942577755,1,43.780553487038134,43.780553487038134,0.0,1799.0392870465676,1799.0392870465676,0.0,245.24092601560812,245.24092601560812,0.0,1,81.03302512074282,81.03302512074282,0.0,3126.745347619425,3126.745347619425,0.0,164.2079008948653,164.2079008948653,0.0,19.25994542816083,2,0.008497334226112763,0.012724755736276183,0.0042274215101634205,72.63546779250919,139.27093558501838,66.63546779250919,3.6037429331444506,3.6565792746585526,0.05283634151410199,1,0.42841955878973703,0.42841955878973703,0.0,2238.138680259436,2238.138680259436,0.0,2.3644160646240255,2.3644160646240255,0.0,0.3721035014092063,96.82355668907952,99.95362856480408,99.95362856480408
1,3.4659281627737073,3.4659281627737073,0.0,939.5229930739224,939.5229930739224,0.0,39.226531752134385,39.226531752134385,0.0,1,3.5796763394171762,3.5796763394171762,0.0,1803.6509010338805,1803.6509010338805,0.0,30.54723302250423,30.54723302250423,0.0,6.40561196544368,1,0.03467834842697104,0.03467834842697104,0.0,1649.0340977279898,1649.0340977279898,0.0,0.4804100223917707,0.4804100223917707,0.0,2,0.021970915848160133,0.03274322248951267,0.010772306641352536,1734.5272667773793,2940.1117838393784,1205.5845170619991,0.4368090582598058,0.43532840605469547,0.0014806522051103443,0.03252437878881689,1,25.037106481484443,25.037106481484443,0.0,1416.1041841060132,1416.1041841060132,0.0,241.29760027552015,241.29760027552015,0.0,1,29.866662713060748,29.866662713060748,0.0,1635.997919906235,1635.997919906235,0.0,177.31229466242678,177.31229466242678,0.0,30.896889503749037,2,0.15975669160422146,0.30567415491860217,0.1459174633143807,610.9390578119458,1199.8781156238915,588.9390578119458,3.757474260977982,3.8440270712092923,0.08655281023131023,1,0.4251149104606755,0.4251149104606755,0.0,1855.5311720851878,1855.5311720851878,0.0,2.6858382991444807,2.6858382991444807,0.0,0.5133352974398032,99.95362856480408,99.95362856480408,99.95362856480408
1,10.31997828392025,10.31997828392025,0.0,3364.8143714080347,3364.8143714080347,0.0,37.40494377839437,37.40494377839437,0.0,1,0.15951481118652566,0.15951481118652566,0.0,170.0,170.0,0.0,26.497478675161055,26.497478675161055,0.0,16.406620490608635,1,0.00017408450684486265,0.00017408450684486265,0.0,6.0,6.0,0.0,0.5226837456892062,0.5226837456892062,0.0,1,0.000255411642525738,0.000255411642525738,0.0,4.0,4.0,0.0,0.4185565590259773,0.4185565590259773,0.0,0.03155990817889228,1,17.967183386327633,17.967183386327633,0.0,2321.5465684677465,2321.5465684677465,0.0,99.87300252403017,99.87300252403017,0.0,1,1.3193257562265472,1.3193257562265472,0.0,269.77270911651,269.77270911651,0.0,66.21280130560032,66.21280130560032,0.0,75.16257056312148,1,0.06144127784658071,0.06144127784658071,0.0,1272.467305501145,1272.467305501145,0.0,2.94129231044003,2.94129231044003,0.0,1,0.265490726311548,0.265490726311548,0.0,2221.522465527066,2221.522465527066,0.0,2.5196844627696526,2.5196844627696526,0.0,0.5006727170349834,99.95362856480408,92.51101321585902,99.95362856480408
1,2.8764082077682644,2.8764082077682644,0.0,1186.9085166531845,1186.9085166531845,0.0,44.12552501836139,44.12552501836139,0.0,1,3.7937287481664725,3.7937287481664725,0.0,1544.5376473443362,1544.5376473443362,0.0,32.04748582784168,32.04748582784168,0.0,7.7026954668608445,2,0.03859815847826753,0.0767415367492239,0.038143378270956374,1683.3066291264433,3356.6132582528867,1673.3066291264433,0.60117893961864,0.6102393663122168,0.009060426693576762,1,0.0008077962878214606,0.0008077962878214606,0.0,14.0,14.0,0.0,0.516549737569765,0.516549737569765,0.0,0.030418659706287113,1,29.572645424566872,29.572645424566872,0.0,862.4708053872141,862.4708053872141,0.0,375.6688385399976,375.6688385399976,0.0,1,54.763044489442336,54.763044489442336,0.0,2615.5897560245053,2615.5897560245053,0.0,112.26098891037543,112.26098891037543,0.0,26.66957557305922,1,0.07927283091892212,0.07927283091892212,0.0,212.28935826364773,212.28935826364773,0.0,3.896734678097364,3.896734678097364,0.0,2,0.01866521159426382,0.03676533503120849,0.01810012343694467,63.0,124.0,61.0,2.9424300093794065,2.748942632868872,0.1934873765105345,0.3756978269997766,99.95362856480408,99.95362856480408,99.95362856480408
2,0.07150777475026615,0.13257148847502975,0.0610637137247636,25.5,49.0,23.5,33.9057434650729,35.14018260367399,1.2344391386010933,1,0.004860145852468634,0.004860145852468634,0.0,4.0,4.0,0.0,26.786855071992413,26.786855071992413,0.0,5.240557827858163,1,0.2105979749442466,0.2105979749442466,0.0,2822.1433617220428,2822.1433617220428,0.0,0.7811435477831759,0.7811435477831759,0.0,2,0.03567793815071624,0.06957976526474008,0.03390182711402384,721.5791720113111,1435.1583440226223,713.5791720113111,0.498778779793545,0.46768965420670616,0.03108912558683885,0.026222568214296412,1,14.794035319907039,14.794035319907039,0.0,680.0,680.0,0.0,370.4241119714345,370.4241119714345,0.0,2,0.07232331967405514,0.11764608975482815,0.04532277008077301,5.0,6.0,1.0,267.7058717761033,237.67459048765863,30.03128128844469,31.84724961876651,2,0.0010182043327395807,0.001681853778036313,0.0006636494452967323,3.5,5.0,1.5,2.5424431315610354,2.8697076225039058,0.32726449094287013,2,0.08980635319797181,0.17910404052797424,0.08929768733000243,1047.4043224390086,2091.8086448780173,1044.4043224390086,1.6036101673523828,1.5611958549970824,0.042414312355300354,0.2538983693818365,99.95362856480408,99.95362856480408,99.95362856480408
1,4.006661491400244,4.006661491400244,0.0,2308.7962813544837,2308.7962813544837,0.0,47.78075086428364,47.78075086428364,0.0,1,1.3967503126160707,1.3967503126160707,0.0,907.1294387766359,907.1294387766359,0.0,36.11553036906455,36.11553036906455,0.0,16.28001940955697,2,0.08458459727688905,0.16904961363850224,0.08446501636161319,1402.3196711498479,2800.6393422996957,1398.3196711498479,0.7044502772309721,0.7613066551731287,0.05685637794215659,1,0.0006449425966962297,0.0006449425966962297,0.0,16.0,16.0,0.0,0.5577503375752525,0.5577503375752525,0.0,0.05022060481119808,2,1.7824006550656577,2.260884394939353,0.4784837398736954,22.675422252708586,33.35084450541717,10.675422252708586,529.9713286738468,551.9253060752433,21.95397740139657,1,43.092187044301795,43.092187044301795,0.0,1840.382948244163,1840.382948244163,0.0,338.6916232240966,338.6916232240966,0.0,50.03947096185328,1,0.02712305626896594,0.02712305626896594,0.0,82.0,82.0,0.0,4.5066454450838185,4.5066454450838185,0.0,1,0.19795028828925343,0.19795028828925343,0.0,1776.2072836919058,1776.2072836919058,0.0,2.4705612523097695,2.4705612523097695,0.0,0.3637569713058838,99.95362856480408,99.95362856480408,99.95362856480408
1,6.003355709378219,6.003355709378219,0.0,1897.5466944427626,1897.5466944427626,0.0,42.48781724880832,42.48781724880832,0.0,1,0.9033168920067141,0.9033168920067141,0.0,861.0,861.0,0.0,28.833909553503062,28.833909553503062,0.0,6.619466594940655,1,0.03709361957437496,0.03709361957437496,0.0,1651.8766964645993,1651.8766964645993,0.0,0.6458299106779695,0.6458299106779695,0.0,1,0.03304072599267438,0.03304072599267438,0.0,1346.4140761648505,1346.4140761648505,0.0,0.5556458732430233,0.5556458732430233,0.0,0.04275051036558651,1,122.4378594523534,122.4378594523534,0.0,1604.9064781884845,1604.9064781884845,0.0,435.9320623896955,435.9320623896955,0.0,1,71.36792384104339,71.36792384104339,0.0,1720.8363358937181,1720.8363358937181,0.0,160.45010912784275,160.45010912784275,0.0,61.84338830548665,1,0.38483633351863045,0.38483633351863045,0.0,2735.7876860828064,2735.7876860828064,0.0,2.7925733302566806,2.7925733302566806,0.0,1,0.15674568319604854,0.15674568319604854,0.0,1353.35433671225,1353.35433671225,0.0,2.2243652598193835,2.2243652598193835,0.0,1.8071136729056503,99.95362856480408,99.93044284720612,99.95362856480408
1,0.0254413288364006,0.0254413288364006,0.0,16.0,16.0,0.0,29.18736946498098,29.18736946498098,0.0,1,0.6078884414678356,0.6078884414678356,0.0,784.0893483391442,784.0893483391442,0.0,22.016279052597746,22.016279052597746,0.0,7.5660158024111555,1,0.03928223149686899,0.03928223149686899,0.0,1688.547107037506,1688.547107037506,0.0,0.5225748089489426,0.5225748089489426,0.0,1,0.00046459353872235765,0.00046459353872235765,0.0,4.0,4.0,0.0,0.445553416014625,0.445553416014625,0.0,0.02334836959881879,1,0.9244472501618759,0.9244472501618759,0.0,22.0,22.0,0.0,159.68699143955183,159.68699143955183,0.0,1,36.99900921199007,36.99900921199007,0.0,2230.808592940637,2230.808592940637,0.0,58.156725286813284,58.156725286813284,0.0,52.96543474124067,1,0.0026215317120819037,0.0026215317120819037,0.0,6.0,6.0,0.0,2.5241173950726346,2.5241173950726346,0.0,1,0.24891702037895458,0.24891702037895458,0.0,2329.845077397714,2329.845077397714,0.0,2.1850774751744835,2.1850774751744835,0.0,0.29347157157236575,94.22675631810804,99.95362856480408,99.95362856480408
1,0.8595058522532817,0.8595058522532817,0.0,1242.6100087733298,1242.6100087733298,0.0,25.509985751512993,25.509985751512993,0.0,1,0.8685515946580757,0.8685515946580757,0.0,1035.2622449145827,1035.2622449145827,0.0,24.606793715342544,24.606793715342544,0.0,27.11743614761879,1,0.083109251339551,0.083109251339551,0.0,3112.1526764558257,3112.1526764558257,0.0,0.5143316154966744,0.5143316154966744,0.0,1,0.083109251339551,0.083109251339551,0.0,772.0309107908635,772.0309107908635,0.0,0.4312223641571234,0.4312223641571234,0.0,0.039256320520375976,2,11.344965526001118,16.643364761101964,5.298399235100845,2168.250783925004,3457.501567850008,1289.250783925004,116.19343572530978,116.80175617221505,0.6083204469052674,1,0.032900186068253845,0.032900186068253845,0.0,2.0,2.0,0.0,63.39990413878939,63.39990413878939,0.0,76.2334973260919,2,0.0023446493067158514,0.002814946985963296,0.0004702976792474445,5.0,8.0,3.0,4.935509488811606,5.467706396264255,0.5321969074526489,2,0.15605444869721574,0.31162224567156205,0.1555677969743463,1441.0123642018098,2878.0247284036195,1437.0123642018098,3.2299122698183744,3.130027846168236,0.09988442365013839,0.9237333612739309,78.36772548110365,99.00301414328774,99.95362856480408
1,0.7293701669381996,0.7293701669381996,0.0,754.444181029917,754.444181029917,0.0,28.53349511949186,28.53349511949186,0.0,1,0.5214174396363696,0.5214174396363696,0.0,102.0,102.0,0.0,27.689018388978877,27.689018388978877,0.0,41.617354204498284,1,0.02343085958926061,0.02343085958926061,0.0,805.4097454482354,805.4097454482354,0.0,0.4816714519969295,0.4816714519969295,0.0,1,0.019776631282648227,0.019776631282648227,0.0,164.0,164.0,0.0,0.4555794412500286,0.4555794412500286,0.0,0.055209539752194975,1,0.006333359549913098,0.006333359549913098,0.0,2.0,2.0,0.0,100.32071052342383,100.32071052342383,0.0,1,0.6054830267306528,0.6054830267306528,0.0,790.0,790.0,0.0,26.40263339628833,26.40263339628833,0.0,55.59674548086182,1,0.01363236535065493,0.01363236535065493,0.0,2.0,2.0,0.0,7.950995776713157,7.950995776713157,0.0,1,0.40405544384101866,0.40405544384101866,0.0,1678.478578150336,1678.478578150336,0.0,3.4695860820365576,3.4695860820365576,0.0,0.7091056861050108,20.93670299095757,73.86969626709947,99.95362856480408
1,1.1240771541818084,1.1240771541818084,0.0,170.0,170.0,0.0,27.59713845475176,27.59713845475176,0.0,1,1.0761620092885202,1.0761620092885202,0.0,795.204431534406,795.204431534406,0.0,21.819019989376216,21.819019989376216,0.0,8.915793295841928,1,0.19843968709142779,0.19843968709142779,0.0,1564.5043698084257,1564.5043698084257,0.0,0.8582021797250705,0.8582021797250705,0.0,1,0.0013828416967630597,0.0013828416967630597,0.0,2.0,2.0,0.0,0.40103277713024954,0.40103277713024954,0.0,0.04570130124580294,1,1.2525130316136384,1.2525130316136384,0.0,396.0,396.0,0.0,47.16819501643616,47.16819501643616,0.0,1,16.365605255185336,16.365605255185336,0.0,3378.630485674771,3378.630485674771,0.0,27.037333409455677,27.037333409455677,0.0,9.095688146380308,1,4.766247021580854,4.766247021580854,0.0,2649.6762299212264,2649.6762299212264,0.0,11.017826316048144,11.017826316048144,0.0,1,0.17421956774186853,0.17421956774186853,0.0,845.0007630499426,845.0007630499426,0.0,4.064175094043966,4.064175094043966,0.0,1.027702089009582,66.65893809413402,99.95362856480408,99.95362856480408
1,2.0804767872872283,2.0804767872872283,0.0,3162.1692313157714,3162.1692313157714,0.0,29.56243304315361,29.56243304315361,0.0,1,0.0042102070168787975,0.0042102070168787975,0.0,2.0,2.0,0.0,23.95300929531978,23.95300929531978,0.0,7.97657281755879,1,0.14833405050120096,0.14833405050120096,0.0,3669.245482750479,3669.245482750479,0.0,0.820818447762128,0.820818447762128,0.0,1,0.0009158663168913339,0.0009158663168913339,0.0,6.0,6.0,0.0,0.6460918612859874,0.6460918612859874,0.0,0.03911824705579468,1,30.796252411684293,30.796252411684293,0.0,2151.5438199797036,2151.5438199797036,0.0,246.8405565307956,246.8405565307956,0.0,1,0.4123792186673825,0.4123792186673825,0.0,28.0,28.0,0.0,173.03428901347672,173.03428901347672,0.0,20.138471581104888,1,0.7092508828975452,0.7092508828975452,0.0,2632.3352188635245,2632.3352188635245,0.0,3.2094927844541963,3.2094927844541963,0.0,1,0.005118792078494749,0.005118792078494749,0.0,50.0,50.0,0.0,2.4097258989262382,2.4097258989262382,0.0,0.19805581747568282,99.95362856480408,99.95362856480408,99.95362856480408
1,0.43807337049825534,0.43807337049825534,0.0,884.0,884.0,0.0,26.52583952003165,26.52583952003165,0.0,2,1.0690807885923643,2.094710220851102,1.0256294322587376,1559.895433554796,3081.790867109592,1521.895433554796,23.895776394141365,23.492096321887324,0.40368007225404057,7.601645075290879,1,0.045684419819380095,0.045684419819380095,0.0,1442.342430850749,1442.342430850749,0.0,0.6563474159883905,0.6563474159883905,0.0,1,0.013633573850638847,0.013633573850638847,0.0,861.7492498828187,861.7492498828187,0.0,0.44135892348400974,0.44135892348400974,0.0,0.02975570396797387,1,0.025770332400185225,0.025770332400185225,0.0,2.0,2.0,0.0,185.4799464072035,185.4799464072035,0.0,2,8.61573881860393,13.780663703290884,5.164924884686954,1796.729787347095,3027.3027449780566,1230.5729576309616,147.24953260134907,145.5562577657962,1.6932748355528844,23.959337788938978,1,0.30633364119137196,0.30633364119137196,0.0,1994.7140353806794,1994.7140353806794,0.0,3.668926240956909,3.668926240956909,0.0,1,0.3352167422420331,0.3352167422420331,0.0,1953.7694233435918,1953.7694233435918,0.0,2.9463539354592116,2.9463539354592116,0.0,0.42711677047647595,99.95362856480408,99.95362856480408,99.95362856480408
1,0.7826350091942516,0.7826350091942516,0.0,412.0,412.0,0.0,23.545932282534288,23.545932282534288,0.0,1,0.8462489971522622,0.8462489971522622,0.0,766.8509508094011,766.8509508094011,0.0,21.37504775834112,21.37504775834112,0.0,12.40465165953723,1,5.262439038977718e-07,5.262439038977718e-07,0.0,2.0,2.0,0.0,0.5454389473330493,0.5454389473330493,0.0,1,0.0001281872822087582,0.0001281872822087582,0.0,2.0,2.0,0.0,0.4473141038392819,0.4473141038392819,0.0,0.040586245544317466,1,0.05957773230781527,0.05957773230781527,0.0,4.0,4.0,0.0,68.38614578243505,68.38614578243505,0.0,1,22.373219843825538,22.373219843825538,0.0,2814.945603908039,2814.945603908039,0.0,35.12609403829305,35.12609403829305,0.0,40.29688341347903,1,0.45806973834233755,0.45806973834233755,0.0,2033.618694232856,2033.618694232856,0.0,3.5887954609227157,3.5887954609227157,0.0,2,0.029352159401250466,0.05382175252630095,0.02446959312505048,377.2379777345677,729.4759554691354,352.2379777345677,2.9402375920343466,2.853155964762072,0.08708162727227453,0.830628824681354,66.17203802457686,99.95362856480408,99.95362856480408
1,1.2984105886451438,1.2984105886451438,0.0,2432.81680223324,2432.81680223324,0.0,24.836026326022875,24.836026326022875,0.0,1,0.004224306778265685,0.004224306778265685,0.0,2.0,2.0,0.0,21.641750112535213,21.641750112535213,0.0,19.616158583691114,1,0.028644346881398053,0.028644346881398053,0.0,1500.87371025437,1500.87371025437,0.0,0.6482688448611409,0.6482688448611409,0.0,1,0.054326446916194926,0.054326446916194926,0.0,1634.2922703452039,1634.2922703452039,0.0,0.5789058551184084,0.5789058551184084,0.0,0.03807336184175838,1,26.564912214394184,26.564912214394184,0.0,1915.8498454591268,1915.8498454591268,0.0,159.39567932721963,159.39567932721963,0.0,1,0.027669969684417595,0.027669969684417595,0.0,6.0,6.0,0.0,41.317544733513316,41.317544733513316,0.0,38.65874353377013,2,0.1665720686047809,0.3274758863775604,0.1609038177727795,950.2658408469224,1881.5316816938448,931.2658408469224,3.6984052377255896,3.767992690663027,0.06958745293743718,2,0.0184336650779513,0.028038246711389547,0.009604581633438247,190.53831879160578,324.07663758321155,133.53831879160578,2.3321112485205053,2.258800527476672,0.0733107210438333,0.4130296675558046,75.35358219336888,99.95362856480408,99.95362856480408
1,0.0022657069077496317,0.0022657069077496317,0.0,2.0,2.0,0.0,59.95418797435674,59.95418797435674,0.0,1,5.369953220186865,5.369953220186865,0.0,2865.758271242474,2865.758271242474,0.0,37.58552244661382,37.58552244661382,0.0,3.4933898313531415,1,0.00018302244023304937,0.00018302244023304937,0.0,2.0,2.0,0.0,0.9976016201136844,0.9976016201136844,0.0,1,0.2292432450246744,0.2292432450246744,0.0,3905.7760784233615,3905.7760784233615,0.0,0.7492778373142975,0.7492778373142975,0.0,0.04786716080270929,1,0.0302958463284142,0.0302958463284142,0.0,16.0,16.0,0.0,203.7050559959901,203.7050559959901,0.0,1,24.549304654894826,24.549304654894826,0.0,1213.8916288499315,1213.8916288499315,0.0,110.81307536772755,110.81307536772755,0.0,23.682404065922565,1,0.0666961503531085,0.0666961503531085,0.0,634.6631156631097,634.6631156631097,0.0,3.784389751502239,3.784389751502239,0.0,2,0.21331605837469247,0.40298329919369413,0.18966724081900166,1214.2535754978671,2352.5071509957343,1138.2535754978671,2.8741021251992542,2.84284972242807,0.03125240277118402,0.45937172831991635,99.95362856480408,99.95362856480408,99.95362856480408
1,0.08180838193249684,0.08180838193249684,0.0,22.0,22.0,0.0,33.775434477098855,33.775434477098855,0.0,1,1.2318533251389923,1.2318533251389923,0.0,2705.9032584225915,2705.9032584225915,0.0,29.88923094153077,29.88923094153077,0.0,8.555437710593015,1,0.015729132209891028,0.015729132209891028,0.0,618.0,618.0,0.0,0.7081606746953794,0.7081606746953794,0.0,2,0.026922942044278975,0.02758772388186559,0.0006647818375866144,1363.5298133670542,1457.7714641887828,94.24165082172863,0.6667941291613986,0.6597266175176859,0.0070675116437126095,0.027554311147355855,1,2.060446261992709,2.060446261992709,0.0,266.0,266.0,0.0,127.79678104608328,127.79678104608328,0.0,1,52.33318101965804,52.33318101965804,0.0,4068.618611546409,4068.618611546409,0.0,75.46360002642524,75.46360002642524,0.0,27.002621241236085,1,0.04286416063254439,0.04286416063254439,0.0,312.0,312.0,0.0,2.887099980344461,2.887099980344461,0.0,2,0.0022430983607153454,0.0035522863396346693,0.001309187978919324,37.0,68.0,31.0,2.3137498356832413,2.250625276854018,0.0631245588292233,0.28520366273511766,99.95362856480408,99.95362856480408,99.95362856480408
1,0.8237466337788888,0.8237466337788888,0.0,262.0,262.0,0.0,43.38240206830904,43.38240206830904,0.0,1,0.4809963873303644,0.4809963873303644,0.0,1481.9667304611396,1481.9667304611396,0.0,36.60302303721585,36.60302303721585,0.0,4.422799737215854,1,0.018207868931780835,0.018207868931780835,0.0,382.0,382.0,0.0,0.9109247159571181,0.9109247159571181,0.0,1,0.128661618976885,0.128661618976885,0.0,3348.4578483165656,3348.4578483165656,0.0,0.7309480082298205,0.7309480082298205,0.0,0.027951447924092848,1,1.125572642422469,1.125572642422469,0.0,4.0,4.0,0.0,183.75904321887162,183.75904321887162,0.0,1,30.852835763090127,30.852835763090127,0.0,3765.731895310714,3765.731895310714,0.0,123.19941178904784,123.19941178904784,0.0,21.268178773348676,2,0.13063323255610615,0.2595807995377508,0.12894756698164467,962.8074144794155,1923.614828958831,960.8074144794155,3.2442023819841643,3.248756756549631,0.004554374565466812,1,0.3007511570561743,0.3007511570561743,0.0,3295.2062259356694,3295.2062259356694,0.0,2.9388968503625232,2.9388968503625232,0.0,0.26595036591523835,99.95362856480408,99.95362856480408,99.95362856480408
1,0.06435839666506382,0.06435839666506382,0.0,6.0,6.0,0.0,51.09001390991499,51.09001390991499,0.0,1,5.272376878203101,5.272376878203101,0.0,2280.1163229442864,2280.1163229442864,0.0,28.457426034433926,28.457426034433926,0.0,54.88103606394102,1,0.0004893882238073965,0.0004893882238073965,0.0,2.0,2.0,0.0,0.7485675254904396,0.7485675254904396,0.0,1,8.98961535208409e-05,8.98961535208409e-05,0.0,2.0,2.0,0.0,0.4321721541522381,0.4321721541522381,0.0,0.04179173832827145,1,27.465144450413845,27.465144450413845,0.0,1175.7782250017167,1175.7782250017167,0.0,380.00018273124147,380.00018273124147,0.0,1,4.255312298452509,4.255312298452509,0.0,592.0,592.0,0.0,62.149857226480435,62.149857226480435,0.0,104.3787499664493,1,0.4608387790627786,0.4608387790627786,0.0,1526.1025367715642,1526.1025367715642,0.0,5.132736178296555,5.132736178296555,0.0,1,0.0005188345359221636,0.0005188345359221636,0.0,6.0,6.0,0.0,2.101341360199088,2.101341360199088,0.0,0.647695539465453,99.95362856480408,99.8840714120102,99.95362856480408
1,4.760944652685964,4.760944652685964,0.0,3343.6538303190205,3343.6538303190205,0.0,44.412414764811956,44.412414764811956,0.0,1,0.07045261029786332,0.07045261029786332,0.0,132.0,132.0,0.0,39.03015463502496,39.03015463502496,0.0,7.175771858879959,1,0.012095707585818238,0.012095707585818238,0.0,198.0,198.0,0.0,0.821662350330159,0.821662350330159,0.0,1,0.004947446585560233,0.004947446585560233,0.0,36.0,36.0,0.0,0.6111344250792524,0.6111344250792524,0.0,0.04252906354805341,2,16.3163650452573,32.54843152337219,16.232066478114888,1106.0688559342839,2210.1377118685677,1104.0688559342839,261.7077836006158,264.393585738365,2.6858021377492207,1,6.148726061066753,6.148726061066753,0.0,348.0,348.0,0.0,216.87614785801384,216.87614785801384,0.0,36.68083265718949,2,0.07094431526940692,0.1334694102088716,0.06252509493946468,907.4048588255987,1725.8097176511974,818.4048588255987,3.9016603882393075,3.9200277308409386,0.018367342601631087,2,0.012034110013299903,0.013848304958261615,0.0018141949449617112,89.5,109.0,19.5,3.538950168647082,3.508922268790118,0.030027899856963858,0.5244294627469648,99.95362856480408,99.86088569441223,99.95362856480408
1,1.1964459682482627,1.1964459682482627,0.0,803.0414858760091,803.0414858760091,0.0,35.28746463967797,35.28746463967797,0.0,1,1.89164900022908,1.89164900022908,0.0,3687.1610385980175,3687.1610385980175,0.0,33.335077575716774,33.335077575716774,0.0,53.65226406222757,1,0.14149278812756838,0.14149278812756838,0.0,1936.7297558908742,1936.7297558908742,0.0,0.9648457012158794,0.9648457012158794,0.0,2,0.043554143942858226,0.06579420103868994,0.02224005709583171,1406.9883058373885,2402.41673047333,995.4284246359416,0.7915193057436845,0.7830773960425365,0.008441909701147943,0.041740508631235615,1,30.61000034733513,30.61000034733513,0.0,767.8318920318056,767.8318920318056,0.0,141.8327821607614,141.8327821607614,0.0,1,2.3483480328888575,2.3483480328888575,0.0,692.5314127577248,692.5314127577248,0.0,60.57136050083731,60.57136050083731,0.0,122.2597698034118,2,0.0012614314609467048,0.00180531728021327,0.0005438858192665652,3.0,4.0,1.0,3.265072747564869,3.3216798934639025,0.05660714589903337,2,0.17367407178450867,0.34705620135157966,0.173382129567071,1204.5211322332573,2405.0422644665146,1200.5211322332573,2.5623247445527655,2.4655272393381535,0.09679750521461172,1.2005832399128535,99.81451425921632,99.67539995362856,99.95362856480408
1,0.0747019153035069,0.0747019153035069,0.0,6.0,6.0,0.0,90.18203467581627,90.18203467581627,0.0,1,1.1940822617997142,1.1940822617997142,0.0,126.0,126.0,0.0,34.31154385786039,34.31154385786039,0.0,298.3879951961352,1,0.0005766731254217561,0.0005766731254217561,0.0,4.0,4.0,0.0,1.0641435522937188,1.0641435522937188,0.0,2,0.0011097428249767227,0.002097061585422111,0.0009873187604453881,7.0,12.0,5.0,0.6345695207970707,0.5939616173397242,0.040607903457346606,0.0471496666972801,1,458.7181519415661,458.7181519415661,0.0,2002.6686914945722,2002.6686914945722,0.0,779.5256842776944,779.5256842776944,0.0,1,51.8626892457109,51.8626892457109,0.0,1636.0743410327036,1636.0743410327036,0.0,268.8764867255593,268.8764867255593,0.0,57.3571356666288,1,0.020221182832809603,0.020221182832809603,0.0,52.0,52.0,0.0,4.207890581445763,4.207890581445763,0.0,2,0.011962770796193678,0.02348294625382974,0.011520175457636062,37.0,64.0,27.0,1.613241513924065,1.5437588662924584,0.06948264763160672,0.475018441923576,95.82657083236727,99.90725712960817,99.95362856480408
2,3.621868169909593,7.190322517448671,3.5684543475390775,1194.686911509379,2384.373823018758,1189.686911509379,60.60773569590983,62.2645941307142,1.65685843480437,2,1.9089145397396372,3.5561657005813316,1.6472511608416944,1098.12336548646,1916.24673097292,818.12336548646,52.992724573444875,51.42082544018865,1.5718991332562204,6.74898267886227,2,0.03381080360783528,0.0655959761911784,0.031785172583343124,735.86753732495,1443.7350746499,707.86753732495,0.6264430073752201,0.6555208805229222,0.029077873147702105,2,0.04849511933837902,0.09277166262380465,0.04427654328542563,1774.652513625956,3362.488102929951,1587.8355893039948,0.5186872551514827,0.5045934716037134,0.0140937835477693,0.036222151039550836,1,21.177133798011027,21.177133798011027,0.0,775.6583124285789,775.6583124285789,0.0,707.4028785394964,707.4028785394964,0.0,1,94.95427412691538,94.95427412691538,0.0,1663.9374103797586,1663.9374103797586,0.0,579.5608330663877,579.5608330663877,0.0,33.73747662920208,1,0.4413105230469183,0.4413105230469183,0.0,1758.8626535915305,1758.8626535915305,0.0,2.685364093879753,2.685364093879753,0.0,1,0.05252036906864488,0.05252036906864488,0.0,680.0,680.0,0.0,1.1904779473828517,1.1904779473828517,0.0,0.28721535369853773,99.95362856480408,99.95362856480408,99.95362856480408
1,1.8420899023570456,1.8420899023570456,0.0,811.9670042002258,811.9670042002258,0.0,43.59778272219159,43.59778272219159,0.0,1,0.5449397795095408,0.5449397795095408,0.0,684.0,684.0,0.0,34.113957164959984,34.113957164959984,0.0,3.8615904949884174,2,0.0001207337674754283,0.00018028604859476882,5.955228111934052e-05,2.5,3.0,0.5,0.4621363893910745,0.4912056205241251,0.0290692311330506,1,0.04626757720294328,0.04626757720294328,0.0,2588.181323278277,2588.181323278277,0.0,0.38502138093536464,0.38502138093536464,0.0,0.022866659564028044,1,108.1502250263764,108.1502250263764,0.0,2111.7410898658295,2111.7410898658295,0.0,404.40470001764214,404.40470001764214,0.0,1,4.781556171805164,4.781556171805164,0.0,238.0,238.0,0.0,257.2100931711834,257.2100931711834,0.0,78.10739532495077,2,0.16127732674605055,0.32236166831449475,0.1610843415684442,477.8999241020366,953.7998482040732,475.8999241020366,3.8217344600956684,3.928152960269422,0.10641850017375365,1,0.6138108732285352,0.6138108732285352,0.0,3559.63936370925,3559.63936370925,0.0,3.1015050866933795,3.1015050866933795,0.0,10599.930373127481,99.53628564804082,96.42939948991422,99.95362856480408
1,0.016011865699852024,0.016011865699852024,0.0,2.0,2.0,0.0,49.02205109770299,49.02205109770299,0.0,1,0.00040919176981191185,0.00040919176981191185,0.0,4.0,4.0,0.0,24.08350614160782,24.08350614160782,0.0,9.36514743023867,2,0.006395758861731937,0.012359128032671363,0.005963369170939425,350.5,697.0,346.5,0.44611882349988174,0.45147686726865544,0.00535804376877369,1,0.00020832043310464732,0.00020832043310464732,0.0,14.0,14.0,0.0,0.37303696522584107,0.37303696522584107,0.0,0.034654237332587746,1,65.5802891594563,65.5802891594563,0.0,2164.84237525434,2164.84237525434,0.0,428.3403507158432,428.3403507158432,0.0,1,10.359555887651908,10.359555887651908,0.0,552.0,552.0,0.0,156.77178779151072,156.77178779151072,0.0,46.36420301677073,1,1.2159339019414004,1.2159339019414004,0.0,2717.283534346107,2717.283534346107,0.0,5.435702172463593,5.435702172463593,0.0,1,0.00042569877747888896,0.00042569877747888896,0.0,2.0,2.0,0.0,2.0984395169073915,2.0984395169073915,0.0,9.82996766957029,95.59471365638767,98.86389983769998,99.95362856480408
1,0.020104538823787266,0.020104538823787266,0.0,4.0,4.0,0.0,82.4640847726276,82.4640847726276,0.0,1,0.010911838100618354,0.010911838100618354,0.0,4.0,4.0,0.0,31.5544987699844,31.5544987699844,0.0,5.171268492452648,1,0.07068154318880826,0.07068154318880826,0.0,2096.860325020033,2096.860325020033,0.0,0.497452389695502,0.497452389695502,0.0,1,0.0003721588064446446,0.0003721588064446446,0.0,2.0,2.0,0.0,0.37738924510330263,0.37738924510330263,0.0,0.02899329311657858,1,0.352972019571439,0.352972019571439,0.0,6.0,6.0,0.0,693.9709596464332,693.9709596464332,0.0,1,0.6779052155950467,0.6779052155950467,0.0,20.0,20.0,0.0,184.255633685706,184.255633685706,0.0,27.32303228781307,1,0.06136414893362385,0.06136414893362385,0.0,154.0,154.0,0.0,3.3423215885129025,3.3423215885129025,0.0,1,0.10595756727669414,0.10595756727669414,0.0,905.3307265765015,905.3307265765015,0.0,2.778893476421894,2.778893476421894,0.0,7.6532389593448835,99.95362856480408,99.7681428240204,99.95362856480408
1,19.803684695085693,19.803684695085693,0.0,1779.866720988382,1779.866720988382,0.0,73.90803236416986,73.90803236416986,0.0,1,0.01107707411898673,0.01107707411898673,0.0,2.0,2.0,0.0,23.42969324826477,23.42969324826477,0.0,9.660055238952223,2,0.0003302398106190263,0.0003406358695270395,1.0396058908013206e-05,7.0,10.0,3.0,0.5323253057624948,0.6066556740717237,0.07433036830922893,1,0.04637731592112837,0.04637731592112837,0.0,3267.26577102637,3267.26577102637,0.0,0.40750781826327587,0.40750781826327587,0.0,0.038766613639157704,1,110.8656191306062,110.8656191306062,0.0,2998.3403581021917,2998.3403581021917,0.0,358.34112429140487,358.34112429140487,0.0,1,2.1360861749812727,2.1360861749812727,0.0,138.0,138.0,0.0,219.92698630089257,219.92698630089257,0.0,26.474224402127792,1,1.1131349837089508,1.1131349837089508,0.0,2825.0239197434094,2825.0239197434094,0.0,4.28003068676464,4.28003068676464,0.0,1,0.28415555013403226,0.28415555013403226,0.0,442.0,442.0,0.0,2.215302741351302,2.215302741351302,0.0,32.469632321660924,99.95362856480408,78.69232552747508,99.95362856480408
1,40.069421658946176,40.069421658946176,0.0,3528.9515278506306,3528.9515278506306,0.0,75.25985732534463,75.25985732534463,0.0,1,2.976072523092803,2.976072523092803,0.0,134.0,134.0,0.0,35.19043566639845,35.19043566639845,0.0,71.98849556833154,1,0.0017995671245851774,0.0017995671245851774,0.0,8.0,8.0,0.0,0.9020453592958444,0.9020453592958444,0.0,1,0.2257273919611683,0.2257273919611683,0.0,2343.1209547712006,2343.1209547712006,0.0,0.6290453544857726,0.6290453544857726,0.0,0.22375378129536513,2,60.42277972200709,114.43264998253647,54.00987026052938,852.2967953588377,1554.5935907176754,702.2967953588377,265.85575621064044,301.29354207422426,35.43778586358381,1,8.213896004019475,8.213896004019475,0.0,1750.2373633281118,1750.2373633281118,0.0,109.80041553460796,109.80041553460796,0.0,190.87677777409425,2,0.4064948000673292,0.8099131368973933,0.4034183368300641,1996.7892669613668,3980.5785339227336,1983.7892669613668,2.5722697766070644,2.731492099519128,0.1592223229120635,2,0.0035102257402456205,0.004476968803909243,0.0009667430636636221,21.870851489713004,27.74170297942601,5.870851489713004,1.9223859140197679,1.7833856780491768,0.13900023597059108,10.491147043981092,84.51194064456294,99.79132854161836,99.95362856480408
1,20.28390447963389,20.28390447963389,0.0,1299.8413283003397,1299.8413283003397,0.0,81.11468259091018,81.11468259091018,0.0,1,4.829820543374403,4.829820543374403,0.0,823.7030121367354,823.7030121367354,0.0,34.32949616536035,34.32949616536035,0.0,74.98600788605937,1,0.08185403391975643,0.08185403391975643,0.0,759.0,759.0,0.0,0.8605555631092489,0.8605555631092489,0.0,1,0.14205790215824665,0.14205790215824665,0.0,989.5558611340762,989.5558611340762,0.0,0.5528360586812054,0.5528360586812054,0.0,0.316249122277989,1,4.9513333236231745,4.9513333236231745,0.0,1010.2266437828158,1010.2266437828158,0.0,121.22272219200988,121.22272219200988,0.0,1,0.17502081411601011,0.17502081411601011,0.0,8.0,8.0,0.0,107.61878633841108,107.61878633841108,0.0,264.8320733347886,1,0.14694280808885996,0.14694280808885996,0.0,1593.2573770717381,1593.2573770717381,0.0,2.6231127240879526,2.6231127240879526,0.0,1,0.006305861292484671,0.006305861292484671,0.0,54.0,54.0,0.0,2.4795239905984023,2.4795239905984023,0.0,6.364988136585382,60.30605147229306,47.90169255738465,79.5965685137955
1,16.93823480821348,16.93823480821348,0.0,1755.3417598337787,1755.3417598337787,0.0,65.01215231355778,65.01215231355778,0.0,1,14.358711215899788,14.358711215899788,0.0,2589.161600820293,2589.161600820293,0.0,40.56140571952668,40.56140571952668,0.0,32.44189991497843,1,0.09074264006533284,0.09074264006533284,0.0,1769.2209322274337,1769.2209322274337,0.0,0.9285552698689847,0.9285552698689847,0.0,1,0.06112456438762326,0.06112456438762326,0.0,735.8382585252934,735.8382585252934,0.0,0.6500318283091606,0.6500318283091606,0.0,0.05733539667752411,0,0.0,0.0,0.0,0.0,0.0,0.0,0.0,0.0,0.0,0,0.0,0.0,0.0,0.0,0.0,0.0,0.0,0.0,0.0,102.49885778359528,1,2.0643564128127596,2.0643564128127596,0.0,248.0,248.0,0.0,2.9184172764848304,2.9184172764848304,0.0,4,1.5252442487704387,1.9393491324737946,0.2579047736198793,1062.3034116699305,1421.6391080545145,382.5429247046953,0.8540608636720709,0.8540608636720709,0.0,68.63824151864536,99.95362856480408,0.0,99.95362856480408
1,6.553180026380545,6.553180026380545,0.0,1371.6300130219342,1371.6300130219342,0.0,71.60679070821297,71.60679070821297,0.0,2,0.17038701819953772,0.24707230368591837,0.07668528548638065,101.0,158.0,57.0,40.0809463340578,38.075646469394904,2.0052998646628986,12.350231771626449,1,0.13712065468992274,0.13712065468992274,0.0,3333.8527487550245,3333.8527487550245,0.0,0.7691094174375921,0.7691094174375921,0.0,1,0.0017733637471194497,0.0017733637471194497,0.0,18.0,18.0,0.0,0.6271980421606168,0.6271980421606168,0.0,0.034031270775823144,1,11.803010652964588,11.803010652964588,0.0,1372.093113576103,1372.093113576103,0.0,227.5627642862176,227.5627642862176,0.0,1,23.776689535747607,23.776689535747607,0.0,1717.0552400081376,1717.0552400081376,0.0,186.8934586328225,186.8934586328225,0.0,27.128608387673744,1,0.3600402969916936,0.3600402969916936,0.0,2889.592369001393,2889.592369001393,0.0,3.479595588796939,3.479595588796939,0.0,2,0.8435075244397578,1.6711168987631013,0.8276093743233435,317.0,608.0,291.0,1.7769775369563803,0.8540608636720709,0.9229166732843094,28.352624614519957,99.95362856480408,75.9795965685138,99.95362856480408
2,3.3872317338557245,6.583316911659992,3.1960851778042674,471.6391025890839,915.2782051781678,443.6391025890839,66.8966429144276,70.02813835897982,3.131495444552211,1,7.805988280722566,7.805988280722566,0.0,2727.0281186628035,2727.0281186628035,0.0,43.579005499400665,43.579005499400665,0.0,39.55196307773063,1,0.02477649696515627,0.02477649696515627,0.0,764.3053059913544,764.3053059913544,0.0,0.8556353775582818,0.8556353775582818,0.0,1,0.000691684251148017,0.000691684251148017,0.0,2.0,2.0,0.0,0.496446458167961,0.496446458167961,0.0,0.043514396592643105,1,39.55240008662514,39.55240008662514,0.0,2297.3988945349456,2297.3988945349456,0.0,244.14889776910007,244.14889776910007,0.0,2,9.092681425456334,16.9406992036333,7.848017778176967,764.4745125567265,1506.949025113453,742.4745125567265,176.49744463088942,175.14122256231047,1.3562220685789441,94.54569792354596,2,0.16146085518255582,0.2340168408839416,0.07255598570138577,1385.922334331358,2004.2168430485779,618.2945087172199,3.1753147313034185,3.214514723768552,0.039199992465133615,1,0.1707394859412621,0.1707394859412621,0.0,613.9207763561309,613.9207763561309,0.0,2.894307882610649,2.894307882610649,0.0,0.9446855801440146,99.95362856480408,99.8840714120102,99.95362856480408
1,15.06789193439274,15.06789193439274,0.0,3897.568276089175,3897.568276089175,0.0,50.16192994442366,50.16192994442366,0.0,1,1.6727613094446738,1.6727613094446738,0.0,716.0,716.0,0.0,35.02080244699197,35.02080244699197,0.0,3.163494788194301,1,0.1747570277531142,0.1747570277531142,0.0,2792.703509593967,2792.703509593967,0.0,1.0581289877803441,1.0581289877803441,0.0,1,0.0006534266581528225,0.0006534266581528225,0.0,4.0,4.0,0.0,0.8220106646363431,0.8220106646363431,0.0,0.05216212213651757,1,113.36964108955408,113.36964108955408,0.0,3868.230915982542,3868.230915982542,0.0,240.83402748407232,240.83402748407232,0.0,1,10.102703122250574,10.102703122250574,0.0,1037.3728464622031,1037.3728464622031,0.0,127.46438639451824,127.46438639451824,0.0,14.75053712837444,1,0.4274764593427931,0.4274764593427931,0.0,2154.167367333954,2154.167367333954,0.0,3.145372222570378,3.145372222570378,0.0,2,0.12149747550020029,0.2425717137932053,0.12107423829300501,548.6988369197157,1095.3976738394315,546.6988369197157,2.1888723681127438,2.1883668646562118,0.0005055034565322192,0.3734656519707001,99.95362856480408,99.8840714120102,99.95362856480408
1,0.14009009960054186,0.14009009960054186,0.0,10.0,10.0,0.0,54.91407855499669,54.91407855499669,0.0,1,3.1653691625297142,3.1653691625297142,0.0,1830.0491286476558,1830.0491286476558,0.0,27.559866689054836,27.559866689054836,0.0,7.529637432563293,1,0.00824470376244113,0.00824470376244113,0.0,208.0,208.0,0.0,1.1145967585021928,1.1145967585021928,0.0,1,0.038137677908380185,0.038137677908380185,0.0,2410.0465295466493,2410.0465295466493,0.0,0.7801070241664161,0.7801070241664161,0.0,0.04736689322711609,1,3.388710034611961,3.388710034611961,0.0,154.0,154.0,0.0,393.4048050184074,393.4048050184074,0.0,1,46.304988112020396,46.304988112020396,0.0,2891.921586361825,2891.921586361825,0.0,140.85507134809055,140.85507134809055,0.0,21.29600063413539,1,0.000275671856958315,0.000275671856958315,0.0,2.0,2.0,0.0,3.429462395993293,3.429462395993293,0.0,1,0.027045776022554202,0.027045776022554202,0.0,64.0,64.0,0.0,0.9576561947372682,0.9576561947372682,0.0,7.834886749915781,99.95362856480408,99.7217713888245,99.95362856480408
1,23.539323788909982,23.539323788909982,0.0,3191.344110530841,3191.344110530841,0.0,137.93413063420104,137.93413063420104,0.0,1,2.605858294663946,2.605858294663946,0.0,490.0,490.0,0.0,85.26370522310795,85.26370522310795,0.0,5.097589886266412,1,0.3235076053600481,0.3235076053600481,0.0,2422.7426252707205,2422.7426252707205,0.0,1.4478130023316522,1.4478130023316522,0.0,1,0.03095807213331314,0.03095807213331314,0.0,311.6523310881587,311.6523310881587,0.0,1.0516395036953123,1.0516395036953123,0.0,0.0589672204297488,1,125.59798393060089,125.59798393060089,0.0,3200.2251366878418,3200.2251366878418,0.0,845.0535828717213,845.0535828717213,0.0,1,21.200032719432443,21.200032719432443,0.0,502.0,502.0,0.0,555.9035860076713,555.9035860076713,0.0,29.72252603947463,1,0.18295218665570534,0.18295218665570534,0.0,1422.343694625983,1422.343694625983,0.0,2.6581888186621025,2.6581888186621025,0.0,2,0.13490050842854595,0.26756016523110393,0.13265965680255798,814.233701885049,1616.467403770098,802.233701885049,1.9911909392976161,1.9799093438740736,0.011281595423542679,0.29298740682970587,99.95362856480408,99.8840714120102,99.95362856480408
1,38.453496404676414,38.453496404676414,0.0,3838.3074999536475,3838.3074999536475,0.0,96.1881350420567,96.1881350420567,0.0,1,0.9461444196110804,0.9461444196110804,0.0,356.0,356.0,0.0,57.734638637380286,57.734638637380286,0.0,8.137713223669069,1,0.08064278072674202,0.08064278072674202,0.0,1812.6212309881425,1812.6212309881425,0.0,1.176634946320791,1.176634946320791,0.0,1,0.0008534920270990565,0.0008534920270990565,0.0,6.0,6.0,0.0,0.8885605601624722,0.8885605601624722,0.0,0.048225416918892004,1,230.8168006434076,230.8168006434076,0.0,3767.3410487824,3767.3410487824,0.0,554.7990472142878,554.7990472142878,0.0,1,10.127191144420692,10.127191144420692,0.0,406.0,406.0,0.0,323.98224657088025,323.98224657088025,0.0,25.551792904344843,1,0.0024235709119999616,0.0024235709119999616,0.0,4.0,4.0,0.0,1.965048983003932,1.965048983003932,0.0,2,0.22315555575266643,0.4456256602796065,0.22247010452694005,1481.3886113659682,2949.7772227319365,1468.3886113659682,1.509526596709601,1.446591020818689,0.06293557589091214,0.24208884826402588,100.02318571759797,99.8840714120102,99.95362856480408
1,4.132239439148108,4.132239439148108,0.0,1126.2409938372675,1126.2409938372675,0.0,39.99340313617836,39.99340313617836,0.0,1,0.03673463367133678,0.03673463367133678,0.0,6.0,6.0,0.0,32.291781744077085,32.291781744077085,0.0,13.18511082588843,2,0.06886194574969295,0.13075291890285212,0.06189097315315917,1470.0509040382672,2782.785216274181,1312.7343122359139,1.0181998010108506,1.0330721729537573,0.014872371942906693,2,0.0017396711276573829,0.0031013300614255446,0.0013616589337681617,34.0,66.0,32.0,0.7309771374625482,0.718264061304786,0.012713076157762127,0.044956299492062486,2,20.812277291243277,40.07641762067277,19.264140329429495,593.3446407924462,1164.6892815848923,571.3446407924462,297.0401415612288,311.6483560624538,14.608214501225035,1,1.052354473390949,1.052354473390949,0.0,142.0,142.0,0.0,172.86604122437626,172.86604122437626,0.0,41.64758949392868,1,0.4171278420332274,0.4171278420332274,0.0,1354.3162355348907,1354.3162355348907,0.0,3.723532599583437,3.723532599583437,0.0,1,0.7527080768671939,0.7527080768671939,0.0,2397.34901493683,2397.34901493683,0.0,1.4108040990493194,1.4108040990493194,0.0,9.727930560912009,100.02318571759797,99.42035706005102,99.95362856480408
0,0.0,0.0,0.0,0.0,0.0,0.0,0.0,0.0,0.0,0,0.0,0.0,0.0,0.0,0.0,0.0,0.0,0.0,0.0,12.680764978847082,0,0.0,0.0,0.0,0.0,0.0,0.0,0.0,0.0,0.0,0,0.0,0.0,0.0,0.0,0.0,0.0,0.0,0.0,0.0,0.09308207932088704,1,276.88315976568333,276.88315976568333,0.0,2642.118655731937,2642.118655731937,0.0,646.6297030832113,646.6297030832113,0.0,1,1.1291235416157406,1.1291235416157406,0.0,100.0,100.0,0.0,323.6513395282957,323.6513395282957,0.0,68.70302067740866,1,0.0009778050210731415,0.0009778050210731415,0.0,2.0,2.0,0.0,2.8528336169160955,2.8528336169160955,0.0,1,0.3557558127673248,0.3557558127673248,0.0,3059.033483302367,3059.033483302367,0.0,1.3986280621714022,1.3986280621714022,0.0,0.2908265332981804,0.0,99.83769997681429,99.95362856480408
1,0.8107172410736609,0.8107172410736609,0.0,567.0,567.0,0.0,47.88329157563592,47.88329157563592,0.0,1,0.047793319202121154,0.047793319202121154,0.0,126.0,126.0,0.0,34.23837652338449,34.23837652338449,0.0,7.499967591108584,1,0.00028005021546906317,0.00028005021546906317,0.0,6.0,6.0,0.0,1.0002608103278614,1.0002608103278614,0.0,1,0.014435457027022425,0.014435457027022425,0.0,230.0,230.0,0.0,0.7774588537155962,0.7774588537155962,0.0,0.045627493776229794,1,68.14921605142672,68.14921605142672,0.0,2985.6594680038916,2985.6594680038916,0.0,368.43913777398313,368.43913777398313,0.0,2,0.15236290516654094,0.2169395426602705,0.06457663749372955,11.0,18.0,7.0,248.97801983967514,237.8751404749583,11.102879364716841,20.17601170182535,1,0.45608923457419426,0.45608923457419426,0.0,3441.3689347133104,3441.3689347133104,0.0,2.8823651846976404,2.8823651846976404,0.0,1,0.36074016332154724,0.36074016332154724,0.0,1549.0574425457562,1549.0574425457562,0.0,2.3067238462958244,2.3067238462958244,0.0,0.3912030158585034,68.88476698353814,99.8840714120102,99.95362856480408
1,0.000246751675916812,0.000246751675916812,0.0,2.0,2.0,0.0,39.92555462964822,39.92555462964822,0.0,1,0.04762274158747459,0.04762274158747459,0.0,34.0,34.0,0.0,34.979203553511624,34.979203553511624,0.0,2.7819847775576525,1,0.0003403926231557719,0.0003403926231557719,0.0,2.0,2.0,0.0,1.2039355323385217,1.2039355323385217,0.0,1,0.00043528642426227115,0.00043528642426227115,0.0,4.0,4.0,0.0,1.0048240409084186,1.0048240409084186,0.0,0.1984982697035515,1,0.005522038855360734,0.005522038855360734,0.0,2.0,2.0,0.0,336.32697504298574,336.32697504298574,0.0,1,0.1844201007785955,0.1844201007785955,0.0,2.0,2.0,0.0,321.61320091853634,321.61320091853634,0.0,13.745474765442507,1,0.0005140822790173916,0.0005140822790173916,0.0,2.0,2.0,0.0,0.8447117177760933,0.8447117177760933,0.0,1,0.0042066223929622115,0.0042066223929622115,0.0,136.0,136.0,0.0,0.8068544765086268,0.8068544765086268,0.0,29.26515596842522,37.83909111987016,22.026431718061673,25.249246464178064
1,0.010088868496922032,0.010088868496922032,0.0,4.0,4.0,0.0,71.28004500110643,71.28004500110643,0.0,1,0.0058473059140169426,0.0058473059140169426,0.0,4.0,4.0,0.0,65.2841226217711,65.2841226217711,0.0,10.63787780866379,1,0.0010310962528770062,0.0010310962528770062,0.0,2.0,2.0,0.0,0.9923620728361564,0.9923620728361564,0.0,1,0.0073634529134382065,0.0073634529134382065,0.0,26.0,26.0,0.0,0.8338766413611496,0.8338766413611496,0.0,0.09112723180765205,1,71.99122557426477,71.99122557426477,0.0,2969.018009596064,2969.018009596064,0.0,556.8119835737256,556.8119835737256,0.0,1,0.1298992965051866,0.1298992965051866,0.0,8.0,8.0,0.0,475.2499445294642,475.2499445294642,0.0,36.69213653921851,1,0.4500133469002774,0.4500133469002774,0.0,3680.9898863232884,3680.9898863232884,0.0,1.9831486477442433,1.9831486477442433,0.0,2,0.005488295314919789,0.010811425653440176,0.005323130338520388,82.0,162.0,80.0,1.4664001857693414,1.39211604750805,0.07428413826129143,0.2685636468689948,25.411546487363783,99.8840714120102,99.95362856480408
1,0.008848287268335753,0.008848287268335753,0.0,4.0,4.0,0.0,87.05915216982126,87.05915216982126,0.0,2,0.19237715516602094,0.3150714900469609,0.12269433488093995,45.0,74.0,29.0,65.00015038471076,64.71430460675725,0.2858457779535044,11.841031785539071,2,0.005770581675612174,0.006379765338719201,0.0006091836631070269,33.0,50.0,17.0,1.3999693586902944,1.405220315112973,0.005250956422678477,2,0.03540083517108977,0.05530525718166068,0.01990442201057091,460.5,787.0,326.5,0.9452624233332354,0.9149947016614,0.0302677216718355,0.07613925936427711,1,42.90455383112487,42.90455383112487,0.0,1487.1753835249142,1487.1753835249142,0.0,673.6364733734731,673.6364733734731,0.0,1,0.13173368181742262,0.13173368181742262,0.0,2.0,2.0,0.0,481.7524478373506,481.7524478373506,0.0,32.389684323156104,1,0.16607539255319193,0.16607539255319193,0.0,2748.1957549199137,2748.1957549199137,0.0,1.9598573350026611,1.9598573350026611,0.0,1,0.0033363953529979007,0.0033363953529979007,0.0,48.0,48.0,0.0,1.5318182700483374,1.5318182700483374,0.0,0.149660367896906,75.9795965685138,99.83769997681429,99.95362856480408
1,0.009552280150451509,0.009552280150451509,0.0,2.0,2.0,0.0,52.4379411445066,52.4379411445066,0.0,1,0.004487545356802514,0.004487545356802514,0.0,2.0,2.0,0.0,39.18617236229098,39.18617236229098,0.0,7.602018525315626,1,0.0015773171078898862,0.0015773171078898862,0.0,8.0,8.0,0.0,0.9086857590646369,0.9086857590646369,0.0,1,0.0622173713489641,0.0622173713489641,0.0,1653.974833339003,1653.974833339003,0.0,0.5866242935393249,0.5866242935393249,0.0,0.04868729974891386,1,17.898777109979676,17.898777109979676,0.0,1493.359137823833,1493.359137823833,0.0,366.30433132333604,366.30433132333604,0.0,1,0.1385439084169775,0.1385439084169775,0.0,10.0,10.0,0.0,259.89325087247323,259.89325087247323,0.0,17.179176915131197,1,0.022095637686135206,0.022095637686135206,0.0,153.80120752322455,153.80120752322455,0.0,2.3093272804096614,2.3093272804096614,0.0,1,0.18677693850928168,0.18677693850928168,0.0,2026.558869658818,2026.558869658818,0.0,1.6842092800358244,1.6842092800358244,0.0,0.2029236348105546,100.02318571759797,99.8840714120102,99.95362856480408
1,13.881378962510546,13.881378962510546,0.0,3767.9574860544885,3767.9574860544885,0.0,65.90464619970658,65.90464619970658,0.0,2,0.2084697096582424,0.39505231417561504,0.18658260451737263,82.0,160.0,78.0,50.858231896998404,49.659469802724225,1.1987620942741763,12.215214881453788,1,0.0010564498278731183,0.0010564498278731183,0.0,38.0,38.0,0.0,0.8246594413918618,0.8246594413918618,0.0,2,0.03400161237369209,0.06795628872468107,0.03395467635098898,946.4801779158743,1888.9603558317485,942.4801779158743,0.6817822792802652,0.6621847573593304,0.019597521920934946,0.06037062322732911,1,50.16411776422825,50.16411776422825,0.0,1914.9576875150483,1914.9576875150483,0.0,429.06245239756504,429.06245239756504,0.0,2,0.30259464987909723,0.603740532501547,0.3011458826224498,41.780621265693696,81.56124253138739,39.780621265693696,335.148658012253,330.2182093208974,4.930448691355622,59.99444308044788,1,0.5551282744451678,0.5551282744451678,0.0,3116.478153160536,3116.478153160536,0.0,2.928686121122831,2.928686121122831,0.0,2,0.09540634980534879,0.19032349493461975,0.09491714512927096,341.6747922236884,681.3495844473769,339.6747922236884,2.0555454146228276,2.005811614613396,0.049733800009431395,0.20078171867893357,100.02318571759797,99.8840714120102,99.95362856480408
1,1.1771451179363197,1.1771451179363197,0.0,68.0,68.0,0.0,124.4923752789644,124.4923752789644,0.0,1,15.637911089274567,15.637911089274567,0.0,3387.5219479085868,3387.5219479085868,0.0,52.240340055346806,52.240340055346806,0.0,8.901947976948348,1,0.03565142928684217,0.03565142928684217,0.0,158.0,158.0,0.0,1.2980787218330403,1.2980787218330403,0.0,1,0.19024084369844918,0.19024084369844918,0.0,3151.255456917274,3151.255456917274,0.0,0.640476616443977,0.640476616443977,0.0,0.10955336051868565,0,0.0,0.0,0.0,0.0,0.0,0.0,0.0,0.0,0.0,0,0.0,0.0,0.0,0.0,0.0,0.0,0.0,0.0,0.0,79.63017814913496,0,0.0,0.0,0.0,0.0,0.0,0.0,0.0,0.0,0.0,0,0.0,0.0,0.0,0.0,0.0,0.0,0.0,0.0,0.0,32.44920302472387,100.02318571759797,0.0,41.34013447716207
1,28.17709400236741,28.17709400236741,0.0,2758.1488023806364,2758.1488023806364,0.0,92.52242835101002,92.52242835101002,0.0,1,0.14100929278792051,0.14100929278792051,0.0,118.0,118.0,0.0,42.80397578748712,42.80397578748712,0.0,9.40270644796332,1,0.3118176985777956,0.3118176985777956,0.0,2259.891532386183,2259.891532386183,0.0,1.372614933395941,1.372614933395941,0.0,1,0.00045890117125269025,0.00045890117125269025,0.0,2.0,2.0,0.0,0.9275829975310199,0.9275829975310199,0.0,0.1112387972113491,1,125.20474791727838,125.20474791727838,0.0,1517.3795313112462,1517.3795313112462,0.0,704.1555706228107,704.1555706228107,0.0,1,0.7151505914950462,0.7151505914950462,0.0,70.0,70.0,0.0,266.99032752071156,266.99032752071156,0.0,66.4813119281892,1,0.2794964097042454,0.2794964097042454,0.0,1810.5772557941445,1810.5772557941445,0.0,1.8488234450572771,1.8488234450572771,0.0,1,0.0004971472906110108,0.0004971472906110108,0.0,9.0,9.0,0.0,1.5239573722611235,1.5239573722611235,0.0,4.9865669402938275,100.02318571759797,67.818223974032,91.97774171110595
1,0.039521508150819784,0.039521508150819784,0.0,16.0,16.0,0.0,41.54405519371242,41.54405519371242,0.0,1,0.010511756234237168,0.010511756234237168,0.0,8.0,8.0,0.0,33.90127247332641,33.90127247332641,0.0,9.839718993909642,1,0.053384887176656015,0.053384887176656015,0.0,1463.1985165404753,1463.1985165404753,0.0,0.8301867073904396,0.8301867073904396,0.0,1,0.00020260220427859021,0.00020260220427859021,0.0,4.0,4.0,0.0,0.7532963052535186,0.7532963052535186,0.0,0.03381674884374272,1,0.048863616605103743,0.048863616605103743,0.0,4.0,4.0,0.0,581.1903136726874,581.1903136726874,0.0,1,40.266857417734116,40.266857417734116,0.0,1881.781421501516,1881.781421501516,0.0,213.80188308242975,213.80188308242975,0.0,49.98218134761116,2,0.0007541750757067422,0.0013162038989067426,0.0005620288232000004,8.0,14.0,6.0,2.261980056557898,2.270437194770251,0.008457138212353055,1,0.6330062054539067,0.6330062054539067,0.0,4263.979921802245,4263.979921802245,0.0,1.620516712891638,1.620516712891638,0.0,9.88136753502939,36.33201947600278,98.53929979132855,99.95362856480408
1,14.153278669725715,14.153278669725715,0.0,1841.8671353349655,1841.8671353349655,0.0,77.0222663127326,77.0222663127326,0.0,1,0.2780276991470565,0.2780276991470565,0.0,300.0,300.0,0.0,29.34270257629253,29.34270257629253,0.0,4.077828870402202,1,0.11386986109710495,0.11386986109710495,0.0,1617.697684862274,1617.697684862274,0.0,1.0048373122861942,1.0048373122861942,0.0,1,0.0005342306193563129,0.0005342306193563129,0.0,6.0,6.0,0.0,0.6071224592286015,0.6071224592286015,0.0,0.04491066980283213,1,72.35917042196297,72.35917042196297,0.0,2183.1688120729873,2183.1688120729873,0.0,425.0647725640106,425.0647725640106,0.0,2,0.9904215712721367,1.3353986414405483,0.3449770701684116,169.0,204.0,35.0,167.41606373720228,165.3060738876341,2.1099898495681657,17.21311511579398,2,0.018892302210645973,0.036745272488472036,0.017852970277826063,394.5234331156262,785.0468662312524,390.5234331156262,2.0233474762176646,2.053885658874943,0.030538182657278146,1,0.22755220806994902,0.22755220806994902,0.0,2134.6947623864853,2134.6947623864853,0.0,1.451963669266908,1.451963669266908,0.0,7.02417103742447,100.02318571759797,93.67029909575702,99.95362856480408
1,2.337848318342239,2.337848318342239,0.0,1297.99567264191,1297.99567264191,0.0,41.269959536031045,41.269959536031045,0.0,1,2.2812942832192142,2.2812942832192142,0.0,1622.6905654219745,1622.6905654219745,0.0,22.85886231899029,22.85886231899029,0.0,10.090937048748458,1,0.06581137309894114,0.06581137309894114,0.0,674.0,674.0,0.0,0.7321371961733075,0.7321371961733075,0.0,1,0.0628075595671338,0.0628075595671338,0.0,1534.8748772243794,1534.8748772243794,0.0,0.6268536513586729,0.6268536513586729,0.0,0.049869684828891675,1,18.959032299001933,18.959032299001933,0.0,926.5025765480877,926.5025765480877,0.0,281.2020370410785,281.2020370410785,0.0,1,28.773899977816484,28.773899977816484,0.0,1962.044162811159,1962.044162811159,0.0,139.407694590354,139.407694590354,0.0,31.644952715987646,1,0.03718372452725349,0.03718372452725349,0.0,174.0,174.0,0.0,3.5516945719211046,3.5516945719211046,0.0,1,1.457348008456095,1.457348008456095,0.0,3754.1883203212656,3754.1883203212656,0.0,2.025989799346761,2.025989799346761,0.0,0.423539860859607,95.73382796197542,99.95362856480408,99.95362856480408
1,17.797791225201976,17.797791225201976,0.0,1470.2886976341074,1470.2886976341074,0.0,91.42640910625546,91.42640910625546,0.0,1,0.6668882055077603,0.6668882055077603,0.0,426.0,426.0,0.0,40.72899860717075,40.72899860717075,0.0,23.904555736347383,1,0.09859806606293664,0.09859806606293664,0.0,490.0,490.0,0.0,0.9676809490830587,0.9676809490830587,0.0,2,0.0464269906281502,0.09095531693968095,0.04452832631153075,387.5,771.0,383.5,0.6950689652104631,0.6919192767484488,0.003149688462014355,0.053207050556946855,1,134.12554345432142,134.12554345432142,0.0,1283.5223171497637,1283.5223171497637,0.0,602.3831436899206,602.3831436899206,0.0,1,0.8476575479369899,0.8476575479369899,0.0,76.0,76.0,0.0,275.65735473167484,275.65735473167484,0.0,63.15520231763027,1,0.17632889083275982,0.17632889083275982,0.0,1169.4578741806768,1169.4578741806768,0.0,2.693118415034694,2.693118415034694,0.0,1,0.021231148921893483,0.021231148921893483,0.0,126.0,126.0,0.0,1.7145733437366566,1.7145733437366566,0.0,0.21271415006854244,100.02318571759797,99.95362856480408,99.95362856480408
1,28.356498651033853,28.356498651033853,0.0,3043.2475148178955,3043.2475148178955,0.0,86.39998704240863,86.39998704240863,0.0,1,15.063425763548977,15.063425763548977,0.0,900.5218322280994,900.5218322280994,0.0,59.17153191463888,59.17153191463888,0.0,18.243664592158833,1,0.5564913128861961,0.5564913128861961,0.0,3512.463960432068,3512.463960432068,0.0,1.1792928599854657,1.1792928599854657,0.0,1,0.014416689288150097,0.014416689288150097,0.0,204.2228441473281,204.2228441473281,0.0,0.6228015470992696,0.6228015470992696,0.0,0.060994719091100526,1,159.6840721872557,159.6840721872557,0.0,3027.660396621398,3027.660396621398,0.0,443.42895420130174,443.42895420130174,0.0,1,0.01817410597546143,0.01817410597546143,0.0,2.0,2.0,0.0,109.99857032423458,109.99857032423458,0.0,53.5760139958689,1,0.02872832810164372,0.02872832810164372,0.0,81.49005817140353,81.49005817140353,0.0,2.8228476558203783,2.8228476558203783,0.0,1,0.14545338141326813,0.14545338141326813,0.0,2026.8603410367746,2026.8603410367746,0.0,1.6070471225642071,1.6070471225642071,0.0,0.3704078469305007,86.52909807558544,99.8840714120102,99.95362856480408
1,2.6212099945482237,2.6212099945482237,0.0,162.0,162.0,0.0,150.02155505435934,150.02155505435934,0.0,1,7.651418962891853,7.651418962891853,0.0,1104.1479408339312,1104.1479408339312,0.0,79.91757596210824,79.91757596210824,0.0,9.752821175046568,1,0.10258769441696058,0.10258769441696058,0.0,562.0,562.0,0.0,1.4376746534266172,1.4376746534266172,0.0,1,0.11131521906506381,0.11131521906506381,0.0,838.3226878109454,838.3226878109454,0.0,0.6614672542496454,0.6614672542496454,0.0,0.07519179247348813,1,3.1626995906003685,3.1626995906003685,0.0,36.0,36.0,0.0,834.9796787229579,834.9796787229579,0.0,1,35.78769427113872,35.78769427113872,0.0,675.6498207090705,675.6498207090705,0.0,462.5667337683368,462.5667337683368,0.0,43.532644893884374,2,0.01875593763068606,0.022428277372276817,0.0036723397415907577,123.0,162.0,39.0,1.9399648335564899,1.98382822007048,0.04386338651399002,2,0.21535547730243343,0.43045544082613163,0.2150999635236982,1056.3454706120008,2110.6909412240016,1054.3454706120008,1.4891888773342523,1.3637526358477183,0.12543624148653387,0.17460241764361437,100.02318571759797,89.49686992812428,89.49686992812428
1,0.6671922648165385,0.6671922648165385,0.0,156.0,156.0,0.0,30.86922526087256,30.86922526087256,0.0,1,0.17757748217483282,0.17757748217483282,0.0,116.0,116.0,0.0,21.750999466722625,21.750999466722625,0.0,8.410472645520489,1,0.0004939600594171534,0.0004939600594171534,0.0,4.0,4.0,0.0,0.7379331427347766,0.7379331427347766,0.0,1,0.007628585523233811,0.007628585523233811,0.0,34.0,34.0,0.0,0.4535360503870979,0.4535360503870979,0.0,0.03245149174197241,1,9.148063818752547,9.148063818752547,0.0,441.0,441.0,0.0,190.4780909534123,190.4780909534123,0.0,1,33.68116399226004,33.68116399226004,0.0,1677.0193769411226,1677.0193769411226,0.0,84.08320459549077,84.08320459549077,0.0,12.525816899891637,1,0.09360836198906197,0.09360836198906197,0.0,850.0148357675898,850.0148357675898,0.0,3.3692647176706965,3.3692647176706965,0.0,1,0.9258090821979716,0.9258090821979716,0.0,2801.911823331317,2801.911823331317,0.0,2.3483839151942707,2.3483839151942707,0.0,0.2835012910221414,71.06422443774635,99.95362856480408,99.95362856480408
1,0.8114864135025996,0.8114864135025996,0.0,630.0,630.0,0.0,36.17623800744816,36.17623800744816,0.0,1,0.03244121990402249,0.03244121990402249,0.0,44.0,44.0,0.0,27.180194519619413,27.180194519619413,0.0,4.268857129636165,1,0.0015972912046496868,0.0015972912046496868,0.0,52.0,52.0,0.0,0.8044028724265434,0.8044028724265434,0.0,2,0.000354653948157313,0.0005156101360720422,0.0001609561879147292,19.5,37.0,17.5,0.47414018664710533,0.4425687118501681,0.03157147479693723,0.030248777093077023,1,0.058443087709690644,0.058443087709690644,0.0,4.0,4.0,0.0,234.18759396526139,234.18759396526139,0.0,1,1.6172864888098104,1.6172864888098104,0.0,146.0,146.0,0.0,150.26019959125983,150.26019959125983,0.0,17.30578891009042,1,0.0019760702411910636,0.0019760702411910636,0.0,4.0,4.0,0.0,2.9102147601310455,2.9102147601310455,0.0,1,0.23955389543407835,0.23955389543407835,0.0,1957.1178877620027,1957.1178877620027,0.0,1.5591991016194107,1.5591991016194107,0.0,0.3509101982224188,100.02318571759797,86.52909807558544,86.52909807558544
1,0.02721884656982354,0.02721884656982354,0.0,2.0,2.0,0.0,67.80784436787332,67.80784436787332,0.0,1,0.39162195588379234,0.39162195588379234,0.0,306.0,306.0,0.0,38.25012562884976,38.25012562884976,0.0,8.140812781367458,1,0.00028991091669072766,0.00028991091669072766,0.0,2.0,2.0,0.0,0.6839253164703851,0.6839253164703851,0.0,1,0.02336389599766986,0.02336389599766986,0.0,498.0,498.0,0.0,0.5760945787954901,0.5760945787954901,0.0,0.05571109904208509,1,0.3129627729871345,0.3129627729871345,0.0,8.0,8.0,0.0,318.33297853109445,318.33297853109445,0.0,1,0.19013635078681546,0.19013635078681546,0.0,4.0,4.0,0.0,269.28846880365495,269.28846880365495,0.0,33.552584718702256,1,0.006612091870979775,0.006612091870979775,0.0,12.0,12.0,0.0,4.284021395274805,4.284021395274805,0.0,1,0.09142140155005052,0.09142140155005052,0.0,134.0,134.0,0.0,3.665142257484225,3.665142257484225,0.0,0.4547630570731658,36.63343380477625,25.11013215859031,25.11013215859031
1,1.1791335190319856,1.1791335190319856,0.0,324.0,324.0,0.0,41.87659443012642,41.87659443012642,0.0,1,3.518692480042411,3.518692480042411,0.0,840.6865091897164,840.6865091897164,0.0,37.61069239772723,37.61069239772723,0.0,5.058610392408944,1,0.009195211672479164,0.009195211672479164,0.0,470.50344380025956,470.50344380025956,0.0,0.9568379730994148,0.9568379730994148,0.0,1,0.0002275246631642247,0.0002275246631642247,0.0,2.0,2.0,0.0,0.8293343649840175,0.8293343649840175,0.0,0.041650437463678365,1,73.0088900748024,73.0088900748024,0.0,2355.785015946366,2355.785015946366,0.0,146.3258768015062,146.3258768015062,0.0,1,1.2580415571275623,1.2580415571275623,0.0,1077.3946412781816,1077.3946412781816,0.0,28.9769437060269,28.9769437060269,0.0,23.417443498896986,1,1.1441615377279017,1.1441615377279017,0.0,1843.4989476380456,1843.4989476380456,0.0,5.525181956294134,5.525181956294134,0.0,1,0.005102194602450094,0.005102194602450094,0.0,20.0,20.0,0.0,3.0229693904712285,3.0229693904712285,0.0,9.669208189530812,51.10132158590308,99.81451425921632,99.95362856480408
1,1.1177089236348756,1.1177089236348756,0.0,1538.6932123321164,1538.6932123321164,0.0,23.462598672544765,23.462598672544765,0.0,1,0.5804022397178983,0.5804022397178983,0.0,654.0,654.0,0.0,21.5552108146402,21.5552108146402,0.0,10.409089427057735,1,0.08601810866435888,0.08601810866435888,0.0,768.7734089422182,768.7734089422182,0.0,0.8564600175881485,0.8564600175881485,0.0,1,0.10137465253814737,0.10137465253814737,0.0,843.8449460650784,843.8449460650784,0.0,0.7169166757751912,0.7169166757751912,0.0,0.0322958895472877,1,30.350160675845643,30.350160675845643,0.0,1953.79009335998,1953.79009335998,0.0,115.35698695804881,115.35698695804881,0.0,1,18.39337740378015,18.39337740378015,0.0,2480.8146922023284,2480.8146922023284,0.0,78.52855355207792,78.52855355207792,0.0,9.95357175303471,1,0.4305262405441983,0.4305262405441983,0.0,2622.6656723002106,2622.6656723002106,0.0,1.6170305952084743,1.6170305952084743,0.0,2,0.11763875608216046,0.23480417567745016,0.1171654195952897,852.524588541121,1703.049177082242,850.524588541121,1.0487692028133098,0.9838454654834143,0.06492373732989554,0.19103399497775148,60.792951541850215,99.95362856480408,99.95362856480408
1,3.030132992614597,3.030132992614597,0.0,1501.3409386060719,1501.3409386060719,0.0,35.218351489463686,35.218351489463686,0.0,1,0.4222395490604782,0.4222395490604782,0.0,348.9124742034104,348.9124742034104,0.0,28.83738675755548,28.83738675755548,0.0,5.618096490378335,1,0.08534115711608159,0.08534115711608159,0.0,1828.8873383378357,1828.8873383378357,0.0,0.8339623285471827,0.8339623285471827,0.0,1,0.15730602619562362,0.15730602619562362,0.0,1029.768895843271,1029.768895843271,0.0,0.6103593451028881,0.6103593451028881,0.0,0.03131311433057622,1,1.8816790088604023,1.8816790088604023,0.0,264.0,264.0,0.0,193.92410931204725,193.92410931204725,0.0,1,5.652696512803402,5.652696512803402,0.0,284.0,284.0,0.0,146.69117015207377,146.69117015207377,0.0,7.487200820194808,1,1.1474989718501698,1.1474989718501698,0.0,4006.765060762296,4006.765060762296,0.0,2.7558528522449732,2.7558528522449732,0.0,1,1.6644665719518854,1.6644665719518854,0.0,698.0,698.0,0.0,0.8540608636720709,0.8540608636720709,0.0,7.895158678475637,77.90401112914445,76.58242522606075,99.95362856480408
1,1.9346725944379806,1.9346725944379806,0.0,2238.8939144208116,2238.8939144208116,0.0,24.67012801674262,24.67012801674262,0.0,1,1.0445273290167272,1.0445273290167272,0.0,374.0,374.0,0.0,22.560341750473142,22.560341750473142,0.0,10.819691888792457,1,0.09520240914885647,0.09520240914885647,0.0,1602.226761860514,1602.226761860514,0.0,0.8416965117442614,0.8416965117442614,0.0,1,0.0017665258279624396,0.0017665258279624396,0.0,6.0,6.0,0.0,0.6183371616920537,0.6183371616920537,0.0,0.047115192198454135,1,0.9991592673607741,0.9991592673607741,0.0,164.0,164.0,0.0,38.99530593691821,38.99530593691821,0.0,1,1.6089836871263223,1.6089836871263223,0.0,1009.6068423168372,1009.6068423168372,0.0,28.00250636656463,28.00250636656463,0.0,22.699093052186864,1,0.6444744099534523,0.6444744099534523,0.0,1145.056684978934,1145.056684978934,0.0,6.2385334551157365,6.2385334551157365,0.0,2,0.13457224308739568,0.23041599115002587,0.09584374806263019,566.3185869786212,1046.6371739572423,480.31858697862117,3.785370060218069,3.7697407995050467,0.015629260713022397,0.6714015889677106,61.14073730581961,99.95362856480408,99.95362856480408
1,0.0010958181625397856,0.0010958181625397856,0.0,2.0,2.0,0.0,22.25539835258474,22.25539835258474,0.0,1,0.034476316672261476,0.034476316672261476,0.0,82.0,82.0,0.0,21.826184639966193,21.826184639966193,0.0,189.57723057018447,1,0.009836045047724618,0.009836045047724618,0.0,114.0,114.0,0.0,0.6555533331760597,0.6555533331760597,0.0,1,0.0002942495347035834,0.0002942495347035834,0.0,1.3404577089863343,1.3404577089863343,0.0,0.6138316747210153,0.6138316747210153,0.0,0.09327519511055367,1,0.3839438311336494,0.3839438311336494,0.0,4.0,4.0,0.0,65.32204774955721,65.32204774955721,0.0,1,20.60094485878684,20.60094485878684,0.0,3308.446372017319,3308.446372017319,0.0,32.35985726527427,32.35985726527427,0.0,209.18006034270607,1,0.5603452580673434,0.5603452580673434,0.0,3820.7570714647063,3820.7570714647063,0.0,3.5139456215752656,3.5139456215752656,0.0,1,0.04492077336167055,0.04492077336167055,0.0,354.0,354.0,0.0,2.953600363507922,2.953600363507922,0.0,11.56951970916403,20.4034314862045,99.44354277764896,99.95362856480408
1,0.02429333136579359,0.02429333136579359,0.0,14.0,14.0,0.0,25.405388716509,25.405388716509,0.0,1,0.02674673866275512,0.02674673866275512,0.0,8.0,8.0,0.0,22.612253591951646,22.612253591951646,0.0,6.933078590865325,1,8.330296565883799e-06,8.330296565883799e-06,0.0,2.0,2.0,0.0,0.7378545198672994,0.7378545198672994,0.0,1,0.0007012405433782787,0.0007012405433782787,0.0,2.0,2.0,0.0,0.47157871617478053,0.47157871617478053,0.0,0.03824502901144977,1,2.469304305378003,2.469304305378003,0.0,42.0,42.0,0.0,87.29367430827394,87.29367430827394,0.0,1,9.82935603056238,9.82935603056238,0.0,1928.3039826185764,1928.3039826185764,0.0,35.89712331706937,35.89712331706937,0.0,8.445937252245896,1,0.0005540513976161066,0.0005540513976161066,0.0,2.0,2.0,0.0,5.211826392308259,5.211826392308259,0.0,2,0.310092017513399,0.3458813976003108,0.03578938008691179,1607.4900608721011,1812.7637734590212,205.27371258692006,3.0431904324534234,2.980712761651584,0.062477670801839524,0.8011508473403728,30.605147229306745,83.4453976350568,99.95362856480408
1,0.159761187734631,0.159761187734631,0.0,34.0,34.0,0.0,29.740019418806632,29.740019418806632,0.0,1,0.6894154892022648,0.6894154892022648,0.0,775.0,775.0,0.0,29.050603929604367,29.050603929604367,0.0,12.779251222673269,1,0.03356823488892413,0.03356823488892413,0.0,793.0,793.0,0.0,0.5599491993032241,0.5599491993032241,0.0,1,0.0076783514361190575,0.0076783514361190575,0.0,30.255355382978113,30.255355382978113,0.0,0.5263809644142999,0.5263809644142999,0.0,0.042053198032319904,1,0.5582700961584806,0.5582700961584806,0.0,4.0,4.0,0.0,112.84154596104801,112.84154596104801,0.0,1,0.18251382607591893,0.18251382607591893,0.0,18.0,18.0,0.0,33.622908832147374,33.622908832147374,0.0,33.130411172674535,1,0.27633076057328143,0.27633076057328143,0.0,486.0,486.0,0.0,6.078394987940947,6.078394987940947,0.0,1,2.2248580756208742,2.2248580756208742,0.0,3032.678041275005,3032.678041275005,0.0,2.119379145183464,2.119379145183464,0.0,0.8768939732325276,19.0818455831208,71.71342453048922,99.95362856480408
0,0.0,0.0,0.0,0.0,0.0,0.0,0.0,0.0,0.0,0,0.0,0.0,0.0,0.0,0.0,0.0,0.0,0.0,0.0,27.502709646585036,0,0.0,0.0,0.0,0.0,0.0,0.0,0.0,0.0,0.0,0,0.0,0.0,0.0,0.0,0.0,0.0,0.0,0.0,0.0,0.08503436164377547,1,2.0503483817915793,2.0503483817915793,0.0,296.0,296.0,0.0,49.44275877394726,49.44275877394726,0.0,1,0.2462965788329896,0.2462965788329896,0.0,16.0,16.0,0.0,39.20466599264823,39.20466599264823,0.0,28.900365966064573,1,0.2696147238745503,0.2696147238745503,0.0,749.5622618674747,749.5622618674747,0.0,8.247503371771428,8.247503371771428,0.0,1,0.007176824830696038,0.007176824830696038,0.0,46.0,46.0,0.0,3.061784268121449,3.061784268121449,0.0,0.6296552428737389,0.0,31.04567586366798,99.95362856480408
1,8.182999995897063,8.182999995897063,0.0,2697.811216883496,2697.811216883496,0.0,30.864496700780634,30.864496700780634,0.0,1,0.18128171728624665,0.18128171728624665,0.0,92.0,92.0,0.0,22.34100726863054,22.34100726863054,0.0,7.867942497251683,1,0.09447276513824066,0.09447276513824066,0.0,2654.1093781077157,2654.1093781077157,0.0,0.6926113142495024,0.6926113142495024,0.0,1,0.0013848360799003645,0.0013848360799003645,0.0,18.0,18.0,0.0,0.5934173270865948,0.5934173270865948,0.0,0.07100858206283696,1,83.14804740741243,83.14804740741243,0.0,3909.108972637019,3909.108972637019,0.0,161.49101658433943,161.49101658433943,0.0,1,1.957686426630886,1.957686426630886,0.0,132.4581047504721,132.4581047504721,0.0,88.16667907230465,88.16667907230465,0.0,23.28133702224295,2,0.003194421869801012,0.004596226225074496,0.0014018043552734838,2.5,3.0,0.5,3.9788361806010797,4.441099870768663,0.4622636901675832,2,0.19807975885291906,0.38326455790072345,0.18518479904780438,832.0853160738225,1628.170632147645,796.0853160738225,2.9041169515841023,2.8852749498952956,0.018842001688806675,0.42183857912016887,66.00973800139114,99.95362856480408,99.95362856480408
1,0.6029987433702964,0.6029987433702964,0.0,236.0,236.0,0.0,28.042664803353784,28.042664803353784,0.0,1,2.107290658745182,2.107290658745182,0.0,878.9226874800218,878.9226874800218,0.0,23.974069364940686,23.974069364940686,0.0,7.3836471395068255,1,0.027103300894784743,0.027103300894784743,0.0,769.8325299645044,769.8325299645044,0.0,0.8728104074416232,0.8728104074416232,0.0,1,0.07980611660444825,0.07980611660444825,0.0,635.1969956411053,635.1969956411053,0.0,0.5683444055462717,0.5683444055462717,0.0,0.055836628352268526,1,15.248287366677658,15.248287366677658,0.0,532.0,532.0,0.0,169.52067965969758,169.52067965969758,0.0,1,0.34443673038590816,0.34443673038590816,0.0,16.0,16.0,0.0,106.70022429589093,106.70022429589093,0.0,20.42870865117357,1,0.22280371515556352,0.22280371515556352,0.0,1667.6197273555385,1667.6197273555385,0.0,3.1545834516074005,3.1545834516074005,0.0,1,0.11829824621927432,0.11829824621927432,0.0,1035.224763520532,1035.224763520532,0.0,1.5517551826876297,1.5517551826876297,0.0,0.33618038754686597,64.03895200556458,99.95362856480408,99.95362856480408
1,0.003490982162468015,0.003490982162468015,0.0,4.0,4.0,0.0,38.88423940016267,38.88423940016267,0.0,1,0.6415295850886302,0.6415295850886302,0.0,412.0,412.0,0.0,28.58967589367861,28.58967589367861,0.0,5.069223818458765,1,0.0003058172588349395,0.0003058172588349395,0.0,2.0,2.0,0.0,0.9260940477331148,0.9260940477331148,0.0,1,0.0863546722181534,0.0863546722181534,0.0,885.6408615108895,885.6408615108895,0.0,0.7406455220851758,0.7406455220851758,0.0,0.056448744793948756,1,26.00709188155645,26.00709188155645,0.0,1859.3637116883942,1859.3637116883942,0.0,144.96166661585448,144.96166661585448,0.0,1,9.414929686720825,9.414929686720825,0.0,1568.4260950025584,1568.4260950025584,0.0,84.73278518476164,84.73278518476164,0.0,14.811360263326211,1,0.11675650458696918,0.11675650458696918,0.0,1024.1245544378035,1024.1245544378035,0.0,3.556068635852551,3.556068635852551,0.0,1,0.1849565036286278,0.1849565036286278,0.0,1701.1469905478516,1701.1469905478516,0.0,2.701865967257883,2.701865967257883,0.0,0.3254120455113776,69.07025272432182,99.95362856480408,99.95362856480408
1,0.13566526222891895,0.13566526222891895,0.0,4.0,4.0,0.0,41.273064389965555,41.273064389965555,0.0,1,0.5559703222042636,0.5559703222042636,0.0,500.0,500.0,0.0,28.739278363228056,28.739278363228056,0.0,7.859636509010162,1,0.007115331128919156,0.007115331128919156,0.0,56.0,56.0,0.0,0.7849628720052064,0.7849628720052064,0.0,1,0.04564057929537557,0.04564057929537557,0.0,302.0,302.0,0.0,0.631514504492635,0.631514504492635,0.0,0.06022740169760977,1,79.74147977560312,79.74147977560312,0.0,2361.7789047433926,2361.7789047433926,0.0,264.79015058190294,264.79015058190294,0.0,1,11.861970003533642,11.861970003533642,0.0,1117.0153249847995,1117.0153249847995,0.0,109.01884054726123,109.01884054726123,0.0,37.642580571155726,2,0.7144038309332803,1.4259992618430726,0.7115954309097923,1791.3318781996236,3573.663756399247,1782.3318781996236,4.210448474354818,4.468443067910486,0.25799459355566734,2,0.017814471507294316,0.031410826303599926,0.01359635479630561,100.00035639592903,198.00071279185806,98.00035639592903,2.6958834879207427,2.349323169774072,0.34656031814667054,5.250243518380293,63.59842337120334,91.35172733596106,98.1683283097612
1,4.970996800087796,4.970996800087796,0.0,1560.831666758842,1560.831666758842,0.0,37.09494873292137,37.09494873292137,0.0,1,0.0008164036201065983,0.0008164036201065983,0.0,2.0,2.0,0.0,26.269292227043344,26.269292227043344,0.0,16.741408724297987,1,0.00016938410421951655,0.00016938410421951655,0.0,2.0,2.0,0.0,0.7648699815400194,0.7648699815400194,0.0,1,0.08638992906480458,0.08638992906480458,0.0,1606.2870003602163,1606.2870003602163,0.0,0.6009412100700864,0.6009412100700864,0.0,0.036926777839681096,1,329.01973245089323,329.01973245089323,0.0,2313.7308221550834,2313.7308221550834,0.0,491.98076492457477,491.98076492457477,0.0,1,0.024914051977106055,0.024914051977106055,0.0,2.0,2.0,0.0,137.79111372362863,137.79111372362863,0.0,89.37639520149163,2,0.045043597852819195,0.0672252063108516,0.02218160845803241,179.5,324.0,144.5,3.8611880685648123,4.0184770808409525,0.15728901227614012,1,0.3090093977762307,0.3090093977762307,0.0,2252.954418223461,2252.954418223461,0.0,2.9842982159738054,2.9842982159738054,0.0,0.4765146210683447,63.41293763041966,99.95362856480408,99.95362856480408
1,6.608578540487159,6.608578540487159,0.0,912.1206676510847,912.1206676510847,0.0,56.21747772649261,56.21747772649261,0.0,1,4.927115462658463,4.927115462658463,0.0,966.3655152924497,966.3655152924497,0.0,33.49526116204817,33.49526116204817,0.0,13.62092752042265,1,0.046631601476771256,0.046631601476771256,0.0,704.7056994049728,704.7056994049728,0.0,0.7593463237940618,0.7593463237940618,0.0,1,0.06638454743917932,0.06638454743917932,0.0,842.4778942842145,842.4778942842145,0.0,0.6758532793755232,0.6758532793755232,0.0,0.041700959837334975,1,0.033428007734187304,0.033428007734187304,0.0,2.0,2.0,0.0,306.88968007751384,306.88968007751384,0.0,1,12.252800871757344,12.252800871757344,0.0,970.038039429211,970.038039429211,0.0,121.74076690507219,121.74076690507219,0.0,29.508643232220912,1,0.005797980367987954,0.005797980367987954,0.0,6.0,6.0,0.0,4.422867364577963,4.422867364577963,0.0,2,0.125162417209701,0.21738910478069684,0.09222668757099584,468.7045186855969,865.4090373711938,396.7045186855969,2.247016214321696,2.243412079702807,0.0036041346188886436,0.6129378521133843,60.908880129840014,99.95362856480408,99.95362856480408
1,5.875669438214473,5.875669438214473,0.0,905.8830734404157,905.8830734404157,0.0,79.94945193573933,79.94945193573933,0.0,1,0.0773385291563713,0.0773385291563713,0.0,18.0,18.0,0.0,61.792607698265805,61.792607698265805,0.0,6.445330311563806,1,0.03653422992879707,0.03653422992879707,0.0,810.0,810.0,0.0,0.8981725521843925,0.8981725521843925,0.0,1,0.08699399559004894,0.08699399559004894,0.0,1624.4659119226415,1624.4659119226415,0.0,0.7410648890098144,0.7410648890098144,0.0,0.07709902226333933,1,34.987934100844996,34.987934100844996,0.0,1976.6836450818123,1976.6836450818123,0.0,444.01057783209137,444.01057783209137,0.0,1,0.04005651464734683,0.04005651464734683,0.0,2.0,2.0,0.0,316.31385446369273,316.31385446369273,0.0,33.538185823788396,1,0.36478169095674984,0.36478169095674984,0.0,1984.2535599465896,1984.2535599465896,0.0,3.716242465075152,3.716242465075152,0.0,2,0.0013677228446906664,0.002276870935260966,0.0009091480905702998,5.0,8.0,3.0,2.7326229598769807,2.575366485737271,0.15725647413970978,0.4655494790603788,58.49756549965222,99.95362856480408,99.95362856480408
1,0.8575491349565922,0.8575491349565922,0.0,438.0,438.0,0.0,58.644426305517385,58.644426305517385,0.0,1,1.051100461279887,1.051100461279887,0.0,480.0,480.0,0.0,45.88236880569839,45.88236880569839,0.0,12.983852910858838,1,0.0814383533560965,0.0814383533560965,0.0,1280.572521081579,1280.572521081579,0.0,0.7378106429734258,0.7378106429734258,0.0,1,6.028659964640859e-05,6.028659964640859e-05,0.0,2.0,2.0,0.0,0.4783099940047192,0.4783099940047192,0.0,0.06208026607934247,1,23.157672890313222,23.157672890313222,0.0,1411.7920044366538,1411.7920044366538,0.0,373.104313731401,373.104313731401,0.0,1,21.378776892299527,21.378776892299527,0.0,2222.0559764029254,2222.0559764029254,0.0,268.41548543734166,268.41548543734166,0.0,20.575981541796434,2,0.1618399042674139,0.3229434666316875,0.1611035623642736,1033.1483263917842,2064.2966527835683,1031.1483263917842,2.9338269378138966,3.02209248005394,0.08826554224004313,2,0.2539660038548226,0.5027966029615141,0.24883059910669147,1500.0530816744754,2971.1061633489508,1471.0530816744754,2.4867918461815526,2.435536928021001,0.0512549181605515,0.3477119949133202,57.54695107813587,99.95362856480408,99.95362856480408
1,0.07167618455226688,0.07167618455226688,0.0,2.0,2.0,0.0,50.37029853042597,50.37029853042597,0.0,1,9.385739894559933,9.385739894559933,0.0,1889.5984628238027,1889.5984628238027,0.0,36.68070549370151,36.68070549370151,0.0,8.016880934519946,1,0.08116815844690994,0.08116815844690994,0.0,464.0,464.0,0.0,0.9366279347544784,0.9366279347544784,0.0,1,0.00014938488159255137,0.00014938488159255137,0.0,2.0,2.0,0.0,0.6452770391571916,0.6452770391571916,0.0,0.06964385790610325,1,0.12697031780720636,0.12697031780720636,0.0,4.0,4.0,0.0,359.26506375132703,359.26506375132703,0.0,1,87.95689904057429,87.95689904057429,0.0,3447.585745102705,3447.585745102705,0.0,235.83234555714432,235.83234555714432,0.0,18.61545028468692,2,0.003782175713481273,0.006067716405858903,0.00228554069237763,11.5,20.0,8.5,2.7694492033236706,3.0034749635769558,0.23402576025328514,2,0.19148205458679446,0.3813632841731791,0.18988122958638465,1163.3176794043711,2320.6353588087422,1157.3176794043711,1.7197294495315985,1.5918265376541976,0.12790291187740088,0.406774752810504,54.996522142360305,99.95362856480408,99.95362856480408
1,0.09922344999500865,0.09922344999500865,0.0,22.0,22.0,0.0,58.59047221580905,58.59047221580905,0.0,1,7.361033929913447,7.361033929913447,0.0,1654.5998300714336,1654.5998300714336,0.0,39.607798509089214,39.607798509089214,0.0,12.26810028002179,1,0.026655039129446112,0.026655039129446112,0.0,311.64286145622475,311.64286145622475,0.0,0.8692981230742971,0.8692981230742971,0.0,1,0.0005323106983055048,0.0005323106983055048,0.0,2.0,2.0,0.0,0.3687164986197995,0.3687164986197995,0.0,0.06404515151933514,1,1.3705411013718845,1.3705411013718845,0.0,64.0,64.0,0.0,312.23540333634475,312.23540333634475,0.0,1,94.0499586412796,94.0499586412796,0.0,3307.2532497429493,3307.2532497429493,0.0,161.9939981058156,161.9939981058156,0.0,20.063588205550957,2,0.0011832051266027488,0.001272644565544212,8.943943894146322e-05,5.5,9.0,3.5,2.8913761487895036,3.1593014157660897,0.2679252669765859,2,0.21410390169293647,0.42714776553829914,0.21304386384536267,1497.7385679796462,2991.4771359592924,1493.7385679796462,2.2365936149568144,2.1672216881528232,0.06937192680399118,0.2621563007823425,57.45420820774403,99.95362856480408,99.95362856480408
1,3.6230430314301003,3.6230430314301003,0.0,570.0,570.0,0.0,32.55253931461326,32.55253931461326,0.0,1,1.5897523243429212,1.5897523243429212,0.0,747.4204100448513,747.4204100448513,0.0,26.447696088149943,26.447696088149943,0.0,7.262917017114265,1,0.00405731659948716,0.00405731659948716,0.0,80.0,80.0,0.0,0.612534236356777,0.612534236356777,0.0,1,0.042968005396627595,0.042968005396627595,0.0,624.0,624.0,0.0,0.4703108120926689,0.4703108120926689,0.0,0.05442643295364731,1,45.24386926174,45.24386926174,0.0,1630.676313612853,1630.676313612853,0.0,207.59479724694657,207.59479724694657,0.0,1,5.803203174834664,5.803203174834664,0.0,282.0,282.0,0.0,70.28262369467599,70.28262369467599,0.0,22.543489218349887,1,0.5859522570245046,0.5859522570245046,0.0,1744.8453626003675,1744.8453626003675,0.0,3.890135867094084,3.890135867094084,0.0,2,0.027435364981784893,0.053985085267652444,0.02654972028586755,121.0,238.0,117.0,2.2490743004807214,2.0018262816685777,0.24724801881214375,0.4262023697013215,44.168792024113145,99.95362856480408,99.95362856480408
0,0.0,0.0,0.0,0.0,0.0,0.0,0.0,0.0,0.0,0,0.0,0.0,0.0,0.0,0.0,0.0,0.0,0.0,0.0,18.0878337463435,0,0.0,0.0,0.0,0.0,0.0,0.0,0.0,0.0,0.0,0,0.0,0.0,0.0,0.0,0.0,0.0,0.0,0.0,0.0,0.0843899318311485,1,0.7904089992339891,0.7904089992339891,0.0,358.0,358.0,0.0,107.80075677805851,107.80075677805851,0.0,1,7.974249657455871,7.974249657455871,0.0,2903.1675294096485,2903.1675294096485,0.0,76.80252250916585,76.80252250916585,0.0,55.64569907678414,1,0.44911881245426266,0.44911881245426266,0.0,3277.3167286327152,3277.3167286327152,0.0,2.0793947994396698,2.0793947994396698,0.0,1,0.0003506818737011308,0.0003506818737011308,0.0,4.0,4.0,0.0,1.4441022859362524,1.4441022859362524,0.0,0.3052494905831555,0.0,99.93044284720612,99.95362856480408
1,0.822341031921983,0.822341031921983,0.0,403.7445545723881,403.7445545723881,0.0,30.666176277141485,30.666176277141485,0.0,1,0.10404320744968132,0.10404320744968132,0.0,200.0,200.0,0.0,23.378570179250527,23.378570179250527,0.0,13.342889972057588,1,0.19865006610641156,0.19865006610641156,0.0,1065.1709314730886,1065.1709314730886,0.0,0.9336241118209068,0.9336241118209068,0.0,1,0.07993046593271846,0.07993046593271846,0.0,550.0,550.0,0.0,0.722313016369995,0.722313016369995,0.0,0.0603754471430715,1,23.04527055180624,23.04527055180624,0.0,2461.4038363572336,2461.4038363572336,0.0,145.38530936643164,145.38530936643164,0.0,1,0.10351104554592894,0.10351104554592894,0.0,24.0,24.0,0.0,106.51925297660507,106.51925297660507,0.0,22.073139567253357,1,0.040190034150569875,0.040190034150569875,0.0,969.9903761276382,969.9903761276382,0.0,1.9544011945842892,1.9544011945842892,0.0,1,0.15006110563145136,0.15006110563145136,0.0,2173.7501711269774,2173.7501711269774,0.0,1.2837927085277103,1.2837927085277103,0.0,0.1576179637802226,63.48249478321354,99.95362856480408,99.95362856480408
1,1.3461981741949174,1.3461981741949174,0.0,316.0,316.0,0.0,36.6728431954756,36.6728431954756,0.0,1,0.07154074191407744,0.07154074191407744,0.0,62.0,62.0,0.0,25.439647809209887,25.439647809209887,0.0,13.138596252648655,1,0.04951862663398143,0.04951862663398143,0.0,841.4870911007631,841.4870911007631,0.0,0.8611682356309609,0.8611682356309609,0.0,1,0.07593846591825282,0.07593846591825282,0.0,748.9777867466648,748.9777867466648,0.0,0.6143546141892432,0.6143546141892432,0.0,0.03520935747685886,1,7.372783897191596,7.372783897191596,0.0,525.4948525056516,525.4948525056516,0.0,150.25402218337027,150.25402218337027,0.0,1,5.218803827298075,5.218803827298075,0.0,1560.64393043951,1560.64393043951,0.0,83.49669249947604,83.49669249947604,0.0,15.987006984037018,1,0.43371893973772213,0.43371893973772213,0.0,2214.6389649104945,2214.6389649104945,0.0,2.469863642666523,2.469863642666523,0.0,2,0.05142175061329468,0.06046943089230283,0.009047680279008152,755.1760706237134,992.3521412474267,237.17607062371337,1.7917827210439043,1.7799877363766967,0.01179498466720763,0.32845685696784394,59.51773707396244,99.95362856480408,99.95362856480408
1,0.04965775526043359,0.04965775526043359,0.0,2.0,2.0,0.0,48.013835475478125,48.013835475478125,0.0,1,0.5529282569264353,0.5529282569264353,0.0,164.0,164.0,0.0,37.69779662641979,37.69779662641979,0.0,11.755170677791197,1,0.0001734662755852323,0.0001734662755852323,0.0,2.0,2.0,0.0,1.2408047489630143,1.2408047489630143,0.0,1,0.027327648047111852,0.027327648047111852,0.0,530.0,530.0,0.0,1.1737643776420963,1.1737643776420963,0.0,0.05453583112957678,1,2.208206693288105,2.208206693288105,0.0,104.0,104.0,0.0,211.50522632992732,211.50522632992732,0.0,1,96.50937100860686,96.50937100860686,0.0,3362.88739911461,3362.88739911461,0.0,80.96644656182958,80.96644656182958,0.0,25.4767590574092,1,0.08191712519161998,0.08191712519161998,0.0,506.0,506.0,0.0,2.578640589193153,2.578640589193153,0.0,1,0.7307899840599146,0.7307899840599146,0.0,3325.0586835233676,3325.0586835233676,0.0,1.5641961197723142,1.5641961197723142,0.0,0.2799426083777351,33.92070484581498,99.95362856480408,99.95362856480408
1,0.8596951735118239,0.8596951735118239,0.0,88.0,88.0,0.0,87.69268024218368,87.69268024218368,0.0,1,0.01166875805731138,0.01166875805731138,0.0,4.0,4.0,0.0,48.89930286834362,48.89930286834362,0.0,19.445545611265445,1,0.06925857435974125,0.06925857435974125,0.0,824.5219413185715,824.5219413185715,0.0,1.0014095848658624,1.0014095848658624,0.0,1,0.08938785085847556,0.08938785085847556,0.0,879.0,879.0,0.0,0.9082736667456572,0.9082736667456572,0.0,0.04861089100452729,1,1.0651777257899653,1.0651777257899653,0.0,106.0,106.0,0.0,295.4894104513493,295.4894104513493,0.0,2,0.16293295044894762,0.3190993485457625,0.15616639809681487,16.181334855730256,30.362669711460512,14.181334855730256,197.2161383210976,180.8362567574012,16.379881563696387,37.69519721661089,2,0.03972414182090156,0.07897273545127881,0.03924859363037725,248.37976702291058,494.75953404582117,246.37976702291058,3.040700456093264,3.1203372532270124,0.0796367971337486,1,0.0011661292038693816,0.0011661292038693816,0.0,2.0,2.0,0.0,1.5186970530309587,1.5186970530309587,0.0,0.361345822370872,32.90053327150475,99.95362856480408,99.95362856480408
1,0.1651411640569691,0.1651411640569691,0.0,44.0,44.0,0.0,37.36859846891564,37.36859846891564,0.0,1,0.03727454606967484,0.03727454606967484,0.0,4.0,4.0,0.0,31.885210784438286,31.885210784438286,0.0,15.656932233307101,1,2.1925331412653293e-05,2.1925331412653293e-05,0.0,2.0,2.0,0.0,1.0981418116737682,1.0981418116737682,0.0,1,0.05612682146482251,0.05612682146482251,0.0,376.0,376.0,0.0,0.7120050985212695,0.7120050985212695,0.0,0.037667392179860704,1,0.6966798417044799,0.6966798417044799,0.0,22.0,22.0,0.0,247.63419970141751,247.63419970141751,0.0,1,14.698522420107693,14.698522420107693,0.0,1313.8845800960676,1313.8845800960676,0.0,58.05018509744319,58.05018509744319,0.0,58.6475319009549,2,0.0027171551717211084,0.004119384496966472,0.0014022293252453633,7.0,8.0,1.0,3.755175294512064,4.085880133937689,0.3307048394256251,1,0.002743517862317635,0.002743517862317635,0.0,34.0,34.0,0.0,2.6774681375570166,2.6774681375570166,0.0,0.38475954325138706,52.121493160213305,99.95362856480408,99.95362856480408
1,2.384253493795711,2.384253493795711,0.0,1236.2031962436818,1236.2031962436818,0.0,28.553914632403014,28.553914632403014,0.0,1,0.7367756748913514,0.7367756748913514,0.0,388.0,388.0,0.0,25.607311543769214,25.607311543769214,0.0,13.353735308524532,1,0.0861592699945698,0.0861592699945698,0.0,1956.8931846044648,1956.8931846044648,0.0,1.0098057269542182,1.0098057269542182,0.0,1,0.0021158659545582603,0.0021158659545582603,0.0,10.0,10.0,0.0,0.8739497959818944,0.8739497959818944,0.0,0.05664137035948522,1,0.03785120266881847,0.03785120266881847,0.0,4.0,4.0,0.0,76.1167603464213,76.1167603464213,0.0,1,25.25214571610921,25.25214571610921,0.0,3115.548425599706,3115.548425599706,0.0,50.26769032407287,50.26769032407287,0.0,23.09845227224155,1,0.03993552718944926,0.03993552718944926,0.0,301.34386577813257,301.34386577813257,0.0,3.2535333801775774,3.2535333801775774,0.0,1,0.23282798528970705,0.23282798528970705,0.0,1481.4082458164692,1481.4082458164692,0.0,1.7511593514007853,1.7511593514007853,0.0,0.2744470195553051,58.775794110827725,99.95362856480408,99.95362856480408
1,0.06452556535330345,0.06452556535330345,0.0,2.0,2.0,0.0,28.12307835279783,28.12307835279783,0.0,1,1.273490330697392,1.273490330697392,0.0,1702.8433284509872,1702.8433284509872,0.0,22.239193943585676,22.239193943585676,0.0,13.773433406483056,1,0.0002684168676742038,0.0002684168676742038,0.0,2.0,2.0,0.0,0.9351349289626306,0.9351349289626306,0.0,1,0.053282094630855203,0.053282094630855203,0.0,1578.0946464142562,1578.0946464142562,0.0,0.8630220914709485,0.8630220914709485,0.0,0.0464831673811623,1,6.79836199559648,6.79836199559648,0.0,4.0,4.0,0.0,141.21322799611642,141.21322799611642,0.0,1,301.3091451235978,301.3091451235978,0.0,3898.555424157418,3898.555424157418,0.0,41.95482611037474,41.95482611037474,0.0,50.65902755747821,1,0.0050545884377477535,0.0050545884377477535,0.0,2.0,2.0,0.0,4.133634227823536,4.133634227823536,0.0,1,0.786690296934808,0.786690296934808,0.0,3153.5117019656345,3153.5117019656345,0.0,2.7552123863879325,2.7552123863879325,0.0,0.6242568370813552,52.863436123348016,99.95362856480408,99.95362856480408
1,0.09216177808796999,0.09216177808796999,0.0,2.0,2.0,0.0,61.03269443679931,61.03269443679931,0.0,1,1.7365625903151347,1.7365625903151347,0.0,472.0,472.0,0.0,25.2329708134784,25.2329708134784,0.0,9.78362974004094,1,0.00022486499586338304,0.00022486499586338304,0.0,2.0,2.0,0.0,0.95589197942057,0.95589197942057,0.0,1,0.028070128229223945,0.028070128229223945,0.0,244.0,244.0,0.0,0.5823976656137463,0.5823976656137463,0.0,0.04488291103819474,1,261.8170898738097,261.8170898738097,0.0,2251.3879292101083,2251.3879292101083,0.0,494.7870507535791,494.7870507535791,0.0,1,2.5265627228710485,2.5265627228710485,0.0,962.6625851500501,962.6625851500501,0.0,94.06800822061264,94.06800822061264,0.0,27.64869208847628,1,1.3763933622051208,1.3763933622051208,0.0,2556.4603799217975,2556.4603799217975,0.0,3.2707301212534876,3.2707301212534876,0.0,1,0.10134589708058406,0.10134589708058406,0.0,983.3795995568807,983.3795995568807,0.0,1.820520125742424,1.820520125742424,0.0,0.26294227927362274,60.42198006028286,99.95362856480408,99.95362856480408
1,0.05870115946850518,0.05870115946850518,0.0,6.0,6.0,0.0,62.36935233201881,62.36935233201881,0.0,1,2.061501464069181,2.061501464069181,0.0,1636.2105804827047,1636.2105804827047,0.0,29.49806227407996,29.49806227407996,0.0,5.012629190970164,1,3.146988209290491e-05,3.146988209290491e-05,0.0,2.0,2.0,0.0,1.4785929278829302,1.4785929278829302,0.0,1,0.11761799776297122,0.11761799776297122,0.0,1516.3239658589027,1516.3239658589027,0.0,0.7850232178395601,0.7850232178395601,0.0,0.05506524295554407,1,0.04205990578884666,0.04205990578884666,0.0,2.0,2.0,0.0,247.11580000400085,247.11580000400085,0.0,2,3.3482483515692394,6.6864722287945995,3.33822387722536,707.5706963892567,1413.1413927785134,705.5706963892567,142.18611876375053,139.05138905731994,3.1347297064305906,30.72790873835401,1,0.0004427121480095053,0.0004427121480095053,0.0,4.0,4.0,0.0,2.2193229472619125,2.2193229472619125,0.0,1,0.314790694004639,0.314790694004639,0.0,3008.4446666534755,3008.4446666534755,0.0,1.3765326033573437,1.3765326033573437,0.0,0.16426350668271156,100.02318571759797,99.95362856480408,99.95362856480408
1,0.7448625844045722,0.7448625844045722,0.0,480.0,480.0,0.0,47.124268919135424,47.124268919135424,0.0,1,0.306936035015525,0.306936035015525,0.0,210.0,210.0,0.0,21.867102397523688,21.867102397523688,0.0,4.950674092671617,1,0.008291311573207394,0.008291311573207394,0.0,256.0,256.0,0.0,0.8651441871607299,0.8651441871607299,0.0,1,0.0967278246799228,0.0967278246799228,0.0,936.0,936.0,0.0,0.6865713700945757,0.6865713700945757,0.0,0.03321883885272522,1,4.461668093019597,4.461668093019597,0.0,88.0,88.0,0.0,259.35370850481627,259.35370850481627,0.0,1,12.051476818371867,12.051476818371867,0.0,2406.3466523191164,2406.3466523191164,0.0,30.326658910942932,30.326658910942932,0.0,20.779354120058862,1,0.2798955290917773,0.2798955290917773,0.0,1117.392620992378,1117.392620992378,0.0,3.669516547798864,3.669516547798864,0.0,1,0.47019115480439266,0.47019115480439266,0.0,1879.344381485185,1879.344381485185,0.0,2.8889524115570513,2.8889524115570513,0.0,0.30291198110279155,64.87363783909113,99.95362856480408,99.95362856480408
1,0.03893083846222112,0.03893083846222112,0.0,4.0,4.0,0.0,28.670009753038535,28.670009753038535,0.0,1,1.968852698274258,1.968852698274258,0.0,874.0,874.0,0.0,26.662226216302056,26.662226216302056,0.0,26.419586885468064,1,0.052051690598958644,0.052051690598958644,0.0,718.0,718.0,0.0,0.7563186213682928,0.7563186213682928,0.0,1,0.0005755790540683536,0.0005755790540683536,0.0,2.0,2.0,0.0,0.6396343708159744,0.6396343708159744,0.0,0.06263176627495767,1,8.804570335492855,8.804570335492855,0.0,2265.647205175659,2265.647205175659,0.0,64.42414152516739,64.42414152516739,0.0,1,5.346060878968572,5.346060878968572,0.0,2740.931126814478,2740.931126814478,0.0,55.61957118967453,55.61957118967453,0.0,23.37115142517069,1,0.06490438201743487,0.06490438201743487,0.0,366.7375415864999,366.7375415864999,0.0,2.57907408561217,2.57907408561217,0.0,1,0.22224436863675923,0.22224436863675923,0.0,3030.258033313671,3030.258033313671,0.0,2.035619473439917,2.035619473439917,0.0,0.4471750588506295,21.006260143751447,99.95362856480408,99.95362856480408
1,2.5161707880759465,2.5161707880759465,0.0,1459.7828359415844,1459.7828359415844,0.0,31.146651322755893,31.146651322755893,0.0,1,4.114363548190212,4.114363548190212,0.0,1812.5879158767216,1812.5879158767216,0.0,24.59550532946306,24.59550532946306,0.0,8.358702242593433,1,0.08884220581443025,0.08884220581443025,0.0,3439.2659128262553,3439.2659128262553,0.0,0.8533693014842796,0.8533693014842796,0.0,1,0.0009274647472995445,0.0009274647472995445,0.0,10.0,10.0,0.0,0.6883049455688145,0.6883049455688145,0.0,0.06199729341762903,1,20.05511647314907,20.05511647314907,0.0,1509.738376642823,1509.738376642823,0.0,158.62611702006544,158.62611702006544,0.0,1,0.01619862338884559,0.01619862338884559,0.0,2.0,2.0,0.0,88.43331210094561,88.43331210094561,0.0,11.444975068712493,1,0.1104842724452828,0.1104842724452828,0.0,2586.9863350161168,2586.9863350161168,0.0,2.802158956536391,2.802158956536391,0.0,1,0.03875866605021683,0.03875866605021683,0.0,885.0,885.0,0.0,2.0383174099031534,2.0383174099031534,0.0,0.2662192269886919,89.10271272895896,99.95362856480408,99.95362856480408
1,7.517345882145463,7.517345882145463,0.0,370.3843122341995,370.3843122341995,0.0,97.52115621794326,97.52115621794326,0.0,1,1.5034335207577598,1.5034335207577598,0.0,927.0,927.0,0.0,32.26583095990379,32.26583095990379,0.0,51.6327372260125,1,0.09334979482386863,0.09334979482386863,0.0,276.0,276.0,0.0,1.1092852606456385,1.1092852606456385,0.0,1,0.00319086137188751,0.00319086137188751,0.0,12.0,12.0,0.0,0.8280632290696192,0.8280632290696192,0.0,0.135175581989129,1,412.4409679635535,412.4409679635535,0.0,2445.557113891747,2445.557113891747,0.0,669.3964130248387,669.3964130248387,0.0,1,10.70240173589346,10.70240173589346,0.0,697.4814565969202,697.4814565969202,0.0,188.30323507357434,188.30323507357434,0.0,115.65602346799822,1,0.4764300627513407,0.4764300627513407,0.0,1985.2574953106573,1985.2574953106573,0.0,2.6501473510704225,2.6501473510704225,0.0,2,0.0970248389494266,0.19393999627237735,0.09691515732295075,923.2895929086015,1841.579185817203,918.2895929086015,1.7788187947893044,1.733987120958592,0.044831673830712404,0.5254389643590104,57.66287966612567,99.79132854161836,99.95362856480408
1,4.789050523546663,4.789050523546663,0.0,115.87324828192806,115.87324828192806,0.0,66.4926837175696,66.4926837175696,0.0,1,0.08233704925723373,0.08233704925723373,0.0,6.0,6.0,0.0,39.32072673659342,39.32072673659342,0.0,28.606106923908207,1,0.09418952979905426,0.09418952979905426,0.0,1659.0698402432072,1659.0698402432072,0.0,0.7813565003517916,0.7813565003517916,0.0,1,0.07759404886443566,0.07759404886443566,0.0,621.1044192400889,621.1044192400889,0.0,0.6242393589792142,0.6242393589792142,0.0,0.052570144788952146,1,121.48342757423347,121.48342757423347,0.0,4130.230486558571,4130.230486558571,0.0,316.54620220229765,316.54620220229765,0.0,1,0.021925612370665704,0.021925612370665704,0.0,2.0,2.0,0.0,183.22167445222047,183.22167445222047,0.0,89.31715601066576,1,0.948266875326766,0.948266875326766,0.0,1875.6890940970302,1875.6890940970302,0.0,3.9925006835373065,3.9925006835373065,0.0,1,0.6575980648253799,0.6575980648253799,0.0,1881.3069608859942,1881.3069608859942,0.0,3.0442338082105405,3.0442338082105405,0.0,0.4728342821707222,58.72942267563182,99.8840714120102,99.95362856480408
1,0.021162944085872937,0.021162944085872937,0.0,2.0,2.0,0.0,73.51589359127229,73.51589359127229,0.0,1,3.099017051628941,3.099017051628941,0.0,1103.6076008482491,1103.6076008482491,0.0,58.503835281274256,58.503835281274256,0.0,29.693602676718303,1,0.0010956494850580256,0.0010956494850580256,0.0,16.0,16.0,0.0,1.0231441096189706,1.0231441096189706,0.0,1,0.0002261352430095176,0.0002261352430095176,0.0,2.0,2.0,0.0,0.9084974356170139,0.9084974356170139,0.0,0.06945076668810028,1,67.61370890569543,67.61370890569543,0.0,2537.776260734007,2537.776260734007,0.0,376.7485800031905,376.7485800031905,0.0,1,21.234818389217082,21.234818389217082,0.0,1642.372761235447,1642.372761235447,0.0,277.39679190282556,277.39679190282556,0.0,66.66596089807204,2,0.05174417696631295,0.09958202852364684,0.04783785155733389,149.5,294.0,144.5,3.6817191328743366,3.92968739938295,0.2479682665086138,1,0.47649890740383816,0.47649890740383816,0.0,3032.580036241609,3032.580036241609,0.0,2.710457545960726,2.710457545960726,0.0,0.5488536897806492,61.00162300023185,99.7217713888245,99.95362856480408
1,0.014888245903186714,0.014888245903186714,0.0,6.0,6.0,0.0,39.57245751073909,39.57245751073909,0.0,1,1.7307411048013819,1.7307411048013819,0.0,1507.700680363736,1507.700680363736,0.0,37.55033188845367,37.55033188845367,0.0,17.20801834244061,1,0.07628163389353992,0.07628163389353992,0.0,548.0,548.0,0.0,0.664754524913401,0.664754524913401,0.0,1,0.08062722585504656,0.08062722585504656,0.0,1717.9732513271956,1717.9732513271956,0.0,0.5447893383654852,0.5447893383654852,0.0,0.057347702294085943,1,57.299841776420806,57.299841776420806,0.0,3482.7976505218444,3482.7976505218444,0.0,338.6849991667688,338.6849991667688,0.0,1,4.349241627748427,4.349241627748427,0.0,120.0,120.0,0.0,268.44444986079833,268.44444986079833,0.0,79.5602776010461,2,0.12082548430538465,0.2006563461004136,0.07983086179502896,413.1138257080688,706.2276514161376,293.1138257080688,3.9548350550971447,4.033382012407307,0.07854695731016181,1,0.01809428621537368,0.01809428621537368,0.0,54.0,54.0,0.0,2.5865478951609964,2.5865478951609964,0.0,9.223733699464507,59.81915140273591,99.69858567122652,99.95362856480408
1,1.5161407879080642,1.5161407879080642,0.0,1882.510258943791,1882.510258943791,0.0,41.460292082159086,41.460292082159086,0.0,1,0.05122350536862541,0.05122350536862541,0.0,32.0,32.0,0.0,34.8078914851789,34.8078914851789,0.0,16.45080517132364,1,0.12280027086775158,0.12280027086775158,0.0,1809.3031130133218,1809.3031130133218,0.0,0.703931341442269,0.703931341442269,0.0,1,0.13711981099336024,0.13711981099336024,0.0,917.216319251856,917.216319251856,0.0,0.560506419095377,0.560506419095377,0.0,0.04752564690501098,1,29.206094611841053,29.206094611841053,0.0,3381.609973017906,3381.609973017906,0.0,255.58833630444116,255.58833630444116,0.0,1,12.921225948933994,12.921225948933994,0.0,540.0,540.0,0.0,218.1348982573584,218.1348982573584,0.0,28.29432912478128,2,0.02283931970672093,0.04325387307588535,0.020414553369164423,121.94122294396493,241.88244588792986,119.94122294396493,2.9010778919093907,2.95312450480104,0.05204661289164925,1,0.32253371884534854,0.32253371884534854,0.0,3393.8334541607387,3393.8334541607387,0.0,2.4163368746928513,2.4163368746928513,0.0,28.15300210453656,69.64989566427082,98.37699976814282,99.95362856480408
1,0.01247308908642708,0.01247308908642708,0.0,6.0,6.0,0.0,67.03875858408063,67.03875858408063,0.0,1,11.397877701380715,11.397877701380715,0.0,2662.25111081014,2662.25111081014,0.0,27.097149663753477,27.097149663753477,0.0,10.459676039175012,1,0.17782553997673256,0.17782553997673256,0.0,717.0559161423599,717.0559161423599,0.0,1.2068592565261,1.2068592565261,0.0,1,0.15416357699508976,0.15416357699508976,0.0,3519.1851866209804,3519.1851866209804,0.0,0.8695469525446977,0.8695469525446977,0.0,0.1042235813805211,1,19.985685768566555,19.985685768566555,0.0,302.0,302.0,0.0,576.2378807168205,576.2378807168205,0.0,1,180.34170609922614,180.34170609922614,0.0,3229.204865937845,3229.204865937845,0.0,121.2095619409339,121.2095619409339,0.0,73.22023829722282,1,0.0016564681356849853,0.0016564681356849853,0.0,4.0,4.0,0.0,1.76804760369949,1.76804760369949,0.0,1,0.027768458032281118,0.027768458032281118,0.0,917.3541597350463,917.3541597350463,0.0,0.7575042634628455,0.7575042634628455,0.0,9.574040638279122,100.02318571759797,99.35079990725713,99.95362856480408
1,112.43855433179058,112.43855433179058,0.0,3958.223967667729,3958.223967667729,0.0,206.1491195307501,206.1491195307501,0.0,1,0.03901495904416663,0.03901495904416663,0.0,6.0,6.0,0.0,86.6582524768606,86.6582524768606,0.0,22.42379002786505,1,1.0183999556359806,1.0183999556359806,0.0,4104.978261796701,4104.978261796701,0.0,2.4242581676855455,2.4242581676855455,0.0,1,0.031893678979621365,0.031893678979621365,0.0,94.0,94.0,0.0,1.3011673576688956,1.3011673576688956,0.0,0.21254073939387416,1,888.2813457192052,888.2813457192052,0.0,4296.542623108574,4296.542623108574,0.0,1765.0452637041763,1765.0452637041763,0.0,1,0.032059643508659974,0.032059643508659974,0.0,2.0,2.0,0.0,941.9044583509084,941.9044583509084,0.0,175.5337816361553,1,0.2098515092298996,0.2098515092298996,0.0,1636.262914777506,1636.262914777506,0.0,0.9727152928449233,0.9727152928449233,0.0,2,0.0002343025303286339,0.00028691313357354087,5.261060324490696e-05,20.692734521355078,39.385469042710156,18.692734521355078,0.5550325294740328,0.5363704095563716,0.018662119917661257,0.09590939773015454,100.02318571759797,99.8840714120102,99.95362856480408
1,1.8543050550038842,1.8543050550038842,0.0,316.0,316.0,0.0,47.991400410288975,47.991400410288975,0.0,1,4.794771368856615,4.794771368856615,0.0,2444.7084332034797,2444.7084332034797,0.0,43.03189890017296,43.03189890017296,0.0,10.073765726989949,1,0.06590421405839975,0.06590421405839975,0.0,836.0,836.0,0.0,0.9114867120468625,0.9114867120468625,0.0,1,0.07796392200642233,0.07796392200642233,0.0,828.9087681616224,828.9087681616224,0.0,0.82269255782182,0.82269255782182,0.0,0.053085096498150644,1,0.1688022558752209,0.1688022558752209,0.0,26.0,26.0,0.0,428.0086213426057,428.0086213426057,0.0,1,43.82268256331912,43.82268256331912,0.0,3182.9519989427354,3182.9519989427354,0.0,364.39678737281383,364.39678737281383,0.0,28.257676260894957,1,0.004263816603988779,0.004263816603988779,0.0,6.0,6.0,0.0,2.363312488425377,2.363312488425377,0.0,1,0.4435921848466138,0.4435921848466138,0.0,3161.547408604604,3161.547408604604,0.0,1.683116523607274,1.683116523607274,0.0,0.31646510910087516,61.58126594018085,83.58451194064457,83.58451194064457
1,14.876475056553033,14.876475056553033,0.0,793.7229637849571,793.7229637849571,0.0,85.77456236751885,85.77456236751885,0.0,1,32.706117341083655,32.706117341083655,0.0,2240.592133112706,2240.592133112706,0.0,51.47768367875565,51.47768367875565,0.0,25.80581255119748,1,0.11157125331867324,0.11157125331867324,0.0,1653.7729765093222,1653.7729765093222,0.0,0.9497367890739645,0.9497367890739645,0.0,1,0.000204738600474208,0.000204738600474208,0.0,2.0,2.0,0.0,0.7720451625545529,0.7720451625545529,0.0,0.05673276170483582,1,77.66579334641528,77.66579334641528,0.0,1562.098605980262,1562.098605980262,0.0,404.358344368453,404.358344368453,0.0,1,0.08238328438028475,0.08238328438028475,0.0,14.0,14.0,0.0,236.91491937532044,236.91491937532044,0.0,59.90218265676657,1,0.7146697961051176,0.7146697961051176,0.0,1712.9825606847658,1712.9825606847658,0.0,2.7613655262735883,2.7613655262735883,0.0,1,0.004406591722371456,0.004406591722371456,0.0,50.0,50.0,0.0,1.4614005337086962,1.4614005337086962,0.0,0.3716094052608899,60.76976582425226,80.47762578251798,80.47762578251798
1,0.00873152897400331,0.00873152897400331,0.0,2.0,2.0,0.0,32.47686920939008,32.47686920939008,0.0,1,0.008827241545841247,0.008827241545841247,0.0,8.0,8.0,0.0,24.59227390450815,24.59227390450815,0.0,11.201290065131111,1,0.011960248549425123,0.011960248549425123,0.0,116.0,116.0,0.0,0.7661761866697965,0.7661761866697965,0.0,1,0.11355305180018826,0.11355305180018826,0.0,848.2130200011215,848.2130200011215,0.0,0.6327728213733806,0.6327728213733806,0.0,0.04129250576901201,1,2.5385649164518327,2.5385649164518327,0.0,156.0,156.0,0.0,241.2431873810042,241.2431873810042,0.0,1,5.937651666779672,5.937651666779672,0.0,994.0,994.0,0.0,113.72939131673373,113.72939131673373,0.0,19.540846635503154,2,0.011397140119790983,0.019938480737184072,0.00854134061739309,26.0,48.0,22.0,2.5863780339203934,2.633575882018403,0.047197848098009754,1,0.06681232104671797,0.06681232104671797,0.0,430.0,430.0,0.0,0.8130401975208135,0.8130401975208135,0.0,0.2860485177498966,58.61349408764202,91.56039879434269,91.56039879434269
1,1.0642133355861958,1.0642133355861958,0.0,684.0,684.0,0.0,37.11929489795084,37.11929489795084,0.0,1,0.7481293804933316,0.7481293804933316,0.0,292.28814152707554,292.28814152707554,0.0,27.581795445153162,27.581795445153162,0.0,56.38493989087766,1,0.14883268174121778,0.14883268174121778,0.0,479.73495501355114,479.73495501355114,0.0,1.0312155076404586,1.0312155076404586,0.0,1,0.008864378958642338,0.008864378958642338,0.0,476.0,476.0,0.0,0.6479908205280753,0.6479908205280753,0.0,0.06837243563929549,0,0.0,0.0,0.0,0.0,0.0,0.0,0.0,0.0,0.0,0,0.0,0.0,0.0,0.0,0.0,0.0,0.0,0.0,0.0,0.0,0,0.0,0.0,0.0,0.0,0.0,0.0,0.0,0.0,0.0,0,0.0,0.0,0.0,0.0,0.0,0.0,0.0,0.0,0.0,0.0,52.51565035937862,0.0,0.0
1,0.22347523336697606,0.22347523336697606,0.0,148.0,148.0,0.0,33.28489374021066,33.28489374021066,0.0,1,0.026392844502652224,0.026392844502652224,0.0,16.0,16.0,0.0,32.08752409888538,32.08752409888538,0.0,12.460942718667908,1,0.07632544216059667,0.07632544216059667,0.0,991.0,991.0,0.0,0.9478946260762128,0.9478946260762128,0.0,1,0.01799079202531806,0.01799079202531806,0.0,146.0,146.0,0.0,0.8691650587737391,0.8691650587737391,0.0,0.11096644544501078,0,0.0,0.0,0.0,0.0,0.0,0.0,0.0,0.0,0.0,0,0.0,0.0,0.0,0.0,0.0,0.0,0.0,0.0,0.0,0.0,0,0.0,0.0,0.0,0.0,0.0,0.0,0.0,0.0,0.0,0,0.0,0.0,0.0,0.0,0.0,0.0,0.0,0.0,0.0,0.0,26.45490377927197,0.0,0.0
1,1.3548083202056205,1.3548083202056205,0.0,34.0,34.0,0.0,535.9646507200102,535.9646507200102,0.0,1,0.5774712679972254,0.5774712679972254,0.0,2.0,2.0,0.0,369.0596448515669,369.0596448515669,0.0,41.15035190742311,1,0.0024603339837714344,0.0024603339837714344,0.0,2.0,2.0,0.0,5.434506093651708,5.434506093651708,0.0,1,0.29498935624850553,0.29498935624850553,0.0,528.0,528.0,0.0,3.988107590507857,3.988107590507857,0.0,0.3314594107108479,0,0.0,0.0,0.0,0.0,0.0,0.0,0.0,0.0,0.0,0,0.0,0.0,0.0,0.0,0.0,0.0,0.0,0.0,0.0,0.0,0,0.0,0.0,0.0,0.0,0.0,0.0,0.0,0.0,0.0,0,0.0,0.0,0.0,0.0,0.0,0.0,0.0,0.0,0.0,0.0,55.06607929515418,0.0,0.0
1,0.010166438522933419,0.010166438522933419,0.0,2.0,2.0,0.0,27.389806176106582,27.389806176106582,0.0,1,0.25256390459530564,0.25256390459530564,0.0,664.0,664.0,0.0,26.618697758300474,26.618697758300474,0.0,14.731183599570734,1,5.6965406763809234e-05,5.6965406763809234e-05,0.0,4.0,4.0,0.0,0.5942616522920888,0.5942616522920888,0.0,1,0.025932376631192855,0.025932376631192855,0.0,726.0,726.0,0.0,0.5584131815201234,0.5584131815201234,0.0,0.08423177721887666,1,136.9526619350598,136.9526619350598,0.0,1624.8627281442648,1624.8627281442648,0.0,282.40403494285977,282.40403494285977,0.0,1,1.3114580826105566,1.3114580826105566,0.0,68.0,68.0,0.0,90.21152446353656,90.21152446353656,0.0,22.322025502937777,1,0.017071052416927524,0.017071052416927524,0.0,74.0,74.0,0.0,1.3648318970903046,1.3648318970903046,0.0,2,0.00017018842540045265,0.00019925489139571706,2.9066465995264412e-05,2.0,2.0,0.0,0.9532200639149246,0.9380727197009068,0.01514734421401781,0.11030504340133282,19.52237421748203,90.40111291444471,90.40111291444471
1,4.308801596262462,4.308801596262462,0.0,1572.2360137184046,1572.2360137184046,0.0,67.91775757861258,67.91775757861258,0.0,1,5.8198484989002,5.8198484989002,0.0,458.0,458.0,0.0,56.65355928713838,56.65355928713838,0.0,11.741037368496944,1,0.041057852889498925,0.041057852889498925,0.0,56.0,56.0,0.0,2.4489222145935243,2.4489222145935243,0.0,1,0.03137881269562848,0.03137881269562848,0.0,148.0,148.0,0.0,1.4661517160876343,1.4661517160876343,0.0,0.20188938407053336,1,0.0169943917501314,0.0169943917501314,0.0,2.0,2.0,0.0,514.18033025912,514.18033025912,0.0,1,0.8072810386780702,0.8072810386780702,0.0,46.0,46.0,0.0,465.91133136969063,465.91133136969063,0.0,13.388904902105558,1,0.0006794877122209275,0.0006794877122209275,0.0,12.0,12.0,0.0,1.5694567542912374,1.5694567542912374,0.0,1,0.11877774079284542,0.11877774079284542,0.0,2146.095036141605,2146.095036141605,0.0,1.2250345280172437,1.2250345280172437,0.0,0.11449134995358302,49.31602133086019,60.329237189891025,60.329237189891025
1,14.901916687293664,14.901916687293664,0.0,372.0,372.0,0.0,234.2430644276997,234.2430644276997,0.0,1,56.143149817575775,56.143149817575775,0.0,1164.267813828512,1164.267813828512,0.0,97.30345255824965,97.30345255824965,0.0,33.454445355517215,1,0.2310766632033534,0.2310766632033534,0.0,1476.625618295608,1476.625618295608,0.0,1.228615385226194,1.228615385226194,0.0,1,0.08779014538273455,0.08779014538273455,0.0,553.0,553.0,0.0,0.8753011958391153,0.8753011958391153,0.0,0.14108053516584332,1,308.7129225801053,308.7129225801053,0.0,2194.7596771875237,2194.7596771875237,0.0,1301.9174611015198,1301.9174611015198,0.0,1,0.31504460219161956,0.31504460219161956,0.0,2.0,2.0,0.0,1004.6981380790852,1004.6981380790852,0.0,108.63757234909198,1,0.06113081890003258,0.06113081890003258,0.0,142.0,142.0,0.0,3.2234446070052125,3.2234446070052125,0.0,1,0.9436239134924265,0.9436239134924265,0.0,1926.691399733331,1926.691399733331,0.0,1.8665048288466994,1.8665048288466994,0.0,0.2552609324277983,54.57917922559703,56.94412242058892,56.94412242058892
1,0.14197535922471616,0.14197535922471616,0.0,4.0,4.0,0.0,593.0204714097586,593.0204714097586,0.0,1,91.79224585879749,91.79224585879749,0.0,1562.8765645870128,1562.8765645870128,0.0,129.67124771113694,129.67124771113694,0.0,84.68625448425753,1,4.9645481942750536e-05,4.9645481942750536e-05,0.0,2.0,2.0,0.0,1.8691179981081691,1.8691179981081691,0.0,1,0.15545048174524367,0.15545048174524367,0.0,733.0,733.0,0.0,0.6428004506551209,0.6428004506551209,0.0,0.17585502606779022,1,80.33633024473602,80.33633024473602,0.0,170.0,170.0,0.0,2441.275160157914,2441.275160157914,0.0,1,0.5532298839814871,0.5532298839814871,0.0,2.0,2.0,0.0,364.7114451594462,364.7114451594462,0.0,195.40452472920978,2,0.020002357116895242,0.039925903146655894,0.019923546029760653,139.0,276.0,137.0,4.029242288477738,4.138731235777439,0.10948894729970116,2,0.0023450902910002736,0.004441492147248205,0.0020964018562479314,7.0,12.0,5.0,3.2783643768012816,3.081657371531186,0.19670700527009566,0.2458992571134222,58.98446556920936,87.24785532112219,87.24785532112219
1,89.08653925055393,89.08653925055393,0.0,1325.2804977914996,1325.2804977914996,0.0,155.0434618843408,155.0434618843408,0.0,1,2.7553579799228594,2.7553579799228594,0.0,640.0,640.0,0.0,26.14559096543303,26.14559096543303,0.0,29.631195061520202,1,0.0905507590005824,0.0905507590005824,0.0,1707.9001355812134,1707.9001355812134,0.0,0.8289724735432663,0.8289724735432663,0.0,1,0.04871121371442988,0.04871121371442988,0.0,760.0296885747848,760.0296885747848,0.0,0.7067230281037109,0.7067230281037109,0.0,0.10518204379980964,1,16.7900038602138,16.7900038602138,0.0,234.0,234.0,0.0,608.3892599114066,608.3892599114066,0.0,1,2.2791529794320127,2.2791529794320127,0.0,406.0,406.0,0.0,69.74458341436473,69.74458341436473,0.0,105.14663737821553,1,0.12150721968963518,0.12150721968963518,0.0,1705.6340366994825,1705.6340366994825,0.0,2.834276396107722,2.834276396107722,0.0,1,0.0006606624663887395,0.0006606624663887395,0.0,4.0,4.0,0.0,1.5430347295163487,1.5430347295163487,0.0,0.18105346859651567,61.69719452817065,87.94342684906098,87.94342684906098
1,0.8380374861858542,0.8380374861858542,0.0,58.0,58.0,0.0,46.00363319630704,46.00363319630704,0.0,1,1.535545098546475,1.535545098546475,0.0,150.0,150.0,0.0,24.468585634115804,24.468585634115804,0.0,31.145622606331823,1,0.08045732680333062,0.08045732680333062,0.0,2405.75268235435,2405.75268235435,0.0,0.816244561040572,0.816244561040572,0.0,1,0.00017304728394285096,0.00017304728394285096,0.0,2.0,2.0,0.0,0.7357872342372413,0.7357872342372413,0.0,0.05428594233312509,1,4.5997998494969465,4.5997998494969465,0.0,22.0,22.0,0.0,189.98378821616816,189.98378821616816,0.0,1,101.69573163092497,101.69573163092497,0.0,4281.981035490818,4281.981035490818,0.0,93.94677787075327,93.94677787075327,0.0,49.887838000085466,1,0.0005142902694283968,0.0005142902694283968,0.0,2.0,2.0,0.0,2.424069073825009,2.424069073825009,0.0,1,0.862622419134496,0.862622419134496,0.0,3987.160230105462,3987.160230105462,0.0,1.4328423349831918,1.4328423349831918,0.0,0.5154891783578426,56.03987943426849,99.95362856480408,99.95362856480408
1,0.048720280879898326,0.048720280879898326,0.0,4.0,4.0,0.0,44.35956850491265,44.35956850491265,0.0,1,0.008928205063533312,0.008928205063533312,0.0,2.0,2.0,0.0,35.81874367878553,35.81874367878553,0.0,14.602183030501244,1,0.001517112753187333,0.001517112753187333,0.0,28.0,28.0,0.0,0.840167820811786,0.840167820811786,0.0,1,0.012589262642327403,0.012589262642327403,0.0,889.0,889.0,0.0,0.7984836889246327,0.7984836889246327,0.0,0.0476277791267648,1,115.59005225540167,115.59005225540167,0.0,2753.796091059893,2753.796091059893,0.0,297.14448299214257,297.14448299214257,0.0,1,0.7798006414553385,0.7798006414553385,0.0,66.0,66.0,0.0,94.0573507490047,94.0573507490047,0.0,42.879445576497616,1,0.03230967177367461,0.03230967177367461,0.0,46.0,46.0,0.0,3.90723469692655,3.90723469692655,0.0,1,0.41373144912574555,0.41373144912574555,0.0,1521.8450593423242,1521.8450593423242,0.0,1.9248438759983102,1.9248438759983102,0.0,0.2527326490955473,27.428703918386272,99.95362856480408,99.95362856480408
1,1.0918332080008355,1.0918332080008355,0.0,496.0606190665161,496.0606190665161,0.0,38.54184282609053,38.54184282609053,0.0,1,0.32796785956555397,0.32796785956555397,0.0,98.0,98.0,0.0,33.7862087680663,33.7862087680663,0.0,18.8001202955335,1,0.09461810757324296,0.09461810757324296,0.0,1627.6831246948564,1627.6831246948564,0.0,0.8616616476424188,0.8616616476424188,0.0,1,0.056353026162803355,0.056353026162803355,0.0,484.0,484.0,0.0,0.7278904343896768,0.7278904343896768,0.0,0.07380160269491019,1,17.706514078730436,17.706514078730436,0.0,2588.4539563178955,2588.4539563178955,0.0,102.10460359655133,102.10460359655133,0.0,1,0.0848079276678817,0.0848079276678817,0.0,2.0,2.0,0.0,83.83615559976218,83.83615559976218,0.0,13.95748218090218,1,0.007996563091086983,0.007996563091086983,0.0,8.0,8.0,0.0,4.818196966389047,4.818196966389047,0.0,1,1.7374013314888428,1.7374013314888428,0.0,3202.1047305972115,3202.1047305972115,0.0,2.159776832525588,2.159776832525588,0.0,0.3934744110793656,51.68096452585208,99.95362856480408,99.95362856480408
1,0.14914396846064548,0.14914396846064548,0.0,104.0,104.0,0.0,29.176956807142364,29.176956807142364,0.0,1,0.7109781263675146,0.7109781263675146,0.0,214.0,214.0,0.0,25.828036697076296,25.828036697076296,0.0,37.912287508189245,1,0.0242256843269133,0.0242256843269133,0.0,372.0,372.0,0.0,0.685734358314914,0.685734358314914,0.0,1,0.036564124295634604,0.036564124295634604,0.0,875.0,875.0,0.0,0.6465417233322343,0.6465417233322343,0.0,0.061073121128937924,1,2.8041821367536386,2.8041821367536386,0.0,194.0,194.0,0.0,84.89149991636472,84.89149991636472,0.0,1,35.696464258841786,35.696464258841786,0.0,2668.518425874438,2668.518425874438,0.0,47.44245936490661,47.44245936490661,0.0,17.23853231139417,1,1.6126388483974816,1.6126388483974816,0.0,3610.5706384997693,3610.5706384997693,0.0,5.4191416942129855,5.4191416942129855,0.0,1,0.034501094191579096,0.034501094191579096,0.0,54.0,54.0,0.0,3.499467123189464,3.499467123189464,0.0,0.49304797828821517,26.87224669603524,99.95362856480408,99.95362856480408
1,1.10942368041583,1.10942368041583,0.0,244.0,244.0,0.0,43.5324966944448,43.5324966944448,0.0,1,0.9613431826757619,0.9613431826757619,0.0,90.0,90.0,0.0,31.163456019738916,31.163456019738916,0.0,603.3971758498159,1,0.025937983569338185,0.025937983569338185,0.0,209.44460888619338,209.44460888619338,0.0,0.757833908178083,0.757833908178083,0.0,1,0.04747128191430339,0.04747128191430339,0.0,338.0,338.0,0.0,0.6758773692994566,0.6758773692994566,0.0,0.09720664244898222,1,6.39093574971659,6.39093574971659,0.0,108.0,108.0,0.0,178.62693258774016,178.62693258774016,0.0,1,8.955811135595624,8.955811135595624,0.0,888.0,888.0,0.0,70.04579844045503,70.04579844045503,0.0,246.8069021084106,1,0.09707158058757503,0.09707158058757503,0.0,636.0468006084898,636.0468006084898,0.0,3.4348052258849164,3.4348052258849164,0.0,1,0.13138857139821036,0.13138857139821036,0.0,518.1029509127467,518.1029509127467,0.0,2.277642974443621,2.277642974443621,0.0,0.929708823905416,39.531648504521215,99.90725712960817,99.95362856480408
1,3.284419840943343,3.284419840943343,0.0,454.0,454.0,0.0,34.1085317442772,34.1085317442772,0.0,1,3.542478514258274,3.542478514258274,0.0,1592.8174782332594,1592.8174782332594,0.0,25.238261266157615,25.238261266157615,0.0,25.418517139963644,1,0.13822183829917534,0.13822183829917534,0.0,1771.0933002395664,1771.0933002395664,0.0,0.7676836945272543,0.7676836945272543,0.0,1,0.21782827477728728,0.21782827477728728,0.0,715.9217898338397,715.9217898338397,0.0,0.5267990095260046,0.5267990095260046,0.0,0.04704569073609373,1,11.731655463107941,11.731655463107941,0.0,1913.3344375254283,1913.3344375254283,0.0,99.0162886275933,99.0162886275933,0.0,1,4.797339887616076,4.797339887616076,0.0,604.0,604.0,0.0,80.59453447229227,80.59453447229227,0.0,20.97418210344735,1,0.0351875346325663,0.0351875346325663,0.0,98.0,98.0,0.0,3.041034768496788,3.041034768496788,0.0,1,0.31185065583528937,0.31185065583528937,0.0,2105.799185530593,2105.799185530593,0.0,2.378470994512364,2.378470994512364,0.0,0.3169703469863704,54.57917922559703,99.95362856480408,99.95362856480408
1,2.344830786164664,2.344830786164664,0.0,310.0,310.0,0.0,166.63022941719413,166.63022941719413,0.0,1,0.013567218465638575,0.013567218465638575,0.0,2.0,2.0,0.0,127.48467684873582,127.48467684873582,0.0,14.756136400706984,1,0.00028972719559261506,0.00028972719559261506,0.0,2.0,2.0,0.0,1.393199188878768,1.393199188878768,0.0,1,0.10133065795809115,0.10133065795809115,0.0,126.0,126.0,0.0,0.9164047062275268,0.9164047062275268,0.0,0.08954190242445904,1,124.6711462731696,124.6711462731696,0.0,3409.2468564344667,3409.2468564344667,0.0,672.8684521230061,672.8684521230061,0.0,1,0.4945418712623564,0.4945418712623564,0.0,8.0,8.0,0.0,480.14323141118086,480.14323141118086,0.0,42.57151256352078,1,0.1476213361528389,0.1476213361528389,0.0,1147.177226234311,1147.177226234311,0.0,4.143967537415808,4.143967537415808,0.0,2,0.0010841692857987972,0.0020530473184683373,0.0009688780326695401,9.5,10.0,0.5,3.117336935206078,3.059375991796604,0.057960943409473664,0.30849540460099445,52.5852075121725,99.95362856480408,99.95362856480408
1,16.343471064680614,16.343471064680614,0.0,1064.2561714448782,1064.2561714448782,0.0,96.87384230513214,96.87384230513214,0.0,1,0.8671805541561639,0.8671805541561639,0.0,104.0,104.0,0.0,73.40296699612767,73.40296699612767,0.0,20.47765175393355,1,0.049825251839997975,0.049825251839997975,0.0,556.0,556.0,0.0,1.609241703985474,1.609241703985474,0.0,1,0.28572234852204925,0.28572234852204925,0.0,738.0621399611564,738.0621399611564,0.0,1.1813023515790797,1.1813023515790797,0.0,0.07242727151558682,1,119.13497301055298,119.13497301055298,0.0,2014.1674299085962,2014.1674299085962,0.0,471.46174649445135,471.46174649445135,0.0,1,16.74958918105085,16.74958918105085,0.0,949.3906649671926,949.3906649671926,0.0,278.6139163305834,278.6139163305834,0.0,49.849799858744234,1,0.6033416761757517,0.6033416761757517,0.0,1895.4948314170488,1895.4948314170488,0.0,3.4671881504465114,3.4671881504465114,0.0,1,0.002982181734352718,0.002982181734352718,0.0,10.0,10.0,0.0,2.509961471042682,2.509961471042682,0.0,0.40056564286137103,53.00255042893578,99.95362856480408,99.95362856480408
1,21.953361136805512,21.953361136805512,0.0,1594.5885799143257,1594.5885799143257,0.0,170.23775563258812,170.23775563258812,0.0,1,0.10095874969641727,0.10095874969641727,0.0,6.0,6.0,0.0,148.2843944957826,148.2843944957826,0.0,11.322986454135282,1,0.02811642245574797,0.02811642245574797,0.0,142.0,142.0,0.0,1.433840971359399,1.433840971359399,0.0,1,0.1622780515272524,0.1622780515272524,0.0,707.4925628496032,707.4925628496032,0.0,1.0431451906660894,1.0431451906660894,0.0,0.05759388568462753,1,147.1846247599458,147.1846247599458,0.0,2274.5307063446103,2274.5307063446103,0.0,749.2061812306599,749.2061812306599,0.0,1,12.60280791043624,12.60280791043624,0.0,708.0671722920433,708.0671722920433,0.0,332.69472221299935,332.69472221299935,0.0,41.35064231742342,1,0.8673501820332774,0.8673501820332774,0.0,1903.907254529307,1903.907254529307,0.0,3.8384396687296336,3.8384396687296336,0.0,1,0.04744269857289174,0.04744269857289174,0.0,456.0,456.0,0.0,2.422800691992245,2.422800691992245,0.0,0.352081053481805,55.854393693484816,99.28124275446325,99.28124275446325
