Number of peaks,Avg Prominence,Max Prominence,Std Prominence,Avg h Width,Max h Width,Std h Width,Avg RSAM peak,Max RSAM peak,Std RSAM peak,Number of drops,Avg Drop Depth,Max Drop Depth,Std Drop Depth,Avg l Width,Max l Width,Std l Width,Avg RSAM drop,Max RSAM drop,Std RSAM drop
3,13.25430895234795,20.378261081158087,5.96732235380795,121.80927447247602,195.02013712855205,64.34875815423027,100.82457682805362,107.50246087934994,5.023486436024762,4,27.61644391189185,46.09084426546121,13.162173056564333,773.3126499339613,1525.8415097848665,448.63869045589297,29.48529827087686,27.894447830472636,1.504668890055115
4,95.10983016159244,222.00952292972568,91.39345256370851,2000.6106010412975,4921.676134417621,2015.7261845829858,143.92628597948445,246.2641750870318,70.58062662899886,4,22.260208302978953,46.5832013818886,18.610378007836314,915.7990592328359,2065.4279222450223,781.8013561720891,25.85300866774079,23.75772155401758,1.9389383688727826
4,57.204901301344094,88.93530819223103,23.668570087583426,979.545085948524,2381.3249692534077,835.6161826062031,96.90029344980127,123.72413054301694,22.13866076315563,4,25.672320079674357,42.67855573015175,13.776973624159714,1417.5746004748576,3321.294196977696,1268.1161490902828,30.34073568869592,24.12008419629668,3.9758652433073918
3,42.33526336556267,64.831894831255,16.43946516245211,409.59406209775176,657.3600048610108,181.17878206788663,84.8689753254294,95.85523121652207,11.24159589440321,3,30.67427909796017,60.150922964096495,24.427994354574547,787.1699562224154,1208.4419602925545,539.9335012644199,26.644146244164805,24.75383783214213,1.861832400394039
3,24.234372764473395,34.89897697332982,13.321631961080856,479.7907495947762,670.1970046069575,245.07370730734712,58.65722062993755,61.723078202168786,2.625299378600256,3,10.741937671868385,14.892457879304214,3.251131757438214,885.094604050781,1233.5441704668046,250.5863446502857,22.064879917707845,20.88331196548414,0.8566307206075365
3,40.00633109298739,59.56021696013657,16.24644200704161,691.2896290344057,967.4250735666046,195.32078259533594,64.51149197886441,82.42461664416822,15.998390009699138,3,25.91397132003301,44.65976961629529,14.177809072829788,1918.8621079052944,4531.376824465976,1847.6503382126207,22.05725232014755,20.88331196548414,0.8493448301322506
3,74.56200451192743,124.19868070490581,36.00198496575393,590.7568438423687,810.2704849371021,164.34035138076223,103.86275597488866,155.09355269486238,36.38585249260158,3,28.436988441061036,59.56021696013657,22.101577224268716,1759.5609573693466,2698.0307870187244,842.3189152778101,22.05725232014755,20.88331196548414,0.8493448301322506
3,132.00013539417608,167.66644770196257,29.215366921592125,1756.0368210212816,3160.6634073856744,1092.3449338983423,157.55728245190338,197.59352695741632,31.73150223854883,3,96.37082802241481,133.44746163737292,30.164927841201596,1907.2944669071396,3477.6253640592186,1289.751937584826,22.796817658405843,21.646091057489457,0.9132252754615884
2,47.757476016649726,65.20880834794274,17.45133233129301,1175.9502745095233,1227.0675734649908,51.11729895546739,77.8012112141814,91.38059602254968,13.579384808368282,2,30.088650723085664,39.83209429687045,9.743443573784786,1083.787884693651,1217.8492353626166,134.06135066896547,25.28075989177481,24.38973210894267,0.8910277828321398
3,34.40120612616327,65.20880834794274,23.66035835597562,835.9598447606908,1227.0675734649908,482.6271543782634,71.19099284759493,91.38059602254968,14.502520524277037,3,13.709154510324593,39.83209429687045,18.471831604393252,325.0867998738518,949.7265340246856,441.70414061776927,23.837645899368454,23.177727678966946,0.5006392523494261
3,65.36392125516738,72.21352369839076,6.336865962086298,1310.514858310835,3061.472413514774,1257.657737903507,99.98213483247734,104.24194544409826,3.591388578743728,3,3.6476627765832546,7.290390486054321,2.8258767771974314,80.40035172811757,209.54204392357536,91.66897577067759,22.475859266799507,21.732055507455662,0.8102436838113103
3,65.36392125516738,72.21352369839076,6.336865962086298,1310.514858310835,3061.472413514774,1257.657737903507,99.98213483247734,104.24194544409826,3.591388578743728,3,3.6476627765832546,7.290390486054321,2.8258767771974314,80.40035172811757,209.54204392357536,91.66897577067759,22.475859266799507,21.732055507455662,0.8102436838113103
3,91.42882595012522,122.91852377579033,33.92524647893069,1119.3780874436652,1997.0648439819197,730.0694993669874,113.52847651314886,144.62727448663844,33.469322787665675,3,48.07518970092371,107.31217481366049,44.50053779100531,644.189948337517,1343.7748556785957,548.5708625409767,21.27179796691208,20.941367606063444,0.25731764817400893
3,91.52448162996807,122.91852377579033,33.792473949174614,1352.480837551938,2696.3730943067385,1025.1134822483793,113.52847651314886,144.62727448663844,33.469322787665675,3,48.07518970092371,107.31217481366049,44.50053779100531,644.189948337517,1343.7748556785957,548.5708625409767,21.27179796691208,20.941367606063444,0.25731764817400893
3,78.69932449934787,154.6148017631757,53.773825656314614,1259.8707521847011,2696.3730943067385,1024.5904917568155,103.97077113496964,186.6703833241375,58.590528988632464,3,13.547951220568878,36.85999825055497,16.552318090161847,681.7915713241463,1343.7748556785957,547.0750054790401,21.3183690865941,20.941367606063444,0.3134256728069966
3,39.977225104313554,53.10725315752964,13.10281831225226,948.4984334061169,1272.386576038782,382.4509349450792,61.05591511703019,73.46668087441482,12.17873292790887,3,18.165446945735855,44.83334671454091,19.258100309404803,701.8239318687192,1197.9459734748018,507.8644742421043,20.38252094102253,20.331331908750858,0.05376327012370926
3,153.7649194557446,176.85197877982193,27.389613067389806,3842.695449392682,5219.857391036366,1183.1920939182307,180.64488138383263,197.56456092878406,20.426969370621883,3,9.82747863890428,14.395561793496846,4.297830566002373,520.3575463251326,899.7132180986371,281.5668468410706,21.01208527507372,20.331331908750858,0.7104060011172949
3,95.81412289845527,144.17531103186258,34.461529720050976,869.7567944406619,1241.689667051629,263.2296027117562,131.07772661508918,184.0901500747005,37.72583803310714,3,30.40603458287886,76.85771850220037,33.06338192717662,1469.6717273638362,3766.742759718306,1636.409215008895,22.41686224599265,21.85573667029716,0.42643203368507565
3,44.2038747946701,76.85771850220037,25.19523613867241,543.5551300576897,1241.6896670516294,500.4622783442023,73.63272710737205,99.3637800461727,18.28319274984382,3,17.3460595692489,33.552777220660204,11.466700363154029,990.3349222282728,1880.9280422194624,629.7445111489787,21.751730086738103,21.616146182678705,0.10032861279082757
3,50.156388029079615,76.85771850220037,19.086084237388157,891.9330992231344,1241.6896670516292,424.012349233529,72.5005277918416,99.3637800461727,19.260245268406646,3,17.3460595692489,33.552777220660204,11.466700363154029,990.3349222282728,1880.9280422194624,629.7445111489787,21.751730086738103,21.616146182678705,0.10032861279082757
2,42.14941250982579,44.07299543071357,1.9235829208877817,1246.8029206691324,2198.371445046082,951.5685243769497,64.62210073699866,66.2753215479841,1.6532208109854452,3,27.8322479023844,41.35273374333451,13.873900418659218,1805.2682917019708,3381.860699391353,1179.4334649056811,21.751730086738103,21.616146182678705,0.10032861279082757
3,60.20767871931921,76.9919073293465,13.446935759766356,1346.8561579627528,2198.371445046082,604.4979912921542,82.7340840350248,99.68276207686797,13.642929392444918,3,26.62864976786659,44.07299543071357,17.66036320373728,983.1131781683195,1488.5250882944288,546.5809937191253,21.970507669980133,21.783307407238432,0.17394875995257697
3,55.76584814322064,78.49654671205498,27.905913592697832,1441.7698748061957,3690.83698778323,1599.625433327607,107.7762546531909,175.4324171062137,52.090097186356125,3,27.814207361428675,72.33965645337439,31.63690830740918,2179.9186731500295,3665.8723466740457,1467.8834025037645,26.42527575447077,25.80440805416673,0.44855287696208906
3,13.016221816920881,25.695051967740632,9.051263239882326,982.130860223407,2115.7512740527955,813.8547827718262,49.24936537459619,57.51105599692829,5.849363340712243,3,4.366907189580247,10.982117874297103,4.725581279515097,805.2363964593695,2268.062911963911,1034.6033216735605,29.679881954056672,28.507824843279213,0.8396110646577317
3,84.49484853755717,93.01428130390782,6.478909195915182,1614.8151292333707,3330.96335419252,1216.126909205188,115.55784114637963,123.87309455391673,6.340658178098472,4,26.516110091211544,87.41972649552442,35.39278911830382,1195.6817690999965,3018.7506001254674,1153.415397716511,27.987724172917154,26.887090736179502,0.9720143844351612
3,85.87493383546528,92.8903615864142,6.451872709438606,1829.5882181928027,2802.409262584364,795.1974300222356,115.55784114637963,123.87309455391673,6.340658178098472,4,34.36531022365879,87.41972649552442,36.79708529656207,1188.3754108016265,3018.7506001254674,1268.1403083347714,26.1655861278103,24.954591978687056,0.9348422704342692
4,12.69610279036083,32.48475940563276,11.930125285985627,822.715807218521,1904.783145433063,723.6908501991469,70.14034995066791,83.72999615947866,9.472352456493667,4,4.2897359672194275,9.196019617528489,4.031611011951504,244.20303006026938,658.6883516650996,254.36635046873332,31.006480984059287,28.26578333424955,2.6149838978129134
4,14.816547132202025,19.590724196713925,4.165901399317054,633.2475713520857,1145.9157370560024,302.20393174407155,47.54202964412624,50.84924102491333,2.2434418302904224,3,13.70971813470402,17.117237124355864,2.905484966776264,1537.7266744193973,2370.9793672892765,678.59720942687,25.881330697746193,24.928005591764762,0.6904404182063152
4,55.27100414270939,181.24333715395494,73.06300592624174,893.9129682033142,1814.7067839567608,657.1332187989838,86.46800070194249,203.8362610987498,67.7630873489306,3,20.69996197536739,25.964955433526114,3.978570609473899,1963.9769148391003,4306.888946958231,1719.8287358216212,22.444197987795132,21.773657978325097,0.49800710166992973
4,157.60833170188982,536.6425690936646,218.98450112633404,1804.668401148852,3343.549015413987,1122.3361388683873,190.85452255438437,566.363163825574,216.83243403888184,3,22.688751390278625,40.04345576214882,13.029760462742379,1174.352505998628,1965.356072845737,655.9861615477198,26.841190961304974,25.382251351261836,2.0361065207369657
4,160.89933691542635,532.3727603108715,214.47800975538465,1727.3182356628458,2786.953586508912,691.9476691716717,194.8360497539677,566.363163825574,214.53665610876203,3,33.06463980259456,53.397093818700256,20.066705643908158,2147.308388070314,4053.8827825347284,1488.0024510334288,24.591724383159317,23.045948288298746,1.093123638357614
4,159.56674678896366,530.6962949256366,214.45462338559764,1390.6149995876888,2786.953586508912,1072.871617717452,194.8360497539677,566.363163825574,214.53665610876203,3,33.06463980259456,53.397093818700256,20.066705643908158,2147.308388070314,4053.8827825347284,1488.0024510334288,24.591724383159317,23.045948288298746,1.093123638357614
4,19.285414729743778,53.397093818700256,21.81883830873891,1018.6158217434305,3594.757683622507,1499.5443489166807,64.85244284190928,76.443042106999,7.3634492240086535,3,9.79271442157224,24.943190686117497,10.86082920783196,839.1908161006686,2251.337520413227,1004.2610966034757,21.654997337615935,20.57956148826289,0.8280360811270354
2,62.634028765835396,67.35803642151114,4.724007655675752,542.7401139863053,781.6488979623136,238.90878397600827,105.86371902113511,117.02755890233718,11.163839881202065,2,37.3257394535585,48.628555219004426,11.302815765445928,784.1473500719585,920.5677565937449,136.4204065217864,26.196133489641056,25.05042426086021,1.145709228780845
3,39.799040717617174,67.35803642151114,24.86674242150978,677.550804546317,1209.1444900012395,482.19370146324206,78.86060681513236,94.69987913993305,11.929153354881638,4,17.164795145074134,40.27215130829882,14.359870747919182,1023.6000363228478,3212.381438418362,1271.5533101682063,22.992094194747164,21.14725139587731,1.1509050845976552
3,37.00388692700624,69.54029377627145,23.35283238728041,1172.4992197475517,2522.8772432886135,1011.4543083626696,82.43508658261727,103.0088885465677,14.574022624983332,4,8.759378064511207,17.982818929011056,6.570620585234105,245.56812149699022,511.5759192925216,171.99293853260647,22.003134039120656,21.14725139587731,0.7182713472724171
3,73.12970895549131,81.32080353780489,10.305305189334902,2016.8308220961744,3010.5056620434066,751.2438118626142,109.46318368401423,122.53236299639286,9.241537863871985,4,21.972030072762806,82.4700655359712,34.94284021364329,799.4598475163474,3006.282843412716,1274.69893740905,21.88523866548408,20.538823010596495,0.9671789478836393
3,73.12970895549131,81.32080353780489,10.305305189334902,2016.8308220961744,3010.5056620434066,751.2438118626142,109.46318368401423,122.53236299639286,9.241537863871985,4,21.91275541656939,82.4700655359712,34.97973110431501,799.7098475163474,3006.282843412716,1274.5427959107544,21.838562495526354,20.538823010596495,0.9026323923835967
3,69.7047387373773,90.89852590547609,14.992122079667437,2356.126767430718,4085.535450975378,1246.691862199521,109.35346415995154,122.53236299639286,9.319142837116631,3,33.48870536807602,50.54062138123904,23.4695212154481,1243.61929172343,1939.3151104052977,879.4070901464345,25.140251872538233,20.538823010596495,4.7229952444417735
4,84.17193998080424,207.7198055664589,73.75760239577905,398.6437619387417,719.897043286106,225.1344701755682,146.6154540042485,233.60539181657532,52.927180590189465,3,49.09688121165505,124.23425964177656,53.88266306398624,1014.151622785635,2648.216858740356,1156.5262490262621,21.951630820443317,20.63812957705997,0.9518059406582254
3,109.97577391846835,137.34333044055035,19.593034401596707,2285.5356024455955,3349.4062110268505,772.6333610325402,157.34074377783884,176.13935213402567,13.526759339362112,3,57.196802499754604,118.60717990362424,45.37676198645442,1349.8701080726653,2149.5779951659706,829.6835714064824,35.91184254463945,26.26520931521229,7.0025425672340305
4,95.12414447586006,137.34333044055035,26.076647718016186,1602.0208675646059,3349.4062110268505,1073.5357124876932,147.88363174281227,176.13935213402567,20.13804404101593,3,63.04661349785773,118.60717990362424,44.23750823002831,1486.6777050398314,2149.5779951659706,905.4592277177213,35.91184254463945,26.26520931521229,7.0025425672340305
4,92.34063874504969,149.87414281881337,35.34972054099887,2476.229219845448,5677.52031605046,1944.0601271423,136.40709272659157,176.13935213402567,29.49221839397346,3,19.951003584725008,37.11024093604718,12.313695925531396,456.4972191477782,644.1182671128772,183.69051068229106,22.69266599892445,21.66215361161949,0.7804371100185912
4,38.29769024467645,60.17021146047841,16.348128187900013,1230.4352892091613,2189.8818584441356,848.0988681016257,82.86391301087855,98.96623315395372,10.22979721541325,3,33.357647987916984,54.16252234242594,18.70823304556447,1612.250966436144,3674.345680162246,1459.0257503819,21.97982148272206,21.411669652425566,0.6346615691287224
4,41.3223137949034,98.89060415139375,39.59750545095458,509.3215682100251,1784.438885210897,739.8751162199172,165.18018055517018,200.33953111976746,22.21159986292966,3,65.48826197018279,141.36958554374667,56.15927628582192,1203.80014340925,1963.6810286322348,606.7693533215653,24.555854242086742,21.411669652425566,2.575836682652471
4,42.126767865026835,102.10842043188747,40.774084514135254,527.6011281777708,1857.55712508188,771.3849761716496,165.18018055517018,200.33953111976746,22.21159986292966,3,64.81246328474326,141.36958554374667,56.863900112563066,1148.8912299381534,1963.6810286322348,673.6739259085683,24.555854242086742,21.411669652425566,2.575836682652471
4,53.85419925773744,102.10842043188747,35.47863564117068,561.6615083141286,1857.55712508188,752.1656274649756,179.71582670365382,200.33953111976746,20.1862787531545,3,74.07782737726319,174.03070346150912,73.28973926215899,1664.400091229133,3799.3216779295417,1580.2495582659324,25.117152809904496,23.095565355878826,1.932716783676199
4,62.60648264068819,102.10842043188747,38.666686512731005,664.9543265829802,1857.55712508188,720.7740766053471,179.71582670365382,200.33953111976746,20.1862787531545,3,79.11746539909576,174.03070346150912,68.40361832476412,1794.4027073115765,3799.3216779295417,1450.7516770494126,31.476751197728433,24.534842845015884,7.675376788653163
4,66.23893619681877,103.76857279616448,41.57135808718113,766.4111556402114,1857.55712508188,732.4063200022631,179.71582670365382,200.33953111976746,20.1862787531545,3,79.11746539909576,174.03070346150912,68.40361832476412,1794.4027073115765,3799.3216779295417,1450.7516770494126,31.476751197728433,24.534842845015884,7.675376788653163
4,90.2567240805599,174.03070346150912,61.262690452042506,1585.2396138143106,3613.6949988303113,1342.2774430813467,180.04238112266495,200.33953111976746,19.77487465135711,3,102.30325762850477,174.03070346150912,74.15399649254233,1742.58928862197,3799.3216779295417,1564.1719221761148,31.550695036357126,22.66640537647646,11.268943985135852
3,152.22561292518023,180.53771488214412,35.537632982181854,2714.4750843223587,3613.6949988303113,717.5640038667881,198.4329192079305,230.82878292850395,26.50542265978758,3,104.04155595452512,175.89914093004853,75.21858578660397,1432.1592872853805,3318.168753171275,1390.0412883829933,31.550695036357126,22.66640537647646,11.268943985135852
3,189.73678702529605,243.9209552148978,44.40157572742109,2208.3610799285393,3204.2942368382355,762.9191620361695,278.5268003952472,355.56599232685693,54.98800621563115,3,115.99755999789302,190.12754901341722,57.171616685363816,1022.8181736413156,2400.395387561952,974.4613139665059,36.676882323381655,22.66640537647646,10.20149612594793
3,186.1256800666068,264.79456016139915,56.431888588394045,1718.7995637711003,2365.3974746191593,458.6545163405821,278.5268003952472,355.56599232685693,54.98800621563115,3,98.95765335206734,190.12754901341722,64.49649234899583,1010.5913027925895,2400.395387561952,982.8103908086657,49.61182824011437,40.70123391508674,8.731932878442937
4,216.32300602070586,314.8647584117702,99.29269435044317,1881.8906377821327,4990.744490388655,1843.4389803495303,292.8916693595158,355.56599232685693,60.90767573299505,3,182.00202577297878,327.15346538245745,113.18978723576387,2170.5808641926587,4022.601730296616,1519.2755885251768,36.67637403833445,22.664880521334837,10.202194193226806
3,254.95607970912192,314.8647584117702,84.70730785889953,2177.5365158027134,4990.744490388655,2044.846471400868,318.1899880536767,355.56599232685693,48.849840353770865,3,152.8277491267947,327.15346538245745,123.84881047547701,2089.412378909297,4022.6017302966156,1522.684640787593,36.67637403833445,22.664880521334837,10.202194193226806
4,115.55989268941295,314.8416238680223,126.5815978033108,387.96626425487136,1351.0112354068483,561.1678114922853,317.9140136570131,426.5315920307339,75.32191904900407,4,173.60566001801982,327.15346538245745,93.95174570428507,1884.1983604216819,4022.601730296616,1353.4613008686927,65.17238166560767,22.664880521334837,25.520327937762005
4,175.7135479259715,314.8416238680223,86.1905207292988,865.1775198132033,1443.992219216213,542.7077228926631,272.9217961302331,349.8183459037923,44.442621963573664,4,148.44748002466696,226.52074540904601,54.770118976781504,1683.407759242326,3225.4186079411606,1047.8184576968636,65.17238166560767,22.664880521334837,25.520327937762005
4,190.64537467218221,314.8416238680223,81.83363547374275,1430.4862317406041,3651.876882120621,1365.8329169894325,265.5170729471457,349.8183459037923,49.911481271994724,4,119.49550675815831,194.3318327556981,74.9264316781349,1255.7328834134692,2714.165753173858,1108.556727878261,56.80342402188642,22.664880521334837,20.806988140349954
3,236.08046509159672,324.1903263820635,64.77210847044252,3031.416099123382,3946.354023721896,1126.8338150847799,280.83385286351717,349.8183459037923,48.8172745619827,4,116.93884477049478,183.36295099496687,61.59359300680137,802.8130961453223,2169.3556419668967,810.3236926510801,40.93908725000829,22.664880521334837,20.2226665384837
4,145.00829075860716,191.0170543331319,39.21233297295149,1956.760997692435,3296.974188974167,998.4224500551516,239.30643338416667,253.1707442254919,12.301912103110372,3,129.77786746854943,223.0682064240869,84.0466901086601,936.9599975926253,2473.8587651051566,1089.3546004298664,43.189172510801804,25.628019521728774,14.90834780123533
4,110.09113155744306,189.26313003957142,78.90814256657988,1107.8809324531155,3268.4072338467595,1282.413205954193,282.3054342557989,332.94907974969044,34.24034168288796,3,129.77786746854943,223.0682064240869,84.0466901086601,936.9599975926253,2473.8587651051566,1089.3546004298664,43.189172510801804,25.628019521728774,14.90834780123533
4,129.48114467978513,209.25779123752395,81.33755597322565,1974.305640124508,3268.4072338467595,1206.6366356813155,278.3572690302424,332.94907974969044,38.52991616292098,3,118.79170630421807,189.26313003957142,71.82988967813296,1258.9932431567058,3317.254382721131,1455.6280279708626,50.604494257709725,25.832027316126002,17.532769690966155
4,129.48114467978513,209.25779123752395,81.33755597322565,1974.305640124508,3268.4072338467595,1206.6366356813155,278.3572690302424,332.94907974969044,38.52991616292098,3,118.50950867371095,189.26313003957142,72.2173103569593,1218.0918701312835,3317.254382721131,1486.2389316049444,55.9490373988657,41.8656567395939,9.986553922525404
4,129.48114467978513,209.25779123752395,81.33755597322565,1974.305640124508,3268.4072338467595,1206.6366356813155,278.3572690302424,332.94907974969044,38.52991616292098,3,112.20261138133776,189.26313003957142,80.90545938734756,1193.9810320245626,3317.254382721131,1505.0336796285376,54.476347463315335,37.4475869329428,12.0644020345361
4,155.43067990893877,285.31018042650385,109.09830023202926,1619.5833475362995,3431.858690052053,1559.3202779263436,305.6948748754334,349.2177946124243,39.69665167108946,3,195.209430214011,225.53496274021256,23.264374798067152,1266.4198928386465,2550.558837573687,915.9283296600998,75.4770973962227,55.10956099326977,22.866734956092326
3,170.76485321257846,285.31018042650385,122.18580659962012,2112.741734781573,3431.858690052053,1506.3705362763887,325.5241871547708,349.2177946124243,22.984611590695913,3,195.209430214011,225.53496274021256,23.264374798067152,1266.4198928386465,2550.558837573687,915.9283296600998,75.4770973962227,55.10956099326977,22.866734956092326
3,170.76485321257846,285.31018042650385,122.18580659962012,2112.741734781573,3431.858690052053,1506.3705362763887,325.5241871547708,349.2177946124243,22.984611590695913,3,140.84840129724498,231.30777083961715,100.84095652009565,1094.7493766168989,2800.960402038154,1221.7187559741305,47.969843275244614,31.912700458956735,11.37728548320254
3,199.3622467105953,241.80367760294644,42.77378175345041,578.9562327899602,821.926780366869,171.81299004504356,315.12911522022955,349.2177946124243,37.30101210566243,3,190.19438138048335,231.30777083961715,33.94359445106258,1326.7085560723272,2800.960402038154,1046.4779101829708,44.92413826390858,31.912700458956735,9.678614073226656
3,221.40294182890497,241.80367760294644,21.853473520828057,1428.563837048917,2160.822661479168,716.6649910921566,286.2150679828065,349.2177946124243,45.08786052868967,3,180.17024700893805,231.30777083961715,36.538071163058625,1356.9717944439144,2800.960402038154,1022.5142021935711,34.98135774132238,25.281219425511164,9.426053997484935
3,198.61182122177937,231.30777083961715,28.89131091267365,935.0894717538866,2160.822661479168,878.4841478753117,244.46027191714686,263.2204712985739,15.05948934573272,4,129.16133837815738,201.06834466585025,70.74984212398535,2000.250745227661,3869.1344174120654,1599.3126047922826,33.89780275619021,25.281219425511164,8.376165273562874
3,169.9499470879793,203.48395311193303,43.4647816548525,1675.1341749526607,4639.984674508632,2096.8014752702175,233.75631367729935,243.81078036150524,7.370270134467227,4,148.88244265424726,205.82737715352022,67.76441614004763,2462.1888273800923,5184.370330855494,1942.3249032235792,32.287352659445276,25.281219425511164,7.399433374188962
3,169.9499470879793,203.48395311193303,43.4647816548525,1675.1341749526607,4639.984674508632,2096.8014752702175,233.75631367729935,243.81078036150524,7.370270134467227,4,170.0182193012675,205.82737715352022,34.21827732797637,2806.2304324113506,5184.370330855494,1577.3924967787507,34.04502880705731,25.281219425511164,10.370282273090147
3,150.69708837502762,195.7024262905677,47.900627711572454,1849.2319457665424,2454.1845015074505,519.955466265082,221.44818155255527,231.10859657903137,10.47844004941797,4,137.762417563249,197.79666053680717,44.208111481769315,1203.6630771836058,1809.5007217937837,403.3521961342072,42.491417142668396,28.55290355455425,13.172779034804618
4,124.9791218973779,229.79800119031398,94.8120007652826,810.2533777538773,1770.9522910316646,642.3434418644313,229.68897935653274,260.8656214903898,21.54758873875486,4,175.16958344835228,216.72065711789114,51.454784694816446,1146.4178422363273,2150.4102111154643,926.4292610177541,31.601326449320737,25.40841134188325,5.420230409404823
4,147.0942155288713,229.79800119031398,78.76312504821412,1008.3503675519102,1770.9522910316646,498.30867455279974,232.89022299501465,260.8656214903898,18.570644842073044,3,206.06007097538762,216.72065711789114,9.953152255788837,1732.5527923461232,2717.8699995606853,1018.8807343123707,28.712379992813556,25.40841134188325,2.405788243754503
4,146.88745565183604,208.68978965438276,37.88234274770799,1285.1464959029222,3082.1448495723175,1078.050181969043,248.56530504758928,283.16957262695416,23.775692307977096,4,141.5117875705497,212.94248664898112,53.27130542000033,1348.4182946032627,3804.498516325608,1496.2485292083277,37.88577882563702,25.40841134188325,11.880817351758468
3,146.8457168945193,208.68978965438276,43.74268191264663,686.1470446797904,1011.7623201776619,338.2132801387269,258.69434756486163,283.16957262695416,18.528933690257485,3,157.8916228548266,212.94248664898112,52.06323039447104,1744.5966475444468,3804.498516325608,1535.312258853994,31.77922849906905,25.40841134188325,6.24862121038157
3,122.16949689528207,157.61324239020777,26.41123955067948,1920.6144941321666,2767.4563875462163,811.3111152519506,264.3378329282255,283.16957262695416,13.319283688269197,3,130.7531000540017,147.01267192378623,12.876711253553882,1514.931969595936,2830.758090977464,937.8144047311886,97.95108179077575,71.16550557198606,22.212524227684167
4,124.23538146261214,157.61324239020777,19.74531070411521,1729.2736382032078,2767.4563875462163,1013.2617664773006,266.2189826043493,283.16957262695416,11.98618624869426,3,135.99036808918177,147.01267192378623,15.09102784799457,2124.390929040117,4667.763844650161,1802.5009079239196,112.21069231257131,71.16550557198606,29.60899869299527
4,143.161283577977,176.678737063639,24.923082925731425,2251.650133638903,3415.741032613696,912.7569605695658,268.2433844370653,283.16957262695416,10.429225832219831,3,128.30208465290164,228.44701642066232,90.02282305406378,1876.146246596919,4667.763844650161,1999.8445924009875,81.91697852256839,34.21316298696772,37.40127850240773
4,198.33408596562523,334.8427610086469,86.38397872210652,1923.0495694138044,3415.741032613696,1200.9666775684361,334.0790312785711,546.5121599929776,122.78891010712914,3,216.68133107970164,237.64926864575298,14.830365203484332,1412.3047215887252,2437.387043244712,893.8224843341807,54.54197860180765,34.21316298696772,15.733131180920944
4,241.08767283065538,505.85710846876754,156.9021043259216,2628.500274233673,3415.741032613696,873.9184149185947,334.0790312785711,546.5121599929776,122.78891010712914,3,202.3368893165817,237.64926864575298,30.338958790243094,1607.108993735929,2437.387043244712,652.3560885373785,43.91395893841669,34.21316298696772,9.533796567157053
4,276.8866610382,505.85710846876754,142.46495596001444,1620.439972457935,3205.7160318567085,964.9304723122304,360.9749079798309,546.5121599929776,114.05531892629692,4,243.06345065022253,322.2098093617853,47.46581399440366,1426.745934492753,2437.387043244712,774.4769983778817,51.070246832408245,34.21316298696772,14.893197339826717
3,319.16361609129393,512.2989970060098,158.95257647518602,2983.844147461294,5858.952174806853,2168.4918945795207,393.74648417056454,546.5121599929776,114.23185286836083,3,186.6336862580337,322.2098093617853,136.3817428646733,1303.8188721498493,2437.387043244712,1000.3574685277147,32.44346910448536,22.46219280227836,7.5318828742580575
3,319.16361609129393,512.2989970060098,158.95257647518602,2983.844147461294,5858.952174806853,2168.4918945795207,393.74648417056454,546.5121599929776,114.23185286836083,4,172.51736355494455,322.2098093617853,117.81403925822475,1345.629381356568,2437.387043244712,775.2227968137827,33.294000799401864,22.46996387020121,6.683201758392699
3,110.0443188522858,173.4903410528113,78.07791678125407,1602.709045963662,4200.809631146494,1853.4635459098163,183.61522239477907,202.0546216324786,15.11950716061677,3,103.67032893337313,156.58492211750246,58.510034425655604,1067.3606176403237,2366.333009851297,944.8386485838543,26.07328236026652,22.46996387020121,2.609357050720581
3,111.40787282584854,177.58100297349955,79.20166538106777,2192.4217904252328,5969.9478645312065,2682.3712291418847,183.61522239477907,202.0546216324786,15.11950716061677,3,86.92564304514953,156.58492211750246,64.3673478704246,1532.6681571815122,2366.333009851297,1065.4961236831614,24.709728386703773,22.46996387020121,1.9323773066819565
3,119.8032152368897,186.98430397636395,78.91979979503934,993.4367378275851,2292.8614286802576,958.8497494572548,200.71257547975696,211.45792263534298,7.7883007206167765,3,153.47415503703255,186.98430397636395,46.22913738193278,2121.1167651802075,4359.061218889763,1626.8697307352988,24.189568469135583,22.19324924151206,1.5272895628825331
3,86.19670983930905,148.26680368757908,49.803439893078384,818.9363295112847,1321.8807592325506,581.4961352922762,162.822489871069,205.70240005099143,39.52646728029526,2,117.4139725268682,148.26680368757908,30.85283116071087,1563.5351499876901,2397.4202928542472,833.8851428665571,23.96856225423956,23.765034956307602,0.20352729793195934
2,140.19784182313734,192.67673330778902,52.47889148465169,1154.6936242802149,1737.051698734367,582.358074454152,165.3976354538907,217.90621224882568,52.508576794934996,2,53.81419668431842,89.38830188798818,35.57410520366975,1615.7152412404462,3112.000567745265,1496.2853265048188,24.037888448235552,23.50075677096752,0.5371316772680323
3,74.67933174353236,87.71895033848564,9.747143961194462,579.7258333553573,864.0771323137153,229.21436951570539,102.05486781847537,112.88905865895569,7.667722142148384,3,54.337558847105846,72.7418246635198,25.526414630105005,610.4642541516528,913.0347331103426,350.3247274180081,24.359326620435027,23.50075677096752,0.6316528236120362
3,74.67933174353236,87.71895033848564,9.747143961194462,579.7258333553573,864.0771323137153,229.21436951570539,102.05486781847537,112.88905865895569,7.667722142148384,3,54.337558847105846,72.7418246635198,25.526414630105005,610.4642541516528,913.0347331103426,350.3247274180081,24.359326620435027,23.50075677096752,0.6316528236120362
3,75.02272387911148,87.71895033848564,9.38649263072339,1509.6730693510353,3092.6065259133275,1125.6219121493932,100.35153237950247,112.88905865895569,9.186795569899624,3,48.35328732577184,72.0307603971491,29.29899663174582,1320.193582813104,2938.073067297246,1190.1199954474307,24.557689352090517,23.50075677096752,0.7505011271998239
4,66.70840346681294,134.17506868587736,47.93489781619498,1984.4703587156314,5358.780145034575,2018.217149675902,118.33118667650476,162.47398661156916,26.536553854355795,3,26.432272712592777,54.51275889705913,20.874333059613395,628.2419333316748,1120.143317502534,379.1289288950378,23.429942804548336,22.034406007271528,1.0216053472821545
4,65.28449770271602,128.4794456294897,45.95328720063989,1493.8737160490548,3396.3935743682678,1218.3618328160876,118.33118667650476,162.47398661156916,26.536553854355795,4,35.14921599426975,54.51275889705913,20.87189719402102,931.9157763315366,2221.982258418767,845.904530129046,22.519686918835852,21.292981780888322,0.9450452731368258
3,83.69656682635231,138.30215711731742,39.486213595954354,1740.4858591370266,3337.77314856094,1129.5675707036228,143.84101735196137,161.66233064054956,13.45699999132589,3,61.08995773057804,117.35264925973755,40.495724084868385,1899.3698128786943,4535.8075180239775,1888.044552033428,24.314016874177977,22.95487607428597,1.6438751507846432
4,60.49526942311746,105.48538246260026,29.126629557445014,1386.3965659779806,4588.750047645697,1852.1655565252433,132.954185121397,161.66233064054956,21.44400662495889,4,52.1699359865739,117.35264925973755,38.76441244712168,1513.521890459373,4535.8075180239775,1767.543222812103,27.576590098584,23.36017352323214,3.016734940242522
4,62.737820835919536,105.48538246260026,30.105610321580258,1546.3401321081692,4588.750047645697,1765.8793742293174,122.88027655647417,140.71282278296968,13.634143001951886,3,28.66027746850844,45.48490274367796,12.334832012025828,488.89458908325923,957.6467050946378,338.337808884526,27.20882470319638,23.36017352323214,3.4048858114081137
4,62.737820835919536,105.48538246260026,30.105610321580258,1546.3401321081692,4588.750047645697,1765.8793742293174,122.88027655647417,140.71282278296968,13.634143001951886,4,40.56247040454325,86.1392560604888,29.06176699173759,840.7848550734441,2060.422769404113,773.6749672747056,29.21347860748964,23.36017352323214,4.555309799513186
4,63.5414285980048,105.48538246260026,30.48560981996222,1843.2700424589573,4588.750047645697,1717.9080818758632,122.88027655647417,140.71282278296968,13.634143001951886,3,59.70287401120569,86.1392560604888,22.097106573256355,1433.4929612045016,2060.4227694041124,857.8804362967046,32.085328884448494,24.05677600546371,5.721533465278102
4,65.34018373161541,105.61377790946787,31.56255064891545,2390.148438886109,5980.519799973067,2295.750537682083,122.88027655647417,140.71282278296968,13.634143001951886,4,39.62194315811544,86.1392560604888,28.484118273985686,706.2869586435718,2060.4227694041124,795.314639667735,31.508803298000217,26.732257715811954,3.7398594250196457
4,53.20435963628157,90.85351312648453,22.074518379374094,599.4057191129709,1140.6965652396414,407.9199115563472,94.60019003827064,126.91924727722983,20.11329573544659,3,33.92078639545412,70.4268353858056,25.820620652195867,2063.3316915573364,5682.940058394425,2559.6790475501452,22.533470721919656,21.862957257545915,0.49957202691845426
4,68.24193132146345,104.08444307155358,21.45355223707046,1644.9898508089084,3610.3136118430566,1335.550441029743,99.0004110576314,126.91924727722983,16.2768738003757,3,26.41931156469909,34.27908378161575,8.303089302620808,1115.3855640509248,1930.520196009792,704.5616026832417,22.457900415789,21.862957257545915,0.4256583115303622
3,73.84260285447048,103.8577321531616,21.91452468929672,1997.751885472091,3198.517794806076,1024.9012140047855,102.90756809190994,126.91924727722983,17.09342924213159,4,28.852678394966777,47.04556510130615,11.238767066818976,1600.1802399050432,4109.493034860864,1538.3724354599187,24.49411027376968,22.834804205676246,1.9863675546387742
3,61.94412872165727,68.16230975472197,7.00894333185858,1161.8957107149888,2100.401412941394,663.6251869228275,94.4550286845613,101.56162905518389,5.399707308758867,4,22.799970597815886,47.04556510130615,16.56567984454529,1220.327363002609,4109.493034860864,1674.894964724487,24.549754379593047,22.834804205676246,1.4721563115927538
3,42.32309832475239,77.02682192699771,29.80782038646765,1645.0906604589238,3901.988648907137,1636.2047043088262,78.85513078023484,101.56162905518389,16.172940394406833,4,29.25595003447873,41.59264607215562,8.327352501540044,1348.8937520135764,3573.989272261584,1314.343087876947,23.95855193061668,22.834804205676246,0.661298896610695
4,39.13020690126724,77.02682192699771,25.96757037869434,1351.5360294979769,2396.5228839315278,903.823379972736,73.77357218217637,101.56162905518389,16.5420589440155,4,24.55649167594248,33.994089259814785,9.75004364450147,1104.495949487145,2141.127078686919,773.7931480312584,25.1954298438602,24.18480142159109,0.9682503855196695
3,85.6131451160821,125.89307212114744,30.548550564845318,3929.729091817065,6280.759645375323,2457.1681885622656,110.3038865905748,152.86855382262894,31.791683194820717,3,54.87285197819182,79.50482816130824,19.03013649383942,4393.2498197419,6043.549237972528,1501.1420884744578,23.98448213417366,22.056800893875643,1.4042700111224447
3,71.62653519665004,130.8117529287533,42.50268747869178,1537.9242953139792,2537.091362732669,899.6211751307684,98.52235032107023,152.86855382262894,38.656367684513064,3,34.88023147299111,54.42467600003597,15.306583582079393,1322.648595707931,2411.5858533323135,860.511309564813,22.868158024777358,21.18583479999726,1.7987915890779722
3,71.62653519665004,130.8117529287533,42.50268747869178,1537.9242953139792,2537.091362732669,899.6211751307684,98.52235032107023,152.86855382262894,38.656367684513064,3,29.175811018771515,54.42467600003597,21.89084724932467,1005.8641038640857,1750.9005939914568,727.9926989829803,22.777745939607872,21.18583479999726,1.6736433878877188
3,197.39984102474116,333.9614299987874,96.57351583901773,1465.5105794898543,1720.4157330373564,293.6219233777742,233.2816824825608,366.37949533770296,94.79271244220243,3,71.46115317720468,131.6827190226317,43.90076093026415,1215.6199823634895,2146.235066088935,773.6990066710873,22.739269097579683,21.18583479999726,1.620512363547562
3,200.40215968394975,342.9683859764131,100.81901908661764,1921.632146490633,2990.303440742437,803.123973498076,233.2816824825608,366.37949533770296,94.79271244220243,3,62.3327698794344,131.6827190226317,49.067823624914176,1572.4893380191218,2146.235066088935,772.9757398148794,22.217915018387572,21.18583479999726,0.9155799761615182
3,159.85256678477586,343.75449604816436,138.82395115950305,2242.396277210091,5643.011565938167,2440.679280355982,211.16207667360615,366.37949533770296,116.28252521373132,3,26.63566407911018,31.027182280036165,5.1054876993055505,1390.7426331011623,2395.6234899144943,724.0777548377929,22.40731448360857,21.18583479999726,0.9214125837841083
3,177.45347746720063,343.75449604816436,120.66255800498662,2444.008027315242,5643.011565938167,2268.506066637474,214.48138181395595,366.37949533770296,112.76587664550756,3,43.49973241111579,73.84265252727562,21.568552967624004,2490.6469476266743,4730.525326075979,1791.3204848910134,22.40731448360857,21.18583479999726,0.9214125837841083
3,180.62157914629825,343.75449604816436,117.65539377305286,2524.332359799169,5643.011565938167,2206.4411571188116,214.48138181395595,366.37949533770296,112.76587664550756,3,42.66392593186304,73.84265252727562,22.28165083872987,2489.0193545105867,4730.525326075979,1793.2697175597634,22.40731448360857,21.18583479999726,0.9214125837841083
4,72.5448241251979,159.14259533676204,55.184658889032114,697.7169433556196,1432.0453831708,496.8163703116839,113.87571932119386,198.94438414450678,49.78019565965535,3,56.46613602196123,74.48648867962126,18.501433452912924,2912.2864414967075,4556.799694538552,1189.3150336041465,22.672423929340482,21.981163137192986,0.5847354805365429
3,96.33823983714883,166.3548825068973,50.55238999188761,1146.3021662519843,1432.0453831708,341.85888475983506,122.99771362967017,198.94438414450678,54.50914956129776,3,52.156592199269426,74.48648867962126,17.762483012815224,2585.7583197704007,3577.215329359631,744.1450331578561,22.672423929340482,21.981163137192986,0.5847354805365429
3,97.49855292559648,169.83582177224025,52.16051419048787,1287.1476925222357,1763.701286671875,459.81893836217915,122.99771362967017,198.94438414450678,54.50914956129776,3,52.156592199269426,74.48648867962126,17.762483012815224,2585.7583197704007,3577.2153293596316,744.1450331578562,22.672423929340482,21.981163137192986,0.5847354805365429
3,93.60776817768165,172.18826884233823,57.80658669435674,1520.9885124688244,2799.5558698951754,1009.5958220785591,120.25059479317582,198.94438414450678,57.07755515876039,3,43.571287368099604,74.48648867962126,22.068066460935096,1241.5662576075565,1784.4361400370763,414.22562392086576,22.720002791733958,21.981163137192986,0.6455499233437954
3,94.03562677664299,173.47184463922224,58.38844300932944,1590.555888859284,3008.257999066555,1098.5700327532397,120.25059479317582,198.94438414450678,57.07755515876039,3,39.877078035226,74.48648867962126,25.609283142827802,1130.2929562502109,1784.4361400370763,546.9730508733227,22.720002791733958,21.981163137192986,0.6455499233437954
3,87.1249490323515,174.171931097507,66.31875483246128,1835.5878363439876,3768.1007638186875,1442.182067766303,120.5006360832928,198.94438414450678,56.83759659289648,3,31.35107225055451,74.48648867962126,31.315266582799506,703.6319023450002,1784.4361400370767,775.0012478334918,22.746459821835703,21.981163137192986,0.6786966690925492
3,74.10900164816927,174.171931097507,71.29399375091243,1468.0342287688948,3768.1007638186875,1626.4292438029495,110.12466828375686,198.94438414450678,62.80576998781498,3,32.66232247041657,41.31741924155756,7.522159199053038,2324.5714620468357,3609.2812347452364,1075.2381270512492,24.07538522982577,21.981163137192986,1.5081677387306445
3,83.9273302906227,174.171931097507,67.10876050733873,1455.3845340586597,3768.1007638186875,1635.3437468057277,120.76814748194262,198.94438414450678,56.72563191965288,3,21.432426437375607,41.31741924155756,16.902533663948986,1999.3387294353433,3609.2812347452364,1497.9266453971795,24.120775387858085,22.117333611289933,1.4451907547315563
3,86.2801205352168,174.171931097507,66.49850629338644,1729.3194010023728,3768.1007638186875,1479.1287851807924,120.76814748194262,198.94438414450678,56.72563191965288,3,23.6728046438967,41.31741924155756,14.131791230308469,2013.3907054394633,3609.2812347452364,1479.2045292162402,24.274073082025264,22.57722669379147,1.2334223421615664
4,47.11828196889651,76.23040894020104,27.1751572253584,1017.1523062834547,1518.6191669004845,442.02034715770515,83.20721176553556,104.79612424196885,18.03039890714397,3,39.7070575850496,73.0915482724657,23.612617519080807,584.708685351978,889.985775575776,261.87124574903237,24.807876764194123,24.178637740298058,0.5288267354333807
3,64.46895669600899,80.6174865016708,16.691726784205557,1488.830438569782,2355.311914959997,614.6263692146598,91.38213952423776,104.79612424196885,13.990145176109843,3,52.88004155799115,73.0915482724657,15.094503386255047,1640.0713792153892,3308.7268125558603,1190.296967188797,24.500060610985653,23.357097904468816,1.0884394836972937
3,68.08075469642978,80.6174865016708,11.775707963450918,2146.5453152836085,2969.1042298498955,771.107207721648,92.89614885047344,104.79612424196885,11.910570935322806,3,54.67656830355616,73.0915482724657,14.49392076936964,1737.8827253675447,4314.672532964047,1826.9887244787396,23.946278059469904,23.357097904468816,0.41970034036626286
3,67.58156250901347,80.6174865016708,9.356042617239089,1189.5124829010513,2355.311914959997,879.7842032596261,98.01358884157565,104.79612424196885,5.260752685076117,4,61.055008221133285,73.0915482724657,10.84128294515935,3030.9860253634333,6198.524106277056,2327.0887880364858,23.431713503223335,21.73886086075772,1.0572042656231526
3,74.94995327232336,125.9721498725723,36.21314760322534,2124.231596325268,3196.852399689683,1243.3458719537405,103.42817712268152,148.14948479657298,31.83036271161594,4,31.995968997357743,54.88327543592998,17.226736702388532,924.7621049057237,1802.0944519847026,636.9361287062487,22.896414848556418,21.73886086075772,1.0092265452354454
3,44.77923073480898,48.26865523129135,4.906148117418529,1390.7749150358022,3016.1535033797154,1194.9673235209468,69.54540350301268,80.68502045950035,8.830489992827596,3,25.994154363649503,48.22810795220577,16.145128353269293,2153.064317984478,3617.092289586225,1343.8035522251212,20.558913188343723,20.321050788938464,0.17162129676162732
3,35.55932154291897,47.80966273890548,11.0522113076297,996.3498660823876,1478.4650885631272,386.6590784224599,60.71084832454931,68.86415624635455,6.103209203196549,3,21.79975708686197,33.86030413517178,8.921178223069289,2351.919940805657,4260.553661667,1350.4547050739925,20.59098577026572,20.321050788938464,0.1909424377251407
3,33.58549111750139,47.61805146410127,11.220334147979395,1094.817983077626,2476.529258381855,977.7575984397414,60.71084832454931,68.86415624635455,6.103209203196549,3,21.79975708686197,33.86030413517178,8.921178223069289,2351.919940805657,4260.553661667,1350.4547050739925,20.59098577026572,20.321050788938464,0.1909424377251407
3,31.166860902125478,47.61805146410127,14.232663296519853,1075.8931068662498,2476.529258381855,992.2893949321816,56.69175670314288,68.86415624635455,9.088887510338312,3,21.79975708686197,33.86030413517178,8.921178223069289,2351.919940805657,4260.553661667,1350.4547050739925,20.59098577026572,20.321050788938464,0.1909424377251407
4,28.991000653763027,45.45487160203862,11.88538216440493,1231.2238204473624,2476.529258381855,966.9584275735439,54.32903227002241,66.79877579500906,7.648923965712842,3,20.65404652478102,32.98476120725321,9.457989560598046,1434.9233798406565,2029.0915421174295,451.11551865755274,20.882833412905246,20.719640481943916,0.22192190432741515
3,34.563498763685566,46.07913531306515,8.828821344617731,2872.1883760059354,5864.174838127617,2298.5100106129944,56.76212338037527,66.79877579500906,7.370774792328766,3,16.015578426141275,27.461699217834948,9.720147562276537,730.0204773507194,1661.044130602775,658.7433749883339,20.79128858357474,20.637319377488243,0.16303694512985187
3,79.8241855637399,129.32723541501878,56.24566302509818,2386.7716685949945,6144.666016494092,2688.886581081933,120.02666319633794,154.83615178932564,41.207642523331046,3,22.43640054834232,36.63672142886337,15.959008833688952,1633.7688083519233,4001.170142545463,1711.4510863930134,22.629500168415074,20.810173044129087,2.0595127039225276
3,117.47974815549556,126.90184636611991,7.340967528092115,1838.7702661756193,3982.2426229185985,1528.766770552952,146.66241645532781,154.83615178932564,5.795436495962725,3,47.76367407101859,116.543981205833,48.69008552476799,538.0238530313039,998.5913933812808,332.19117163079704,23.442843215350525,21.473575794164653,1.6488424045542964
3,92.53054155815538,120.73136868734154,36.96061683074929,519.036682977804,956.5704419315857,358.6336951578879,138.35737075317525,154.83615178932564,15.190016904993332,3,7.077694680428821,19.886340220901843,9.068146464405912,400.3711722534193,1094.1631572633532,492.245387490941,20.7484104256325,20.52059353791617,0.1611033533925164
3,110.80295175916262,118.80453423646723,9.761217884082987,814.7737690390832,1331.865162803415,366.679399376409,138.35737075317525,154.83615178932564,15.190016904993332,3,7.077694680428821,19.886340220901843,9.068146464405912,400.3711722534193,1094.1631572633532,492.245387490941,20.7484104256325,20.52059353791617,0.1611033533925164
3,101.78703835620966,116.543981205833,10.656998365192084,870.710770078632,1331.865162803415,339.9551023764896,127.07848289207847,142.05289758013987,10.650755351230197,3,7.077694680428821,19.886340220901843,9.068146464405912,400.3711722534193,1094.1631572633532,492.245387490941,20.7484104256325,20.52059353791617,0.1611033533925164
3,91.80648974183602,100.19378438050566,9.730201809473055,1665.8893953434053,2735.5235238014775,773.9102608741318,116.45529919285768,120.99948820603532,4.581564943048064,3,36.8286236602815,89.37764265694781,37.93098989260548,1088.3258869916228,2067.864144214611,802.1833126480856,20.728719872126742,20.52059353791617,0.14881915660444092
3,100.90182500170245,105.45135078941411,3.4620087954284378,1396.066951525974,2735.5235238014775,1068.4163579276083,144.7492528875068,195.06520756642482,35.597327000102275,3,40.06832677293243,100.19378438050566,43.27379543353923,1564.2634330600697,3594.627141916856,1503.0849432740242,20.730357616497596,20.52059353791617,0.1502732883036837
4,79.07391579046251,166.17566463527953,60.917639553154466,476.7365290786887,1227.0294300218816,488.1526798422209,146.0762963091208,195.06520756642482,29.235069843258145,3,98.98451166189056,110.93823437476377,10.144073928020958,2500.2434242534996,4806.797495235175,1636.4496296210423,21.991079301044852,20.80570382552967,1.457963370925844
4,103.66912652529919,166.17566463527953,41.94352265961545,1813.2642732178574,4247.409002342545,1537.3087972049839,139.81721520176907,195.06520756642482,34.16484505681868,3,31.03486880190434,86.13853545974521,39.059274303936725,624.3676604418414,1510.6958108549202,635.3423684839497,23.16337130693002,21.164793104496653,1.4164802860315227
4,99.37908611696838,170.49327304022157,47.03201102623756,2993.747300262606,6086.425053902214,2318.75423320638,137.15585328862662,195.06520756642482,36.69084461485967,3,30.175311592637428,63.25316057814047,25.20275876545879,562.1852581976556,962.8004421318328,395.4754678024811,24.91503130483187,24.04481102273227,0.8845219101746514
3,88.11327446153554,119.56115565496799,39.549241564938086,1693.3377503796921,4339.723525056525,1871.4143246541341,156.68891382892113,195.06520756642482,27.316120923242742,3,46.642050698667305,112.97273365203688,47.85865978831145,1855.3434144110495,4528.256783071172,1924.47547676733,23.010053166976544,20.69387725112898,2.2899658776495975
4,97.24170603139277,261.7254661821371,103.71200191692652,1703.620412324652,4747.970138305929,1929.750802831544,151.69775051638146,282.757057178622,77.2811036792637,4,37.924195306869976,110.34097769854552,44.31561402223174,1237.49702714111,2457.685816340617,1170.2750184586816,21.8147588341187,20.69387725112898,1.0376723192398702
4,114.11883454502527,261.70246805437966,93.504034560039,1894.3601299591207,4732.72804488951,1782.9874153354,158.55309669187852,282.757057178622,73.04128657201939,3,41.07505778274443,101.29667942322834,43.23257379469897,967.5681296905232,1707.6540514997773,675.206698724992,21.31880008653729,20.69387725112898,0.6457282434145674
3,157.7939802839223,261.74428372999307,73.59664404813066,2961.980601347305,5816.99426459295,2052.668464532405,179.59164554308617,282.757057178622,73.09507900264245,3,34.57198302979242,101.29667942322834,47.19143052047321,642.0095764524679,1707.6540514997773,757.8639889421326,20.90925629146944,20.660406301537023,0.17678965995173326
3,153.79886201528743,259.43142397400163,74.69394115218047,1621.7860171641278,2497.10596878995,624.7929629847443,179.83019991161345,282.757057178622,72.94582342738885,3,41.98480419791539,101.29667942322834,43.12660078275946,944.7775710254404,1707.6540514997776,703.6428110639167,21.680209543466574,20.660406301537023,1.17456638607403
3,153.79886201528743,259.43142397400163,74.69394115218047,1621.7860171641278,2497.10596878995,624.7929629847442,179.83019991161345,282.757057178622,72.94582342738885,3,39.77328908107713,101.29667942322834,44.11831445403441,870.2727393350989,1707.6540514997776,693.2533604783687,21.680209543466574,20.660406301537023,1.17456638607403
3,134.1241045372693,242.40589095145106,78.40743757791907,2230.4956061080206,4528.186011325859,1633.4739486287847,168.466634015815,275.45816502960247,77.29680219769496,3,58.02836321017253,100.6684826486323,32.43810464970203,1277.899404567571,1766.1446127029908,685.6660321403485,33.0296866162723,32.32299441055017,0.5680150724558527
4,89.11194992943673,241.74437366948715,89.48567951161036,1169.7339592351486,3182.7491294200263,1190.014805787407,138.99103757999467,275.45816502960247,78.81784166793213,3,40.80257302730181,69.25000760395336,28.532008968712976,2369.5981625057893,5304.254324242004,2189.9310797483554,29.46411121584524,25.63396577442002,3.0333415236611385
4,27.588817939608155,69.72387840635689,26.004936649938138,254.89998535440103,846.3867584424909,344.19858267426764,101.83115975008596,108.37271107801067,4.711888187164932,4,26.324428948508057,58.77963573524495,20.53707916082959,1128.6580615061916,3472.047471073617,1369.1741613066351,30.20699846140316,25.63396577442002,2.925152129071761
4,70.30668100113203,118.11861304030495,32.350605359973784,592.0064234634513,1104.9950515229336,424.40392356769786,119.80669457686429,160.32015249627582,23.448951128989023,3,24.42547225041355,49.71125723306524,19.651162755301165,1000.5351634665404,2598.2346376256864,1136.9448722542243,29.258573255820412,25.63396577442002,2.794753147467359
4,72.18993176304451,125.6516160879548,35.175066202298105,778.6489872678958,1660.4238065440782,636.212053017689,119.80669457686429,160.32015249627582,23.448951128989023,3,40.0069945737537,75.52311883823103,30.15905665998517,1201.1216559711631,1866.3606583334588,820.4501551632715,27.238149773760757,25.63396577442002,1.7710858600402557
4,72.18993176304451,125.6516160879548,35.175066202298105,778.6489872678958,1660.4238065440782,636.212053017689,119.80669457686429,160.32015249627582,23.448951128989023,3,39.315584349987084,75.52311883823103,30.01532821811001,753.3104010318625,1691.7885496509818,680.3750406198666,27.894292970688124,25.63396577442002,2.690063618802196
4,72.18993176304451,125.6516160879548,35.175066202298105,778.6489872678958,1660.4238065440782,636.212053017689,119.80669457686429,160.32015249627582,23.448951128989023,3,45.89690170119015,75.52311883823103,22.286828851914773,839.2960687268745,1691.7885496509818,604.4672610384173,30.16152444524042,26.374389751897958,2.695876382045951
4,72.18993176304451,125.6516160879548,35.175066202298105,778.6489872678958,1660.4238065440782,636.212053017689,119.80669457686429,160.32015249627582,23.448951128989023,3,51.27539679825759,75.52311883823103,17.17594661262722,1252.3618568180211,1691.7885496509818,556.0050426738345,30.33924133255007,26.374389751897958,2.8529319490605793
3,99.66809396783965,147.35398493133732,33.71991864012651,1731.8058130103664,3469.601811569583,1317.3743282769008,138.1880992059198,201.5168239679944,44.93919983468763,4,46.78473765322386,80.64267654247814,26.368678489673737,1460.5827907185671,4557.935479358342,1790.4772991891334,25.39339156131068,21.25483204765083,4.101808807433772
3,92.60234530084226,148.03305956497167,40.255558070299195,753.2501899285611,1444.5103255446302,492.9469090111951,138.1880992059198,201.5168239679944,44.93919983468763,4,41.83234824119593,80.64267654247814,25.702831756449708,1727.5536126866405,4557.935479358342,1709.5229979494736,27.041996838337653,21.25483204765083,5.311599679811823
4,103.30878767631054,172.59136576730756,41.91534702917173,2834.361126215379,6919.717846678074,2458.68413060721,137.39192899442554,201.5168239679944,37.87820883796709,3,35.05250783536461,99.61376314364824,45.680502229140934,1077.6670352486315,3086.796716172853,1420.679604384508,26.508311417973406,21.25483204765083,3.7187106462285358
4,143.8958962232522,232.3783033430809,61.110789526401476,1865.2444472260568,2917.8324152896075,891.0608394524089,174.92222873266138,258.06371875378426,58.73532660843682,3,106.06207212237017,177.2540197026659,55.68247129433055,2856.850602374736,5253.197018544097,2056.9203366928255,27.88450384113177,24.262804265328533,2.5768880590111096
3,120.68732772068945,197.54537635808444,56.163936905606256,1068.8401113126124,2467.8853323197627,995.4882620657963,164.98821523461868,258.06371875378426,66.3711980544257,3,61.28028127148483,104.69560288390224,41.517954779282874,1093.6008463228873,2132.278499743493,819.5386675126307,26.01706036124078,24.262804265328533,2.3541160361363676
3,120.68732772068945,197.54537635808444,56.163936905606256,1068.8401113126124,2467.8853323197627,995.4882620657963,164.98821523461868,258.06371875378426,66.3711980544257,3,61.436362258572274,104.69560288390224,41.3077055710051,1140.0535420402985,2132.278499743493,765.725502417882,26.01706036124078,24.262804265328533,2.3541160361363676
3,91.31225481136535,197.54537635808444,76.02090204169562,258.8416544918078,320.5147514746752,43.823558808626395,146.48746650256714,258.06371875378426,78.96548341049831,3,26.502762029103575,62.38977128524082,25.47524101401402,518.8987116337506,1021.9945860327691,355.74331504638536,23.439758289103878,21.612737789171828,1.29400842738176
3,110.95752349658954,197.54537635808444,62.08926324098899,998.6297205777901,1916.9319080507898,695.7979026337165,153.97490163975024,258.06371875378426,74.79658911121896,3,24.050627190501075,55.03336676943333,22.02303938958084,765.5285467513555,1761.8840913855838,704.5301714215085,25.548712548254375,21.612737789171828,3.747181151023312
3,65.71663597554378,95.58664378624954,31.23476437029696,3251.4100883722604,7056.105725693892,2819.6384934766143,109.25788594620859,118.23795235325315,11.772011002233812,4,0.798322301874669,1.5391023848811471,0.5068556025753528,58.871963574451456,103.19415162181485,32.515773183225036,23.98905526927896,20.630957328164897,2.694901975130415
4,76.16283449959316,87.28664834521206,9.767057703248653,2018.6461736819654,3572.2741065678397,1104.3424276160727,109.5626132729866,118.23795235325315,8.91447960880376,3,31.93102046961683,85.28372737704574,37.88903960001845,1484.1037068510695,4024.7932624970817,1798.80555436646,23.89880193465397,21.760036931187827,1.5216336384476392
4,76.38378747853224,87.28664834521206,9.814820457071603,2059.506737649236,3572.2741065678397,1089.394927978448,109.5626132729866,118.23795235325315,8.91447960880376,3,31.93102046961683,85.28372737704574,37.88903960001845,1484.1037068510695,4024.7932624970817,1798.80555436646,23.89880193465397,21.760036931187827,1.5216336384476392
3,104.38453018293797,134.86000540955624,30.80047786356582,1467.233443733835,2334.5579544036227,671.8926065397046,134.30422394242157,159.13236105618768,21.334520109051084,4,31.25344492352191,116.09931030396754,49.02422779250693,1100.6573035382385,3104.40262775625,1201.0359991566004,20.643420519991174,20.529708535573054,0.10886695171175881
3,97.65773425699739,134.86000540955624,40.08465390964989,1371.3738238783005,2334.5579544036227,785.7468844614814,134.30422394242157,159.13236105618768,21.334520109051084,3,3.1173188597592265,5.520722793563504,2.0539868542225497,481.6497931622286,913.9373342154813,319.2433194071474,20.53887242801003,20.50027013781429,0.03585025307328183
3,93.24906330304832,116.09931030396754,30.820615288634418,1233.0547362545415,2334.5579544036227,843.8119136085214,122.0404529742787,159.13236105618768,37.74379381940301,3,18.433842924627115,49.752181265990636,22.258624136516584,907.4815299899014,1802.5072557542226,733.4352223387062,20.534310746075615,20.50027013781429,0.02985080006928588
2,86.35182856175119,112.63914690063666,26.28731833888547,892.7674779072618,1423.9309686000597,531.163490692798,154.20489584152887,189.76797503904868,35.5630791975198,2,12.780302597634691,19.529622737910948,6.749320140276257,1280.1778530992638,2163.5891223751264,883.4112692758625,32.07175644432592,30.59221923739365,1.479537206932271
2,25.661300269149052,34.41070869233039,8.749408423181336,181.3572838556986,338.7145677113972,157.3572838556986,121.52120611305385,124.40059558209862,2.8793894690447672,2,5.392770241029028,10.752791338017737,5.360021096988708,71.12248199036054,138.24496398072108,67.12248199036054,25.897564616286594,23.944184948235904,1.9533796680506885
3,84.50000772981802,144.91527597490253,45.36308395904348,1582.475850429065,2512.7387896304535,663.1209407164596,108.25031692046001,169.5027064142149,45.76713066404228,3,25.412917304452005,74.11361208779809,34.44392306749651,635.5477489588137,1802.4330451916856,825.8979883914939,22.6598439710064,21.62277001678936,0.757740616573063
3,165.38765838198938,303.0485216712608,121.23402427418796,1516.7709373744235,3929.467723147599,1709.5122086865063,218.64025606157452,331.2075957795322,104.54254055381367,4,34.52377486215453,56.736445969910946,14.871759090440817,1328.6707557255354,3279.9268378498045,1142.5165530275083,24.394899025424657,22.613154383389556,1.2387966138868094
3,163.1050302135118,303.0485216712608,124.2030564466989,1459.5655404186557,3929.467723147599,1755.6390526584835,212.93494558507007,331.2075957795322,112.17681041683964,4,24.39332463679235,36.89870785918808,9.611248850507852,809.7983685359638,1537.9334959826779,429.5219821351141,24.394899025424657,22.613154383389556,1.2387966138868094
4,188.3593945535066,303.0485216712608,95.34894888306391,1397.4918075712126,3929.467723147599,1502.7199974722935,228.33871381420465,331.2075957795322,91.15981513777234,4,69.07770917611197,227.35722208209657,92.11254207504928,1326.176113758403,4016.5737138494924,1582.529305013167,25.786796105615572,22.613154383389556,2.019689301227478
4,128.34073300406288,227.35722208209657,79.29307393994382,886.9038546836134,2658.8531975076594,1028.0592300846445,182.11256733690954,255.51629619036794,72.18183801347976,3,90.08849085705849,217.20449794361954,91.66450854860676,1571.668289599169,3252.4078958226028,1235.9157841012295,27.078338517285555,26.34650138721274,0.7800224651901888
4,88.21490323774111,227.35722208209657,80.89436084483569,1076.9955423269066,2658.853197507659,988.0727001625066,122.43620895974621,255.51629619036794,76.86339052275345,4,23.12168189851394,48.54670288238602,17.583551746256923,930.0274769737254,1146.7109563770287,281.8219800801668,26.662656380353532,26.34650138721274,0.19002231965671634
4,88.21490323774111,227.35722208209657,80.89436084483569,1076.9955423269066,2658.853197507659,988.0727001625066,122.43620895974621,255.51629619036794,76.86339052275345,4,23.12168189851394,48.54670288238602,17.583551746256923,930.0274769737254,1146.7109563770287,281.8219800801668,26.662656380353532,26.34650138721274,0.19002231965671634
4,88.21490323774111,227.35722208209657,80.89436084483569,1076.9955423269066,2658.853197507659,988.0727001625066,122.43620895974621,255.51629619036794,76.86339052275345,4,23.12168189851394,48.54670288238602,17.583551746256923,930.0274769737254,1146.7109563770287,281.8219800801668,26.662656380353532,26.34650138721274,0.19002231965671634
4,89.0452609112467,226.22970336605226,79.88610982095408,640.2822694622835,1547.959012652152,537.6930328150424,128.4375099448983,255.51629619036794,73.82400789616672,3,50.031338333030476,72.93484549215417,18.12496296891512,2503.836424462426,4718.7505610495,1579.3918205424468,26.598824856267395,26.34650138721274,0.1784566859352414
4,18.8322808619735,35.62310000260079,13.267220875771349,741.6784840499231,1694.6643101793943,605.6042162597075,76.76737937699761,84.23549287230566,5.711907748039031,4,11.334448948607895,23.41999954904263,7.947587798952214,567.5857732079869,1444.803724542282,507.0451707214607,45.61551615280604,40.99001032124863,2.7281270067557255
4,24.439218966256732,35.62310000260079,7.536865828011275,1093.6031510060054,1694.6643101793939,464.24672886134135,78.70272113368549,84.23549287230566,3.6579214900016916,4,8.533441790644432,18.618664169717903,7.383406804463114,463.7089326759663,913.5397408640008,352.97492730560003,45.68970882194748,40.99001032124863,2.8428457742939064
4,6.2073702985862695,9.297244237572052,3.208772735032847,823.5393881573069,1283.1789347734261,490.99615513511037,39.098693474000356,39.99734000797756,0.7373559021465007,3,6.511664620653822,11.484856684420656,4.787644647349402,1344.2873222323312,3196.9534799350945,1353.1360963881143,26.900643648058743,26.287368848725514,0.522053686224058
4,7.3460992867595625,9.297244237572052,1.5904819483867931,823.5393881573069,1283.1789347734261,490.99615513511037,40.49026299766466,45.15002362075606,2.7754383888291123,3,6.511664620653822,11.484856684420656,4.787644647349402,1344.2873222323312,3196.9534799350945,1353.1360963881143,26.900643648058743,26.287368848725514,0.522053686224058
4,53.41388444382933,69.91706066374094,11.76190595813716,1336.1547290401488,2208.0029540745627,635.5222228349311,105.559693906439,129.30469222631774,14.059986938592886,3,50.72356463069038,58.45058235930098,10.072516153676228,1653.094040657346,2460.268291289828,886.8831333774443,41.89466180073267,38.827637697852865,2.254709471735218
4,42.30203972631293,58.45058235930098,20.690420892570764,1294.4900080025366,3552.165830798169,1336.312686962578,100.30068850441756,108.26867061823205,5.559181351459058,3,35.79005334169846,57.223610671214104,25.285876732266132,976.292056072571,2460.268291289828,1066.3346003461413,31.172246239242384,22.96320546119312,6.488448619127097
4,66.42446310445517,102.960575253253,27.305438632461744,1340.863254006456,2571.56126562658,835.0932315897097,105.4416309016675,131.44958072657784,16.638074500257133,3,66.6053400265345,79.1882845787795,13.709544635208703,1882.5036914939717,3456.1265528126587,1113.3371176229418,25.4364167051738,22.96320546119312,2.083400685489499
3,103.2683720602344,172.5762046995593,49.66628361107524,1117.059069986108,1606.7360055243503,533.0221021944832,140.6371534743155,219.78910724187108,56.47295496671283,4,24.51338390480975,64.91967241789935,23.713364971735114,823.9189118575589,2340.2423063962324,891.9069939985983,26.868409757516492,22.461587935587474,2.752691390792154
3,130.77574508314345,212.98660578803464,65.9980136436421,1331.6584713251846,3617.363008728951,1616.3705128295694,286.6126303845372,307.41556069271087,24.571102040468418,4,78.38374427744215,205.88692254495692,80.44258375653732,1322.5163434547626,4113.831829377384,1651.0196181577342,72.37459526260717,57.71400636530133,14.378422313657513
3,19.944734150006088,34.64737548135,10.40812829439893,649.5571787570016,1482.554857230831,589.2245962463828,122.99807337290433,134.67155246604563,8.589303923609508,3,5.1141010806229374,15.182774404529642,7.1196363099634645,419.9060936800813,1253.718281040244,589.5948172786428,20.613557513525592,20.45750168260727,0.1583644018387509
3,200.78891822563432,467.57865080945595,188.72931724292448,632.7392494998552,902.6335674142288,219.4955992537713,222.47601273038813,488.86422727598983,188.46280396249293,3,20.388218076869936,61.01264829132283,28.72582853377669,766.0532977653585,2290.1598932960756,1077.7073461458742,20.778863484902168,20.38375787779787,0.3036593761539088
4,43.06105409327685,75.13907315450662,19.556758012519513,1923.1828706119343,4872.793264712278,1801.7140278927186,67.69532781449055,95.6989850971232,16.20299653231435,3,21.134111901561862,38.96055462978259,16.024140849648784,1644.2359441385624,3066.757819124743,1258.824591052045,20.636078087459563,20.537967239175252,0.12355766603061684
2,73.36958958177823,139.32912447771088,65.95953489593265,1041.476098314253,1783.0057782796325,741.5296799653795,108.3094557025217,172.34585729672602,64.03640159420432,3,9.95761964539147,12.196735852500026,1.6949717059029157,1531.1593564113755,2196.2790287690873,836.2857072294919,33.1280471027007,32.076318255817355,0.9075964155729329
2,115.82631800817609,169.15598257705295,53.32966456887686,2180.0615392105738,3583.737753578151,1403.6762143675774,139.90120947261332,193.0740901517393,53.172880679125996,2,14.581364884852112,21.381949993600667,6.800585108748555,635.5845428130083,758.435171640088,122.85062882707967,23.897530748581914,23.876953922477476,0.020576826104440116
2,115.26374073641884,168.03082803353846,52.76708729711961,1468.4597202535404,2160.5341156640843,692.074395410544,139.90120947261332,193.0740901517393,53.172880679125996,2,6.555755214107357,12.273607000518489,5.717851786411131,528.2953917608868,734.5754904235519,206.28009866266507,22.93979601859303,22.00263811470858,0.9371579038844473
2,37.38513021990886,62.49665343929923,25.11152321939037,716.6646787251683,776.3853248429962,59.72064611782787,61.43944485824164,86.72832879348732,25.28888393524568,2,6.988362384725624,7.75209548896369,0.7637331042380655,1033.208676637535,1360.7118815388112,327.50320490127615,21.604239584296497,21.205841053884413,0.3983985304120843
2,57.18800141253243,57.95882831972254,0.7708269071901128,885.9378792120013,1105.7992509363535,219.86137172435213,79.44222445715977,79.95789708870785,0.5156726315480853,2,29.40047548436047,45.62736230668766,16.226886822327188,722.5699769545754,795.3371367863886,72.7671598318131,20.48284563413593,20.236661132881338,0.2461845012545929
2,57.18800141253243,57.95882831972254,0.7708269071901128,885.9378792120013,1105.7992509363535,219.86137172435213,79.44222445715977,79.95789708870785,0.5156726315480853,2,24.57164260026235,45.62736230668766,21.055719706425307,639.0819856347078,795.3371367863886,156.25515115168074,20.48284563413593,20.236661132881338,0.2461845012545929
2,57.18800141253243,57.95882831972254,0.7708269071901128,885.9378792120013,1105.7992509363535,219.86137172435213,79.44222445715977,79.95789708870785,0.5156726315480853,2,24.52719795073156,45.62736230668766,21.1001643559561,638.639554472818,795.3371367863886,156.69758231357062,20.48284563413593,20.236661132881338,0.2461845012545929
2,40.072653256650874,58.78304896032776,18.710395703676888,1848.9223035937416,3651.0305073981817,1802.10820380444,81.86482767891673,83.7717582691256,1.906930590208873,2,31.18959377125379,59.721235955826515,28.53164218457272,517.0669554580076,826.5477498612406,309.48079440323306,20.705754630630715,20.236661132881338,0.4690934977493786
3,59.09442168516332,109.46564326073472,42.6150663346471,864.5337358716027,1763.5558160658652,680.2348442423768,102.5940735949975,145.81557741899087,33.535310933464935,3,13.089750311627904,20.33402488278098,9.107237737178226,1590.0532672429915,3120.7516180573616,1258.2834899790817,22.597404267465546,21.801863913727566,0.666112088667645
3,35.138585837446406,58.180182284599155,16.417351013442353,1290.6096169447997,2317.61814676719,734.7974680390869,56.67671399995407,79.15259739310434,15.931922394288494,3,3.9225629344787856,11.616798659914803,5.440708584477527,459.1879842738504,1315.3862817288173,605.8893209033212,20.459005935682022,20.26661193946101,0.2148591627024035
2,97.55864525287912,123.65783283279319,26.099187579914073,1244.7236487928024,1705.017106361779,460.2934575689767,140.24490501040535,156.64986989601942,16.40496488561407,2,12.096955912043523,14.46705441176102,2.3700984997174963,1644.7124949418323,2441.8391443604555,797.1266494186232,25.255695343398042,25.129891876517583,0.12580346688045907
2,204.79518775914352,305.32098807409386,100.52580031495033,1417.8492078302274,2422.0469852860933,1004.1977774558659,245.17453919972488,333.6992085034303,88.52466930370545,2,65.08255487925152,128.59124432457946,63.508689445327946,569.7903832769518,1091.4757956661083,521.6854123891565,28.2184230003882,28.05862557143995,0.15979742894825044
2,204.73117115151257,305.19295485883197,100.46178370731938,1408.360896410384,2403.0703624464063,994.7094660360224,245.17453919972488,333.6992085034303,88.52466930370545,2,76.71617159377718,128.59124432457946,51.87507273080228,591.6698440006719,1091.4757956661083,499.8059516654364,28.28243960801916,28.05862557143995,0.22381403657920806
2,116.56415069548127,152.14865865773965,35.58450796225837,1363.31241743065,1888.7705926617032,525.4581752310532,149.67719795552512,180.654912302338,30.977714346812874,3,74.95063115458451,95.92213205109775,15.914059737211407,1326.1452912267516,1758.8940902872937,306.81076754260204,26.825009394376583,22.777351557614516,2.8757624759918086
2,122.93969521790297,151.46348932142115,28.523794103518185,2074.6818570941286,2819.925909262032,745.2440521679034,149.67719795552512,180.654912302338,30.977714346812874,2,48.26673563426924,95.92213205109775,47.65539641682851,594.2592198073924,1137.0770870349884,542.817867227596,23.530467025970996,22.777351557614516,0.75311546835648
2,52.32510447564769,95.43698880724216,43.11188433159447,157.55645577077888,274.4896200251392,116.93316425436028,159.2341016352067,187.5143120429491,28.280210407742373,2,101.2962203921173,108.17653966984983,6.880319277732525,2989.894533760786,3564.614326725177,574.7197929643908,23.530467025970996,22.777351557614516,0.75311546835648
2,92.10158364524578,99.40888331572621,7.3072996704804325,1154.7753892742032,1405.1679849765865,250.39259570238323,125.63253881122594,130.95389122746434,5.321352416238405,2,65.38024524927984,94.41590111438478,29.035655865104943,1456.0776931321402,2415.1747407963953,959.0970476642551,27.9142952030328,24.283582494327476,3.6307127087053246
2,92.10158364524578,99.40888331572621,7.3072996704804325,1154.7753892742032,1405.1679849765865,250.39259570238323,125.63253881122594,130.95389122746434,5.321352416238405,2,67.37533876075022,94.41590111438478,27.04056235363455,1509.1895463955054,2415.1747407963953,905.9851944008899,27.9142952030328,24.283582494327476,3.6307127087053246
2,95.54759080862453,106.30089764248373,10.753306833859192,1604.2463106560533,2304.1098277402866,699.8635170842333,125.63253881122594,130.95389122746434,5.321352416238405,2,47.3500544349153,92.71340419420268,45.36334975928738,1211.4733508697614,2331.7737159485323,1120.300365078771,24.468288039654038,24.283582494327476,0.1847055453265618
2,264.06783330714705,397.7492742515111,133.68144094436406,662.7887292075827,780.6165767484545,117.82784754087174,290.5602660772423,426.4154540848421,135.85518800759982,2,69.19415618114157,133.92598479393456,64.731828612793,2279.5527584358842,3929.309737581346,1649.7569791454619,21.717488777371344,20.779093275707908,0.9383955016634378
2,262.16690426851187,401.4502263371363,139.28332206862441,1739.22480298209,2554.9999066298474,815.7751036477572,287.6859221711452,426.4154540848421,138.7295319136969,2,7.049951607039603,14.05587004826225,7.005918441222647,444.45588130350666,884.9117626070133,440.45588130350666,22.43089913086117,20.452060050278565,1.978839080582608
2,236.5999566903734,394.93547535317646,158.33551866280305,349.2190142704281,523.3406341795439,174.12161990911582,262.918645373203,426.4154540848421,163.49680871163912,2,48.52283223624353,78.80370730984936,30.280875073605827,1695.758737985116,2181.130946275817,485.3722082907011,20.887763992854023,20.618129351714522,0.26963464113950053
3,41.8683582165664,65.50924216719015,29.440373100955878,175.46122755011262,429.74169707107967,183.40895704537976,93.04694385289802,109.13803218782502,12.183765800596294,3,13.245665255780617,18.747311585426203,5.874192169889396,928.29391608177,1748.7420841660728,642.7854592266721,21.22678202088666,20.652044211205023,0.5000099066123004
3,102.37005110826351,181.87244898117004,56.26619947465109,289.0287907347857,429.74169707107967,143.1403533349186,136.76948917796105,210.83294338501102,52.9302151580394,3,12.066886367072058,18.747311585426203,7.515247808033712,979.0459481154254,1748.7420841660728,585.0446928994664,21.7065218588275,20.652044211205023,0.8023332109277601
3,103.78132840289102,186.10628086505255,58.26035074129609,841.792779491963,2002.994655825551,832.5468563680371,136.76948917796105,210.83294338501102,52.9302151580394,3,3.086892289942066,7.046277828971277,2.9154081921783357,319.75269804999664,682.4962725250552,271.65142690610514,22.275152761740184,20.63236381039348,1.2151595889019353
3,81.39428090356024,186.10628086505255,75.18168938771275,1229.4168786687233,2002.994655825551,562.3407755829799,109.40632464141531,210.83294338501102,72.79563802829176,3,13.418957454197828,16.68105210024431,2.3381188219459323,976.1883262940278,1579.8387570312557,488.6395201737978,22.56657684036772,22.474792913882048,0.07548579062294658
3,28.122033506514978,47.485264426225434,13.767023456335302,1611.5450555619564,3939.3132102679874,1651.7708718873118,51.593010834948956,69.96005734010748,13.226956198352962,3,9.698649742800285,16.865939641163088,7.077585980553614,1439.6146686044456,2352.744625721476,1028.441888809808,21.926751581878197,20.74020467933227,0.8398278032111041
2,97.8687519087479,104.75520828289345,6.88645637414556,1067.6917495559624,1630.86324834908,563.1714987931177,127.88496320221512,128.76272259071726,0.8777593885021346,3,13.9601503434755,35.18604047541464,15.246445550241411,234.23878897958022,468.19573920404275,190.06579026349692,22.679568468060978,20.74020467933227,1.4066537709836249
2,99.96963194860481,100.70319773061425,0.7335657820094355,774.1949049123562,1125.1319627482656,350.9370578359094,133.30265744826156,137.84259230580585,4.539934857544296,2,3.3472052775059282,6.630091805372903,3.2828865278669745,117.26031386734905,231.87102900333753,114.61071513598847,22.002918163469197,20.74020467933227,1.2627134841369259
2,350.22517513808555,547.9728421553139,197.74766701722834,2227.1184628585647,3755.379560282049,1528.2610974234844,399.3211649736119,575.9771275979797,176.65596262436776,2,67.94461910301445,100.70319773061425,32.7585786275998,695.1439029375751,922.0920666711074,226.94816373353234,26.046196968673783,24.03286907724455,2.0133278914292347
2,350.26099282456255,548.0444775282679,197.78348470370534,2227.779007108469,3756.7006487818576,1528.9216416733886,399.3211649736119,575.9771275979797,176.65596262436776,2,67.94461910301445,100.70319773061425,32.7585786275998,695.1439029375751,922.0920666711074,226.94816373353234,26.046196968673783,24.03286907724455,2.0133278914292347
2,494.61229308542534,547.9176027378767,53.305309652451314,2083.3567647341774,3483.849173371262,1400.4924086370847,522.9074297691498,575.9771275979797,53.069697828829874,2,22.965084353953763,45.91453283454447,22.949448480590704,48.81269848133032,87.62539696266064,38.81269848133032,24.464507458227985,20.869490056352955,3.5950174018750314
2,221.96503178458647,441.30698343297405,219.34195164838758,352.34894915679837,682.8643560970927,330.5154069402943,448.7719018817948,469.83773194031994,21.065830058525137,2,23.451653158366774,46.88767044337048,23.43601728500371,631.7281909382948,1253.4563818765896,621.7281909382948,21.8201156880233,20.869490056352955,0.9506256316703432
2,13.284478931197171,17.903443982154286,4.618965050957115,1180.8356907129837,1332.441698516017,151.6060078030332,41.864084419451785,42.32218643723294,0.4581020177811581,2,14.25586056011298,17.903443982154286,3.647583422041306,1518.1688120378985,2033.7055987689535,515.5367867310548,23.276787434788538,23.05103645006073,0.22575098472780475
2,14.48966543729497,17.903443982154286,3.4137785448593156,1001.2259344583684,1332.4416985160171,331.2157640576487,39.60896141978023,41.40598240167063,1.7970209818903982,2,11.869185519034708,12.884911188194938,1.0157256691602292,1138.9991127434505,1801.6763661029406,662.6772533594902,20.88053440931821,20.81331739060523,0.06721701871297903
2,97.01659871147771,183.11378336485603,86.09718465337832,1004.0037778444816,2002.0075556889633,998.0037778444816,176.85425001774962,206.83989799806494,29.98564798031532,2,32.75292290609736,52.39012014238835,19.637197236290987,572.4997424026451,1030.6672418430678,458.1674994404228,22.101998939347524,21.663584740430043,0.4384141989174797
2,97.01659871147771,183.11378336485603,86.09718465337832,1004.0037778444816,2002.0075556889633,998.0037778444816,176.85425001774962,206.83989799806494,29.98564798031532,2,32.31706123780971,64.44129626061755,32.12423502280784,589.9768862222761,1167.9537724445522,577.9768862222761,22.061507603416835,21.582602068568672,0.478905534848165
2,21.529866679954594,32.1403193018098,10.610452621855202,313.0036304469142,620.0072608938284,307.0036304469142,117.6843169786515,146.8686020374343,29.184285058782805,2,44.48353145543324,64.44129626061755,19.95776480518431,1179.549453121372,1191.1451337981916,11.595680676819711,32.296256358003674,22.540413138265002,9.755843219738676
2,149.73246506971552,153.31648567583113,3.5840206061156152,1188.1555341847027,1921.387162146238,733.2316279615354,174.98538495959153,178.56442339666881,3.579038437077287,2,38.44863800183924,66.96750526745342,28.518867265614173,610.2350987980235,952.3768170515034,342.1417182534799,23.043260356252006,20.838582991666335,2.2046773645856703
2,146.03730634285412,154.6140306088745,8.576724266020364,418.7562069607145,595.138236165079,176.38202920436447,206.83921759738047,215.2898181421753,8.450600544794852,2,83.68853617130038,155.53969965966604,71.85116348836564,471.05165607480126,552.5660203118257,81.51436423702444,34.22291232382359,24.671238203936085,9.551674119887508
3,109.63482343339372,154.6140306088745,51.95499645562501,309.24252250011887,595.138236165079,211.4873699596172,192.7558709959835,215.2898181421753,21.078181516328247,2,84.80322477084195,155.53969965966604,70.73647488882409,935.7452303348172,1318.9244403578086,383.17921002299147,34.22291232382359,24.671238203936085,9.551674119887508
2,146.03730634285412,154.6140306088745,8.576724266020364,418.7562069607145,595.138236165079,176.38202920436447,206.83921759738047,215.2898181421753,8.450600544794852,3,90.39734120017933,155.53969965966604,61.45450874908274,1289.9202130964434,2413.227255124454,807.1492051506272,38.68490233559572,24.671238203936085,10.032033462463849
3,109.63482343339372,154.6140306088745,51.95499645562501,309.24252250011887,595.138236165079,211.4873699596172,192.7558709959835,215.2898181421753,21.078181516328247,3,108.85099707377593,155.53969965966604,37.64014707989312,1171.8324523715887,2413.227255124454,877.7994607348364,38.345511820520215,24.671238203936085,9.737280877227091
3,126.00517219072181,154.6140306088745,29.18240788788591,368.3613693254054,595.138236165079,160.68507337255852,205.28082635214267,215.2898181421753,7.243314130395855,3,138.32895102390142,155.53969965966604,23.68814185681341,1495.9311394225178,3213.129134245533,1216.2132517109706,38.345511820520215,24.671238203936085,9.737280877227091
3,126.00517219072181,154.6140306088745,29.18240788788591,368.3613693254054,595.138236165079,160.68507337255852,205.28082635214267,215.2898181421753,7.243314130395855,3,138.32895102390142,155.53969965966604,23.68814185681341,1495.9311394225178,3213.129134245533,1216.2132517109706,38.345511820520215,24.671238203936085,9.737280877227091
3,148.4386866257369,154.6140306088745,7.782890676537315,626.7227387121708,1042.6558022150834,327.476060409956,205.28082635214267,215.2898181421753,7.243314130395855,3,138.32895102390142,155.53969965966604,23.68814185681341,1495.9311394225178,3213.129134245533,1216.2132517109706,38.345511820520215,24.671238203936085,9.737280877227091
3,148.4386866257369,154.6140306088745,7.782890676537315,626.7227387121708,1042.6558022150834,327.476060409956,205.28082635214267,215.2898181421753,7.243314130395855,3,138.32895102390142,155.53969965966604,23.68814185681341,1495.9311394225178,3213.129134245533,1216.2132517109706,38.345511820520215,24.671238203936085,9.737280877227091
3,145.60157583021189,154.6140306088745,11.788298455472379,766.4867420771012,1042.6558022150834,197.1606864497553,193.25759613714513,202.1640438616671,10.044944209605479,3,138.32895102390142,155.53969965966604,23.68814185681341,1495.9311394225178,3213.129134245533,1216.2132517109706,38.345511820520215,24.671238203936085,9.737280877227091
3,145.60157583021189,154.6140306088745,11.788298455472379,766.4867420771012,1042.6558022150834,197.1606864497553,193.25759613714513,202.1640438616671,10.044944209605479,3,138.32895102390142,155.53969965966604,23.68814185681341,1495.9311394225178,3213.129134245533,1216.2132517109706,38.345511820520215,24.671238203936085,9.737280877227091
3,145.60157583021189,154.6140306088745,11.788298455472379,766.4867420771012,1042.6558022150834,197.1606864497553,193.25759613714513,202.1640438616671,10.044944209605479,3,108.83555487083572,154.6140306088745,35.85585088518993,1416.5852585702185,3213.129134245533,1281.1988463685768,38.345511820520215,24.671238203936085,9.737280877227091
3,145.60157583021189,154.6140306088745,11.788298455472379,766.4867420771012,1042.6558022150834,197.1606864497553,193.25759613714513,202.1640438616671,10.044944209605479,3,108.83555487083572,154.6140306088745,35.85585088518993,1416.5852585702185,3213.129134245533,1281.1988463685768,38.345511820520215,24.671238203936085,9.737280877227091
3,153.88271565483421,176.73658552861008,18.96571585020132,2953.4612323777965,6196.990647351729,2371.0588931307275,193.25759613714513,202.1640438616671,10.044944209605479,3,75.97009419472028,154.6140306088745,55.734799495000416,1220.2486793273708,3213.129134245533,1410.225054878214,31.291094326901405,24.671238203936085,8.832559040042671
3,136.23959243631418,158.389457417956,16.213343321991026,2998.037732622714,5537.727322223085,1817.169866947308,183.89561274324743,202.1640438616671,13.420927877800686,3,92.80942415025008,104.83312280316375,16.688448853342287,1322.52065542624,2205.6008260493168,637.7651229615165,38.59758519689387,25.427458333057032,9.383383196703964
3,136.23959243631418,158.389457417956,16.213343321991026,2998.037732622714,5537.727322223085,1817.169866947308,183.89561274324743,202.1640438616671,13.420927877800686,3,97.21163513717254,104.83312280316375,10.463378138354534,1389.9706257755704,2205.6008260493168,614.5834617477072,38.59758519689387,25.427458333057032,9.383383196703964
3,136.23959243631418,158.389457417956,16.213343321991026,2998.037732622714,5537.727322223085,1817.169866947308,183.89561274324743,202.1640438616671,13.420927877800686,3,96.75518722689027,104.83312280316375,11.108800162802096,1382.4309865884054,2205.6008260493168,616.485689490254,38.59758519689387,25.427458333057032,9.383383196703964
3,136.23959243631418,158.389457417956,16.213343321991026,2998.037732622714,5537.727322223085,1817.169866947308,183.89561274324743,202.1640438616671,13.420927877800686,3,70.68782059084134,104.83312280316375,32.93364021723631,1153.6799134040689,1519.3476064963065,328.7959001157439,38.59758519689387,25.427458333057032,9.383383196703964
3,136.23959243631418,158.389457417956,16.213343321991026,2998.037732622714,5537.727322223085,1817.169866947308,183.89561274324743,202.1640438616671,13.420927877800686,3,64.9724177937296,104.83312280316375,40.72688941892775,766.4966686743843,1219.593870005705,353.2246680558901,38.59758519689387,25.427458333057032,9.383383196703964
3,135.30088431291338,155.57333304775364,14.934869640463303,2193.6182402400023,3124.46884507495,714.3781518494533,183.89561274324743,202.1640438616671,13.420927877800686,3,74.58824911651135,104.83312280316375,27.710602199129788,716.2945493391413,1219.593870005705,413.3319043934058,32.54224221150986,25.427458333057032,9.934042540023016
3,135.30088431291338,155.57333304775364,14.934869640463303,2193.6182402400023,3124.46884507495,714.3781518494533,183.89561274324743,202.1640438616671,13.420927877800686,3,89.00055556115922,104.83312280316375,11.196734105681475,1465.9088530606357,2447.684830914768,724.2848863182223,32.54224221150986,25.427458333057032,9.934042540023016
4,112.53782445303116,155.57333304775364,41.494077058502825,1734.633843107444,3124.46884507495,1007.3490647800767,175.86865748503266,202.1640438616671,18.1214516796528,3,89.00055556115922,104.83312280316375,11.196734105681475,1465.9088530606357,2447.684830914768,724.2848863182223,32.54224221150986,25.427458333057032,9.934042540023016
3,135.30088431291338,155.57333304775364,14.934869640463303,2193.6182402400023,3124.46884507495,714.3781518494533,183.89561274324743,202.1640438616671,13.420927877800686,3,89.00055556115922,104.83312280316375,11.196734105681475,1465.9088530606357,2447.684830914768,724.2848863182223,32.54224221150986,25.427458333057032,9.934042540023016
3,135.30088431291338,155.57333304775364,14.934869640463303,2193.6182402400023,3124.46884507495,714.3781518494533,183.89561274324743,202.1640438616671,13.420927877800686,3,89.00055556115922,104.83312280316375,11.196734105681475,1465.9088530606357,2447.684830914768,724.2848863182223,32.54224221150986,25.427458333057032,9.934042540023016
3,135.30088431291338,155.57333304775364,14.934869640463303,2193.6182402400027,3124.46884507495,714.378151849453,183.89561274324743,202.1640438616671,13.420927877800686,3,89.00055556115922,104.83312280316375,11.196734105681475,1465.9088530606357,2447.684830914768,724.2848863182223,32.54224221150986,25.427458333057032,9.934042540023016
3,135.30088431291338,155.57333304775364,14.934869640463303,2193.6182402400027,3124.46884507495,714.378151849453,183.89561274324743,202.1640438616671,13.420927877800686,3,54.72527950816791,81.30254435149162,37.27767060797046,1231.8760984905705,2447.684830914768,991.102083127888,31.55627349017305,25.427458333057032,8.539717125092125
3,135.30088431291338,155.57333304775364,14.934869640463303,2193.6182402400027,3124.46884507495,714.378151849453,183.89561274324743,202.1640438616671,13.420927877800686,3,57.04084016851076,81.30254435149162,34.00301434597592,1273.93602439606,2447.684830914768,940.1481670973438,31.53819156336388,25.427458333057032,8.514146380211477
3,98.192654921457,130.29753082701805,38.373719553329025,1271.3555091182752,2068.2548136165815,703.2038055281516,167.1035286928212,179.22012749718266,11.425384763518316,3,57.04777241821316,81.30254435149162,33.993210799126366,1258.0332695965865,2447.684830914768,959.2983026389445,28.893204683847845,25.427458333057032,4.7738216002332745
3,89.48851816273992,130.29753082701805,50.62744737126801,1195.5162774672551,2068.2548136165815,802.8596194563166,167.1035286928212,179.22012749718266,11.425384763518316,3,66.45989617541774,81.30254435149162,20.682758397119475,1548.7076298167858,2447.684830914768,644.303234153496,28.893204683847845,25.427458333057032,4.7738216002332745
3,67.10101508826169,89.15368144320406,19.834177299545974,1153.3758688039316,2046.2429633287975,766.435563415793,131.16643297840577,170.30266687089255,27.957516309764554,3,65.55930855929547,91.03917104671912,29.137954193292796,2036.5770492309457,4290.132792598502,1614.5383042231474,26.116321252396062,25.427458333057032,0.8493667413243494
2,80.12004294841265,89.15368144320406,9.033638494791425,1642.6877724820774,2046.2429633287973,403.5551908467198,111.5983160321624,116.46662937977615,4.86831334761375,2,58.329084941515106,80.86599952882227,22.53691458730717,1134.4974748978789,1227.9434645569436,93.44598965906471,26.460752712065577,25.60855748755907,0.8521952245065076
2,80.12004294841265,89.15368144320406,9.033638494791425,1642.6877724820774,2046.2429633287973,403.5551908467198,111.5983160321624,116.46662937977615,4.86831334761375,2,66.66120060987376,80.86599952882227,14.204798918948512,1197.2915946685803,1227.9434645569436,30.651869888363308,26.460752712065577,25.60855748755907,0.8521952245065076
2,80.12004294841265,89.15368144320406,9.033638494791425,1642.6877724820774,2046.2429633287973,403.5551908467198,111.5983160321624,116.46662937977615,4.86831334761375,2,69.50743216252712,69.98810515001568,0.48067298748856047,908.6645245874129,1461.1964133320325,552.5318887446197,26.460752712065577,25.60855748755907,0.8521952245065076
2,80.12004294841265,89.15368144320406,9.033638494791425,1642.6877724820774,2046.2429633287973,403.5551908467198,111.5983160321624,116.46662937977615,4.86831334761375,2,69.50743216252712,69.98810515001568,0.48067298748856047,908.6645245874129,1461.1964133320325,552.5318887446197,26.460752712065577,25.60855748755907,0.8521952245065076
2,78.06161118915614,80.82303114884871,2.7614199596925673,1076.3710736855155,1398.1112576091941,321.7401839236787,124.78373877826961,133.10084817676307,8.317109398493457,2,53.567113964085664,89.15368144320406,35.58656747911841,1173.3950734971152,2073.323885068,899.9288115708848,30.709052245260978,27.312947936572087,3.3961043086888907
2,89.76922511548005,98.7154190821114,8.946193966631341,1242.7311128606743,1730.8313359595118,488.10022309883755,124.78373877826961,133.10084817676307,8.317109398493457,2,53.567113964085664,89.15368144320406,35.58656747911841,1173.3950734971152,2073.323885068,899.9288115708848,30.709052245260978,27.312947936572087,3.3961043086888907
2,84.6818795565663,88.54072796428389,3.8588484077175877,1212.977533644018,1671.324177526199,458.3466438821812,124.78373877826961,133.10084817676307,8.317109398493457,2,53.567113964085664,89.15368144320406,35.58656747911841,1173.3950734971152,2073.323885068,899.9288115708848,30.709052245260978,27.312947936572087,3.3961043086888907
2,84.6818795565663,88.54072796428389,3.8588484077175877,1212.977533644018,1671.324177526199,458.3466438821812,124.78373877826961,133.10084817676307,8.317109398493457,2,53.567113964085664,89.15368144320406,35.58656747911841,1173.3950734971154,2073.323885068,899.9288115708847,30.709052245260978,27.312947936572087,3.3961043086888907
2,18.191880252011526,18.355753174101174,0.16387292208964865,150.91548664813973,191.8813203113234,40.965833663183666,72.45699686257645,79.99514620524342,7.538149342666969,2,0.9316882786249678,1.820598470318295,0.8889101916933271,14.630935602976358,25.460205774185667,10.82927017120931,21.308741044080705,20.98077477748969,0.3279662665910159
2,80.70817409135661,109.14152027949048,28.43334618813387,1218.3130982146577,2193.0681411334476,974.75504291879,121.98826370014798,133.52886120565407,11.540597505506085,2,85.1838243447134,89.26208500964178,4.078260664928372,1324.1498090835285,1641.5900684499893,317.44025936646074,22.786461055581853,21.185581185000117,1.6008798705817355
2,80.70817409135661,109.14152027949048,28.43334618813387,1218.3130982146577,2193.0681411334476,974.75504291879,121.98826370014798,133.52886120565407,11.540597505506085,2,87.6780143680368,94.25046505628855,6.572450688251756,1613.8855551478614,2221.061560578655,607.1760054307937,22.786461055581853,21.185581185000117,1.6008798705817355
2,65.83069783991336,109.14152027949048,43.31082243957712,1126.7305132035965,2193.0681411334476,1066.3376279298511,138.11223266323645,142.69560412081887,4.583371457582402,2,96.7244218502195,112.34328002065395,15.618858170434457,1621.6235953859987,2236.5376410549297,614.914045668931,22.786461055581853,21.185581185000117,1.6008798705817355
2,93.67645854561658,109.14152027949048,15.465061733873895,1245.071668003692,2193.0681411334476,947.9964731297557,138.11223266323645,142.69560412081887,4.583371457582402,2,96.7244218502195,112.34328002065395,15.618858170434457,1621.6235953859987,2236.5376410549297,614.914045668931,22.786461055581853,21.185581185000117,1.6008798705817355
2,91.4103169390535,109.14152027949048,17.73120334043697,1227.2826215209761,2193.0681411334476,965.7855196124715,138.11223266323645,142.69560412081887,4.583371457582402,2,96.7244218502195,112.34328002065395,15.618858170434457,1621.6235953859987,2236.5376410549297,614.914045668931,22.786461055581853,21.185581185000117,1.6008798705817355
2,91.4103169390535,109.14152027949048,17.73120334043697,1227.2826215209761,2193.0681411334476,965.7855196124715,138.11223266323645,142.69560412081887,4.583371457582402,2,77.25436544336759,112.34328002065395,35.08891457728636,1440.7995296716267,2236.5376410549297,795.7381113833031,22.786461055581853,21.185581185000117,1.6008798705817355
2,91.4103169390535,109.14152027949048,17.73120334043697,1227.2826215209761,2193.0681411334476,965.7855196124715,138.11223266323645,142.69560412081887,4.583371457582402,2,74.99928183283899,112.34328002065395,37.34399818781496,1430.618221288535,2236.5376410549297,805.9194197663948,22.786461055581853,21.185581185000117,1.6008798705817355
2,91.4103169390535,109.14152027949048,17.73120334043697,1227.2826215209761,2193.0681411334476,965.7855196124715,138.11223266323645,142.69560412081887,4.583371457582402,2,71.90642862836718,112.34328002065395,40.43685139228677,1225.3226667169197,2236.5376410549297,1011.2149743380102,22.786461055581853,21.185581185000117,1.6008798705817355
2,91.4103169390535,109.14152027949048,17.73120334043697,1227.2826215209761,2193.0681411334476,965.7855196124715,138.11223266323645,142.69560412081887,4.583371457582402,2,71.90642862836718,112.34328002065395,40.43685139228677,1225.3226667169197,2236.5376410549297,1011.2149743380102,22.786461055581853,21.185581185000117,1.6008798705817355
3,78.36515392710992,109.14152027949048,23.451004327099607,899.3744327792733,2193.0681411334476,914.8089092354111,128.89071050703828,142.69560412081887,13.567527570144419,2,77.79369389495623,112.34328002065395,34.549586125697715,1393.4390065942548,2236.5376410549297,843.098634460675,22.786461055581853,21.185581185000117,1.6008798705817355
2,91.4103169390535,109.14152027949048,17.73120334043697,1227.2826215209761,2193.0681411334476,965.7855196124715,138.11223266323645,142.69560412081887,4.583371457582402,2,66.04646467545261,112.34328002065395,46.29681534520134,1205.4631640800917,2236.5376410549297,1031.074476974838,22.786461055581853,21.185581185000117,1.6008798705817355
2,91.4103169390535,109.14152027949048,17.73120334043697,1227.2826215209761,2193.0681411334476,965.7855196124715,138.11223266323645,142.69560412081887,4.583371457582402,2,63.665295504333955,112.34328002065395,48.677984516319995,1195.0415210831422,2236.5376410549297,1041.4961199717873,22.786461055581853,21.185581185000117,1.6008798705817355
2,57.49975889625928,107.50466635034175,50.00490745408247,538.6882043684571,1046.6804134649508,507.99220909649364,152.12303380305374,158.50581477306918,6.382780970015432,2,64.467933703039,121.86941405169881,57.40148034865981,636.1637399719059,1048.849230566333,412.68549059442716,24.555059462947494,22.769265723056122,1.7857937398913712
2,105.26746122705116,118.29782657191606,13.030365344864904,534.840593409727,828.0940092465363,293.2534158368092,142.81574375779627,144.63867977475493,1.82293601695865,2,75.91054192360485,89.77388770914547,13.863345785540623,1021.6743780379904,1365.533570857484,343.8591928194935,22.82216490357724,22.769265723056122,0.05289918052111453
2,108.21863811005225,113.94293788417176,5.724299774119501,367.48413070517796,668.9386694956067,301.4545387904288,165.88490596451436,190.77700418819109,24.892098223676726,2,38.19616798755118,62.04719613806422,23.851028150513045,1042.5819914778788,1365.533570857484,322.95157937960516,24.6060874137911,22.87506408409835,1.7310233296927482
2,85.88101897756226,114.21504299136183,28.334024013799567,1050.7019696336572,1191.0145761458307,140.3126065121735,112.9575339815001,140.99280774083763,28.035273759337528,2,38.19616798755118,62.04719613806422,23.851028150513045,1042.5819914778788,1365.533570857484,322.95157937960516,24.6060874137911,22.87506408409835,1.7310233296927482
2,85.88101897756226,114.21504299136183,28.334024013799567,1050.7019696336572,1191.0145761458307,140.3126065121735,112.9575339815001,140.99280774083763,28.035273759337528,2,38.19616798755118,62.04719613806422,23.851028150513045,1042.5819914778788,1365.533570857484,322.95157937960516,24.6060874137911,22.87506408409835,1.7310233296927482
2,85.88101897756226,114.21504299136183,28.334024013799567,1050.7019696336572,1191.0145761458307,140.3126065121735,112.9575339815001,140.99280774083763,28.035273759337528,2,38.19616798755118,62.04719613806422,23.851028150513045,1042.5819914778788,1365.533570857484,322.95157937960516,24.6060874137911,22.87506408409835,1.7310233296927482
2,85.88101897756226,114.21504299136183,28.334024013799567,1050.7019696336572,1191.0145761458307,140.3126065121735,112.9575339815001,140.99280774083763,28.035273759337528,2,38.19616798755118,62.04719613806422,23.851028150513045,1042.5819914778788,1365.533570857484,322.95157937960516,24.6060874137911,22.87506408409835,1.7310233296927482
2,85.88101897756226,114.21504299136183,28.334024013799567,1050.7019696336572,1191.0145761458307,140.3126065121735,112.9575339815001,140.99280774083763,28.035273759337528,2,38.19616798755118,62.04719613806422,23.851028150513045,1042.5819914778788,1365.533570857484,322.95157937960516,24.6060874137911,22.87506408409835,1.7310233296927482
2,85.88101897756226,114.21504299136183,28.334024013799567,1050.7019696336572,1191.0145761458307,140.3126065121735,112.9575339815001,140.99280774083763,28.035273759337528,2,38.19616798755118,62.04719613806422,23.851028150513045,1042.5819914778788,1365.533570857484,322.95157937960516,24.6060874137911,22.87506408409835,1.7310233296927482
2,85.88101897756226,114.21504299136183,28.334024013799567,1050.7019696336572,1191.0145761458307,140.3126065121735,112.9575339815001,140.99280774083763,28.035273759337528,2,38.19616798755118,62.04719613806422,23.851028150513045,1042.5819914778788,1365.533570857484,322.95157937960516,24.6060874137911,22.87506408409835,1.7310233296927482
2,85.88101897756226,114.21504299136183,28.334024013799567,1050.7019696336572,1191.0145761458307,140.3126065121735,112.9575339815001,140.99280774083763,28.035273759337528,2,38.19616798755118,62.04719613806422,23.851028150513045,1042.5819914778788,1365.533570857484,322.95157937960516,24.6060874137911,22.87506408409835,1.7310233296927482
2,85.88101897756226,114.21504299136183,28.334024013799567,1050.7019696336572,1191.0145761458307,140.3126065121735,112.9575339815001,140.99280774083763,28.035273759337528,2,38.19616798755118,62.04719613806422,23.851028150513045,1042.5819914778788,1365.533570857484,322.95157937960516,24.6060874137911,22.87506408409835,1.7310233296927482
2,85.88101897756226,114.21504299136183,28.334024013799567,1050.7019696336572,1191.0145761458307,140.3126065121735,112.9575339815001,140.99280774083763,28.035273759337528,2,38.19616798755118,62.04719613806422,23.851028150513045,1042.5819914778788,1365.533570857484,322.95157937960516,24.6060874137911,22.87506408409835,1.7310233296927482
2,85.88101897756226,114.21504299136183,28.334024013799567,1050.7019696336572,1191.0145761458307,140.3126065121735,112.9575339815001,140.99280774083763,28.035273759337528,2,38.19616798755118,62.04719613806422,23.851028150513045,1042.5819914778788,1365.533570857484,322.95157937960516,24.6060874137911,22.87506408409835,1.7310233296927482
2,85.88101897756226,114.21504299136183,28.334024013799567,1050.7019696336572,1191.0145761458307,140.3126065121735,112.9575339815001,140.99280774083763,28.035273759337528,2,38.19616798755118,62.04719613806422,23.851028150513045,1042.5819914778788,1365.533570857484,322.95157937960516,24.6060874137911,22.87506408409835,1.7310233296927482
2,85.88101897756226,114.21504299136183,28.334024013799567,1050.7019696336572,1191.0145761458307,140.3126065121735,112.9575339815001,140.99280774083763,28.035273759337528,2,38.19616798755118,62.04719613806422,23.851028150513045,1042.5819914778788,1365.533570857484,322.95157937960516,24.6060874137911,22.87506408409835,1.7310233296927482
2,85.88101897756226,114.21504299136183,28.334024013799567,1050.7019696336572,1191.0145761458307,140.31260651217343,112.9575339815001,140.99280774083763,28.035273759337528,2,38.19616798755118,62.04719613806422,23.851028150513045,1042.5819914778788,1365.533570857484,322.95157937960516,24.6060874137911,22.87506408409835,1.7310233296927482
2,85.88101897756226,114.21504299136183,28.334024013799567,1050.7019696336572,1191.0145761458307,140.31260651217343,112.9575339815001,140.99280774083763,28.035273759337528,2,38.19616798755118,62.04719613806422,23.851028150513045,1042.5819914778788,1365.533570857484,322.95157937960516,24.6060874137911,22.87506408409835,1.7310233296927482
2,85.45393741737402,114.21504299136183,28.76110557398781,775.8841683167564,1191.0145761458307,415.1304078290743,112.9575339815001,140.99280774083763,28.035273759337528,2,38.19616798755118,62.04719613806422,23.851028150513045,1042.5819914778788,1365.533570857484,322.95157937960516,24.6060874137911,22.87506408409835,1.7310233296927482
2,87.36343505159769,118.03403825980917,30.670603208211478,1383.2280194992657,2405.7022785108493,1022.4742590115835,112.9575339815001,140.99280774083763,28.035273759337528,2,31.110570056653206,62.04719613806422,30.936626081411017,683.766785428742,1365.533570857484,681.766785428742,22.916916782563405,22.87506408409835,0.04185269846505513
2,73.95305230856324,118.11774365673928,44.164691348176035,1318.1503850054755,2533.025511890445,1214.8751268849696,112.9575339815001,140.99280774083763,28.035273759337528,2,35.666026607479694,62.04719613806422,26.381169530584533,830.8167186966734,1365.533570857484,534.7168521608105,22.286698168498397,21.69833225289844,0.5883659155999563
2,75.48907572338115,118.11774365673928,42.62866793335814,1510.0672630556257,2533.025511890445,1022.9582488348194,100.45154269376326,140.99280774083763,40.541265047074376,2,13.546021786659395,17.80718649642363,4.261164709764234,431.7186165404622,567.3373665450615,135.6187500045993,22.286698168498397,21.69833225289844,0.5883659155999563
2,75.48907572338115,118.11774365673928,42.62866793335814,1510.0672630556257,2533.025511890445,1022.9582488348194,100.45154269376326,140.99280774083763,40.541265047074376,2,13.546021786659395,17.80718649642363,4.261164709764234,431.7186165404623,567.3373665450616,135.61875000459935,22.286698168498397,21.69833225289844,0.5883659155999563
2,75.48907572338115,118.11774365673928,42.62866793335814,1510.0672630556257,2533.025511890445,1022.9582488348194,100.45154269376326,140.99280774083763,40.541265047074376,2,13.546021786659395,17.80718649642363,4.261164709764234,431.7186165404623,567.3373665450616,135.61875000459935,22.286698168498397,21.69833225289844,0.5883659155999563
2,75.48907572338115,118.11774365673928,42.62866793335814,1510.0672630556257,2533.025511890445,1022.9582488348194,100.45154269376326,140.99280774083763,40.541265047074376,2,23.894185690306415,29.981184884189204,6.086999193882788,1330.767840729649,2094.198314914236,763.4304741845873,22.286698168498397,21.69833225289844,0.5883659155999563
2,69.44260739844981,88.70687804833332,19.264270649883514,735.9359385724831,1144.3897604931062,408.4538219206231,93.49769147366035,115.11871394585597,21.62102247219562,2,38.921659120881344,50.669983475578206,11.748324354696862,1423.789398793011,1490.6471664242094,66.85776763119839,21.452508889392483,21.206685525886527,0.24582336350595568
2,69.44260739844981,88.70687804833332,19.264270649883514,735.9359385724831,1144.3897604931062,408.4538219206231,93.49769147366035,115.11871394585597,21.62102247219562,2,38.921659120881344,50.669983475578206,11.748324354696862,1423.789398793011,1490.6471664242094,66.85776763119839,21.452508889392483,21.206685525886527,0.24582336350595568
2,71.28985486344015,92.40137297831401,21.11151811487386,1124.8510753516834,1144.389760493106,19.538685141422434,93.49769147366035,115.11871394585597,21.62102247219562,2,40.372709400752264,50.669983475578206,10.297274074825943,1449.52750985715,1490.6471664242094,41.11965656705934,21.452508889392483,21.206685525886527,0.24582336350595568
2,71.28985486344015,92.40137297831401,21.11151811487386,1124.8510753516834,1144.389760493106,19.538685141422434,93.49769147366035,115.11871394585597,21.62102247219562,2,33.87693725226507,50.669983475578206,16.793046223313134,1178.5013984074099,1490.6471664242094,312.1457680167995,21.452508889392483,21.206685525886527,0.24582336350595568
2,70.35606128697225,92.43178341877031,22.075722131798063,1205.1426039383002,1783.9189345928921,578.776330654592,93.49769147366035,115.11871394585597,21.62102247219562,2,34.89532631527757,50.669983475578206,15.774657160300634,1180.7588118109786,1490.6471664242094,309.88835461323083,21.512935004393718,21.206685525886527,0.30624947850719053
2,63.631830788482816,92.43178341877031,28.799952630287493,1419.3431197181371,1783.9189345928921,364.575814874755,88.35787310345557,115.11871394585597,26.76084084240039,2,10.382059223151533,19.120669154976937,8.738609931825405,509.2174666340269,870.8704571977478,361.6529905637209,21.512935004393718,21.206685525886527,0.30624947850719053
2,64.67846892776207,92.43178341877031,27.75331449100824,1742.7718591739244,1783.9189345928921,41.14707541896769,88.35787310345557,115.11871394585597,26.76084084240039,2,26.645241524015866,38.910101733969526,12.26486020995366,1280.01025362414,1865.735476901232,585.725223277092,22.253057504993286,21.81918448290091,0.4338730220923779
2,64.67846892776207,92.43178341877031,27.75331449100824,1742.7718591739244,1783.9189345928921,41.14707541896769,88.35787310345557,115.11871394585597,26.76084084240039,2,28.392411476063025,38.910101733969526,10.517690257906501,1287.155242673669,1865.735476901232,578.580234227563,22.253057504993286,21.81918448290091,0.4338730220923779
2,64.40474348836625,91.88433253997867,27.47958905161242,1324.094007467323,1701.6247837549568,377.53077628763356,88.35787310345557,115.11871394585597,26.76084084240039,2,33.081779437325906,38.910101733969526,5.82832229664362,1312.9188321894121,1865.735476901232,552.8166447118198,22.70213574731381,22.686930527085664,0.015205220228146743
2,64.03310418290326,91.14105392905269,27.10794974614943,1200.1981210838471,1701.6247837549568,501.4266626711096,88.35787310345557,115.11871394585597,26.76084084240039,2,33.081779437325906,38.910101733969526,5.82832229664362,1312.9188321894121,1865.735476901232,552.8166447118198,22.70213574731381,22.686930527085664,0.015205220228146743
2,61.43798218325822,85.95080992976261,24.512827746504392,963.1838368716359,1701.6247837549568,738.4409468833209,88.35787310345557,115.11871394585597,26.76084084240039,2,33.081779437325906,38.910101733969526,5.82832229664362,1312.9188321894121,1865.735476901232,552.8166447118198,22.70213574731381,22.686930527085664,0.015205220228146743
2,46.617407035414644,56.30965963407546,9.692252598660815,947.3831651048747,1701.6247837549568,754.241618650082,80.97163271034742,100.34623315963964,19.374600449292224,2,35.251109060194175,43.24876097970606,7.997651919511888,2445.4338802022157,4127.763447856817,1682.3295676546013,22.70213574731381,22.686930527085664,0.015205220228146743
2,47.9810626888258,59.03697094089778,11.055908252071976,1085.4357219464264,1701.6247837549568,616.1890618085304,80.97163271034742,100.34623315963964,19.374600449292224,2,21.02204496625624,27.28386758113858,6.261822614882341,726.4277536105237,1076.211148380244,349.7833947697202,22.70213574731381,22.686930527085664,0.015205220228146743
2,52.35204330405693,67.77893217136003,15.426888867303099,1369.9466149994114,1701.6247837549568,331.67816875554536,80.97163271034742,100.34623315963964,19.374600449292224,2,19.26554765321461,27.28386758113858,8.018319927923969,604.8659854990894,1076.211148380244,471.34516288115447,22.70213574731381,22.686930527085664,0.015205220228146743
3,38.848848681413024,67.77893217136003,22.876446332055423,977.2037332005142,1701.6247837549568,617.9273534648657,71.6983290251873,100.34623315963964,20.548440756439028,2,19.26554765321461,27.28386758113858,8.018319927923969,604.8659854990894,1076.211148380244,471.34516288115447,22.70213574731381,22.686930527085664,0.015205220228146743
2,52.35204330405693,67.77893217136003,15.426888867303099,1369.9466149994114,1701.6247837549568,331.67816875554536,80.97163271034742,100.34623315963964,19.374600449292224,2,32.104511008946204,36.92515443675383,4.8206434278076244,1656.503298549595,2236.795448718946,580.292150169351,23.679404175693513,22.686930527085664,0.9924736486078505
3,63.199033530212525,84.89301398252371,19.848769752356027,1241.863294207817,1701.6247837549568,325.80814275074977,94.94270724466048,122.88485631328663,25.310708056732405,2,22.90852961344491,36.92515443675383,14.01662482330892,1358.7906511600736,2236.795448718946,878.0047975588724,23.679404175693513,22.686930527085664,0.9924736486078505
3,64.95940544607639,90.17412973011531,21.830034977284498,1470.3785863912096,1701.6247837549568,305.79966237387185,94.94270724466048,122.88485631328663,25.310708056732405,3,21.4742884106327,36.92515443675383,13.33060062121418,1114.0236568497305,2236.795448718946,844.7184983764477,24.676664760723444,22.592962355009103,1.7032935118525983
3,66.40346542334741,94.50630966192838,23.527519926638792,2098.4536697503177,3555.4677792521297,1065.2630329624544,94.94270724466048,122.88485631328663,25.310708056732405,3,20.601766958911966,36.92515443675383,14.457975870559736,1076.6618132279225,2236.795448718946,885.8296495442627,24.75945764138166,22.84134099698374,1.6030866041756613
3,66.40346542334741,94.50630966192838,23.527519926638792,2098.4536697503177,3555.4677792521297,1065.2630329624544,94.94270724466048,122.88485631328663,25.310708056732405,3,20.35380303657995,36.92515443675383,14.781473800395196,1069.607501081903,2236.795448718946,893.7302256904301,24.75945764138166,22.84134099698374,1.6030866041756613
3,65.84622657613197,94.50630966192838,24.228457322498546,2081.736401810817,3555.4677792521297,1071.7332005297426,94.94270724466048,122.88485631328663,25.310708056732405,3,20.04901522619009,36.92515443675383,15.180758647939975,1048.9302917200937,2236.795448718946,917.1210973254667,25.92687543103632,24.671877824301365,0.9039514727495798
3,65.71774403044502,94.50630966192838,24.390826933419614,2061.0122618176715,3555.4677792521297,1080.4187668919606,94.94270724466048,122.88485631328663,25.310708056732405,3,20.06130034940433,36.92515443675383,15.164630996381213,1048.9302917200937,2236.795448718946,917.1210973254667,26.05535797672327,24.671877824301365,0.9783792788920228
3,66.97800420082405,97.83989048350793,25.531884099253894,2174.328019844931,3866.976045451355,1220.038168564913,94.94270724466048,122.88485631328663,25.310708056732405,3,13.152795254001854,36.92515443675383,16.813494077249555,758.265149572982,2236.795448718946,1045.481670210591,25.8290599621713,24.671877824301365,0.8246739592477267
2,52.96783530209155,60.43977684304003,7.471941540948478,694.0367872445671,979.8866088211771,285.84982157661,81.12671347101627,88.43525290917013,7.308539438153865,2,2.9511228783301853,4.868520648288047,1.9173977699578622,343.5944281164168,568.083809162365,224.48938104594822,26.11473999935601,25.33876009635175,0.7759799030042629
3,89.88065775150248,154.1051784545868,57.09550496988189,721.0260777276244,807.8840687872348,100.49712724746774,125.32905965810455,188.35030150442884,56.29496106454927,2,5.633170344982522,11.216523697299433,5.5833533523169105,540.6111749471842,1077.2223498943683,536.6111749471842,31.70777055009991,29.733687233323945,1.9740833167759622
3,46.70005618709746,65.70510529115856,13.444531537380994,1472.1869314147846,2117.7446738113695,496.0456803816184,89.12201847414131,116.62982714236527,19.479975753194314,3,14.542178988903865,36.7084265301885,15.820209828236253,541.39166808151,956.1439366973996,356.10861992429227,36.566016677404434,36.11550619482663,0.5617472369077815
2,25.69081065754415,34.302458051758606,8.611647394214454,1391.6927777027017,2126.945533878098,735.2527561753964,74.93888414102501,83.13817441521661,8.199290274191597,2,12.929067679614768,17.925089977885406,4.996022298270638,428.7665632761,544.5358644660532,115.76930118995324,46.06360122763534,43.7619604214144,2.301640806220938
2,25.69081065754415,34.302458051758606,8.611647394214454,1391.6927777027017,2126.945533878098,735.2527561753964,74.93888414102501,83.13817441521661,8.199290274191597,2,25.60771202508431,43.28237866882449,17.67466664374018,1037.839707812646,1531.143551159239,493.3038433465929,41.80887808390326,39.85579574639212,1.953082337511141
2,43.851714886400096,63.434645706769516,19.58293082036942,149.30577771717253,212.0764427655945,62.77066504842196,118.6747934691747,147.37924712809146,28.704453658916762,2,61.44294145528828,80.08327602300753,18.64033456771925,860.2723681724935,1533.919008289386,673.6466401168925,41.77616130711236,40.335567527647584,1.4405937794647805
2,63.76582446474928,103.26286486346788,39.4970403987186,255.74527889991782,299.41411503424115,43.66883613432333,118.6747934691747,147.37924712809146,28.704453658916762,2,61.44294145528828,80.08327602300753,18.64033456771925,860.2723681724938,1533.919008289386,673.6466401168923,41.77616130711236,40.335567527647584,1.4405937794647805
2,63.76582446474928,103.26286486346788,39.4970403987186,255.74527889991782,299.41411503424115,43.66883613432333,118.6747934691747,147.37924712809146,28.704453658916762,2,61.44294145528828,80.08327602300753,18.64033456771925,860.2723681724938,1533.919008289386,673.6466401168923,41.77616130711236,40.335567527647584,1.4405937794647805
2,63.76582446474928,103.26286486346788,39.4970403987186,255.74527889991782,299.41411503424115,43.66883613432333,118.6747934691747,147.37924712809146,28.704453658916762,2,61.44294145528828,80.08327602300753,18.64033456771925,860.2723681724938,1533.919008289386,673.6466401168923,41.77616130711236,40.335567527647584,1.4405937794647805
2,63.76582446474928,103.26286486346788,39.4970403987186,255.74527889991782,299.41411503424115,43.66883613432333,118.6747934691747,147.37924712809146,28.704453658916762,2,61.44294145528828,80.08327602300753,18.64033456771925,860.2723681724938,1533.919008289386,673.6466401168923,41.77616130711236,40.335567527647584,1.4405937794647805
2,63.76582446474928,103.26286486346788,39.4970403987186,255.74527889991782,299.41411503424115,43.66883613432333,118.6747934691747,147.37924712809146,28.704453658916762,2,61.44294145528828,80.08327602300753,18.64033456771925,860.2723681724939,1533.9190082893863,673.6466401168924,41.77616130711236,40.335567527647584,1.4405937794647805
2,66.21082634711729,85.3238264501185,19.11300010300122,1823.300395503406,3254.3074808217607,1431.0070853183547,113.9730602009352,130.8500222294628,16.876962028527615,2,22.154285711071367,30.56234659105587,8.408060879984504,611.9113055084229,696.3539270197152,84.44262151129237,43.72340284760166,41.92060991585902,1.802792931742644
2,38.473231916829505,63.200239002572154,24.727007085742645,1144.7292391228555,1750.2338032061662,605.5045640833107,80.81503316358429,102.35764571673741,21.54261255315312,2,4.543611647108818,9.001525775690993,4.457914128582175,317.7342460573775,633.468492114755,315.7342460573775,36.302099742855106,34.394001197736074,1.908098545119035
2,38.473231916829505,63.200239002572154,24.727007085742645,1144.7292391228555,1750.2338032061662,605.5045640833107,80.81503316358429,102.35764571673741,21.54261255315312,2,4.543611647108818,9.001525775690993,4.457914128582175,317.7342460573775,633.468492114755,315.7342460573775,36.302099742855106,34.394001197736074,1.908098545119035
2,36.368726929821875,63.200239002572154,26.831512072750275,1070.10154541433,1750.2338032061662,680.1322577918361,78.9193505386142,102.35764571673741,23.43829517812322,2,12.283559602898375,18.64503675355742,6.361477150659045,1346.1555509343118,2281.4864756735806,935.3309247392688,32.93200562281208,31.47001004788808,1.4619955749239963
2,36.368726929821875,63.200239002572154,26.831512072750275,1070.1015454143303,1750.2338032061664,680.1322577918362,78.9193505386142,102.35764571673741,23.43829517812322,2,1.6200108281419503,3.140033406670696,1.5200225785287458,83.80234510322998,121.92169852865482,38.11935342542483,31.232566253848326,30.38763600262132,0.8449302512270052
2,35.05686486033005,60.5765148635885,25.519650003258448,824.9198595218251,1259.8704314211561,434.95057189933107,78.9193505386142,102.35764571673741,23.43829517812322,2,11.089600486467232,21.49197017350199,10.402369687034758,379.91804137514623,701.1489429228654,321.2309015477192,30.18023035720058,29.972824711779836,0.20740564542074225
2,35.05686486033005,60.5765148635885,25.519650003258448,824.9198595218251,1259.8704314211561,434.95057189933107,78.9193505386142,102.35764571673741,23.43829517812322,2,10.939904827145119,21.49197017350199,10.552065346356871,380.5909676153026,701.1489429228654,320.55797530756286,29.506624011909242,28.625612021197163,0.8810119907120786
2,35.05686486033005,60.5765148635885,25.519650003258448,824.9198595218251,1259.8704314211561,434.95057189933107,78.9193505386142,102.35764571673741,23.43829517812322,2,10.949928808173315,21.49197017350199,10.542041365328675,381.0909676153026,701.1489429228654,320.05797530756286,29.496600030881048,28.60556405914077,0.8910359717402745
2,97.23594655363428,159.74356666354873,62.50762010991445,928.3540621088194,1714.5928383120822,786.2387762032628,148.74382833237854,188.37987772736818,39.636049394989655,2,12.356324696466482,23.764635603939965,11.408310907473483,713.0965445410448,1360.7604580110956,647.6639134700508,25.687619789250117,25.004750479992083,0.6828693092580345
2,26.562324346713787,31.000386166022786,4.438061819308999,715.797924361622,850.1151069537989,134.3171825921769,51.563683986320925,57.09608030905262,5.532396322731689,2,18.22128892877931,24.051643034066487,5.830354105287176,1704.5769357270567,2681.0843825361217,976.507446809065,22.60807970504078,21.979644629522753,0.6284350755180252
2,26.562324346713787,31.000386166022786,4.438061819308999,715.797924361622,850.1151069537989,134.3171825921769,51.563683986320925,57.09608030905262,5.532396322731689,2,18.22128892877931,24.051643034066487,5.830354105287176,1704.5769357270567,2681.0843825361217,976.507446809065,22.60807970504078,21.979644629522753,0.6284350755180252
2,26.562324346713787,31.000386166022786,4.438061819308999,715.797924361622,850.1151069537989,134.3171825921769,51.563683986320925,57.09608030905262,5.532396322731689,2,18.22128892877931,24.051643034066487,5.830354105287176,1704.5769357270567,2681.0843825361217,976.507446809065,22.60807970504078,21.979644629522753,0.6284350755180252
2,26.562324346713787,31.000386166022786,4.438061819308999,715.797924361622,850.1151069537989,134.3171825921769,51.563683986320925,57.09608030905262,5.532396322731689,2,18.22128892877931,24.051643034066487,5.830354105287176,1704.5769357270567,2681.0843825361217,976.507446809065,22.60807970504078,21.979644629522753,0.6284350755180252
3,39.125784588681675,43.64661334385774,3.5011608999412633,1717.2118518335235,2221.593145524655,495.4922117608381,61.1387918599757,65.91691084705852,3.6384411422039564,3,25.355144216820936,38.614304742657424,16.82522486102525,1368.8240166210655,2453.980376327186,898.5832195178933,21.676158504982777,21.25975120426704,0.3045488794411466
4,48.32166164241423,89.35388175606423,32.27506889863333,1628.9246019306966,2652.8537011392054,1065.9283488042183,78.09284259487013,112.05658701519445,22.488024867308532,4,26.624119681034706,60.2901435800673,26.023784631867095,1111.5769656097987,2158.2132375005604,867.5344521052191,22.475945407260518,22.27029750320078,0.153284775000514
4,48.32166164241423,89.35388175606423,32.27506889863333,1628.9246019306966,2652.8537011392054,1065.9283488042183,78.09284259487013,112.05658701519445,22.488024867308532,4,26.624119681034706,60.2901435800673,26.023784631867095,1111.5769656097987,2158.2132375005604,867.5344521052191,22.475945407260518,22.27029750320078,0.153284775000514
4,26.451376927187283,89.59624441022558,36.97114805979262,1251.525956774783,4300.648494279864,1782.0681401148197,68.2117973194391,112.05658701519445,25.776517069542017,4,15.304682428054239,39.165616653053796,14.179825536601856,1749.4322368747241,2962.5434712974743,909.4689226580134,22.464331045119344,22.207569590494924,0.17554578407828828
3,10.787935174848842,21.04427353489576,8.374099780972843,1022.6984431186329,2448.0667486510233,1038.396472359222,38.173447559254974,43.41344535916534,3.7074867573700088,3,11.898949133587385,13.50400679190204,2.1484190160192855,2724.712702242593,5272.565373017575,1803.0764864075552,22.354482713549277,22.207569590494924,0.11442963651236582
3,30.683810092142597,58.48093793513597,19.97289620962193,1756.2298840950034,3376.049867541541,1145.696471874637,53.007077249919405,80.79671241390888,19.96159755232136,3,10.48580446623671,21.12859018887739,8.196267873122213,1199.749662128599,2125.503706077913,836.2324877119211,22.26939974651859,22.207569590494924,0.045506241731075044
2,75.09758669271862,92.23826865290746,17.140681960188843,1191.7932099218012,1509.8670119041462,318.07380198234495,97.67537777279463,114.55404313168037,16.878665358885748,2,6.244200407537024,10.475192557782847,4.230992150245823,856.0101368096912,1526.2589123123757,670.2487755026846,20.905694766355747,20.795431094997994,0.11026367135775317
2,13.453842362868322,25.247267976150383,11.79342561328206,318.2564126530243,620.5128253060486,302.2564126530243,51.084272083501894,54.78003981067555,3.695767727173653,2,11.716836301092659,14.177756509651662,2.4609202085590027,760.3835517014222,838.8018969030718,78.41834520164963,20.688553649144815,20.58167620329164,0.10687744585317738
2,13.453842362868322,25.247267976150383,11.79342561328206,318.2564126530243,620.5128253060486,302.2564126530243,51.084272083501894,54.78003981067555,3.695767727173653,2,11.716836301092659,14.177756509651662,2.4609202085590027,760.3835517014222,838.8018969030718,78.41834520164963,20.688553649144815,20.58167620329164,0.10687744585317738
2,30.51503626795212,60.862722769098596,30.347686501146477,32.63454001978465,61.2690800395693,28.63454001978465,114.83615125506662,163.08546422941603,48.24931297434941,2,0.8759005151713204,1.716591676792806,0.8406911616214856,97.1221354394022,188.2442708788044,91.1221354394022,21.072198545282717,20.9155400717399,0.1566584735428158
3,72.94102417516764,109.54532836863766,26.096707360528647,479.713003105512,856.5994519267033,270.0636971964243,95.20190821535971,131.93921065859234,26.27684572996869,3,2.9877330210845088,4.386999025551173,1.405360870216449,174.73165753774254,285.2014473760569,78.12182656319935,20.66072800850091,20.434719092438918,0.18676473505442068
3,86.89710541590723,109.54532836863766,21.114756071687882,891.929868369965,2093.2500477200624,850.5867325251158,109.51051434593803,131.93921065859234,20.870962358043293,3,2.9877330210845088,4.386999025551173,1.405360870216449,174.73165753774262,285.2014473760571,78.12182656319946,20.66072800850091,20.434719092438918,0.18676473505442068
2,100.98594707404297,109.54532836863766,8.559381294594687,1219.041690297129,2093.2500477200624,874.2083574229334,123.42597932705416,131.93921065859234,8.513231331538186,3,2.9877330210845088,4.386999025551173,1.405360870216449,174.73165753774256,285.201447376057,78.1218265631994,20.66072800850091,20.434719092438918,0.18676473505442068
2,54.57940420643685,92.42656577944828,37.847161573011434,1148.7243796333696,2093.2500477200624,944.5256680866927,102.438514248117,114.91274799551597,12.474233747398976,3,1.456510094646492,3.510433749818798,1.491040945064158,54.146874778642065,120.85647882606972,49.603564741188706,21.015636016480563,20.65536196013237,0.2631551769123081
3,43.24710948347988,61.35435088824086,19.162450443464987,835.3691757499004,2035.6856991596424,849.1295833505569,89.08011118484778,102.60447065469711,11.42067943422135,3,32.52287759884757,69.3006123292399,27.297447848197525,2264.100094363725,5026.689562038058,2039.641404220508,23.294538875452258,20.663668171478122,1.9026608171004713
4,56.97069781586332,102.28568485816726,36.383161837144186,1185.9920228104238,4337.063391650903,1821.2214345539285,129.15947515577412,248.42293887386097,69.5677443210905,3,32.84775366374497,70.27524052393208,27.735503590348785,2267.857093555658,5037.960559613858,2044.7306376860142,23.294538875452258,20.663668171478122,1.9026608171004713
4,100.88535021287788,290.2916326308461,114.30830156809934,1477.0355077076476,3638.356808144971,1490.3649632371557,128.9832812052822,317.2088025451148,112.4787489676494,3,33.75167880897378,90.69320454739585,40.28500603412771,2193.170850073883,4307.739690516683,1506.2543952743608,22.598802339982598,22.19755452111271,0.283872156723851
4,99.08067437718877,290.71225876867845,112.56450744091885,979.0368944573671,2017.4398561940825,859.5867241985685,136.01438051890128,317.2088025451148,107.15549424924608,3,38.71092241345335,90.69320454739585,37.522863835414896,1903.0235712539225,4307.739690516683,1711.3774583066709,23.187979569049826,22.810617448356616,0.3030363741646442
4,88.08134642445714,290.71225876867845,117.20129940174462,1153.232994823589,2017.4398561940825,746.3680695314818,122.92425154222559,317.2088025451148,112.21504487913141,3,9.157369387298607,22.699145191786435,9.61719799419725,1370.0165181832992,3269.6008135811626,1343.6746501442299,23.187979569049826,22.810617448356616,0.3030363741646442
4,83.9658217691608,290.71225876867845,120.32397139628587,1151.5480024094618,2437.399825131695,1086.3296839909185,134.27550366048837,317.2088025451148,105.66584791514163,3,6.21430398099718,9.549502526745002,2.513359667881458,848.3675757624105,1687.3712151452717,593.9406368059103,23.278198872576947,22.810617448356616,0.4170092392902255
3,234.80814304309158,611.1608687288635,267.38903084390563,822.7205377228843,1421.896468022344,598.7321100174615,315.6881301802678,652.17514301848,240.3856223781365,4,29.791650855962033,75.45940268075034,30.996266997932864,1102.021439613698,2598.3442685322043,1030.7687244361541,24.214835101777524,22.860789563737708,0.9133671169140881
4,201.44583780832693,614.6498534952581,240.53530450568243,833.817083157045,1608.0623173924132,692.2537637819884,276.03241032081075,652.17514301848,219.2183020126473,4,59.999025715878815,98.17866979238454,29.937830320119254,2786.7883013464852,5567.225571900336,1737.2286003053784,25.575215286444426,23.953814232992862,1.2582273557435446
4,231.21941610850502,614.6498534952581,228.04444881904618,1110.3697460439748,1608.0623173924141,651.0518753842364,311.1771964258627,652.17514301848,196.97434023230596,4,6.35687033184432,16.61469886842363,6.233042453506533,405.3761571414419,1215.0092541984122,478.8516463368205,33.95250622491761,31.35471982733108,2.0317311422802495
4,139.1997906406661,176.42811254863065,42.06265586068527,1986.4450819375697,4391.440457296416,1780.1521831651555,215.4875579228583,289.4415494093623,44.83454892980119,3,114.89136976719038,164.51983316734413,58.40512804319943,2671.219984964299,5510.548643773796,2143.7391195544687,42.960864568741925,37.52528952322184,4.681804691553906
3,136.77218208551938,176.42811254863065,34.017443384717446,1124.2118279471517,2037.1328254655764,706.0776792731081,218.34195415013713,289.4415494093623,51.45475739938049,3,62.19076901718241,153.80491354286386,64.78795632705148,1361.0060359536526,3319.051739746757,1386.3136147255502,47.66042689836805,42.404536073677654,4.585289348952683
3,163.58906809988676,260.3716229390369,84.75179253558699,476.1133374266733,922.6840507525881,320.1435874615497,268.0706355927465,325.58720138455993,57.70068092264758,3,79.8113678082851,122.375719951931,45.00563720776589,1517.1730581483769,2282.533144832114,872.5032510676299,47.66042689836805,42.404536073677654,4.585289348952683
4,148.81889825460604,260.3716229390369,77.72788113200889,461.8501986305828,922.6840507525881,278.3509454438997,251.23745990926218,325.58720138455993,57.85407371115738,3,75.81687222321712,122.375719951931,43.589484275595716,1450.2855625127197,2081.870657925143,817.2048447928308,47.66042689836805,42.404536073677654,4.585289348952683
4,161.12649842147323,278.58805791198336,80.88570202773258,917.2732964621827,2136.890188616264,773.0974899067699,251.23745990926218,325.58720138455993,57.85407371115738,3,16.464755477454627,23.296385580925005,6.434732253297733,357.3000167222023,783.6191775380294,302.7242818568439,41.86812212360172,36.476079721294866,4.20075345861611
4,161.12649842147323,278.58805791198336,80.88570202773258,917.2732964621827,2136.890188616264,773.0974899067699,251.23745990926218,325.58720138455993,57.85407371115738,3,54.30900310236723,122.375719951931,49.18934444864526,1021.5560155879602,1972.6820376223477,736.5866003607794,43.39965792323469,36.476079721294866,4.896999874118608
4,161.12649842147323,278.58805791198336,80.88570202773258,917.2732964621827,2136.890188616264,773.0974899067699,251.23745990926218,325.58720138455993,57.85407371115738,3,53.5531455315846,122.375719951931,49.53168551589843,1014.2853033864045,1972.6820376223477,737.7201001858707,43.39965792323469,36.476079721294866,4.896999874118608
3,196.84617495796678,278.58805791198336,60.164340677890685,1160.2772104194948,2136.890188616264,748.8008389457817,271.9222278842438,325.58720138455993,52.45334392187092,3,18.845577732373133,30.44105044676735,9.235261745001358,462.0673527743984,892.0928104242876,309.2450731514977,41.96692765305843,36.476079721294866,4.215667920278836
3,196.84617495796678,278.58805791198336,60.164340677890685,1160.2772104194948,2136.890188616264,748.8008389457816,271.9222278842438,325.58720138455993,52.45334392187092,3,23.68586932341825,46.52216689903187,18.865983306735863,617.4555914598901,1448.9909332075058,599.4430454384674,39.19164714442457,36.476079721294866,2.6025341373511446
3,156.02596037908742,278.58805791198336,92.84000809675153,1117.232926303848,2136.890188616264,798.1045614044153,238.50276340922883,325.58720138455993,61.75841492063674,3,52.69117555829723,81.15414057712705,21.175595510424934,2048.5696676675684,4109.601219745307,1499.2431485696761,36.63348026984598,35.026452038312,1.3808842082308455
3,156.02596037908742,278.58805791198336,92.84000809675153,1117.232926303848,2136.890188616264,798.1045614044153,238.50276340922883,325.58720138455993,61.75841492063674,4,46.38853589445399,81.15414057712705,21.341841160326275,1766.6833005042367,4109.601219745307,1387.147175276459,38.11484991654568,35.026452038312,2.8308124254170526
4,127.75377993366138,278.58805791198336,94.14031489733749,976.4292483732318,2136.8901886162644,732.9428322572418,213.66876824127877,325.58720138455993,68.63496418107499,3,52.69117555829723,81.15414057712705,21.175595510424934,2048.5696676675684,4109.601219745307,1499.2431485696761,36.63348026984598,35.026452038312,1.3808842082308455
3,155.5345553629774,277.1138428636532,92.19162002134108,1085.9694831512286,2043.0998591584055,758.3994349807552,238.50276340922883,325.58720138455993,61.75841492063674,4,46.38853589445399,81.15414057712705,21.341841160326275,1766.6833005042367,4109.601219745307,1387.147175276459,38.11484991654568,35.026452038312,2.8308124254170526
4,39.38216698562175,73.49150006316907,30.719575962980677,1177.7643954324838,3451.5665860831655,1363.2394961269513,96.08307862190009,116.18059261543905,17.33806334930531,4,26.993761433385806,41.990721378845855,10.46027205704818,1690.7606803933777,4044.806770665251,1398.7521182113314,41.135376149645595,35.026452038312,3.5904961820345767
3,70.75341085985815,107.07606137575576,35.28915973008842,1026.1886493313389,1511.9350692260641,621.0716001342983,133.80814030701268,164.10882791339498,25.4803919197705,3,27.12681494558119,36.35567207582501,7.751559527256013,1123.5888784456831,2080.8016811483576,677.1366053056103,45.34904526142751,42.689092552269976,2.3112668839000405
3,72.37247022982517,111.93323948565678,36.988978848601,1596.8699556238555,3223.9789881036136,1261.5454974204115,133.80814030701268,164.10882791339498,25.4803919197705,3,15.160784864499485,27.63597493820385,11.206822156092786,917.2801912272547,2080.8016811483576,866.6302226321657,44.89286065901831,42.689092552269976,1.7446423352545666
3,72.37247022982517,111.93323948565678,36.988978848601,1596.8699556238555,3223.9789881036136,1261.5454974204115,133.80814030701268,164.10882791339498,25.4803919197705,3,6.078352602991394,17.388797822714714,7.997741982606219,224.3462975111354,669.0388925334062,314.44514948369084,45.471274641452474,44.42433449957244,1.0786666649812708
3,61.56351594811837,143.28053439347184,60.102600660774755,690.6775488115818,1860.4489754218152,831.4832682233626,205.80132418552378,283.3583251250471,59.552603044534095,2,31.941442515329694,56.60401494109849,24.662572425768797,604.0407184899695,785.3790675191372,181.33834902916766,46.77092898283438,46.04438960075753,0.7265393820768473
3,89.67113155681788,142.8409930997303,63.450719697354764,742.4915607826459,1458.5628426290546,594.0343803013217,217.7429837236864,283.3583251250471,47.185571306087645,2,31.941442515329694,56.60401494109849,24.662572425768797,604.0407184899695,785.3790675191372,181.33834902916766,46.77092898283438,46.04438960075753,0.7265393820768473
3,102.0520348923908,142.8409930997303,46.08900334034348,767.4838822578304,1458.5628426290546,563.2165127709167,233.96784455832574,283.3583251250471,36.70113384007562,2,31.941442515329694,56.60401494109849,24.662572425768797,604.0407184899695,785.3790675191372,181.33834902916766,46.77092898283438,46.04438960075753,0.7265393820768473
2,261.0665575687181,318.54863991195515,57.48208234323704,1581.6689578445062,1836.1393673091197,254.47040946461357,359.25454627532065,394.4947860984358,35.240239823115104,2,31.941442515329694,56.60401494109849,24.662572425768797,604.0407184899695,785.3790675191372,181.33834902916766,46.77092898283438,46.04438960075753,0.7265393820768473
2,263.9034755185518,324.2224758116224,60.31900029307067,1585.8791878033514,1844.5598272268103,258.68063942345884,359.25454627532065,394.4947860984358,35.240239823115104,2,31.941442515329694,56.60401494109849,24.662572425768797,604.0407184899695,785.3790675191372,181.33834902916766,46.77092898283438,46.04438960075753,0.7265393820768473
2,248.83242173564958,294.0803682458181,45.247946510168504,1557.025138905186,1786.8517294304795,229.82659052529345,359.25454627532065,394.4947860984358,35.240239823115104,3,11.744354881526062,29.107748364612306,12.45753779771986,352.2337291606762,968.8692303506052,436.8959167152102,44.12524205284442,35.47723839863967,6.116466679950764
2,220.2033892296178,274.0649548717113,53.86156564209345,429.3698780872901,442.4825923880096,13.112714300719517,359.25454627532065,394.4947860984358,35.240239823115104,2,17.376500762175493,29.107748364612306,11.731247602436813,523.2564494217161,968.8692303506052,445.6127809288891,41.88297351183999,35.47723839863967,6.405735113200322
2,220.2033892296178,274.0649548717113,53.86156564209345,429.3698780872901,442.4825923880096,13.112714300719517,359.25454627532065,394.4947860984358,35.240239823115104,2,17.376500762175493,29.107748364612306,11.731247602436813,523.2564494217161,968.8692303506052,445.6127809288891,41.88297351183999,35.47723839863967,6.405735113200322
2,220.2033892296178,274.0649548717113,53.86156564209345,429.3698780872901,442.4825923880096,13.112714300719517,359.25454627532065,394.4947860984358,35.240239823115104,2,14.883639144878785,29.107748364612306,14.22410921973352,485.4346151753026,968.8692303506052,483.4346151753026,38.7884563117339,35.47723839863967,3.3112179130942323
2,140.2562985521605,274.0649548717113,133.80865631955078,241.14510928541483,416.2571637865706,175.11205450115577,356.6363300106584,394.4947860984358,37.85845608777734,3,29.496200863473803,53.73560106607042,19.634723696314314,557.9931215495644,968.8692303506052,367.14271493860167,42.07338813427202,35.47723839863967,5.23718852857748
2,54.970276569677964,56.20495207328551,1.2346755036075443,1134.413488407079,1500.6446239714817,366.2311355644025,98.27501092465346,100.3602034041004,2.0851924794469525,3,39.02308775574897,53.73560106607042,10.611077242811232,704.9181898902265,968.8692303506052,191.87749245490534,40.69556903619688,35.47723839863967,3.7546957363051563
2,33.12943438577763,56.20495207328551,23.075517687507883,402.3048909046165,768.1823528426767,365.87746193806015,100.48676415945494,100.61332491480948,0.12656075535453937,3,46.34943383465608,56.20495207328551,12.233320944184848,1077.0844795643416,1634.9177425371581,418.3478806519566,40.69556903619688,35.47723839863967,3.7546957363051563
2,52.99876193147267,56.20495207328551,3.2061901418128365,581.9157190217095,768.1823528426767,186.26663382096717,102.80046874617545,105.24073408825052,2.440265342075058,2,31.455549297134144,53.73560106607042,22.28005176893628,456.4459316430066,627.4664658052611,171.02053416225453,38.96572788888787,35.47723839863967,3.4884894902482024
2,52.99876193147267,56.20495207328551,3.2061901418128365,581.9157190217096,768.1823528426769,186.2666338209673,102.80046874617545,105.24073408825052,2.440265342075058,2,54.970276569677964,56.20495207328551,1.2346755036075443,1142.0148971118344,1656.5633284184078,514.5484313065733,43.30473435497548,42.454217379136075,0.8505169758394082
2,53.88509656485577,56.20495207328551,2.319855508429736,1035.1355743297077,1302.0887958167382,266.95322148703065,102.80046874617545,105.24073408825052,2.440265342075058,2,54.970276569677964,56.20495207328551,1.2346755036075443,1142.0148971118344,1656.5633284184078,514.5484313065733,43.30473435497548,42.454217379136075,0.8505169758394082
2,55.816649975099416,56.20495207328551,0.3883020981860952,1045.7360172387234,1323.2896816347702,277.55366439604666,102.80046874617545,105.24073408825052,2.440265342075058,2,54.970276569677964,56.20495207328551,1.2346755036075443,1142.0148971118344,1656.5633284184078,514.5484313065733,43.30473435497548,42.454217379136075,0.8505169758394082
2,55.63058584440473,55.832823811896134,0.20223796749140632,965.1422730033369,1323.2896816347702,358.14740863143334,105.4447498418351,105.64876559541969,0.204015753584585,2,42.21274320119771,56.20495207328551,13.992208872087806,1055.2624997866017,1656.5633284184078,601.3008286318061,43.30473435497548,42.454217379136075,0.8505169758394082
2,55.63058584440473,55.832823811896134,0.20223796749140632,965.1422730033368,1323.28968163477,358.1474086314332,105.4447498418351,105.64876559541969,0.204015753584585,2,32.72384539210378,56.20495207328551,23.48110668118173,960.6555772477847,1656.5633284184078,695.9077511706231,43.30473435497548,42.454217379136075,0.8505169758394082
2,55.63058584440473,55.832823811896134,0.20223796749140632,965.1422730033368,1323.28968163477,358.1474086314332,105.4447498418351,105.64876559541969,0.204015753584585,2,32.80492106985619,56.20495207328551,23.400031003429323,960.7015640404151,1656.5633284184078,695.8617643779927,43.30473435497548,42.454217379136075,0.8505169758394082
3,52.914453128156026,61.4935142646048,8.22544075945444,1831.9520172599753,3388.7929918894497,1122.6708706226389,100.32494204717067,105.64876559541969,7.242417551740167,2,7.6542118808955735,10.713303509542548,3.059091628646975,317.06795555522854,342.8579930856904,25.79003753046186,41.37137579036171,39.40195229614985,1.9694234942118563
3,52.914453128156026,61.4935142646048,8.22544075945444,1831.9520172599753,3388.7929918894497,1122.6708706226389,100.32494204717067,105.64876559541969,7.242417551740167,2,10.361865652719594,18.356742707938373,7.99487705521878,492.21518314097125,911.0225292271821,418.8073460862108,39.35886089269046,39.31576948923107,0.043091403459389
3,51.76017774970524,58.03068812925247,7.1075580128364955,1799.176521815828,3290.4665055570076,1077.2585025913475,100.32494204717067,105.64876559541969,7.242417551740167,3,9.780120797416819,18.356742707938373,7.413178745342028,402.7668157506496,911.0225292271821,377.79074925968445,40.387084391319895,38.418501593236265,2.126831379342944
3,45.780873480688165,57.38493638052787,15.048320786223877,1547.083866295011,2488.3180003974767,695.3957178813184,96.95566605562806,105.64876559541969,12.006533027632381,3,17.566668204468375,29.988847554405865,10.480114652838616,1133.6342777374493,2367.860955537271,930.2752725097185,37.90535975448114,35.44683109601564,1.7520914638485279
3,45.780873480688165,57.38493638052787,15.048320786223877,1547.083866295011,2488.3180003974767,695.3957178813184,96.95566605562806,105.64876559541969,12.006533027632381,3,22.49016404198569,44.75933506695782,16.752179628495064,1206.4312504763554,2586.2518737539895,1027.475942666191,37.90535975448114,35.44683109601564,1.7520914638485279
3,33.5938357585009,55.83637938408249,19.188755095088965,482.28999736277666,1126.6101503827772,461.0348507801885,100.57772205116841,105.64876559541969,6.885032121594217,2,29.87562486244014,55.3968353738194,25.52121051137926,1524.4447420014026,2926.87013555491,1402.4253935535075,37.15706348364678,35.44683109601564,1.7102323876311374
3,34.85231581689143,55.83637938408249,24.585586861265188,538.3224428616887,1126.6101503827772,460.58823920021683,97.03011174767194,105.64876559541969,6.284078767024789,3,26.03599747760622,55.3968353738194,21.533855535400296,1319.9706710766625,2926.87013555491,1181.0238274551782,37.90535975448114,35.44683109601564,1.7520914638485279
3,44.05863975746792,55.83637938408249,13.906780029481347,922.7806445460839,1126.6101503827772,144.30732093712257,92.15664351615624,105.64876559541969,10.521293340322712,3,26.03599747760622,55.3968353738194,21.533855535400296,1319.9706710766625,2926.87013555491,1181.0238274551782,37.90535975448114,35.44683109601564,1.7520914638485279
3,35.41677301958901,55.83637938408249,24.862655403405977,563.5707503540692,1126.6101503827772,457.90632883655366,92.0750229566038,105.64876559541969,10.61598203886575,3,26.03599747760622,55.3968353738194,21.533855535400296,1319.9706710766623,2926.87013555491,1181.0238274551782,37.90535975448114,35.44683109601564,1.7520914638485279
2,43.8167375327057,62.68491985355022,18.868182320844515,387.02788892916124,671.3936152494794,284.3657263203181,106.51669857845924,107.3846315614988,0.8679329830395517,2,37.278174425232464,70.20193449940405,32.92376007417158,2155.873510739644,4189.727673031393,2033.8541622917492,37.15706348364678,35.44683109601564,1.7102323876311374
2,58.474405144763125,66.95258456375277,8.47817941898964,1594.5885670954933,2630.0750335115563,1035.486466416063,99.11414901566692,107.3846315614988,8.270482545831875,3,13.772809585699909,22.31186390807258,7.35741933824372,702.1863206132722,1384.859114332222,520.6224807311436,37.90535975448114,35.44683109601564,1.7520914638485279
2,60.96701309562832,71.93780046548315,10.970787369854833,1765.0183765397724,2970.934652400114,1205.9162758603418,99.11414901566692,107.3846315614988,8.270482545831875,3,10.950888826764745,22.31186390807258,8.068161631324093,542.9723112288484,1384.859114332222,595.303867517047,35.52996439558901,32.27576621947348,2.691622700996277
2,74.76170857920857,82.98622634097993,8.224517761771345,1308.9883699862337,2056.3639470430035,747.3755770567698,117.74681527722805,128.1089989929573,10.362183715729259,2,62.5525455338994,75.10886534202531,12.556319808125913,1360.516169539517,1496.7837091540678,136.26753961455074,36.56160348176752,32.27576621947348,4.285837262294038
2,69.79433811754113,86.266759840426,16.47242172288487,911.4084216105385,1596.6394646986478,685.2310430881092,117.74681527722805,128.1089989929573,10.362183715729259,2,64.93824820425482,75.10886534202531,10.170617137770488,1764.7271399520655,2032.6705707500632,267.94343079799785,37.0590026860024,32.27576621947348,4.7832364665289155
2,72.95498194425774,92.58804749385922,19.63306554960148,1590.1826882047194,2954.1879978870097,1364.00530968229,117.74681527722805,128.1089989929573,10.362183715729259,2,37.56507450179874,75.10886534202531,37.54379084022657,749.3918545770338,1496.7837091540675,747.3918545770338,33.898358859285786,32.27576621947348,1.6225926398123036
2,71.52147325135164,88.27531543621893,16.7538421848673,2049.9848526841424,2857.0203752931607,807.035522609018,112.35943460598648,128.1089989929573,15.749564386970832,2,49.28556577681025,51.66605253490478,2.380486758094527,832.2494730681237,939.8501416454372,107.60066857731357,36.05472488810593,32.27576621947348,3.7789586686324483
3,62.238980713275794,88.27531543621893,18.959346527306618,1697.7210345948145,2857.0203752931607,826.0652626991908,104.50521250035816,128.1089989929573,16.992453090180202,2,29.10848469035758,46.905079018715725,17.796594328358143,459.568069385704,724.6488044908101,265.08073510510616,36.05472488810593,32.27576621947348,3.7789586686324483
2,71.52147325135164,88.27531543621893,16.7538421848673,2049.9848526841424,2857.0203752931607,807.035522609018,112.35943460598648,128.1089989929573,15.749564386970832,2,23.790080599290913,46.905079018715725,23.11499841942481,367.32440224540505,724.6488044908101,357.32440224540505,35.53606815449136,31.238452752244335,4.297615402247022
3,32.8553107353508,54.767631066484334,23.58327393764941,746.0475761637608,1242.9493300751246,535.9101933757715,106.44161712103623,133.91821285499157,19.68897534640839,2,32.35470125875433,46.905079018715725,14.550377759961389,572.4951042521652,724.6488044908101,152.15370023864483,39.44829299528185,39.06290243382532,0.3853905614565285
3,38.59386505262858,54.767631066484334,16.809463409857603,765.1943772985323,1242.9493300751246,443.28869070178183,86.13553664563808,96.60987021901565,8.808856714988266,2,32.35470125875433,46.905079018715725,14.550377759961389,572.4951042521652,724.6488044908099,152.15370023864472,39.44829299528185,39.06290243382532,0.3853905614565285
3,37.141378927524315,54.767631066484334,18.817532500020327,732.3406143252647,1242.9493300751246,487.29611155165605,87.39615582357315,96.60987021901565,7.2694642264656535,2,32.35470125875433,46.905079018715725,14.550377759961389,572.4951042521652,724.6488044908099,152.15370023864472,39.44829299528185,39.06290243382532,0.3853905614565285
2,56.70326535342495,67.81167074913668,11.108405395711728,1539.6569094512506,2201.4717428209447,661.8148333696942,96.80666787920805,106.874573182962,10.067905303753946,2,28.616545688860693,39.42876787892844,10.812222190067747,400.0013807842684,420.34140401352045,20.34002322925204,38.083174925870935,37.103447417916556,0.979727507954383
2,58.85682727060038,67.81167074913668,8.954843478536304,1302.140887408839,2201.4717428209447,899.3308554121056,104.8226464920494,106.874573182962,2.0519266909125946,2,41.735797941006595,65.66727238322025,23.93147444221365,407.94634796740644,420.34140401352045,12.395056046114007,38.083174925870935,37.103447417916556,0.979727507954383
2,80.71751596198658,93.62336117483649,12.905845212849904,1473.6771355099377,2201.4717428209447,727.794607311007,120.17980286274211,133.48503254252222,13.305229679780112,2,43.78772463191919,69.77112576504544,25.983401133126247,547.4868564176168,674.6323088217132,127.14545240409637,38.083174925870935,37.103447417916556,0.979727507954383
2,80.4098563007527,93.0080418523687,12.598185551616012,1470.0617364997202,2201.4717428209447,731.4100063212245,120.17980286274211,133.48503254252222,13.305229679780112,2,43.78772463191919,69.77112576504544,25.983401133126247,547.4868564176168,674.6323088217132,127.14545240409637,38.083174925870935,37.103447417916556,0.979727507954383
2,80.4098563007527,93.0080418523687,12.598185551616012,1470.0617364997202,2201.4717428209447,731.4100063212245,120.17980286274211,133.48503254252222,13.305229679780112,2,43.632960635484565,69.77112576504544,26.13816512956088,407.88484984771117,674.6323088217132,266.747458974002,38.083174925870935,37.103447417916556,0.979727507954383
2,73.02564473176264,93.0080418523687,19.98239712060606,1104.3150899449495,1469.9784497114033,365.6633597664538,128.6738465683173,133.48503254252222,4.811185974204932,3,51.73635801647305,83.38566990395884,35.56889821167958,1023.5039528339012,2257.4677350979296,899.586225833916,40.944432308823274,37.103447417916556,3.3433618603365614
2,87.85338030082441,93.0080418523687,5.154661551544294,1727.3374384584256,2716.0231467383555,988.6857082799299,128.6738465683173,133.48503254252222,4.811185974204932,3,51.110402005684875,83.38566990395884,36.44352148770813,978.7000146398809,2257.4677350979296,944.765256760638,39.750980700620666,37.103447417916556,1.9346640323431943
2,86.94972541376502,93.0080418523687,6.058316438603683,1654.6456713046452,2570.639612430795,915.9939411261497,128.6738465683173,133.48503254252222,4.811185974204932,2,47.91418677055988,83.38566990395884,35.47148313339896,1245.7704399070367,2257.4677350979296,1011.697295190893,38.790219054035035,37.103447417916556,1.6867716361184826
2,80.88868634033051,83.38566990395884,2.4969835636283406,1945.3103204564384,3732.9481374697316,1787.6378170132932,128.6738465683173,133.48503254252222,4.811185974204932,3,62.808451977146895,83.38566990395884,18.927151029172585,1750.9291268439877,2257.4677350979296,611.6687259118577,40.22279457915976,37.22014142837476,2.3547510630171753
2,80.88868634033051,83.38566990395884,2.4969835636283406,1945.3103204564384,3732.9481374697316,1787.6378170132932,128.6738465683173,133.48503254252222,4.811185974204932,3,62.695703307939404,83.38566990395884,18.900779393919535,1750.9107094684775,2257.4677350979296,611.6580675173194,40.22279457915976,37.22014142837476,2.3547510630171753
2,80.88868634033051,83.38566990395884,2.4969835636283406,1945.3103204564384,3732.9481374697316,1787.6378170132932,128.6738465683173,133.48503254252222,4.811185974204932,3,54.84229832492378,83.38566990395884,31.13701938943331,1504.0437977497568,2257.4677350979296,967.4675681434476,37.34485311056638,34.337427213170855,2.508017101846419
3,62.997834008077234,83.38566990395884,19.902407217793375,1718.9930014569293,3732.9481374697316,1425.272148238608,117.66562327858992,123.86266059411236,7.688889619077602,3,45.52017306570239,69.60899952337046,29.324494535535212,856.7115698633064,2116.399329849595,898.2702505094192,37.34485311056638,34.337427213170855,2.508017101846419
2,88.3246673648689,101.25099330135247,12.926325936483558,777.4384009808243,1091.7402485202088,314.3018475393844,122.29712566827993,131.6152764283159,9.318150760035955,2,57.27947672122322,87.424619522315,30.14514280109178,1689.7117156412598,2904.0612120438905,1214.3494964026306,27.016218003014554,25.55435538592898,1.4618626170855755
2,66.59762748125918,106.06092104238692,39.46329356112774,1807.248612208188,2649.937323854741,842.688711646553,93.61384548427372,131.6152764283159,38.00143094404216,2,16.039815805106073,30.851696273705596,14.81188046859952,931.2081388451769,1770.6485837432033,839.4404448980263,25.101436343582115,24.64851730123525,0.4529190423468652
2,38.1865696754532,41.687211160877396,3.5006414854241967,1479.1535887020098,2200.9532933962873,721.7997046942776,71.40661996780358,76.7079910588325,5.301371091028926,2,26.431720426803956,35.631883450195595,9.200163023391639,1960.4752882672574,2416.5540234816885,456.07873521443116,30.946343056662354,30.473365426579058,0.47297763008329596
2,160.25673922443443,192.96747774955247,32.710738525118046,622.376328695602,1173.0113438744286,550.6350151788266,222.88065973048452,248.13237384967215,25.25171411918761,3,85.85765431447432,155.84076462440913,59.0125397104904,1889.3401578076682,4250.3877686999895,1684.2280773749455,43.340986536537706,41.78818098688778,1.371104650311145
3,79.2576018840393,127.54600069931638,44.593523245216986,972.2616366629204,2640.558206234592,1180.9079361546515,148.69385615605427,197.62894561129693,35.39583813488461,3,21.076030883877063,33.38621633816409,12.396621940714251,852.2477437741414,1559.659740868394,501.2879242228777,36.869430879692345,30.13470507126897,4.927758181266923
3,34.267016665138776,42.54238830978281,11.158686451251457,1828.0848265480674,3310.0863024395867,1057.9964360523472,75.84327898612217,81.58059621900203,8.070339199869126,3,6.938904251071524,11.69041576698141,4.342975631076399,600.8161925030748,1269.477768516197,518.381550424342,36.88164013282337,36.17696573327736,0.7177590948096556
3,35.66667084115691,69.96318770865263,24.29795415635725,581.7738062907242,934.2419808520831,315.93422013867064,78.11956945078231,104.867029174419,19.084829839511553,3,13.016293311518801,21.014683298391944,9.272613834926315,1119.2750650261667,2532.2101755775916,1053.3707327413729,30.355327471408177,29.09775103323956,0.9126202895890176
3,40.332851990455715,73.92158021756691,23.892038174012857,2027.677830317349,3839.2039913502986,1499.2575980409933,78.11956945078231,104.867029174419,19.084829839511553,3,9.266186898237178,21.014683298391944,8.75239727504068,362.4545739958858,821.5808343723286,341.27397140687543,30.426230508943892,29.09775103323956,0.9468102458827229
3,40.332851990455715,73.92158021756691,23.892038174012857,2027.6778303173487,3839.2039913502986,1499.2575980409933,78.11956945078231,104.867029174419,19.084829839511553,3,11.092265091589907,21.014683298391944,8.61066790388404,581.7640523597235,919.6771375782619,410.474985672171,30.426230508943892,29.09775103323956,0.9468102458827229
3,40.332851990455715,73.92158021756691,23.892038174012857,2027.6778303173487,3839.2039913502986,1499.2575980409933,78.11956945078231,104.867029174419,19.084829839511553,3,7.058429676040215,15.165082776229525,6.22969639837672,552.9453294329464,1095.2204012640127,445.49962039968403,30.426230508943892,29.09775103323956,0.9468102458827229
3,40.332851990455715,73.92158021756691,23.892038174012857,2027.6778303173487,3839.2039913502986,1499.2575980409933,78.11956945078231,104.867029174419,19.084829839511553,3,11.07222682171342,17.647128451396757,7.610997595139884,602.1934437289224,1095.2204012640127,413.9352733732116,30.54004864530945,29.09775103323956,1.051939134205973
3,16.434257908346467,26.71531557551379,7.52629837615669,840.1187343615929,2076.084411782112,878.4691260324162,54.866816141895505,61.61915704128017,4.862549287096991,3,16.673318399542957,19.30247315054585,2.6357867954013736,1641.835511984248,3032.5116751454625,1016.9517109582696,31.854191013028043,30.945448956852097,0.8773525343778863
3,14.28090097980906,20.255244789901568,4.6520410412768465,484.3597345167948,1002.5315028121075,376.43652680099854,54.866816141895505,61.61915704128017,4.862549287096991,3,16.62872899168065,19.30247315054585,2.6967863459338965,1546.281863807929,3032.5116751454625,1060.5003379819004,31.403083737655617,30.945448956852097,0.32669278790501377
3,15.135326138668361,18.56106579711987,2.431449517873066,1019.9577502157595,2580.480973398069,1105.9725216956951,54.828370050417995,61.61915704128017,4.898329307712822,3,17.865040304208694,19.30247315054585,1.0955866338745341,1756.0878873562299,3032.5116751454625,986.8932657983316,31.403083737655617,30.945448956852097,0.32669278790501377
3,15.135326138668361,18.56106579711987,2.431449517873066,1019.9577502157595,2580.480973398069,1105.9725216956951,54.828370050417995,61.61915704128017,4.898329307712822,3,18.01900592992254,19.30247315054585,0.9339123483758447,1882.4443952934737,3032.5116751454625,983.9459835970346,31.403083737655617,30.945448956852097,0.32669278790501377
3,15.450890783757535,19.30247315054585,3.9965824716390532,2140.7697750673074,4356.828893497417,1659.2007212249189,49.1248567421542,50.24792210739795,0.8162083239940777,3,14.30989786889811,17.107416187825013,2.0978738269755626,1351.7471876121908,1985.8158606073275,450.0986316389335,30.67543717620569,29.394006261486886,0.955325462107487
3,17.892251226362287,19.361593520259255,1.0397889204048854,1356.5872363236156,1700.7462320579511,256.44505677411956,49.26593146241572,50.24792210739795,0.6945517090767036,3,10.594332805349493,19.361593520259255,6.352898893429325,942.2289497414216,1265.9535640074819,343.3500506714742,27.48383595369184,25.81290639919191,1.4717328017137223
3,15.470597573662005,19.361593520259255,4.015626080295986,1050.3108094980296,1700.7462320579511,545.9903631446278,48.62741596693693,48.79427249810309,0.20922157164524105,2,10.656448481602286,11.784293326066823,1.127844844464537,1124.56506353344,1525.5153107536853,400.9502472202453,26.406806605965794,25.81290639919191,0.5939002067738848
3,15.170717155075911,19.361593520259255,3.9145126957677148,972.1796607593247,1466.352785841837,456.81056901450813,48.62741596693693,48.79427249810309,0.20922157164524105,2,14.88627181106671,19.176050709614366,4.289778898547656,1702.3289882330055,2489.354969052435,787.0259808194296,26.406806605965794,25.81290639919191,0.5939002067738848
3,14.11733937910901,19.361593520259255,3.9189018734560106,772.7780760772949,1085.4519967895844,301.8610134040506,48.62741596693693,48.79427249810309,0.20922157164524105,2,16.487551989899757,19.176050709614366,2.6884987197146106,1465.4965124587457,2489.354969052435,1023.8584565936894,25.941339643640433,25.81290639919191,0.12843324444852122
3,15.113358895130867,19.361593520259255,5.697943650380192,1116.3951224518817,2213.746316607203,883.6219570394879,47.51294312955184,48.79427249810309,1.7847974617935156,2,17.798090660818552,19.176050709614366,1.3779600487958117,1524.851980050973,2489.354969052435,964.5029890014621,25.941339643640433,25.81290639919191,0.12843324444852122
3,18.055989719417223,19.361593520259255,1.54417098656231,1384.1357654893673,2213.746316607203,594.2358983040128,45.411486796888035,48.75559978174614,2.575349293643458,2,17.798090660818552,19.176050709614366,1.3779600487958117,1524.851980050973,2489.354969052435,964.5029890014621,25.941339643640433,25.81290639919191,0.12843324444852122
3,17.64270410841753,18.919184220717323,1.0296890291938816,1528.898540674687,2213.746316607203,616.7148641756017,45.411486796888035,48.75559978174614,2.575349293643458,3,11.932430520783745,19.176050709614366,8.37124763824592,1046.836688992108,2489.354969052435,1037.8702138678127,25.99167580272975,25.81290639919191,0.12674458572306777
3,17.212945959563495,18.919184220717323,1.2068858538598106,1503.4985156185949,2213.746316607203,649.6985123316207,45.411486796888035,48.75559978174614,2.575349293643458,3,12.690183317857581,19.176050709614366,7.310764947158456,1069.4228379902008,2489.354969052435,1017.3537982129217,25.99167580272975,25.81290639919191,0.12674458572306777
2,17.20419045404467,17.988250296066596,0.7840598420219269,1430.7926822720447,1764.052510383232,333.2598281111872,43.739430304458985,44.988957108806275,1.2495268043472905,3,10.002309326334979,16.420130612022742,6.842410562691455,833.8694728305157,1852.638019551503,745.6758643536064,24.70325523172957,22.52388306580435,1.557537158087843
2,17.110636564588482,17.80114251715422,0.6905059525657382,1241.9678878429484,1764.052510383232,522.0846225402836,43.739430304458985,44.988957108806275,1.2495268043472905,3,15.89750195209408,18.207090805959304,2.131415604359237,1790.7276728509394,2959.196007951804,980.3031574965967,24.70325523172957,22.52388306580435,1.557537158087843
3,13.206935858020458,16.53144589204933,4.623078750102647,888.6293233373002,1764.052510383232,676.7471240594579,42.81069089112591,45.21119530150238,1.8430544263165984,3,14.850785450881824,18.207090805959304,2.374884262783881,1905.4571927503364,2959.196007951804,839.6418850649529,24.07984026227136,22.52388306580435,1.2244996207050214
3,15.64124145444399,17.43830931300904,1.8683036652805118,1276.4344612130765,1764.052510383232,506.3317985288111,40.60075718382365,42.489903500111694,1.5982967113991138,3,11.082143988926035,18.207090805959304,7.380201268021422,1338.9608264656654,2959.196007951804,1184.761731614919,23.338691868091093,22.52388306580435,0.6848529546706397
2,17.047395823470197,17.67466103491765,0.6272652114474546,1791.1074030449395,1818.162295706647,27.054892661707527,41.61043868593767,42.489903500111694,0.8794648141740211,3,11.146687217847168,18.207090805959304,7.2913102932967195,1348.0734089859664,2959.196007951804,1175.7234050328336,23.338691868091093,22.52388306580435,0.6848529546706397
3,15.64124145444399,17.43830931300904,1.8683036652805118,1276.4344612130765,1764.052510383232,506.3317985288111,40.60075718382365,42.489903500111694,1.5982967113991138,3,11.442250160745871,18.207090805959304,6.885049639211786,1393.271446713152,2959.196007951804,1131.9960590261755,23.338691868091093,22.52388306580435,0.6848529546706397
3,22.52159746580607,49.90430977242776,20.598681748304152,1473.6242681501135,2932.1225899311216,1196.2535449915372,51.08090846242414,72.4281928382321,15.097123330284353,2,22.529700641731047,29.001890169670837,6.47218952793979,1152.846326192193,1210.740765054125,57.894438861932144,22.46001528087444,22.396147495944533,0.06386778492990786
3,60.100989766931285,108.81418560055793,36.13912119493838,879.7642035610257,1212.4047052845049,310.8220349326462,88.98498438825068,141.31059948404786,37.8219780878496,3,27.19837658663498,50.032045342287574,16.202411319917985,1597.1068612690842,2091.0945680772884,507.9405012019587,23.296113344804485,22.396147495944533,0.736231038422203
3,60.100989766931285,108.81418560055793,36.13912119493838,874.4308702276925,1212.4047052845049,309.49453648525144,88.98498438825068,141.31059948404786,37.8219780878496,3,27.19837658663498,50.032045342287574,16.202411319917985,1597.1068612690842,2091.0945680772884,507.9405012019587,23.296113344804485,22.396147495944533,0.736231038422203
3,50.61706937246097,128.6292749630548,55.904271869688614,852.7175754945271,2004.2476412054536,844.6360241274914,84.01673175461961,154.13548268283324,49.6515645191489,3,13.913340562917876,18.419949933084116,5.807758191829749,969.7027456594029,1927.0546062046947,717.2772491159005,24.595242461695488,23.960666193097705,0.66053907671695
3,53.91627829244541,120.67954463351853,47.24259597334259,1240.3817507187966,2644.889307145513,993.2005221777259,82.90138206731125,154.13548268283324,50.52899659198781,3,15.945059080416263,18.419949933084116,2.943758931929804,1279.9360635470678,1927.0546062046947,479.3577360612796,24.105004639223818,23.960666193097705,0.15426881763259323
3,19.55866685151159,22.724168369999333,2.2585559998653437,1416.551532734764,2644.889307145513,892.3188048459991,45.498075767342634,52.188047392918705,4.734170706824663,3,17.22481603985354,18.419949933084116,1.1635013375171708,1561.1128096725815,1974.8468845280686,551.6592388935069,24.105004639223818,23.960666193097705,0.15426881763259323
3,201.3336231272618,343.32154311086,115.52474353073947,1213.884402034323,2942.380684191974,1222.9732048510893,296.8703517107499,377.5655088851065,63.14085278992821,3,36.4027928755683,72.18107134839009,25.462326053192204,967.1255515875843,1752.9792029903374,639.3352895972954,25.222367250421936,23.032481225727807,2.560856499538352
3,201.3336231272618,343.32154311086,115.52474353073947,1213.884402034323,2942.380684191974,1222.9732048510893,296.8703517107499,377.5655088851065,63.14085278992821,3,36.4027928755683,72.18107134839009,25.462326053192204,967.1255515875843,1752.9792029903374,639.3352895972954,25.222367250421936,23.032481225727807,2.560856499538352
3,201.3336231272618,343.32154311086,115.52474353073947,1213.884402034323,2942.380684191974,1222.9732048510893,296.8703517107499,377.5655088851065,63.14085278992821,3,32.487249639128216,72.18107134839009,29.098026290966228,1023.6112421202848,1752.9792029903374,571.8348237000304,24.072847019831855,23.032481225727807,0.9697071175752061
3,187.5498471824595,301.970215276453,99.05398515249792,905.8660563395803,2018.3256471077461,787.7797481614839,296.8703517107499,377.5655088851065,63.14085278992821,3,33.73963878865941,72.18107134839009,27.867136858591838,1041.6384144053259,1752.9792029903374,550.989977885249,24.072847019831855,23.032481225727807,0.9697071175752061
3,117.34056694614632,249.9310279598762,94.0629348800155,534.9156984523448,818.8301528145091,215.36383416885153,248.34645294902307,377.5655088851065,96.94407101407073,3,31.420559211850712,72.18107134839009,30.188800433196402,905.4705469631987,1752.9792029903376,715.92869396052,23.40763049509324,23.032481225727807,0.3222330685943395
3,76.71163712343821,117.28094978061324,31.09229142367769,1133.0752219768274,2806.0034776568546,1193.2630930489645,205.61387042641658,377.5655088851065,123.21277154974285,3,32.85067992224033,72.18107134839009,28.73502261736549,1000.3549126909029,1752.9792029903376,599.2574746722676,23.650594273675114,23.032481225727807,0.45185446817716535
3,36.455286034631676,71.49540082956473,27.623500999238935,1404.4322149040963,3847.4536937616044,1731.0599539144773,102.421738551705,142.38664880013403,30.12283176821437,2,50.19531752958597,72.18107134839009,21.98575381880412,2166.2805235900546,2579.5818441897713,413.30132059971686,23.375316485140488,23.032481225727807,0.34283525941268067
3,47.04649145658917,71.49540082956473,17.423107738116407,1475.937947421886,3847.4536937616044,1677.7054883278126,78.55855368736195,95.2135525741179,11.785927828791735,3,38.583638257119674,47.07894246255171,11.69993478155658,1693.5567947347238,2644.607484787928,704.3749541966467,23.52329610217213,23.032481225727807,0.3495043311768373
3,49.49350404173689,72.18107134839009,19.580671522862854,2035.3878701624037,4411.260676378254,1699.6254825399585,73.53264986434132,95.2135525741179,18.61212190370439,2,11.383183682722137,12.081504701447635,0.6983210187254976,181.01252688401254,247.1461658478729,66.13363896386036,22.21733952582439,21.40219782592097,0.8151416999034176
3,74.20897656698641,92.97033632919334,13.406653537191039,770.7411638803231,1254.7012278164057,343.11516796663426,118.41909849980073,133.4609097481344,12.868639991901842,3,44.70062796091447,72.10053462246745,25.817721532119375,2207.7851475234206,3266.3587296423957,1192.7663736403217,23.073465276512092,21.40219782592097,1.1920044808660215
3,92.43217200797888,121.86770863624254,24.256704819075118,742.5815265900884,1254.7012278164057,362.25058551448745,138.7401142044489,162.98933046350174,18.034742736044382,3,30.12192528011091,54.21557478700738,18.23828616071654,810.8779675841374,1481.796294854816,477.4352858858136,23.073465276512092,21.40219782592097,1.1920044808660215
2,96.42112466505678,121.86770863624254,25.44658397118576,571.6549357571173,668.547820118225,96.89288436110769,149.91842568519652,162.98933046350174,13.07090477830522,3,26.20838002250157,54.21557478700738,19.878381156492853,658.0467688030072,1023.3026985114254,263.7891172292865,23.073465276512092,21.40219782592097,1.1920044808660215
2,112.51811412270806,129.310329165784,16.79221504307595,2580.7145165358797,4161.898458010704,1581.1839414748247,149.91842568519652,162.98933046350174,13.07090477830522,3,44.573850874819385,67.19812231326513,25.646209479986204,446.4597305018504,634.0402715731544,238.01801705884915,29.969786719976934,21.40219782592097,6.076338075922227
2,112.51811412270806,129.310329165784,16.79221504307595,2580.7145165358797,4161.898458010704,1581.1839414748247,149.91842568519652,162.98933046350174,13.07090477830522,3,54.72899451197359,67.19812231326513,9.978004201663387,540.5102925455473,617.1033810642848,92.94261698737833,29.969786719976934,21.40219782592097,6.076338075922227
2,109.1123280620964,122.49875704456068,13.386428982464288,1239.6467591272706,1479.762943193486,240.1161840662155,149.91842568519652,162.98933046350174,13.07090477830522,2,44.71584951865884,88.1321797070245,43.416330188365656,610.8616977336364,1051.9676921773835,441.105994443747,23.813046319589766,21.790610723495163,2.0224355960946028
2,109.1123280620964,122.49875704456068,13.386428982464288,1239.6467591272706,1479.762943193486,240.1161840662155,149.91842568519652,162.98933046350174,13.07090477830522,2,61.92012702161817,88.1321797070245,26.212052685406334,960.7881340314974,1051.9676921773837,91.17955814588629,23.795557287109943,21.755632658535518,2.0399246285744255
2,81.69463288881781,81.80198036209548,0.10734747327766314,831.9736418064888,923.1006393987655,91.12699759227667,128.34654041373938,136.8475209068913,8.500980493151943,2,27.866006024989666,35.70807433621184,7.842068311222171,736.7871070120275,869.6085758856111,132.82146887358357,22.537315860282227,21.755632658535518,0.7816832017467092
2,151.35135714619108,153.12671967942055,1.775362533229469,320.52240984861896,351.09400198643175,30.571592137812786,274.1739649593894,303.31060348749077,29.136638528101344,2,27.866006024989666,35.70807433621184,7.842068311222171,736.7871070120275,869.6085758856111,132.82146887358357,22.537315860282227,21.755632658535518,0.7816832017467092
2,207.5170817021441,265.4581687913266,57.9410870891825,874.9883183605447,1398.8826347346576,523.8943163741129,278.1929839705479,311.34864150980775,33.155657539259835,2,27.866006024989666,35.70807433621184,7.842068311222171,736.7871070120275,869.6085758856111,132.82146887358357,22.537315860282227,21.755632658535518,0.7816832017467092
2,208.89632340920568,268.21665220544975,59.32032879624407,1259.5102609937298,2167.926520001028,908.4162590072982,278.1929839705479,311.34864150980775,33.155657539259835,2,27.866006024989666,35.70807433621184,7.842068311222171,736.7871070120275,869.6085758856111,132.82146887358357,22.537315860282227,21.755632658535518,0.7816832017467092
2,216.70251918643393,283.82904375990626,67.12652457347232,1455.8376277496745,2560.5812535129176,1104.7436257632428,278.1929839705479,311.34864150980775,33.155657539259835,2,10.807937056727962,20.023937713767495,9.216000657039533,394.8090049546468,603.965638138444,209.15663318379717,22.537315860282227,21.755632658535518,0.7816832017467092
2,216.70251918643393,283.82904375990626,67.12652457347232,1455.8376277496745,2560.5812535129176,1104.7436257632428,278.1929839705479,311.34864150980775,33.155657539259835,2,10.597295929995811,20.023937713767495,9.426641783771684,357.1843050652217,603.965638138444,246.78133307322227,22.537315860282227,21.755632658535518,0.7816832017467092
2,216.70618403679734,283.83637346063307,67.13018942383573,1592.3500061533578,2833.606010320284,1241.2560041669262,278.1929839705479,311.34864150980775,33.155657539259835,2,12.127811091547947,24.15378270834708,12.025971616799133,145.60226930033323,287.20453860066647,141.60226930033323,25.57622662231698,23.936334270472045,1.639892351844935
2,216.70618403679734,283.83637346063307,67.13018942383573,1592.3500061533578,2833.606010320284,1241.2560041669262,278.1929839705479,311.34864150980775,33.155657539259835,2,12.193864919309542,24.15378270834708,11.959917789037538,147.60226930033323,287.20453860066647,139.60226930033323,26.043988190896137,24.871857407630355,1.1721307832657804
2,216.70618403679734,283.83637346063307,67.13018942383573,1592.3500061533578,2833.606010320284,1241.2560041669262,278.1929839705479,311.34864150980775,33.155657539259835,2,106.67039466870477,189.18700662906247,82.5166119603577,1153.204921228651,2019.2053038566357,866.0003826279847,27.36419351166829,27.216118974161915,0.14807453750637478
2,150.890169923987,203.08135054671928,52.19118062273226,433.98128524694636,808.9654507161682,374.98416546922186,264.0239580940224,311.34864150980775,47.324683415785316,2,125.3558691614352,189.18700662906247,63.831137467627265,1573.7828113443843,2019.205303856636,445.4224925122517,26.138216570092684,24.764165091010703,1.3740514790819809
2,153.4718772760109,208.24476525076707,54.77288797475616,1035.965897453088,2012.934675128451,976.9687776753632,234.8300137877892,252.96075289734125,18.130739109552067,2,65.42935449909709,69.33397730438624,3.9046228052891543,1157.5215972210278,1186.6828756099233,29.161278388895425,26.138216570092684,24.764165091010703,1.3740514790819809
2,212.7734176754121,224.6978783966018,11.92446072118969,2424.3350329896657,3920.356371863515,1496.0213388738493,249.19407474574558,252.96075289734125,3.76667815159567,3,47.282046150984996,61.52473169380793,13.873648450846519,717.5739876503559,1128.3603188321324,308.4037794857473,31.417378470732206,24.764165091010703,7.080665297947912
2,212.7734176754121,224.6978783966018,11.92446072118969,2424.3350329896657,3920.356371863515,1496.0213388738493,249.19407474574558,252.96075289734125,3.76667815159567,3,57.22470937957828,81.67529280191965,21.931093237802035,802.7996153790518,1128.3603188321324,310.2658964500908,31.417378470732206,24.764165091010703,7.080665297947912
2,212.7734176754121,224.6978783966018,11.92446072118969,2424.3350329896657,3920.356371863515,1496.0213388738493,249.19407474574558,252.96075289734125,3.76667815159567,3,57.22470937957828,81.67529280191965,21.931093237802035,802.7996153790518,1128.3603188321324,310.2658964500908,31.417378470732206,24.764165091010703,7.080665297947912
3,142.87201017065377,224.6978783966018,99.333824641727,1618.2233553264439,3920.356371863515,1670.8337154368865,236.01099128428052,252.96075289734125,18.89565969481826,3,90.87852671747665,181.38194986061094,73.57058397457925,799.4298549582514,1899.8827690464632,800.6440741602995,30.244690976596804,26.346749885204048,4.230566957496463
3,204.3937724277672,215.69903977516003,8.177191853438453,1877.718515678399,3359.5821544005003,1061.5714375308426,241.57141769608606,252.96075289734125,11.210190774109112,3,96.06969003663703,198.06322909602747,80.94176290687656,802.0280351694213,1922.0150797105443,815.4502495701242,31.370445405460796,28.262874500739464,3.4141022181390515
3,195.64927734231085,200.84895695422242,5.502460471082537,987.1363789587981,1483.9269909309974,383.8736448319563,241.57141769608606,252.96075289734125,11.210190774109112,3,72.4593762926212,198.06322909602747,89.0073100257284,985.9308729178509,1922.0150797105443,744.0647188852587,26.70960645715766,23.711801415723002,2.120232991900434
2,201.2835825403734,204.5039359847193,3.220353444345917,1228.352232342993,1483.9269909309974,255.57475858800456,235.87675009545842,245.4273965941499,9.550646498691492,2,48.339542637638175,94.17747060670544,45.837927969067266,847.2587606987222,1592.8717424231313,745.6129817244091,25.93297243536675,23.711801415723002,2.2211710196437497
2,135.63596968733938,198.06322909602747,62.427259408688094,862.2826604247354,1483.9269909309971,621.6443305062618,177.1651119844279,226.32610359676693,49.16099161233902,2,53.3969668124684,104.29231895636589,50.89535214389748,1296.7731857907913,2491.9005926072696,1195.1274068164782,25.93297243536675,23.711801415723002,2.2211710196437497
2,149.42231367834273,198.06322909602747,48.64091541768473,1698.9606940269941,1913.994397122991,215.03370309599688,177.1651119844279,226.32610359676693,49.16099161233902,2,52.5236256155484,104.29231895636589,51.76869334081749,1250.9502963036348,2491.9005926072696,1240.9502963036348,25.467261763576943,23.711801415723002,1.7554603478539406
2,107.14976645863963,190.20165505292002,83.05188859428038,304.4231356029312,588.5393257318972,284.11619012896597,309.4478599277378,392.5696162587087,83.1217563309709,2,102.55795842480741,202.6143021810439,100.0563437562365,1863.5985660540962,3625.5513531338793,1761.952787079783,25.93297243536675,23.711801415723002,2.2211710196437497
2,257.5341799354668,325.28702791586284,67.75284798039601,401.0471001763922,574.8834808749634,173.83638069857122,292.46384444400246,358.60158529123794,66.1377408472355,2,102.55795842480741,202.6143021810439,100.0563437562365,1863.5985660540962,3625.5513531338793,1761.952787079783,25.93297243536675,23.711801415723002,2.2211710196437497
2,251.3432248977689,330.32066496109036,78.97744006332147,1120.9649737206319,1635.958198166515,514.9932244458832,286.087251662945,358.60158529123794,72.51433362829295,2,143.31393913681055,186.90467823167978,43.59073909486924,1173.9678109164029,1587.586834750668,413.61902383426525,27.47458006655993,26.668239802972266,0.8063402635876642
2,319.4595879322157,409.19225824952815,89.73267031731245,1390.8068602906599,2654.3845038968543,1263.5776436061944,397.2310416718692,435.8604980525004,38.62945638063124,2,208.53777125378602,331.9333454882657,123.39557423447965,2179.5331520208047,3279.5841900740056,1100.051038053201,25.516411078801937,24.364582354631604,1.1518287241703309
2,297.5807364106887,409.19225824952815,111.61152183883944,1965.228760950489,2654.3845038968543,689.1557429463653,324.7167080435762,435.8604980525004,111.14379000892419,2,259.6574987287328,375.3966835394744,115.73918481074163,2379.233990123492,3290.1914705048866,910.9574803813948,25.516411078801937,24.364582354631604,1.1518287241703309
3,244.77977850304015,409.19225824952815,117.81611456015555,1973.4652690521355,2654.3845038968543,562.8138580579329,272.5721041199251,435.8604980525004,116.93337479839023,3,131.00501463754642,185.96921457184928,50.974410156379484,1355.4583954653133,1624.5529633295087,277.4870027845774,26.21217520680221,24.364582354631604,1.3611202678332774
3,244.77977850304015,409.19225824952815,117.81611456015555,1973.4652690521355,2654.3845038968543,562.8138580579329,272.5721041199251,435.8604980525004,116.93337479839023,3,116.19669848728881,185.96921457184928,71.04411221856778,1212.213884501145,1624.5529633295087,476.9180299859633,26.21217520680221,24.364582354631604,1.3611202678332774
3,246.84677479328903,410.65279589002677,117.09363481735126,2264.092112657058,2776.5916974851093,698.7981015218978,272.5721041199251,435.8604980525004,116.93337479839023,3,48.159849255279404,143.91831391799113,67.71160492402554,496.8341518499589,1468.276509742097,686.9537768561651,24.062230855266733,21.44367935059729,2.0259163257110497
3,246.57079731857075,408.2567945896977,120.59445766316607,864.9621093189729,1350.2242144014301,379.07372953640606,291.7641965601213,435.8604980525004,107.40084470883545,3,139.0145865249699,239.6370817067166,84.23126246599332,1668.8266071048454,3288.664605557715,1248.7959039230293,24.545253005248327,21.66747319831061,2.4268208080070295
3,246.57079731857075,408.2567945896977,120.59445766316607,864.9621093189729,1350.2242144014301,379.07372953640606,291.7641965601213,435.8604980525004,107.40084470883545,3,139.0145865249699,239.6370817067166,84.23126246599332,1668.8266071048454,3288.664605557715,1248.7959039230293,24.545253005248327,21.66747319831061,2.4268208080070295
3,264.8651324673937,380.8973918040649,83.2750821213534,882.5166133317343,1299.5617603350956,373.37374398657136,309.22986269956687,435.8604980525004,90.41880616177714,3,145.99774807389232,239.6370817067166,75.62156668092413,1796.7554901248186,3288.664605557715,1108.6419512791172,25.045696379273938,21.66747319831061,3.074330643884227
3,265.9900203209006,369.1444163871416,75.74651831245544,825.2485432901327,1572.1479302117796,530.2771004743266,309.22986269956687,435.8604980525004,90.41880616177714,3,133.28886411933996,239.6370817067166,91.48169808602921,1650.5973782335695,3288.664605557715,1269.6065796898768,22.636727398576443,21.66747319831061,1.2248008764123606
3,265.9900203209006,369.1444163871416,75.74651831245544,825.2485432901327,1572.1479302117796,530.2771004743266,309.22986269956687,435.8604980525004,90.41880616177714,3,133.50451685536447,239.6370817067166,91.20603592338279,1650.7940118977874,3288.664605557715,1269.3811275735925,22.636727398576443,21.66747319831061,1.2248008764123606
3,238.65690915158052,287.14508287918136,39.90829260044449,712.2385023896974,1572.1479302117796,614.7932805077445,309.22986269956687,435.8604980525004,90.41880616177714,3,167.95883126346695,239.6370817067166,51.591574491506776,1828.2822085275138,3288.664605557715,1075.9723860697268,22.636727398576443,21.66747319831061,1.2248008764123606
3,182.5924174458024,239.6370817067166,49.58976902246666,1030.9040042171582,2274.1848921230794,879.2263472669164,223.31887558967878,261.3045549050272,34.33700856315388,2,73.32281662924692,146.61542307431213,73.29260644506522,910.2937781676656,1812.587556335331,902.2937781676656,21.102197779607344,20.53692236090408,0.5652754187032656
2,214.51814901001836,239.6370817067166,25.118932696698224,1333.851330944995,2274.1848921230794,940.3335611780844,245.91454502310003,261.3045549050272,15.39000988192717,2,44.128071379487515,87.93440697678119,43.806335597293675,668.3509062322815,1271.9880896275693,603.6371833952877,21.084005850396455,20.5005385024823,0.583467347914155
2,214.51814901001836,239.6370817067166,25.118932696698224,1333.851330944995,2274.1848921230794,940.3335611780844,245.91454502310003,261.3045549050272,15.39000988192717,2,0.31485436459463045,0.3217357821938407,0.006881417599210238,55.081486070690914,64.71372283699384,9.632236766302924,20.902891189045143,20.5005385024823,0.4023526865628426
3,182.5924174458024,239.6370817067166,49.58976902246666,1030.9040042171582,2274.1848921230794,879.2263472669164,223.31887558967878,261.3045549050272,34.33700856315388,2,13.37286352122129,26.42399126024874,13.05112773902745,405.80645725102255,746.8991916650513,341.0927344140287,20.902891189045143,20.5005385024823,0.4023526865628426
3,182.5924174458024,239.6370817067166,49.58976902246666,1030.9040042171582,2274.1848921230794,879.2263472669164,223.31887558967878,261.3045549050272,34.33700856315388,2,13.37286352122129,26.42399126024874,13.05112773902745,405.80645725102255,746.8991916650513,341.0927344140287,20.902891189045143,20.5005385024823,0.4023526865628426
3,182.5924174458024,239.6370817067166,49.58976902246666,1030.9040042171582,2274.1848921230794,879.2263472669163,223.31887558967878,261.3045549050272,34.33700856315388,3,32.334485487309856,64.04699727369851,26.016595282576123,468.10029731090077,997.7502364118698,391.2340406552918,21.1577518588003,20.5005385024823,0.48768129439110597
3,182.5924174458024,239.6370817067166,49.58976902246666,1030.9040042171582,2274.1848921230794,879.2263472669163,223.31887558967878,261.3045549050272,34.33700856315388,3,13.515921611636449,32.634723406037224,13.840956085565809,393.7535897100545,997.7502364118698,427.6604626697357,21.1577518588003,20.5005385024823,0.48768129439110597
3,103.97366299414084,189.39921631332015,77.29274434018294,372.35929177734903,696.6162637467478,273.80169109043703,172.1892008626224,230.52453514117286,41.25477435799917,3,51.092519117974724,120.32109816569312,50.69831956465164,596.7898231771977,997.7502364118698,392.03127126107074,21.227969673625804,20.5005385024823,0.5650461620057352
3,88.95682054026042,120.32109816569312,23.64628482147565,789.9676218767808,1609.8834844168325,634.7893290370948,118.1109823032884,142.19922480848024,17.683270924871994,3,13.83695026896181,32.634723406037224,13.71036983977499,406.2289514731244,997.7502364118698,419.9337686326099,21.227969673625804,20.5005385024823,0.5650461620057352
3,58.82355345996262,83.32116098963444,22.021763026332046,592.0053001297964,1609.8834844168325,719.9276054643198,126.19011542975574,166.43662418788222,28.852505796151117,3,13.92111855340526,32.634723406037224,13.678419570457963,400.0007781417869,997.7502364118698,423.7170192819146,21.255873378951623,20.5005385024823,0.5975934870003514
3,134.8701804762632,198.0118430410912,45.78416606907794,782.581079060578,1479.4981938507467,524.0049841940657,189.2978271514653,232.07136899515217,30.41019666263154,3,73.83016028543484,137.72298739138495,56.44335991070354,759.2738448629902,1228.1941821052492,515.1205412171186,28.484645870670246,22.82938726653024,4.585037205610011
2,174.8400615783936,203.50634460373266,28.66628302533904,1952.0422383048933,3416.5840709489153,1464.541832644022,207.71529029062464,232.07136899515217,24.35607870452752,2,93.70395129845059,158.2933500811891,64.5893987827385,1876.1904892750983,2860.308262839501,984.1177735644026,26.815442948163778,25.065861504908042,1.7495814432557335
2,174.32878983260025,203.50634460373266,29.17755477113242,1940.0571142157262,3416.5840709489153,1476.526956733189,207.71529029062464,232.07136899515217,24.35607870452752,2,89.03820266329522,158.2933500811891,69.25514741789387,1645.0506172202233,2860.308262839501,1215.2576456192776,26.815442948163778,25.065861504908042,1.7495814432557335
2,174.32878983260025,203.50634460373266,29.17755477113242,1940.0571142157264,3416.5840709489153,1476.5269567331889,207.71529029062464,232.07136899515217,24.35607870452752,2,89.03820266329522,158.2933500811891,69.25514741789387,1645.0506172202233,2860.308262839501,1215.2576456192776,26.815442948163778,25.065861504908042,1.7495814432557335
3,218.17369710285539,371.64686885571336,108.56428372711936,1139.7560039972875,1648.735002245357,498.10056695655896,250.6181517640548,396.7127303606214,103.41252150818117,3,111.96108321794945,164.9390695952121,62.48144594939304,890.7113329745143,1596.484983514284,561.9882244917696,23.793271584588933,21.530046229390493,1.6044763090127434
3,218.17369710285539,371.64686885571336,108.56428372711936,1139.7560039972875,1648.735002245357,498.10056695655896,250.6181517640548,396.7127303606214,103.41252150818117,3,111.96108321794945,164.9390695952121,62.48144594939304,890.7113329745143,1596.484983514284,561.9882244917696,23.793271584588933,21.530046229390493,1.6044763090127434
3,231.33323383443465,371.64686885571336,100.0757831650725,957.443742887512,1307.0028522639677,359.156611867825,259.6011952540773,396.7127303606214,97.15540030493005,3,61.063630507494736,177.20159758612283,82.15634897649058,908.6783087609875,2168.752359111984,917.0260813524409,21.565350865813418,21.097059162806545,0.3975562054792302
3,231.33323383443465,371.64686885571336,100.0757831650725,957.443742887512,1307.0028522639677,359.156611867825,259.6011952540773,396.7127303606214,97.15540030493005,3,62.89525257733525,177.20159758612283,80.9587595137692,920.2293049632785,2168.752359111984,912.5707738321834,21.565350865813418,21.097059162806545,0.3975562054792302
3,231.33323383443465,371.64686885571336,100.0757831650725,957.443742887512,1307.0028522639677,359.156611867825,259.6011952540773,396.7127303606214,97.15540030493005,3,93.84196457407978,177.20159758612283,72.68133176071379,1086.057682576523,2168.7523591119843,880.1085964029837,21.565350865813418,21.097059162806545,0.3975562054792302
3,231.33323383443465,371.64686885571336,100.0757831650725,957.443742887512,1307.0028522639677,359.156611867825,259.6011952540773,396.7127303606214,97.15540030493005,3,93.84196457407978,177.20159758612283,72.68133176071379,1086.0576825765227,2168.7523591119843,880.1085964029837,21.565350865813418,21.097059162806545,0.3975562054792302
3,231.33323383443465,371.64686885571336,100.0757831650725,957.443742887512,1307.0028522639677,359.156611867825,259.6011952540773,396.7127303606214,97.15540030493005,3,93.84196457407978,177.20159758612283,72.68133176071379,1086.0576825765227,2168.7523591119843,880.1085964029837,21.565350865813418,21.097059162806545,0.3975562054792302
3,231.33323383443465,371.64686885571336,100.0757831650725,957.443742887512,1307.0028522639677,359.15661186782495,259.6011952540773,396.7127303606214,97.15540030493005,3,93.84196457407978,177.20159758612283,72.68133176071379,1086.0576825765227,2168.7523591119843,880.1085964029837,21.565350865813418,21.097059162806545,0.3975562054792302
3,231.33323383443465,371.64686885571336,100.0757831650725,957.443742887512,1307.0028522639677,359.15661186782495,259.6011952540773,396.7127303606214,97.15540030493005,3,93.84196457407978,177.20159758612283,72.68133176071379,1086.0576825765227,2168.7523591119843,880.1085964029837,21.565350865813418,21.097059162806545,0.3975562054792302
3,230.42843355577705,368.9324680197405,98.80732802306564,950.621709400949,1286.5367518042788,352.5863642155783,259.6011952540773,396.7127303606214,97.15540030493005,3,93.84196457407978,177.20159758612283,72.68133176071379,1086.0576825765227,2168.7523591119843,880.1085964029837,21.565350865813418,21.097059162806545,0.3975562054792302
3,229.10500149709992,364.96217184370914,96.95251238082538,897.108630097529,1125.9975138940185,306.74541062116396,259.6011952540773,396.7127303606214,97.15540030493005,3,97.8463873419404,177.20159758612283,73.47063232927117,1438.754460906877,2168.7523591119843,1008.2575578231181,21.565350865813418,21.097059162806545,0.3975562054792302
3,218.46661254113818,358.50475383599206,101.76707549350265,635.9593009280746,1101.7982189160311,370.3476652862929,259.6011952540773,396.7127303606214,97.15540030493005,3,97.8463873419404,177.20159758612283,73.47063232927117,1438.754460906877,2168.7523591119843,1008.2575578231181,21.565350865813418,21.097059162806545,0.3975562054792302
3,182.49018455106173,358.50475383599206,141.60562464319852,583.2695489709109,1101.7982189160311,434.85865555068034,262.5743229935908,396.7127303606214,94.88675604321459,3,97.8463873419404,177.20159758612283,73.47063232927117,1438.754460906877,2168.7523591119843,1008.2575578231181,21.565350865813418,21.097059162806545,0.3975562054792302
3,214.93312122435398,354.8969967941406,102.41257755118836,690.1004084804591,1101.798218916031,291.134971612364,244.26534860806282,396.7127303606214,110.67076819174753,3,97.8463873419404,177.20159758612283,73.47063232927117,1438.7544609068766,2168.752359111984,1008.257557823118,21.565350865813418,21.097059162806545,0.3975562054792302
3,218.6752113050098,366.123267036108,107.53537733165463,632.5709943681742,1101.798218916031,339.92984236081844,244.26534860806282,396.7127303606214,110.67076819174753,3,97.8463873419404,177.20159758612283,73.47063232927117,1438.7544609068766,2168.752359111984,1008.257557823118,21.565350865813418,21.097059162806545,0.3975562054792302
3,130.8636810242834,177.20159758612283,33.019816126321324,795.9492640953181,1101.7982189160311,250.38087065080546,153.80723960267963,198.73164381551334,32.142715341032975,3,42.08550377630307,116.25461248524715,52.598981068068404,865.9377559966757,2134.5110236086466,914.6099039882279,21.565350865813418,21.097059162806545,0.3975562054792302
3,130.79008469275075,176.9808085915249,32.916538221940435,797.6485865942644,1106.8961864128705,252.45955676539245,153.80723960267963,198.73164381551334,32.142715341032975,3,38.861758770775864,116.25461248524715,54.725053013586766,721.8370078695489,2134.5110236086466,998.9134617367417,21.638947197346074,21.097059162806545,0.40458273948789414
3,127.84045068419687,165.71761270220867,27.259412137701915,1529.3411161079614,3580.8976069038345,1470.3948965929878,153.80723960267963,198.73164381551334,32.142715341032975,3,42.255129055926695,116.25461248524715,52.495693465816686,823.8774808274035,2134.5110236086466,935.4212409098407,21.745483664735428,21.097059162806545,0.4585057699336238
3,104.88948176318588,115.11506315645315,7.61146256225053,2116.830080318807,3580.8976069038345,1140.899642187611,128.06856109565214,137.3516716480537,6.747125148028412,3,12.802188267611328,27.895790120301044,11.477999259348799,461.00307917084996,1045.887818638986,432.6405383745316,21.745483664735428,21.097059162806545,0.4585057699336238
3,104.88948176318588,115.11506315645315,7.61146256225053,2116.830080318807,3580.8976069038345,1140.899642187611,128.06856109565214,137.3516716480537,6.747125148028412,3,24.086936442698583,61.826969332421264,27.02327477258671,292.9473630704712,553.3128718098133,226.39003039732353,21.830142824984048,21.183375357195068,0.46233734118963526
2,109.1890612773326,115.68944636073641,6.500385083403813,2642.1028784714367,4486.655298578119,1844.5524201066826,131.34503749626276,137.3516716480537,6.006634151790934,2,5.796668802839132,10.427822728081722,4.6311539252425895,217.62059619852567,324.1214188735638,106.50082267503814,21.7268228997567,21.383201173356888,0.3436217263998138
2,105.78332521834321,114.70194449751065,8.918619279167451,2374.4304438961626,2776.818712104492,402.38826820832946,129.43363997124231,137.3516716480537,7.918031676811395,2,59.80840643004984,61.826969332421264,2.018562902371425,545.0287749801805,553.3128718098133,8.284096829632745,21.943690395926044,21.650772300251532,0.2929180956745121
2,105.78332521834321,114.70194449751065,8.918619279167451,2374.4304438961626,2776.818712104492,402.38826820832946,129.43363997124231,137.3516716480537,7.918031676811395,2,59.80840643004984,61.826969332421264,2.018562902371425,545.0287749801805,553.3128718098133,8.284096829632745,21.943690395926044,21.650772300251532,0.2929180956745121
2,105.78332521834321,114.70194449751065,8.918619279167451,2374.4304438961626,2776.818712104492,402.38826820832946,129.43363997124231,137.3516716480537,7.918031676811395,2,29.259037839236875,57.789843527678414,28.53080568844154,275.3723390752739,536.7446781505478,261.3723390752739,21.520014284709386,21.38925626916724,0.1307580155421455
2,74.8300660973799,96.86470593917575,22.03463984179585,1060.9301576520652,1972.0421756878332,911.1120180357681,129.43363997124231,137.3516716480537,7.918031676811395,2,59.80840643004984,61.826969332421264,2.018562902371425,545.0287749801805,553.3128718098133,8.284096829632745,21.943690395926044,21.650772300251532,0.2929180956745121
2,86.23873841315955,96.86470593917575,10.625967526016197,1042.4534171450373,1972.0421756878332,929.5887585427959,113.10679231787543,121.5156082944309,8.408815976555474,2,59.80840643004984,61.826969332421264,2.018562902371425,545.0287749801805,553.3128718098133,8.284096829632745,21.943690395926044,21.650772300251532,0.2929180956745121
2,85.5072908728254,95.40181085850742,9.894519985682031,782.0075041364595,1451.1503496706775,669.142845534218,113.10679231787543,121.5156082944309,8.408815976555474,2,59.80840643004984,61.826969332421264,2.018562902371425,545.0287749801804,553.3128718098133,8.284096829632858,21.943690395926044,21.650772300251532,0.2929180956745121
2,81.14383795704435,86.67490502694537,5.531067069901006,284.30670020469626,455.7487418071511,171.44204160245482,106.91955290767966,109.14112947403936,2.221576566359701,2,52.62702520372754,57.789843527678414,5.162818323950873,364.27763920599045,536.7446781505475,172.4670389445571,21.66127943094329,21.650772300251532,0.010507130691756572
2,102.60281406960308,129.5928572520628,26.990043182459722,154.58094916379736,196.29723972535328,41.71629056155592,144.41321485553323,184.12845336974652,39.71523851421328,2,72.62959322004136,87.46934291240431,14.83974969236295,395.15559993174344,536.7446781505475,141.5890782188041,21.66127943094329,21.650772300251532,0.010507130691756572
2,115.42924911465701,155.24572734217065,39.81647822751365,212.70824404831922,312.551829494397,99.84358544607778,144.41321485553323,184.12845336974652,39.71523851421328,2,72.62959322004136,87.46934291240431,14.83974969236295,395.15559993174344,536.7446781505475,141.5890782188041,21.66127943094329,21.650772300251532,0.010507130691756572
2,117.1429374620648,158.67310403698625,41.530166574921445,349.78334015223066,586.7020217022199,236.91868154998923,144.41321485553323,184.12845336974652,39.71523851421328,2,72.62959322004136,87.46934291240431,14.83974969236295,395.15559993174344,536.7446781505475,141.5890782188041,21.66127943094329,21.650772300251532,0.010507130691756572
2,148.21517801366278,161.29142171727952,13.07624370361674,1179.9594066670663,1482.0749970351258,302.11559036805943,172.99006812163412,184.12845336974652,11.138385248112385,2,47.46541417379875,87.46934291240431,40.003928738605566,249.79587571620294,253.56652171293933,3.7706459967364054,21.984115501223556,21.671786561635045,0.31232893958851093
2,148.79780055907878,162.4566668081115,13.658866249032727,1638.0141866300467,2398.1845569610864,760.1703703310397,172.99006812163412,184.12845336974652,11.138385248112385,2,44.112040376865636,87.46934291240431,43.35730253553867,166.1782257917627,253.56652171293933,87.38829592117662,21.686247195558785,21.671786561635045,0.014460633923739863
2,148.78333992515502,162.427745540264,13.64440561510898,1604.1988500793555,2330.553883859704,726.3550337803485,172.99006812163412,184.12845336974652,11.138385248112385,2,45.99585371344315,87.46934291240431,41.47348919896117,243.4346107236599,253.56652171293933,10.131910989279447,21.686247195558785,21.671786561635045,0.014460633923739863
2,148.78333992515502,162.427745540264,13.64440561510898,1604.1988500793555,2330.553883859704,726.3550337803485,172.99006812163412,184.12845336974652,11.138385248112385,2,51.35775917140441,87.46934291240431,36.111583740999905,587.2232817250476,920.8800417371558,333.65676001210824,21.686247195558785,21.671786561635045,0.014460633923739863
2,148.78333992515502,162.427745540264,13.64440561510898,1604.1988500793555,2330.553883859704,726.3550337803485,172.99006812163412,184.12845336974652,11.138385248112385,2,55.90654905547879,87.46934291240431,31.562793856925524,790.6756943772389,1327.7848670415383,537.1091726642995,21.686247195558785,21.671786561635045,0.014460633923739863
2,148.78333992515502,162.427745540264,13.64440561510898,1604.1988500793555,2330.553883859704,726.3550337803485,172.99006812163412,184.12845336974652,11.138385248112385,2,56.728006742185244,87.46934291240431,30.74133617021907,1005.0004934175261,1756.4344651221127,751.4339717045866,21.686247195558785,21.671786561635045,0.014460633923739863
2,148.78333992515502,162.427745540264,13.64440561510898,1604.1988500793555,2330.553883859704,726.3550337803484,172.99006812163412,184.12845336974652,11.138385248112385,2,65.07304931129659,87.46934291240431,22.39629360110773,1228.5514856509812,2203.536449589023,974.9849639380418,21.686247195558785,21.671786561635045,0.014460633923739863
3,121.31137818937891,162.427745540264,40.416958894548664,1217.5835025048088,2330.553883859704,806.6415627107305,147.4537804755589,184.12845336974652,37.24128162997483,3,51.13082356312568,87.46934291240431,26.891770036027737,957.4675994100693,2203.536449589023,883.5742187440328,22.056861784123168,21.671786561635045,0.5242611497486831
3,121.15496332212463,161.95850093850117,40.25813054803587,1196.827809971008,2268.286806258302,778.0303761218237,147.4537804755589,184.12845336974652,37.24128162997483,3,38.30031770786815,48.97782534663173,10.95115912173581,993.9321123796622,2203.536449589023,855.5862910819412,22.445276814400486,21.700707829482525,0.5267297373634168
3,85.46958989239458,135.13893431004604,35.432045871956106,560.3618101633241,877.843816299007,227.18882309831162,121.73170194923667,161.85168287352175,28.696098561454743,3,52.49523579157096,85.26150996129729,25.439450520762758,1835.6946584211826,4728.824087713585,2045.863026331038,22.445276814400486,21.700707829482525,0.5267297373634168
3,42.142469732261155,77.22654218456076,31.80593590117968,971.5804282611804,2170.093986132095,899.8020769592314,92.0427794386177,106.96221779077982,14.831705793882708,3,49.29158436996921,75.65055569649203,21.395068731175538,1676.1740051381869,4250.262127864598,1820.2805846819588,22.445276814400486,21.700707829482525,0.5267297373634168
3,37.68916751073696,77.22654218456076,31.180000892785603,779.0815866571157,2170.093986132095,985.7379177797928,110.89619630354287,129.34516593644037,13.741975048151275,3,48.968231589113834,74.68049735392592,20.99789481580624,1603.301362549654,4031.644200098999,1717.2306320142632,22.445276814400486,21.700707829482525,0.5267297373634168
3,97.46654828965075,165.96867033648792,49.77090986787532,1099.2947769746004,2170.093986132095,773.5030636429569,132.10256069601198,217.53060729815735,62.08755968978483,3,24.51413496369346,50.11414916961621,20.404463595589405,1347.8075336020472,3616.122773877896,1612.369521243161,22.369741147309885,21.700707829482525,0.4792416552950395
3,94.9053509144345,189.2441196718857,70.92036153369281,964.8814269394439,2170.093986132095,877.0340183351188,136.6088558455947,231.0494927469055,68.30378060009599,3,46.72547386834219,66.8159003686265,17.94785575557454,1606.0259886066003,3616.122773877896,1429.4155095784604,22.77505167452291,21.700707829482525,0.8679452326107857
3,103.65809328112154,205.19118690619072,74.4934844681254,1140.4307889198947,2170.093986132095,757.1791484437105,134.12972469245224,231.0494927469055,70.70335401499041,3,30.02290484711621,66.8159003686265,27.692561886189576,401.3183973139683,786.6553650136593,320.48673476627596,22.809140868069957,21.80297541012367,0.826078714473291
3,104.33540981708171,207.22313651407126,75.4170857969301,1417.9278415279186,2170.093986132095,763.4837280440497,134.12972469245224,231.0494927469055,70.70335401499041,3,30.859447462830143,66.8159003686265,26.796594753891416,426.1697822537091,786.6553650136593,289.99948175411646,22.862017691346256,21.96160587995258,0.7626219857651222
3,104.33540981708171,207.22313651407126,75.4170857969301,1417.9278415279186,2170.093986132095,763.4837280440498,134.12972469245224,231.0494927469055,70.70335401499041,3,35.80184716073854,66.8159003686265,22.062264595192087,674.966495578206,822.9442947927132,184.20876872352108,22.862017691346256,21.96160587995258,0.7626219857651222
3,103.13227653572251,207.22313651407126,75.86740440547732,1301.3330161150964,1820.3095098936283,659.3168805597309,134.12972469245224,231.0494927469055,70.70335401499041,3,32.741101761400024,66.8159003686265,26.930197686963595,626.1611656425811,1004.0414670308796,390.8959850041027,22.19372202212416,20.793203953585625,1.2491094467313546
3,103.13227653572251,207.22313651407126,75.86740440547732,1301.3330161150964,1820.3095098936283,659.3168805597309,134.12972469245224,231.0494927469055,70.70335401499041,3,33.99347563121723,66.8159003686265,25.47151111200286,656.9808245060317,1004.0414670308796,348.5890659915735,22.19372202212416,20.793203953585625,1.2491094467313546
3,103.15111844244602,207.22313651407126,75.86007855551073,1308.758747385327,1842.5867037043208,665.2192059145179,134.12972469245224,231.0494927469055,70.70335401499041,3,34.98971780632337,66.8159003686265,24.34077527689506,660.5504067657859,1004.0414670308796,343.7096592474367,22.19372202212416,20.793203953585625,1.2491094467313546
3,103.1463204728385,207.22313651407126,75.86194321470656,1307.401885515337,1838.51611809435,664.132225138701,134.12972469245224,231.0494927469055,70.70335401499041,3,34.98971780632337,66.8159003686265,24.34077527689506,660.5504067657859,1004.0414670308796,343.7096592474367,22.19372202212416,20.793203953585625,1.2491094467313546
3,114.51694386308769,207.22313651407126,65.59318657283491,983.6707530489358,1712.699204006974,583.938865093905,142.9202917813678,231.0494927469055,62.66728449457782,3,55.73588365840576,69.95596085283245,17.935738227518467,1428.8503025923173,2495.854075732413,759.6872024102908,22.19372202212416,20.793203953585625,1.2491094467313546
3,114.46587870879246,207.22313651407126,65.61956519753119,868.620676544744,1712.699204006974,597.1338602227981,142.9202917813678,231.0494927469055,62.66728449457782,3,55.73588365840576,69.95596085283245,17.935738227518467,1428.8503025923173,2495.854075732413,759.6872024102908,22.19372202212416,20.793203953585625,1.2491094467313546
3,92.1455315828208,207.22313651407126,85.22746890039036,729.8942096300598,1712.699204006974,719.9794775933627,146.113971708241,231.0494927469055,60.97467155015643,3,55.73588365840576,69.95596085283245,17.935738227518467,1428.8503025923173,2495.854075732413,759.6872024102908,22.19372202212416,20.793203953585625,1.2491094467313546
3,107.68389163413467,207.22313651407126,70.6674216794244,898.4063066689337,1712.699204006974,576.0792372951187,133.3223376817447,231.0494927469055,69.29414029386845,3,55.73588365840576,69.95596085283245,17.935738227518467,1428.8503025923173,2495.854075732413,759.6872024102908,22.19372202212416,20.793203953585625,1.2491094467313546
3,107.68389163413467,207.22313651407126,70.6674216794244,898.4063066689337,1712.699204006974,576.0792372951187,133.3223376817447,231.0494927469055,69.29414029386845,3,55.73588365840576,69.95596085283245,17.935738227518467,1428.8503025923173,2495.854075732413,759.6872024102908,22.19372202212416,20.793203953585625,1.2491094467313546
2,136.43460432645952,207.22313651407126,70.78853218761175,1090.8413144450897,1712.699204006974,621.8578895618843,160.89932877666178,231.0494927469055,70.15016397024372,2,50.195875303295395,69.95596085283245,19.76008554953705,1749.9477713816464,2495.854075732413,745.9063043507667,21.377404916769102,20.793203953585625,0.584200963183477
3,82.76552416127903,152.00545667544918,52.21377038400765,650.5457454885981,1082.9203559010502,366.19772585426654,150.62565967412627,212.72267813899407,46.51199014093228,3,36.39612242633202,65.64607213884776,22.186458709593353,1186.9396383834592,2422.100520574916,895.6591488395553,22.921084575057023,20.793203953585625,1.7599209298666765
3,82.06688737237853,152.00545667544918,52.3887220311879,650.3797463189713,1082.9203559010502,366.1838963505489,150.62565967412627,212.72267813899407,46.51199014093228,3,36.39612242633202,65.64607213884776,22.186458709593353,1186.9396383834592,2422.100520574916,895.6591488395553,22.921084575057023,20.793203953585625,1.7599209298666765
3,99.97988024316129,176.03464715530626,55.28481766123787,1718.534479771855,3413.9585155776813,1307.1861028847313,154.04940776112556,212.72267813899407,42.95985004773085,3,39.4093727001883,65.64607213884776,28.367203855108222,1461.2050752868515,2422.100520574916,1048.9537638154477,23.950872691854883,21.154774272446225,1.9873024917457445
3,121.41620033813096,174.10092607253597,39.878110317287735,1675.6547212064634,3381.7889337204065,1330.2423437829889,176.85009187350258,212.72267813899407,30.41213500925933,3,44.660425175701874,65.64607213884776,21.11995845716391,1507.1461597863606,2422.100520574916,985.1143272640207,28.186899402666725,25.10309266757031,4.018522191275537
3,153.43378575115756,208.55172726572448,55.4030588648548,1716.134112560456,3381.7889337204065,1283.817890969156,215.88542064215756,296.5676584087215,64.62429516586376,3,22.79743492464333,52.57360435636249,22.009437537866834,700.4459862613888,1959.5147052856387,892.0722473433243,32.38601711102525,25.594751135548115,5.05125377684362
3,129.15847475596283,208.55172726572448,89.03647140434713,1216.982311128165,3381.7889337204065,1534.0428085011033,221.46975324329142,296.5676584087215,58.076499357650285,3,23.376332510234448,54.31029711313584,22.79386519980358,706.0984958930782,1976.472234180707,900.0503276666972,32.38601711102525,25.594751135548115,5.05125377684362
3,154.07696083684604,261.0752639938538,96.5820078652775,2717.5237580236776,4710.383239047207,1955.594417400119,228.14528101976353,296.5676584087215,50.75580264066277,3,103.87071566780234,174.10092607253597,65.86641576169174,1095.0565945936407,2631.2251846359995,1096.9306323315466,35.99233362873585,33.86285440488175,1.9747119876936545
3,154.07696083684604,261.0752639938538,96.5820078652775,2717.5237580236776,4710.383239047207,1955.594417400119,228.14528101976353,296.5676584087215,50.75580264066277,3,103.87071566780234,174.10092607253597,65.86641576169174,1095.0565945936407,2631.2251846359995,1096.9306323315466,35.99233362873585,33.86285440488175,1.9747119876936545
3,149.15636282232185,257.9459063422634,94.72978308484797,1408.1443027542946,2858.730076743602,1144.7259350450151,228.14528101976353,296.5676584087215,50.75580264066277,3,102.68971225503823,174.10092607253597,67.4484143497772,1069.31912179297,2631.225184636,1119.710780259383,39.11184819102483,35.492394414867704,3.1743261875865323
3,97.17815308987697,135.11500168096842,41.16537145883468,1073.9502755815809,1969.1791132379378,734.7363720558133,169.80037909438207,190.34590366829397,14.647250131661323,2,109.95599988151466,116.45209208751977,6.496092206005109,1306.6572937951146,2464.9237915839167,1158.266497788802,38.14115932059567,35.492394414867704,2.6487649057279654
3,119.76100555041997,135.11500168096842,16.62324929842066,569.0389148813031,1083.151247041365,395.90389621142106,213.11319458719882,239.23698460987504,20.100315314015532,3,91.3937694745009,169.1550298513253,55.5122635778455,742.46309471448,881.5262204916844,145.88230479854357,41.53766265005819,40.60166563210224,1.1930588425773747
3,119.76100555041997,135.11500168096842,16.62324929842066,569.0389148813032,1083.1512470413652,395.90389621142117,213.11319458719882,239.23698460987504,20.100315314015532,3,91.3937694745009,169.1550298513253,55.5122635778455,742.46309471448,881.5262204916844,145.88230479854357,41.53766265005819,40.60166563210224,1.1930588425773747
2,139.01697054770858,175.9229690160482,36.90599846833962,702.468486238187,1155.9962014310536,453.52771519286665,229.9526695021346,232.58397542601932,2.6313059238847103,2,135.2543536016295,195.75469954301272,60.50034594138322,1652.873818298027,2952.382515551495,1299.5086972534682,36.286157308937376,31.56666403523719,4.719493273700191
3,144.92405937278443,175.9229690160482,31.996373844879386,504.10540460838723,1155.9962014310536,461.0201347478246,244.405625083994,273.31153624771287,20.55217013713596,3,150.56476268902554,201.01731139078214,54.57645669657859,1997.3477575025738,4310.412490004116,1683.3120345481482,41.32356972669215,31.56666403523719,8.099390444560271
3,173.18801113249037,192.3414193252683,16.866471766156817,866.3371108911306,1155.9962014310536,238.0888711839734,239.66547672746955,273.31153624771287,24.070780141591197,2,143.92642634003747,213.09884501982867,69.17241867979119,2342.0573448405803,4330.749568636602,1988.6922237960216,36.286157308937376,31.56666403523719,4.719493273700191
3,172.99478728994586,191.76174779763485,16.647845220555038,864.416728852715,1155.9962014310536,238.07338628477004,239.66547672746955,273.31153624771287,24.070780141591197,3,145.82461433250103,186.79686632120865,50.45019828320831,1051.585520945024,1473.125780331466,497.2456861805888,41.32356972669215,31.56666403523719,8.099390444560271
2,188.61325019617243,201.3035313762967,12.690281180124245,1067.719456854219,1155.9962014310536,88.27674457683452,250.3164499129814,273.31153624771287,22.995086334731482,2,130.77543699072746,186.79686632120865,56.02142933048119,913.2454506880125,1473.125780331466,559.8803296434536,36.286157308937376,31.56666403523719,4.719493273700191
3,176.17538181616646,201.3035313762967,20.41478134335791,902.7589324687675,1155.9962014310538,244.17030593372482,239.66547672746955,273.31153624771287,24.070780141591197,2,130.77543699072746,186.79686632120865,56.02142933048119,913.2454506880125,1473.125780331466,559.8803296434536,36.286157308937376,31.56666403523719,4.719493273700191
3,178.39005716940437,207.9475574360104,23.19211629291699,1301.0886940832431,2174.431997120811,661.8483207935071,239.66547672746955,273.31153624771287,24.070780141591197,2,130.77543699072746,186.79686632120865,56.02142933048119,913.2454506880125,1473.125780331466,559.8803296434536,36.286157308937376,31.56666403523719,4.719493273700191
2,191.9352632260293,207.9475574360104,16.012294209981107,1665.2140992759323,2174.431997120811,509.2178978448786,250.3164499129814,273.31153624771287,22.995086334731482,2,130.77543699072746,186.79686632120865,56.02142933048119,913.2454506880125,1473.125780331466,559.8803296434536,36.286157308937376,31.56666403523719,4.719493273700191
2,191.9352632260293,207.9475574360104,16.012294209981107,1665.2140992759323,2174.431997120811,509.2178978448786,250.3164499129814,273.31153624771287,22.995086334731482,2,42.16747797589556,84.19299420764665,42.02551623175109,132.64963078749582,263.29926157499165,130.64963078749582,36.343396363057025,31.56666403523719,4.77673232781984
3,172.6951686585803,207.9475574360104,30.187605434020305,1319.5003161945037,2174.431997120811,641.7979572643177,239.53352954690112,273.31153624771287,24.187987520054108,2,133.18261788426412,175.9229690160482,42.74035113178407,886.5971721859142,1328.265661459047,441.6684892731327,41.48252929871944,31.56666403523719,9.915865263482257
2,184.08220252640425,207.9475574360104,23.865354909606168,1535.0251975354593,2174.431997120811,639.4067995853518,250.3164499129814,273.31153624771287,22.995086334731482,2,168.36360130383093,175.9229690160482,7.559367712217252,1951.9977573972392,2575.729853335431,623.732095938192,58.38118668695208,51.3983945622017,6.982792124750375
2,280.458934955261,347.4963876078899,67.03745265262893,1540.7574077115623,1668.9679843195545,128.21057660799215,345.4741164507505,412.1627717871665,66.68865533641599,2,119.6941790775399,230.9879131783986,111.29373410085869,338.65695866512874,607.0318628588361,268.3749041937074,56.23196605760623,47.79754793593591,8.43441812167032
2,286.48973305973504,359.55798381683803,73.06825075710299,1582.2010329945808,1668.9679843195545,86.76695132497366,345.4741164507505,412.1627717871665,66.68865533641599,2,144.61106909436648,230.9879131783986,86.37684408403213,715.6955022475097,824.3591416361833,108.66363938867357,50.201167953132185,47.79754793593591,2.403620017196271
2,286.48973305973504,359.55798381683803,73.06825075710299,1582.2010329945808,1668.9679843195545,86.76695132497366,345.4741164507505,412.1627717871665,66.68865533641599,2,152.42166345036668,230.9879131783986,78.56624972803192,729.2638235000068,851.4957841411774,122.23196064117064,50.201167953132185,47.79754793593591,2.403620017196271
2,286.48973305973504,359.55798381683803,73.06825075710299,1582.2010329945806,1668.9679843195543,86.76695132497366,345.4741164507505,412.1627717871665,66.68865533641599,2,201.9434250551023,230.9879131783986,29.04448812329632,1128.8607864678818,1650.6897100769274,521.8289236090457,50.201167953132185,47.79754793593591,2.403620017196271
2,277.2953678200571,359.55798381683803,82.26261599678094,1211.7894552390826,1495.434081669607,283.6446264305242,345.4741164507505,412.1627717871665,66.68865533641599,2,201.9434250551023,230.9879131783986,29.04448812329632,1128.860786467882,1650.6897100769277,521.8289236090458,50.201167953132185,47.79754793593591,2.403620017196271
2,277.2953678200571,359.55798381683803,82.26261599678094,1211.7894552390826,1495.434081669607,283.6446264305242,345.4741164507505,412.1627717871665,66.68865533641599,2,201.9434250551023,230.9879131783986,29.04448812329632,1128.860786467882,1650.6897100769277,521.8289236090458,50.201167953132185,47.79754793593591,2.403620017196271
2,263.5190349811561,364.36522385123055,100.84618887007447,1938.1406488524483,3605.1773594112105,1667.0367105587623,345.4741164507505,412.1627717871665,66.68865533641599,2,154.49624734304916,230.9879131783986,76.49166583534942,1058.0903423548275,1509.1488218508189,451.05847949599143,41.18402681483394,34.570505693731974,6.613521121101968
2,192.55581398800663,364.36522385123055,171.80940986322392,1811.5886797056053,3605.1773594112105,1793.5886797056053,416.9265310374286,421.6902902876907,4.763759250262098,2,304.29008963591656,377.59226609343455,73.30217645751797,2201.8497917177,3796.6677205765645,1594.817928858864,41.18402681483394,34.570505693731974,6.613521121101968
2,196.61495899599322,364.36522385123055,167.75026485523733,1824.6344168464414,3605.1773594112105,1780.5429425647692,410.730984518025,412.1627717871665,1.4317872691414664,2,302.8583023667751,374.7286915551516,71.8703891883765,2204.0395158165484,3801.047168774261,1597.0076529577125,41.18402681483394,34.570505693731974,6.613521121101968
2,216.7599285248793,364.36522385123055,147.60529532635124,1833.4440701200258,3605.1773594112105,1771.7332892911847,397.70302241514116,412.1627717871665,14.459749372025328,2,305.4848031105944,348.6727673493839,43.187964238789505,2233.564235201033,3771.6866064903143,1538.1223712892809,41.18402681483394,34.570505693731974,6.613521121101968
2,227.52219543541818,364.36522385123055,136.84302841581237,1841.6140859660666,3605.1773594112105,1763.563273445144,397.70302241514116,412.1627717871665,14.459749372025328,2,279.2859164175522,348.6727673493839,69.38685093183169,2185.557190223412,3771.6866064903143,1586.1294162669024,41.18402681483394,34.570505693731974,6.613521121101968
2,224.9085834471513,364.36522385123055,139.45664040407925,1841.5749248211307,3605.1773594112105,1763.6024345900798,397.70302241514116,412.1627717871665,14.459749372025328,2,278.38522651709906,348.6727673493839,70.28754083228482,2173.4950603922694,3771.6866064903143,1598.1915460980451,41.18402681483394,34.570505693731974,6.613521121101968
2,224.9085834471513,364.36522385123055,139.45664040407925,1841.5749248211307,3605.1773594112105,1763.6024345900798,397.70302241514116,412.1627717871665,14.459749372025328,2,278.38522651709906,348.6727673493839,70.28754083228482,2173.4950603922694,3771.6866064903143,1598.1915460980451,41.18402681483394,34.570505693731974,6.613521121101968
2,225.27756517663283,364.36522385123055,139.08765867459772,1841.5808500927722,3605.1773594112105,1763.5965093184384,397.70302241514116,412.1627717871665,14.459749372025328,2,279.2859164175522,348.6727673493839,69.38685093183169,2173.557190223412,3771.6866064903143,1598.1294162669026,41.18402681483394,34.570505693731974,6.613521121101968
2,95.60052699336822,162.4241239686665,66.82359697529827,646.2335168269784,1219.6115146157713,573.3779977887929,269.11205290241423,318.89430354654917,49.78225064413495,3,105.96568560395785,180.23490885214062,64.26078952423178,1830.886115983841,3438.8029063662293,1331.5934446465124,43.892374209123425,39.094893406138645,4.453024126672621
2,139.1838486409295,164.17986565773282,24.996017016803314,1177.0292083309366,1293.4292221371084,116.40001380617173,188.13786149055352,219.32980225827927,31.191940767725768,2,111.80480203328807,117.85102731668908,6.046225283401007,957.4375010569163,982.317073823468,24.879572766551746,40.92649125242009,39.094893406138645,1.8315978462814506
3,305.4242506971481,571.7187873337659,189.28363139394216,2612.7924777682992,4519.978716198285,1648.1124337492167,378.71093055459977,643.9991105234016,188.13580533875347,3,88.62382636145679,211.97912701674073,89.90652292365414,607.5396507262243,1506.9729987760902,648.5133278574,62.574531600898524,51.673447894749245,7.711345369320794
3,299.0042187667252,564.1760432457916,191.1593763274482,1225.8331206544808,1630.0987535084523,422.47797476002086,378.71093055459977,643.9991105234016,188.13580533875347,3,88.66764352673387,211.97912701674073,89.93385147644396,826.8674411536409,1506.9729987760902,622.135976795314,50.1900645198214,47.08158755266743,2.198786367964037
3,276.1517376907572,564.1760432457916,213.84239200267962,1078.899516043585,1630.098753508452,626.920434036267,364.6548634146796,643.9991105234016,200.03376787839068,3,33.70340943642028,61.40069548930123,19.75289962665525,536.4549201005217,1052.6615491724715,374.27707807219326,40.647818272798865,34.70880497436421,5.063268035130695
3,276.1517376907572,564.1760432457916,213.84239200267962,1078.899516043585,1630.098753508452,626.920434036267,364.6548634146796,643.9991105234016,200.03376787839068,3,35.109608973910184,61.40069548930123,18.609945826173398,586.2481104020626,1052.6615491724715,330.5220190419204,40.647818272798865,34.70880497436421,5.063268035130695
3,240.98541749454407,509.98624852399337,208.8062830124393,624.2476106346998,1404.6969345352663,582.9444898124877,357.15343237589485,643.9991105234016,206.88569557726217,3,21.896222070910138,32.153141110333806,8.86116573739389,568.6454023032667,1154.1121751812902,422.57309113522524,37.67849867996008,34.70880497436421,2.2500147838120568
2,59.53624325493108,61.40069548930123,1.8644522343701517,754.9984265295395,897.6094246560941,142.61099812655465,114.67704404797446,120.87180505398027,6.194761006005805,2,51.230897689075704,73.77347806760444,22.542580378528744,2323.895225157112,3937.4916140985597,1613.596388941448,36.441216874257634,34.70880497436421,1.7324118998934246
3,69.18403502314945,81.93109910402603,11.597352536018269,1584.6481845099995,2916.3273758858004,1069.154913445279,123.47394533629411,132.47719522395698,6.552451113088227,3,41.11419166514171,71.74818426789658,21.985869445109586,917.0558631495201,2141.6988945434096,866.8909302262199,45.9449133381031,38.17362877415106,5.525359999731875
3,68.36827061727301,81.93109910402603,11.473711065127967,1394.603424435744,2346.193095663033,842.1216929670904,123.47394533629411,132.47719522395698,6.552451113088227,3,54.705349061152475,71.74818426789658,17.640904832583047,1155.5139834846802,2141.6988945434096,741.3874487477339,50.069069120029724,49.12362078608369,0.668542159474483
3,68.36827061727301,81.93109910402603,11.473711065127967,1394.603424435744,2346.193095663033,842.1216929670904,123.47394533629411,132.47719522395698,6.552451113088227,3,54.705349061152475,71.74818426789658,17.640904832583047,1155.5139834846802,2141.6988945434096,741.3874487477339,50.069069120029724,49.12362078608369,0.668542159474483
3,68.36827061727301,81.93109910402603,11.473711065127967,1394.603424435744,2346.193095663033,842.1216929670904,123.47394533629411,132.47719522395698,6.552451113088227,3,54.705349061152475,71.74818426789658,17.640904832583047,1155.5139834846802,2141.6988945434096,741.3874487477339,50.069069120029724,49.12362078608369,0.668542159474483
4,114.50915031891861,265.6618839949792,98.29490854633197,759.9222872622508,1884.413188143798,709.9670700572451,195.15657359157953,316.5607531379063,72.97305857058517,3,60.1430651981158,81.93109910402603,21.773344290372695,1476.335186191056,2269.0239215929414,815.7552238686013,50.069069120029724,49.12362078608369,0.668542159474483
4,227.51521406613767,329.51039285187403,75.70963066891132,964.6813241016036,1884.4131881437977,550.5782794707645,298.38876351539176,408.57518922517045,79.2607803350471,3,125.9994974107099,265.6618839949792,100.97164049135372,1790.8106049612934,2749.3084609451907,1034.6569656409322,50.66081857231088,50.53749045407454,0.1683638322191023
3,264.2438269694505,329.51039285187403,53.87817876217974,1349.2176329964987,1884.4131881437977,480.8652141390849,335.45182207735803,408.57518922517045,53.68128624163622,3,147.53916001339584,265.6618839949792,90.9139352812286,1657.9434252769709,2749.3084609451907,893.7728822535464,52.06588408680668,50.546096119930944,1.9053074314260239
4,232.896112629954,329.51039285187403,71.59037081185615,1082.0905146103999,1884.4131881437977,622.4903274417632,313.16437728467406,408.57518922517045,60.42723686863539,3,147.53916001339584,265.6618839949792,90.9139352812286,1657.9434252769709,2749.3084609451907,893.7728822535464,52.06588408680668,50.546096119930944,1.9053074314260239
3,227.2445311398495,340.72589631238293,84.30220763766128,2480.1431722655598,4362.958239448585,1681.5419620757061,312.0322520002633,408.57518922517045,69.73861515305431,3,67.1100754045666,132.4469008319309,53.09227293124523,678.3819561957422,1664.47166138414,712.4799303545781,59.77280728562118,54.752686997561995,4.379538737820027
3,46.87896484134408,93.23602977973698,34.72433009364381,1653.0149830790788,4700.25270265008,2154.761303476117,144.9215903765787,159.9173519990041,13.312063832714928,3,31.263847868160667,47.13119987674119,15.587824901575614,939.6070194534794,2014.7389254210289,763.6803120617986,68.25551879549344,65.52273998137971,3.082002158795827
3,62.31981698218069,93.23602977973698,23.096577234713784,1658.6951053634884,4700.25270265008,2150.7143221572,160.55795938399868,174.4757422117292,11.111532213557384,3,44.725777589433356,94.39461201762438,37.67280063603335,1325.4514172042504,3409.2718537210085,1483.1702905921434,68.25551879549344,65.52273998137971,3.082002158795827
3,58.62773590223296,87.3548578131706,21.001291723748487,1226.545930115054,3381.9811994618694,1524.1257067076,160.55795938399868,174.4757422117292,11.111532213557384,3,50.79768414530438,94.39461201762438,31.443438223931626,1382.2551114251828,3409.2718537210085,1436.7781444232073,70.72298281703065,65.52273998137971,3.729202042347969
3,77.13924216572265,106.32906364517683,28.92054031434534,1589.6303040391724,3381.9811994618694,1344.105046609585,160.55795938399868,174.4757422117292,11.111532213557384,3,45.725612937397244,94.39461201762438,36.581423688228206,1309.5662536195814,3409.2718537210085,1496.658151239552,68.7439709112552,65.52273998137971,2.904835442678482
3,77.13924216572265,106.32906364517683,28.92054031434534,1589.6303040391722,3381.9811994618694,1344.105046609585,160.55795938399868,174.4757422117292,11.111532213557384,3,44.01726968283837,94.39461201762438,37.577209249186915,1309.228080172183,3409.2718537210085,1499.5039378106512,68.50240956473435,65.52273998137971,2.5903585600164156
2,130.05457524598182,158.61323315073238,28.558657904750547,1898.9887163914718,2722.117519278755,823.1288028872832,200.61782696450697,226.75991171728475,26.142084752777777,2,16.85084914305588,32.758388606406555,15.907539463350677,226.40794469756588,432.81588939513176,206.40794469756588,63.56395283839504,62.91632303478232,0.6476298036127162
2,260.88793590092797,343.95108626435297,83.063150363425,1585.0547293949153,1957.9059382441098,372.85120884919445,333.486077331463,415.27167896298386,81.78560163152085,2,97.62419719229443,162.548329075277,64.92413188298256,1071.2358993807456,1938.2873210818054,867.0514217010597,64.2407442905551,64.21158264200776,0.029161648547344043
2,260.88793590092797,343.95108626435297,83.063150363425,1585.0547293949153,1957.9059382441098,372.85120884919445,333.486077331463,415.27167896298386,81.78560163152085,2,52.709083223204786,72.7181011370977,20.00901791389292,1010.8794253964905,1817.574373113295,806.6949477168044,64.2407442905551,64.21158264200776,0.029161648547344043
2,267.3939434162649,351.0600963209761,83.66615290471115,2116.4475840244945,3339.705324895279,1223.2577408707843,335.16003108658424,415.27167896298386,80.11164787639962,2,95.78396110124874,137.52089451793313,41.73693341668439,376.25898165518197,446.0572620657258,69.79828041054384,59.97322213127551,59.686984272810136,0.28623785846537686
3,211.99068713868448,274.4194853669967,44.20955781354982,1138.3030562001018,1309.5158049008742,177.81598274442575,289.1837872278238,360.8025027733446,50.66052002277481,2,166.4411467276538,195.36139893737447,28.920252209720672,1493.3665720194963,2540.6758819732668,1047.3093099537705,59.97322213127551,59.686984272810136,0.28623785846537686
3,211.3945678865882,272.63112761070784,43.36779567117495,847.5967436221771,1212.203520545721,317.95218254072296,289.1837872278238,360.8025027733446,50.66052002277481,2,166.4411467276538,195.36139893737447,28.920252209720672,1493.3665720194963,2540.6758819732668,1047.3093099537705,59.97322213127551,59.686984272810136,0.28623785846537686
3,220.41968866890124,272.63112761070784,37.917392196385926,581.0515231341778,893.1898431537102,220.94775857517072,306.63833387496294,360.8025027733446,43.21229301005634,3,171.08739215220632,195.36139893737447,24.510457326202335,1340.5374529228516,2540.6758819732668,882.0154985967886,63.75567898706063,59.686984272810136,5.354304916559903
3,232.56742439926936,298.0817422075315,48.15073817370544,1498.7402409731174,2905.556734879431,997.973160722012,306.63833387496294,360.8025027733446,43.21229301005634,3,153.12607875610072,195.36139893737447,30.202142232354856,1287.6490401822005,2540.675881973267,903.2592464446111,60.889068276121385,59.686984272810136,1.3161191928560299
3,230.27365150279738,298.0817422075315,50.52791735114784,1366.6891658395396,2905.556734879431,1091.2160943500546,306.63833387496294,360.8025027733446,43.21229301005634,3,153.12607875610072,195.36139893737447,30.202142232354856,1287.6490401822002,2540.675881973267,903.2592464446112,60.889068276121385,59.686984272810136,1.3161191928560299
3,214.50140059741727,301.11551850053445,71.29493167270307,2533.0664052914344,4923.274693159251,1769.1894136176172,284.6944405978373,360.8025027733446,71.37604580405717,3,77.46023454418335,126.49594281299457,37.509346830372536,695.2679827987748,876.2139765076076,143.60754129412135,55.80563217593658,45.00915168918648,7.734077959463067
3,214.8399365747963,302.1311264326715,71.70662790530362,2537.2273214410643,4935.757441608141,1774.811742195491,284.6944405978373,360.8025027733446,71.37604580405717,3,63.36686211958456,126.49594281299457,51.40023858235576,500.6861081956972,876.2139765076076,363.99946623613647,56.65564102015842,45.00915168918648,8.237679234670775
3,208.9545521442742,284.47497314110524,64.68099849196174,1611.0995210066594,2157.3740403049255,650.1471193337128,284.6944405978373,360.8025027733446,71.37604580405717,3,63.6692704458353,126.49594281299457,51.03137079292677,518.9555120254018,876.2139765076076,339.3537839909147,57.741245297532906,45.00915168918648,9.07384980548674
3,205.21644795838134,273.26066058342667,60.390164828629565,1273.050381005174,1978.4503778288413,530.9524046300241,284.6944405978373,360.8025027733446,71.37604580405717,3,75.40319675275124,126.49594281299457,37.69083398759131,718.4335706118194,876.2139765076079,112.96559893585834,57.88205869805294,45.00915168918648,9.19552831314162
3,120.15325650979595,200.21413814945035,58.78256808432175,325.53904290022314,777.7979809333565,320.71466567985067,263.71903806254767,304.06411564135954,43.34428096391706,3,135.7013062506576,238.5035342270191,80.44337520765508,2307.9740844286757,4707.37661428116,1707.1810452339207,57.88205869805294,45.00915168918648,9.19552831314162
3,139.61284622991386,218.61269993966988,98.99827158338111,534.1097759497414,822.5313469158682,376.7013660306126,326.53189091339806,417.95887345515973,64.6860573902562,3,48.36832118818028,77.53730752118376,21.71566155188606,1549.7965921772554,2664.1337329968346,837.5393600041411,62.693519539811405,45.00915168918648,13.319928713948995
3,195.3370257993697,307.0189993953197,93.24281914752817,1162.448362371701,2150.171637736459,704.0951876999608,326.53189091339806,417.95887345515973,64.6860573902562,3,48.36832118818028,77.53730752118376,21.71566155188606,1549.7965921772554,2664.1337329968346,837.5393600041411,62.693519539811405,45.00915168918648,13.319928713948995
3,239.0491495652299,295.9123105645274,41.095787975174346,873.9311582271815,1595.896301342636,554.4188864912189,361.0477933878997,417.95887345515973,56.79176710125067,3,47.616580895801214,75.28208664404656,20.708577424383563,1330.5631103053988,2006.433287381265,555.8766013976935,62.693519539811405,45.00915168918648,13.319928713948995
3,239.0491495652299,295.9123105645274,41.095787975174346,873.9311582271815,1595.896301342636,554.4188864912189,361.0477933878997,417.95887345515973,56.79176710125067,3,47.616580895801214,75.28208664404656,20.708577424383563,1330.5631103053988,2006.433287381265,555.8766013976935,62.693519539811405,45.00915168918648,13.319928713948995
3,201.00555694293507,295.9123105645274,86.82361646516983,691.6784999063747,1595.896301342636,639.4164674587408,370.7181378698008,417.95887345515973,43.73503787462584,3,47.616580895801214,75.28208664404656,20.708577424383563,1330.5631103053988,2006.433287381265,555.8766013976935,62.693519539811405,45.00915168918648,13.319928713948995
3,229.9817150638337,295.9123105645274,59.43102362425517,1132.5506239012332,1595.896301342636,441.24675806318305,370.7181378698008,417.95887345515973,43.73503787462584,3,13.601478926960127,25.463214331397893,10.375775647673278,281.12539923326744,644.9243810376722,269.28146603313496,69.323161277833,61.92032319949956,6.226987369036278
3,239.54673162528297,307.14203842286054,64.95889398786073,2081.2577225859113,3993.289779652704,1434.2714161564725,370.7181378698008,417.95887345515973,43.73503787462584,3,86.70366418483884,200.21413814945035,80.34752810656325,877.3689554744511,1360.1984704877136,341.49057538021293,75.45665156566766,65.9162638391592,7.197203333301789
3,239.54673162528297,307.14203842286054,64.95889398786073,2081.2577225859113,3993.289779652704,1434.2714161564725,370.7181378698008,417.95887345515973,43.73503787462584,3,75.9738167314879,200.21413814945035,88.36109605347256,712.7361939383121,1360.1984704877136,503.25623080482234,82.26284634948901,77.15514309108855,3.8184861309076688
3,241.5177711028829,313.05515685566036,67.03651197495029,2303.887142794649,4661.178040278918,1734.2466344955242,370.7181378698008,417.95887345515973,43.73503787462584,3,75.80754591901798,200.21413814945035,87.9979617770661,621.0199771443025,1360.1984704877136,522.8477920302516,82.84869514182334,77.15514309108855,4.476430348940645
3,262.1791889842709,297.1544844209165,27.57377208770994,1892.055665772147,3338.4171420608072,1114.6026032809918,371.78508220687075,417.95887345515973,42.318434136669346,3,176.8086678677478,229.75782463019476,43.05735926510572,1646.849519993566,2971.0587124927943,997.292186236038,89.2197412191069,70.8756608820976,16.467360052162864
3,262.1791889842709,297.1544844209165,27.57377208770994,1892.055665772147,3338.4171420608072,1114.6026032809918,371.78508220687075,417.95887345515973,42.318434136669346,3,176.8086678677478,229.75782463019476,43.05735926510572,1646.849519993566,2971.0587124927943,997.292186236038,89.2197412191069,70.8756608820976,16.467360052162864
3,262.1791889842709,297.1544844209165,27.57377208770994,1892.055665772147,3338.4171420608072,1114.6026032809918,371.78508220687075,417.95887345515973,42.318434136669346,3,176.8086678677478,229.75782463019476,43.05735926510572,1646.849519993566,2971.0587124927943,997.292186236038,89.2197412191069,70.8756608820976,16.467360052162864
3,193.7354119943425,259.6252579017015,67.51198362654871,727.3800480350943,1711.5878395731766,701.6603714212395,395.1514027120923,417.95887345515973,16.21613764461571,3,240.36064417584416,314.9478530066857,57.06625849452602,3156.37958707439,5092.930477097523,1511.2224348948375,89.2197412191069,70.8756608820976,16.467360052162864
3,193.7354119943425,259.6252579017015,67.51198362654871,727.3800480350943,1711.5878395731766,701.6603714212395,395.1514027120923,417.95887345515973,16.21613764461571,3,240.36064417584416,314.9478530066857,57.06625849452602,3156.37958707439,5092.930477097523,1511.2224348948375,89.2197412191069,70.8756608820976,16.467360052162864
3,252.23886043969864,267.3334987871996,16.204978097040875,1158.9261730859475,1711.5878395731766,443.3465446224618,361.0732956847453,385.82351388878334,32.11116658162835,3,238.97674647702766,310.79615991023627,55.26251958535143,2808.0646768065603,4047.9857462940345,1085.0717497862836,89.2197412191069,70.8756608820976,16.467360052162864
3,268.110311846194,314.9478530066857,35.29241976239415,1230.9187973058754,1711.5878395731763,451.72678327066626,361.0732956847453,385.82351388878334,32.11116658162835,3,210.95815364927194,310.79615991023627,90.17751675538918,2542.392427696411,4047.9857462940345,1436.6542425660255,74.27531845197437,65.98356673090161,8.504897988900938
3,232.19285872938914,314.9478530066857,66.59733345991052,840.0213669587682,1355.0065366619929,365.8881002282266,338.0239285412702,385.82351388878334,33.82466163947101,3,234.5896028280312,244.84889149102102,7.631818026965523,1599.7590969455134,2438.6367198871144,604.5812280370375,74.27531845197437,65.98356673090161,8.504897988900938
3,229.32593124385062,314.9478530066857,70.08699147009459,823.7705319299557,1355.0065366619929,379.72275828982384,338.0239285412702,385.82351388878334,33.82466163947101,3,231.80099498654158,244.84889149102102,9.285255742359558,1591.5211887776359,2438.6367198871144,608.4458297024812,74.27531845197437,65.98356673090161,8.504897988900938
2,272.3528388184402,314.9478530066857,42.59501418824547,990.5842761722254,1355.0065366619933,364.42226048976795,350.774033130951,385.82351388878334,35.049480757832356,3,104.23903506862011,223.99710184961873,89.98579408149254,609.4627568222635,1298.7531370322813,515.7891877335134,44.71452429285824,33.29223901862661,15.053232141971998
3,256.23425982883305,314.9478530066857,41.58333800638143,919.370231947718,1355.0065366619933,314.1315056096757,330.5095782808075,385.82351388878334,40.50029211840478,3,120.51415184659534,223.99710184961873,73.92367243485666,716.476998602055,1298.7531370322813,413.4527682088733,44.942488633611134,33.97613204088529,14.882741210427106
3,256.23425982883305,314.9478530066857,41.58333800638143,919.3702319477179,1355.0065366619933,314.1315056096757,330.5095782808075,385.82351388878334,40.50029211840478,3,185.96071453581837,252.2467785138435,74.66320575562321,988.0278097679361,1298.7531370322813,367.74480979248,44.942488633611134,33.97613204088529,14.882741210427106
2,250.39450790242296,314.9478530066857,64.55334510426273,765.9758238806888,1355.0065366619933,589.0307127813046,350.774033130951,385.82351388878334,35.049480757832356,3,185.96071453581837,252.2467785138435,74.66320575562321,988.0278097679361,1298.7531370322813,367.74480979248,44.942488633611134,33.97613204088529,14.882741210427106
2,269.4724774281522,314.9478530066857,45.47537557853349,1065.9743400803482,1355.0065366619933,289.03219658164517,337.90209123465183,385.82351388878334,47.921422654131504,3,185.96071453581837,252.2467785138435,74.66320575562321,988.0278097679361,1298.7531370322813,367.74480979248,44.942488633611134,33.97613204088529,14.882741210427106
2,234.6343309133385,245.27155997705825,10.637229063719758,673.8745978215936,776.942143498703,103.06754567710931,337.90209123465183,385.82351388878334,47.921422654131504,3,135.49333751404308,252.2467785138435,82.6396586536929,664.5706850942969,1193.832276341864,378.7778059670108,33.699009825687575,32.253130307130945,1.0852584851073441
2,238.12194018173113,252.2467785138435,14.12483833211239,1649.8107949921193,2522.6794464855357,872.8686514934163,288.10178956762456,289.98066858052033,1.8788790128957658,3,195.3229250029667,252.2467785138435,80.3872228046997,1451.7387452550338,2689.885943493575,923.8318964403181,33.699009825687575,32.253130307130945,1.0852584851073441
2,238.12194018173113,252.2467785138435,14.12483833211239,1649.8107949921196,2522.679446485536,872.8686514934165,288.10178956762456,289.98066858052033,1.8788790128957658,3,195.3229250029667,252.2467785138435,80.3872228046997,1451.7387452550338,2689.885943493575,923.8318964403179,33.699009825687575,32.253130307130945,1.0852584851073441
2,250.64775332673423,252.2467785138435,1.5990251871092624,1699.154663907289,2522.679446485536,823.5247825782471,285.2798870564618,286.2229105547288,0.9430234982670243,3,146.07542832049884,252.0837332510638,75.53822128810963,1352.8505744344368,2689.885943493575,961.2652659095962,33.699009825687575,32.253130307130945,1.0852584851073441
2,250.64775332673423,252.2467785138435,1.5990251871092624,1699.154663907289,2522.679446485536,823.5247825782471,285.2798870564618,286.2229105547288,0.9430234982670243,3,181.2135561969856,252.0837332510638,71.95979442269518,1174.5746115711052,2689.885943493575,1071.6216097079462,33.83913258886201,32.253130307130945,1.2428168661032282
2,251.3539329685057,253.6591377973864,2.3052048288807043,1847.6043016751187,2819.5787220211955,971.9744203460768,285.2798870564618,286.2229105547288,0.9430234982670243,3,181.2135561969856,252.0837332510638,71.95979442269518,1174.5746115711052,2689.885943493575,1071.6216097079462,33.83913258886201,32.253130307130945,1.2428168661032282
3,185.65525634468153,249.04872813962498,46.52201065751505,1237.8393775860593,1680.90097556616,333.6846620870681,262.06331090179646,284.33686355819475,16.64919358198491,3,129.67744323328392,222.24976130231607,90.32066775672752,1205.9192616595585,2379.650883382812,949.4020410360564,43.16643775584074,32.253130307130945,13.345317849793876
3,177.08078678077536,220.73933743571737,32.90591062661359,1789.0063081442513,3486.3937182420027,1343.9529139588406,262.06331090179646,284.33686355819475,16.64919358198491,3,130.62264012268088,222.24976130231607,94.58328474445108,1431.2349036913286,2379.6508833828116,1028.492767457974,57.99924675463725,35.28813541856978,16.733044432822343
3,138.75304242891926,246.04770234691193,88.66377700598595,1371.5532318606201,3486.3937182420027,1507.5197458980467,307.06431802522013,418.01589558279534,78.60485309543363,3,90.9532943363675,120.13612013826659,36.32428914651152,634.6908345903759,1049.120970177157,376.84657264015254,81.70798157881553,75.1120787228646,9.050498416283823
3,181.17949970094037,288.49117056962905,76.70997981173355,1494.4424328411899,3486.3937182420027,1426.0117450561013,329.591789169451,418.01589558279534,66.52961725738017,3,80.10896692314243,120.13612013826659,32.63358467187845,524.0530906602402,727.0083940418041,280.43643035430074,81.55762477250688,75.1120787228646,8.837896260486293
3,206.53994762253464,294.62306347293395,64.64441816975413,1851.0221312361336,3486.3937182420027,1210.9159988406225,329.591789169451,418.01589558279534,66.52961725738017,3,87.88218820723849,141.29992920316448,61.192065717221375,1418.0997518617396,3499.579118089692,1497.825085100018,92.89560096161416,75.1120787228646,17.24355425272867
3,206.53994762253464,294.62306347293395,64.64441816975413,1851.0221312361336,3486.3937182420027,1210.9159988406225,329.591789169451,418.01589558279534,66.52961725738017,3,116.72598710595848,141.29992920316448,21.591789321785896,1650.638005764402,3499.579118089692,1307.4172599849976,102.80811931750134,75.1120787228646,19.587034255132757
3,162.06358075887434,294.62306347293395,118.061311216298,698.0971281564493,1473.3887933367355,594.8681347411566,344.14550223270686,418.01589558279534,52.464347405589955,3,99.50091862320187,141.29992920316448,30.694165317761325,1495.0718328953546,3499.5791180896927,1431.091123215568,102.80811931750134,75.1120787228646,19.587034255132757
3,160.48209559028646,294.62306347293395,120.12985681351647,691.5575584887994,1473.3887933367355,602.2648174505291,345.6294840379258,418.01589558279534,51.278149376221855,3,99.50091862320187,141.29992920316448,30.694165317761325,1495.0718328953546,3499.5791180896927,1431.091123215568,102.80811931750134,75.1120787228646,19.587034255132757
3,221.64442738522203,301.777928065074,56.68935434000219,1622.0442658799702,2887.999173374561,951.7091637466415,344.69626893213837,418.01589558279534,52.0173766119741,3,109.16143352558709,127.4408861041504,15.87109681220011,1157.2760626270028,2492.7598917983646,965.309186622861,114.1047627633062,109.00200906027919,3.6243104556231094
3,221.64442738522203,301.777928065074,56.68935434000219,1622.0442658799702,2887.999173374561,951.7091637466415,344.69626893213837,418.01589558279534,52.0173766119741,3,109.16143352558709,127.4408861041504,15.87109681220011,1157.2760626270028,2492.7598917983646,965.309186622861,114.1047627633062,109.00200906027919,3.6243104556231094
3,221.64442738522203,301.777928065074,56.68935434000219,1622.04426587997,2887.999173374561,951.7091637466417,344.69626893213837,418.01589558279534,52.0173766119741,3,120.68071342827766,142.34148936224454,15.362244309403064,1092.7905882028008,2044.0073882608194,738.2786236608652,95.47782786967925,61.1935070310372,24.421995075814568
3,234.31450608818417,301.777928065074,49.65628603421612,1497.9901834860455,2887.999173374561,997.6868552108178,345.18842256290844,418.01589558279534,51.62464168059242,3,132.77466934597973,243.1342898702208,82.74689195297229,1376.2445686589292,3390.130127346902,1427.6796739007057,85.68485766153383,61.1935070310372,19.535391378161037
3,234.31450608818417,301.777928065074,49.65628603421612,1497.9901834860455,2887.999173374561,997.6868552108178,345.18842256290844,418.01589558279534,51.62464168059242,3,103.20458411248325,243.1342898702208,99.3265058142765,1357.4898476128835,3390.130127346902,1442.7154638445222,83.43146997919133,61.1935070310372,16.932272880310506
3,218.77035942708332,301.777928065074,58.92956686328445,1222.3163485788875,2887.999173374561,1189.5132172624662,363.1810949630124,418.01589558279534,42.92076939731826,3,182.89258092881877,297.11230707053306,110.12397873187756,2452.555155988389,5526.483427198401,2204.3567740503054,81.56771359373634,61.1935070310372,14.95102416991451
3,218.77035942708332,301.777928065074,58.92956686328445,1222.3163485788875,2887.999173374561,1189.5132172624662,363.1810949630124,418.01589558279534,42.92076939731826,3,182.89258092881877,297.11230707053306,110.12397873187756,2452.555155988389,5526.483427198401,2204.3567740503054,81.56771359373634,61.1935070310372,14.95102416991451
3,228.10353940917187,301.777928065074,52.460994467325364,1274.124131834848,2887.999173374561,1145.8170328193953,363.1810949630124,418.01589558279534,42.92076939731826,3,182.89258092881877,297.11230707053306,110.12397873187756,2452.555155988389,5526.483427198401,2204.3567740503054,81.56771359373634,61.1935070310372,14.95102416991451
3,209.2020607548694,222.37291478115483,14.884750989159036,372.7344464798105,772.5771712202513,282.7830800142949,372.38788073148515,418.01589558279534,33.04223150771201,3,182.89258092881877,297.11230707053306,110.12397873187756,2452.555155988389,5526.483427198401,2204.3567740503054,81.56771359373634,61.1935070310372,14.95102416991451
3,137.08512222531402,222.37291478115483,97.58066912201757,318.00159789524787,772.5771712202513,329.4939091002604,343.5005098283391,358.30581410157026,11.162557109953957,3,167.86450129651925,252.0280681736346,95.63456888873525,2203.446424626055,4779.157233111399,1857.905908140532,81.56771359373634,61.1935070310372,14.95102416991451
3,169.948718797466,222.37291478115483,51.99788858327877,379.2611045892624,772.5771712202513,278.1285430368344,371.6002095993649,415.6528821864347,31.955440450811,3,167.86450129651925,252.0280681736346,95.63456888873525,2203.446424626055,4779.157233111399,1857.905908140532,81.56771359373634,61.1935070310372,14.95102416991451
3,176.3155642323612,222.37291478115483,36.156047481085835,490.9706856092468,772.5771712202513,213.06087607839115,421.0577377939576,489.2145170938679,53.579731726869944,3,164.40775489794467,241.6578289779108,92.67148830398185,1219.5391993421592,1827.435557259712,565.1904723313143,81.56771359373634,61.1935070310372,14.95102416991451
3,261.48241646755923,428.0210100628307,123.15685086312817,1768.1113798060842,4088.768483494795,1646.4596806978834,421.0577377939576,489.2145170938679,53.579731726869944,2,3.733208428313077,5.606260258567204,1.873051830254127,166.53377086435466,299.54803850553617,133.0142676411815,47.92696540244789,44.27083943401698,3.6561259684309135
3,261.48241646755923,428.0210100628307,123.15685086312817,1768.111379806084,4088.768483494795,1646.4596806978836,421.0577377939576,489.2145170938679,53.579731726869944,3,8.46679354762509,21.41952037121483,9.159578604555609,215.49319551414496,545.7898658576878,233.95870073186262,51.898594641496665,44.27083943401698,6.360753285287128
3,261.48241646755923,428.0210100628307,123.15685086312817,1768.111379806084,4088.768483494795,1646.4596806978836,421.0577377939576,489.2145170938679,53.579731726869944,2,16.368517112142264,30.87687762622558,14.508360514083314,374.59008358545225,715.6606639477313,341.0705803622791,47.92696540244789,44.27083943401698,3.6561259684309135
3,261.48241646755923,428.0210100628307,123.15685086312817,1768.111379806084,4088.768483494795,1646.4596806978836,421.0577377939576,489.2145170938679,53.579731726869944,2,71.06211076431413,140.2640649305693,69.20195416625518,529.9219176957909,1026.3243321684085,496.4024144726177,47.92696540244789,44.27083943401698,3.6561259684309135
3,183.56028585389765,402.35546020058285,162.25573088209092,1080.2312504092945,2758.706216919181,1198.2655592752703,421.3710332696806,489.2145170938679,53.21338339611654,3,107.56117479280626,314.97486109472226,146.67266203606243,535.1858275613173,1443.0973847282512,643.1712280588916,51.898594641496665,44.27083943401698,6.360753285287128
3,265.3120493430676,402.35546020058285,109.61023657251322,1210.2084703645266,2758.706216919181,1094.968297432929,445.41314667915043,489.2145170938679,31.630080874575494,2,194.48067896059533,387.1012013231317,192.62052236253638,785.675720095634,1537.8319369680949,752.1562168724608,47.92696540244789,44.27083943401698,3.6561259684309135
3,296.4738051833059,402.35546020058285,116.60185275341188,1339.5609569646258,2758.706216919181,1015.0365814928069,445.41314667915043,489.2145170938679,31.630080874575494,2,194.48067896059533,387.1012013231317,192.62052236253638,785.675720095634,1537.8319369680949,752.1562168724608,47.92696540244789,44.27083943401698,3.6561259684309135
2,375.2271405171647,392.5639402369812,17.33679971981647,1706.140521348142,2252.643413530915,546.5028921827729,460.2932789255083,489.2145170938679,28.921238168359622,2,194.48067896059533,387.1012013231317,192.62052236253638,785.675720095634,1537.8319369680949,752.1562168724608,47.92696540244789,44.27083943401698,3.6561259684309135
2,370.32650423805205,383.07308806979336,12.746583831741304,1654.7266181108405,2163.934413216704,509.2077951058634,460.2932789255083,489.2145170938679,28.921238168359622,2,194.48067896059533,387.1012013231317,192.62052236253638,785.675720095634,1537.8319369680949,752.1562168724608,47.92696540244789,44.27083943401698,3.6561259684309135
2,301.65695913148454,357.57992040631075,55.922961274826235,990.7224145365045,1145.5188230049773,154.7964084684728,460.2932789255083,489.2145170938679,28.921238168359622,2,194.48067896059533,387.1012013231317,192.62052236253638,785.6757200956339,1537.8319369680949,752.156216872461,47.92696540244789,44.27083943401698,3.6561259684309135
3,262.24250229101773,368.04810318709053,74.82911029806874,1014.0999916091196,2441.203313574011,1009.2349183155214,411.4168500242117,489.2145170938679,73.04406854140169,2,194.48067896059533,387.1012013231317,192.62052236253638,785.6757200956339,1537.8319369680949,752.156216872461,47.92696540244789,44.27083943401698,3.6561259684309135
3,236.8334612613604,368.04810318709053,107.6422717745001,1147.5804930816441,2441.203313574011,960.1448400931077,411.4168500242117,489.2145170938679,73.04406854140169,2,194.48067896059533,387.1012013231317,192.62052236253638,785.6757200956339,1537.8319369680949,752.156216872461,47.92696540244789,44.27083943401698,3.6561259684309135
3,232.62368308920318,240.0104558941148,9.104999057709081,1090.7851631065084,1226.888054004422,165.28826210494395,311.85623322748353,328.3161944301755,14.235026244731229,3,198.12714076458522,238.0642006936761,51.06373873270041,983.9728402515493,1620.4050393406433,485.0432963007364,70.90528314961286,63.32393757005816,5.41137809734321
3,206.14776732797523,240.0104558941148,46.51964917408026,1077.0909972404554,1187.315966704744,154.81485336231762,297.7454260501109,328.3161944301755,33.41272639455531,3,196.9039873924742,238.0642006936761,31.085619553276693,1215.9772110082865,1473.6910932571393,244.5530012546709,75.74315587802046,63.32393757005816,10.199281343274354
3,219.99782471704236,258.97892049497307,41.23240555099481,3051.4341866131194,5207.499577084416,1775.8089404124441,297.7454260501109,328.3161944301755,33.41272639455531,3,140.75257396769192,238.0642006936761,69.37918341424846,799.9541642690884,887.3781316000998,81.63011323943995,69.42033434440103,63.32393757005816,5.011940533865643
3,169.63976324957056,234.137595809312,50.15486782804631,1473.6072715533803,3088.6515141445816,1184.4634108871514,271.91523520987624,328.3161944301755,40.3540406722475,3,119.39833664142618,162.95035296247792,31.02103459287724,1018.2086628203191,1530.2541042808812,560.9089615056781,87.83900134940632,69.33727393520243,14.919703230054724
3,75.96096063053507,102.1910576911799,25.31924318340175,1732.9694677911868,3826.197769104715,1526.6432467140583,192.60425122715483,211.44223586007774,16.37144266671684,3,48.7532767906919,102.1910576911799,41.350269872544274,1081.3186877832916,1644.2604226089306,717.0173810920664,64.8842996378421,28.168128958025804,28.33619599437718
3,105.9219033454657,164.34044264829248,46.25072532825365,1382.5687917817686,3826.197769104715,1727.9803059714143,190.38437967462622,204.78262120249198,13.937143969330851,3,91.90116999511766,166.67405723697857,65.65704363184346,2147.5702075347594,4904.456518323397,2046.0744508220835,48.35802449960904,28.168128958025804,16.816498530023793
3,91.47663098232438,173.45665205473367,57.96968734753718,538.8808803582559,554.1163474448217,13.740455983854323,178.8861881789023,204.78262120249198,18.87186719225585,2,102.65561984333631,143.36020266835652,40.70458282502021,1930.3052440034087,3354.4245341216724,1424.1192901182637,29.74704905289206,28.168128958025804,1.5789200948662572
3,87.03832929195352,173.45665205473367,61.31822924742825,518.2376098841534,554.1163474448217,30.402902031840053,172.514552540759,204.78262120249198,23.045737453885547,3,74.88177409264689,132.17948274980677,42.49964527725618,1011.3316613778688,1919.0501210746847,643.2184203130022,30.573203324808713,28.168128958025804,1.7398431555729132
3,119.07837122669055,174.7551593660372,42.3229186327532,1578.5343023788198,2240.4798064338934,857.6004998112829,152.8263409996482,204.78262120249198,38.52229600557254,3,89.01833309328724,111.58241663400337,31.507148230202898,1051.6356514596907,2599.3769966361383,1094.8474605632098,29.656619907566448,28.168128958025804,1.0957901831480799
3,73.31693654958646,111.01086397045769,39.14938910664807,2029.519093578436,4106.977149351609,1673.0855991415906,138.79661647356974,154.98765944201946,14.223706626153136,3,80.23012079220592,118.38791459105425,35.59732092710769,2542.1963204938515,4362.141286521154,1511.480434237378,27.81738066017725,22.650411215858206,3.6662978726932187
3,96.82379673608347,175.78214515542808,70.97361509539378,1499.2713357975092,4106.977149351609,1850.5472139395567,218.03817003174848,340.0598744409489,87.26442622289974,3,80.23012079220592,118.38791459105425,35.59732092710769,2541.593862910729,4360.333913771786,1510.7550925617936,27.81738066017725,22.650411215858206,3.6662978726932187
3,87.31161105833833,234.1645009581087,104.13654017934103,318.04805291573666,792.7879600702436,338.49598702594204,224.4391233791783,340.0598744409489,82.18230651436541,3,77.28980430868599,118.38791459105425,39.546071782287385,2513.898643194096,4360.333913771786,1545.3367861230454,29.73380593674628,22.650411215858206,5.409068554902545
3,89.03085522729718,234.1645009581087,103.10620343178984,336.39308977346445,792.7879600702436,329.3893234391165,224.4391233791783,340.0598744409489,82.18230651436541,3,77.28980430868599,118.38791459105425,39.546071782287385,2513.898643194096,4360.333913771786,1545.3367861230454,29.73380593674628,22.650411215858206,5.409068554902545
3,110.3890305202629,256.0586119008183,106.52710664819158,1200.5844408657406,2279.213988239489,921.7155805374471,231.21691578228356,340.0598744409489,76.96361504678225,3,56.843224534401905,97.71345295591902,30.653299136194878,1081.2841128722798,1692.5122433705642,461.29675394494967,29.73380593674628,22.650411215858206,5.409068554902545
3,119.0436404598121,282.02244171946586,118.40293835483526,1323.7475185468813,2648.7032212829113,1070.3235811090017,231.21691578228356,340.0598744409489,76.96361504678225,3,56.843224534401905,97.71345295591902,30.653299136194878,1081.2841128722798,1692.5122433705642,461.29675394494967,29.73380593674628,22.650411215858206,5.409068554902545
3,121.53068632981929,289.48357932948744,121.82897075212057,1377.9699508727808,2811.370518260609,1138.0498031569218,231.21691578228356,340.0598744409489,76.96361504678225,3,54.867922207804924,97.71345295591902,31.284386796830066,971.0328298981435,1692.5122433705642,510.83527113665565,30.221575303196307,22.650411215858206,5.545166588089136
3,121.53068632981929,289.48357932948744,121.82897075212057,1377.9699508727808,2811.370518260609,1138.0498031569218,231.21691578228356,340.0598744409489,76.96361504678225,3,41.955946546926754,97.71345295591902,40.23268296769856,758.8694088279839,1692.5122433705642,700.3108527778875,30.682380268917143,22.650411215858206,5.747305641212354
3,98.80557695598844,289.48357932948744,134.8313357444051,948.9320814232814,2811.370518260609,1316.9667264752864,281.1681247059487,340.0598744409489,73.9585572391942,3,43.65488447086085,97.71345295591902,38.682862504290654,761.6962068058951,1692.5122433705642,697.2762955984169,33.36865645911343,22.650411215858206,7.952745071210064
3,114.49063286810023,289.48357932948744,125.1210829065902,966.2311186968344,2811.370518260609,1304.7779250613373,328.9059704879765,469.79314248925357,119.847254989056,3,43.65488447086085,97.71345295591902,38.682862504290654,761.6962068058951,1692.5122433705642,697.2762955984169,33.36865645911343,22.650411215858206,7.952745071210064
2,365.9170825241375,452.3148956665328,86.39781314239525,2004.1982587490784,2388.6734075617305,384.47514881265215,421.47553260947154,502.8911907779942,81.41565816852267,3,120.24005031809571,289.48357932948744,119.70366300433582,1189.6455373215363,2955.897943846117,1251.3396600860447,48.884837013542246,35.53761086995868,10.27726301047297
2,312.0323911498127,452.3148956665328,140.28250451672005,1233.0983867739424,1619.7231099364258,386.6247231624834,377.45420636404464,502.8911907779942,125.43698441394957,2,171.31464717042485,216.47961108013638,45.164963909711524,1236.2591931472164,1253.5876141794627,17.328421032246297,43.05695299071006,35.53761086995868,7.519342120751386
2,318.0319585952599,452.3148956665328,134.28293707127293,1428.0215344947223,1619.7231099364258,191.70157544170343,377.45420636404464,502.8911907779942,125.43698441394957,2,171.31464717042485,216.47961108013638,45.164963909711524,1236.2591931472164,1253.5876141794627,17.328421032246297,43.05695299071006,35.53761086995868,7.519342120751386
2,324.11628454069137,452.3148956665328,128.19861112584138,1584.4589130502427,1619.7231099364258,35.26419688618307,377.45420636404464,502.8911907779942,125.43698441394957,2,157.54309008155,216.47961108013638,58.93652099858638,1073.0171179832641,1218.93077211497,145.91365413170587,43.05695299071006,35.53761086995868,7.519342120751386
3,218.93551117563462,408.2397618527625,146.07885005502482,944.1358996197699,1549.1947161640596,582.5722803092847,308.81756190260813,502.8911907779942,141.10847824195955,3,119.02822731216024,216.47961108013638,72.99407269893888,1417.271425791365,2535.8399561501064,844.0683062866801,53.71467525768287,35.53761086995868,13.970046413253634
3,161.23789593239945,213.99777026520906,62.268194169576056,1018.8335414513584,1549.1947161640596,548.3359037133224,303.5999548972113,502.8911907779942,146.28234898771208,3,119.02822731216024,216.47961108013638,72.99407269893888,1417.271425791365,2535.8399561501064,844.0683062866801,53.71467525768287,35.53761086995868,13.970046413253634
3,117.41351563606743,195.91767341485001,57.648445320224795,2237.066383615284,3780.4087541642516,1093.4506889464474,183.03833908705522,252.01722195009506,49.14249901759029,3,57.31207365934406,99.79190342829959,37.8469963271414,1083.2021201519844,2535.8399561501064,1041.2118525384751,50.10629112550557,35.53761086995868,10.35540850235848
3,117.41351563606743,195.91767341485001,57.648445320224795,2237.066383615284,3780.408754164252,1093.4506889464476,183.03833908705522,252.01722195009506,49.14249901759029,3,55.5048059354254,99.79190342829959,40.266319189539544,1303.6990509844636,2535.839956150106,1013.1524759464774,51.96159809087601,41.10353176606999,7.749842915406774
3,55.15012754652354,97.20973799223162,36.06844265796639,1724.0014782272644,3780.408754164252,1558.1884441231812,186.49442476278386,262.385478977281,53.99692698729484,3,62.25970548965458,99.79190342829959,31.538282572549573,1420.5501860731881,2535.839956150106,872.8126863592965,59.72005566169681,56.099548535245034,3.458858078268383
3,72.79459378426762,97.20973799223162,17.306006481197834,1865.9703434392798,3780.408754164252,1407.690255385364,145.90934422679854,155.89145196354463,7.062333451748766,3,54.81146463547453,77.44718086575945,23.377727674052533,1241.571210563661,1998.9030296215244,653.178453356635,59.72005566169681,56.099548535245034,3.458858078268383
3,49.719331609004676,97.20973799223162,36.749650786259856,1376.4877077460922,3780.4087541642516,1703.5488906744795,163.7443765932423,171.8570949294018,6.520534661398252,3,58.299016881661935,97.20973799223162,30.534957579538407,1921.3338849603444,4266.933232699819,1682.158277703479,59.72005566169681,56.099548535245034,3.458858078268383
3,41.919832603670464,73.81124097622902,27.044379225315495,581.6103840089116,1395.7767829527106,586.5953347894236,166.4037278927633,171.8570949294018,3.859313449432441,3,42.681566828974134,82.524629376213,28.173515204248854,1143.401617921522,2527.759675364705,979.6204396063448,64.84835506990441,58.681713971313,5.237224430751414
3,414.5969729061792,1172.4012306942966,535.8941425782438,391.35924125904313,798.3981500363634,305.2425384555652,609.5821851224049,1314.8795812831374,503.5350403353178,3,50.0609107714275,97.68163640507015,33.802802310442694,858.0989692183989,1527.0870671858734,482.87860038625956,63.08282930229429,58.681713971313,3.198484087898871
3,426.1721831200894,1188.1659684468502,539.0123495771695,446.3944022059695,938.5815700263906,365.5526516750009,636.3234138082003,1314.8795812831374,481.2142038552261,3,53.82954761958609,97.68163640507015,36.588015509050244,881.072749287127,1527.0870671858734,560.3792456383237,69.63367663529093,66.1878694570375,4.076145171112931
3,254.55087706341024,322.6858137245622,50.82277378951848,2984.0300992868774,4930.439785638155,1686.0833486221522,364.40724429552114,421.5566313506085,47.02019647652141,3,126.8901040901219,200.66790197356974,73.38355724159057,475.97826426382727,710.5787930238453,256.1651349029892,95.79741792053626,82.79840727717178,9.607944905923564
3,246.20642886605765,315.8336024922178,54.59864810318693,2572.3909281549945,4064.9661183907974,1542.4197036136447,364.40724429552114,421.5566313506085,47.02019647652141,3,162.43702518018998,200.66790197356974,36.030480192941546,819.6699116341716,1329.0315670388609,379.2829510105901,96.32770324616551,70.9968238035924,18.109550634714118
3,161.21118988738115,240.29891549209876,108.80317464054548,1763.317990530979,3203.692636589797,1316.494408415702,323.7880191243033,365.27417070399446,35.46322664194205,3,144.49219746882108,256.45375589046023,86.51129174477563,1117.8589145510846,2719.4181563864645,1139.1203942918696,91.57884386130972,70.9968238035924,16.847106418930146
3,186.86162102970647,256.45375589046023,83.56475438987505,1655.5548003636425,2420.6500943933106,1040.1828245328547,318.00871816534016,365.27417070399446,42.96855913163385,4,123.22468834289546,256.45375589046023,94.67032283434382,1378.6210771415433,2719.418156386465,1126.2942782541877,87.08065837761181,68.25238148141585,18.207937812494187
3,118.19433614556736,256.45375589046023,99.1569083833074,875.8553651080962,2420.650094393311,1094.3577941911474,311.9609661619421,347.13091469380043,36.711690397931875,4,135.81386749386306,256.45375589046023,91.58679286494328,1462.1197581607134,2722.0490229633388,1232.2387198728911,48.99230163851557,24.558533736304682,20.829280243584908
3,117.68587492943476,256.45375589046023,99.61694154158128,899.4514393728726,2420.650094393311,1076.30723398823,283.287549817625,327.45057969405264,31.228074988035257,4,159.06452945211765,196.68173948751019,47.634855939087245,1666.0698282415942,2666.24126714559,893.085830273696,48.99230163851557,24.558533736304682,20.829280243584908
4,161.06334092041908,256.45375589046023,69.07536621443938,1297.8245201452605,2420.650094393311,1017.4877811614647,271.9299732567752,327.45057969405264,32.69159230402923,4,152.4277174125226,187.22361379264888,43.610831424849025,1416.7578112273782,2666.24126714559,880.5465057532208,48.99230163851557,24.558533736304682,20.829280243584908
3,131.4531102536446,256.45375589046023,88.38939124376344,960.762961294141,2420.650094393311,1032.9762671055548,300.9201412243505,327.45057969405264,28.54710760952821,4,172.8000516832874,289.44990614472084,77.71176170800312,2167.468674963197,5197.459269550884,1981.4560045928117,48.99230163851557,24.558533736304682,20.829280243584908
3,531.6870808747723,833.2644916868574,274.240391330187,1475.9779399720312,2523.7650084045745,918.2582083899572,763.2167781537136,1061.6797469822745,323.31225430148,4,323.36279763148275,833.2644916868574,299.3380360309188,1319.4585516086445,2431.95967422366,968.8824242315818,51.41750966536324,24.558533736304682,23.626995258594338
3,651.3892260937752,951.1919019274973,343.98347631283,1674.109882329087,2523.7650084045745,671.4460919791875,763.2167781537136,1061.6797469822745,323.31225430148,4,311.5854306617633,833.2644916868574,306.70067678843077,983.1359763011773,2431.95967422366,857.6789735494289,51.41750966536324,24.558533736304682,23.626995258594338
3,630.1606589700542,959.6391114921594,380.1101191720254,1160.903706809062,2523.7650084045745,1021.9813495055905,825.242128928484,1061.6797469822745,237.69832257367955,4,302.7184128234465,833.2644916868574,313.00779570470326,884.6462572124719,2431.95967422366,896.997541680246,51.41750966536324,24.558533736304682,23.626995258594338
3,737.0081322484674,979.7160483433228,247.0284729575505,2105.194908880939,2523.7650084045745,493.23324099017566,825.242128928484,1061.6797469822745,237.69832257367955,4,292.4722135097056,833.2644916868574,321.05748845404537,828.4995509044918,2431.95967422366,932.7282282197566,54.84533895474722,24.558533736304682,26.625158764771623
3,752.3093974429181,1025.6198439266752,262.52390417400255,3050.983959376121,5216.513856121533,1597.0329062571193,825.242128928484,1061.6797469822745,237.69832257367955,3,65.46898017535038,193.84693333611136,90.77723359263227,484.3874001691399,1406.3870648275997,651.9614530392741,43.118662701967764,22.84916420376041,20.062505246774876
3,716.2303133900997,980.9820910712915,240.9643057355337,1451.3045761563844,2477.1716754329905,822.299561792273,825.242128928484,1061.6797469822745,237.69832257367955,3,132.90273323474702,195.6453303973476,86.51314290411403,1906.8346753686055,3483.0555285342,1354.7036904771417,34.16992629386251,29.037712369407252,3.670773476421116
4,204.242127317907,398.04385671522203,117.0293473654194,1451.6189250985433,3600.2005011102874,1309.2501761877188,309.3340201694039,500.08449220533714,110.48227086579787,3,124.94142194576618,195.6453303973476,58.654926718740256,1701.7803594034574,3483.0555285342,1269.9676172799655,33.06545266600535,29.037712369407252,2.9584406401850645
3,137.61945165531648,194.29306999636583,42.64908375698726,1385.1961387845774,2326.643156141996,864.1992104296296,190.01321298585444,231.70523345294686,31.325753253878965,3,90.32364299867773,131.86689848100386,55.45397210577725,1210.446128831346,2393.9706255560613,895.7788961894405,24.70490715153409,20.815178822673637,3.3714242617399157
3,138.09425348042404,194.29306999636583,42.13683586756745,1386.8239680768645,2326.643156141996,862.0416156551445,190.01321298585444,231.70523345294686,31.325753253878965,3,47.986125174305776,131.86689848100386,59.5080581508571,879.1324890254346,2393.9706255560613,1074.6243567698414,22.608668918763602,20.815178822673637,1.4105839585078395
3,118.64813820737679,143.7794968194637,27.55027179181927,581.6411435649205,636.1376032151879,40.11884501975032,155.7432559769019,167.75328732365483,9.967245765147002,2,73.28269033119591,135.3135499208516,62.0308595896557,940.8445475767674,1233.4545099823918,292.6099624056244,21.162784311242337,20.815178822673637,0.3476054885686999
3,130.81405213006974,143.7794968194637,11.041191438182038,993.8533979369507,1804.7002475377544,574.6769980307091,155.7432559769019,167.75328732365483,9.967245765147002,2,73.28269033119591,135.3135499208516,62.0308595896557,940.8445475767674,1233.4545099823918,292.6099624056244,21.162784311242337,20.815178822673637,0.3476054885686999
3,226.18793258829794,304.38744530436213,76.96142160544919,1250.213598978296,2008.815498075719,722.3456544921438,292.2989504282863,342.13655444566666,48.80656349209269,3,106.13940984260252,270.9865815817919,116.57121280241532,998.8672078213493,2268.442500730653,901.9648298050002,32.37174194919631,27.970052545776777,4.0514563089617655
3,69.49503824528045,114.91164495583041,40.50056772594934,960.6788902324997,1621.9570556515082,618.4367403686267,130.22973552403246,170.94179103713446,32.99816702132741,3,12.969309266593868,25.53674341732352,9.052298934691606,1638.5988415537897,3700.270541538216,1494.2861345773426,44.07259008918328,43.21410748523627,0.9362405578306923
3,57.5388584560201,79.04310558804933,28.985828018732143,805.9037599143818,1621.9570556515082,615.8543896991142,130.22973552403246,170.94179103713446,32.99816702132741,3,12.969309266593868,25.53674341732352,9.052298934691606,1638.5988415537897,3700.270541538216,1494.2861345773426,44.07259008918328,43.21410748523627,0.9362405578306923
3,35.48485775252259,77.00995204769296,31.28437271475366,600.9812250268885,1621.9570556515082,725.0741944506505,119.62313052929308,153.60068504509428,32.60357064768905,3,12.283258484805414,25.53674341732352,9.71624056921113,1636.7911341983518,3700.270541538216,1496.0204797730846,41.82150753087337,38.62155295235793,2.26903611510108
3,12.207965939130702,25.53674341732352,10.242864456553388,693.2485966156128,1933.0964341619483,878.6369006859704,81.90708233105742,110.79702805577304,20.455359158683557,3,15.437153963024004,25.53674341732352,7.760049025980625,1688.7436849685462,3700.270541538216,1427.1629371089662,40.97129435282034,37.08505966670397,2.7588563563959188
3,34.09264378952907,63.21524750955639,24.151507073990086,894.1706869717781,1553.7499433545436,601.9113961492974,97.81266497457004,117.29816596404018,14.145538887893938,3,16.346510799505808,31.66579123585582,10.832744846136585,1316.9575355110712,2079.4976276874454,542.5635803082705,41.10954590941688,37.08505966670397,2.8757016873195043
3,37.212590201674196,46.215190848659724,7.650691459121869,1681.098601510853,2624.6100193327507,775.5484821340395,96.59188297944065,100.41527906200264,3.4824719396520205,3,29.733661616043644,52.229912311909565,18.895300632783826,1723.6783121730814,3419.6119816006303,1341.4801715998053,45.313080304713345,39.761844086641354,4.332526899932975
3,32.644094050575255,46.215190848659724,9.690912428931812,1411.6187993402534,2624.6100193327507,860.2033389050139,96.59188297944065,100.41527906200264,3.4824719396520205,3,29.733661616043644,52.229912311909565,18.895300632783826,1723.6783121730814,3419.6119816006303,1341.4801715998053,45.313080304713345,39.761844086641354,4.332526899932975
3,33.76502000450785,57.66704314628072,17.530297454984577,1639.0620199166945,3659.0827626736514,1430.5187670028204,96.58956676956798,100.41527906200264,3.485531703675114,3,25.96467476147252,44.97167655838801,13.440267034747036,1033.9714757627355,2361.144677572517,946.5080734096553,45.57005607190206,39.761844086641354,6.222953484797308
3,61.15353663745932,84.81842603591005,17.49205334269309,1771.1896833211047,2562.79925005237,574.6931950253988,118.0671362502835,143.69131043007883,23.092996707569824,3,28.425400099022983,43.081087728720036,11.496465536060608,765.0658916001843,1249.4611685945742,363.3687582717914,46.38017812493885,42.74823591572192,3.8770960476370697
3,61.78645616918798,86.71718463109603,18.3501783600014,2069.4799890260774,3457.6701671672895,990.1946276778798,118.0671362502835,143.69131043007883,23.092996707569824,3,27.727793843783388,43.081087728720036,11.612954625032769,730.8026192889885,1249.4611685945742,375.23332821069744,46.38017812493885,42.74823591572192,3.8770960476370697
3,60.55351119591213,96.78609961027001,27.770926663012354,2372.693551401586,4565.34864163939,1551.2262051130708,118.0671362502835,143.69131043007883,23.092996707569824,3,25.039623501075727,43.081087728720036,12.784255702057786,788.1290305924036,1249.4611685945742,358.86273909844857,47.76583642630115,44.6388247453899,2.9676101284252896
3,51.188493061926806,60.135909778525075,6.933545187113423,1004.4234396033221,1417.398715138041,308.3623143073631,111.49866573827842,122.7901858466617,8.043037338839811,4,45.883523511671754,60.135909778525075,18.504520717974383,1610.115758005118,3032.1519313929984,1205.998406160837,48.29001274321364,45.12989083384575,2.5473346667586143
3,55.307751094028504,60.135909778525075,4.598849796672044,2088.1698523084538,2944.0709235784047,636.8604386000744,104.25090314918816,107.04112059833389,2.464560954531815,3,30.649986022834295,59.534799935993945,20.687945713763703,1655.652370204548,2576.8330015375413,652.3118168400971,46.67747442833229,45.12989083384575,1.1816479291255384
3,36.458258029436884,59.534799935993945,25.62595656174889,2136.4124330477084,4502.19738093421,1843.7808921656035,104.17685056552493,106.8189628473442,2.381550471166678,3,19.936265817650188,59.534799935993945,28.000447442472307,861.5607898413353,2576.682369524006,1212.7751989603253,43.25620448540898,39.79093188784002,2.4530227269097535
3,37.34723119399035,59.534799935993945,24.387076315722396,2172.3825223533618,4502.19738093421,1802.4176934489626,90.92618542208218,104.6646907698397,16.935540909533486,3,10.65897385273143,30.477030881062873,14.024515647549578,665.0156836584518,1929.813363359699,894.6963242940765,43.45219137353501,40.3788925522181,2.176199952568363
3,32.84064441989202,52.73776705551184,21.25045932951841,908.9195318385415,1627.629222560311,621.2616758064389,90.92618542208218,104.6646907698397,16.935540909533486,3,0.7607587783771285,1.4311357957041437,0.5563998743937884,48.33264427519804,79.76424520993777,33.44996539852216,43.836714864714075,40.3788925522181,2.5143175160173175
2,46.96230957809677,52.73776705551184,5.775457477415067,899.5321076858739,987.2191050383533,87.68699735247935,102.8557944246153,104.6646907698397,1.8088963452243974,3,4.618614038309862,12.355951437798169,5.499321956025537,242.69705841825575,662.8574876391109,298.1481520285319,42.775050228743396,40.3788925522181,1.838697317982425
2,15.84676732634551,20.65573302956195,4.80896570321644,1809.6759581959573,2188.5291360347496,378.85317783879225,60.604987055041846,61.03462558178005,0.42963852673820213,3,1.789374463132025,3.8956625480760465,1.5937859753530454,155.2219077660932,400.43203568262334,175.18256429485925,39.907414357299494,38.29851319838092,1.1696987684140066
3,13.992740759823752,20.65573302956195,5.681707759047395,952.5837139389196,2188.5291360347496,879.187086980506,59.23214076008498,61.03462558178005,1.3320721153026018,3,6.233808701724762,8.424629395558576,1.7946860279643493,523.0076154384756,863.5796414651941,259.6147784284684,37.81165551553115,37.28513038404947,0.4146615583471315
3,13.13621066316241,20.65573302956195,6.791069731854227,929.0983863219349,2188.5291360347496,899.2298140557585,59.23214076008498,61.03462558178005,1.3320721153026018,3,9.416492879688851,12.12837914786276,1.9246809233687325,581.924245488528,1222.7748198321615,453.14979055208505,37.48496614895589,37.28513038404947,0.25941017017955137
3,12.731555524467302,20.65573302956195,7.326412781687037,898.138379806296,2188.5291360347496,926.8086985044024,58.64968732630128,61.03462558178005,1.7176523588997268,3,10.578420939732347,12.12837914786276,1.9295633986133724,780.7823663640592,1222.7748198321615,396.19094492387495,37.48496614895589,37.28513038404947,0.25941017017955137
3,24.083838932929606,37.04530977344747,9.498011782458898,1461.5387844381287,2188.5291360347496,736.5401366031625,64.40723891908057,74.33044015749694,7.135700044875083,3,13.390268998338678,23.74949519773058,7.982222132188946,1114.717130877818,2422.3666158400574,976.7118182417445,36.13420224839455,33.799031262479055,1.6512712512179792
3,24.083838932929606,37.04530977344747,9.498011782458898,1461.5387844381287,2188.5291360347496,736.5401366031625,64.40723891908057,74.33044015749694,7.135700044875083,3,13.64385888991903,23.74949519773058,7.697233094221396,1153.4254141511726,2422.3666158400574,936.223212929818,36.13420224839455,33.799031262479055,1.6512712512179792
3,33.02055812545335,46.61947401489731,13.06040832269231,1032.7074689828385,1744.0705668661558,588.6233508141756,75.49596356967483,91.12282496974748,12.311072772664778,3,26.503346277438084,42.854569658490114,12.667993191501063,1032.6661566966131,2146.7521289907354,790.3284391437401,32.22452048527851,31.475870499006824,1.0560261557967547
3,36.127338514273454,59.64695447074066,19.589203445558535,1383.208645964259,1744.0705668661558,457.80939157904027,75.49596356967483,91.12282496974748,12.311072772664778,3,20.096815912365795,42.854569658490114,16.312128148107345,951.0369003424506,2146.7521289907354,861.1466463990386,30.833378487305737,29.5445393445342,0.9113482566839782
3,35.77135520713214,59.64695447074066,20.034697055173197,1308.52799926662,1744.0705668661558,563.2276616382785,75.49596356967483,91.12282496974748,12.311072772664778,3,21.756957605040924,42.854569658490114,14.931839022790559,1029.7382606199833,2146.7521289907354,792.6872856005829,30.013793755271763,27.08578514843228,2.0704153394558156
3,46.70450409402409,59.64695447074066,9.522147374660733,901.9152092028663,1668.3076674255408,600.6513768873506,88.73082276002368,100.73920315282663,10.913201383778775,3,39.626458597789274,64.0370398213152,21.371277359053295,1359.8907630273527,2146.7521289907354,650.6622184547574,30.013793755271763,27.08578514843228,2.0704153394558156
3,48.16779609871594,59.64695447074066,9.243511845893813,1029.4653900392102,1668.3076674255408,463.2850863062502,88.73082276002368,100.73920315282663,10.913201383778775,3,39.626458597789274,64.0370398213152,21.371277359053295,1359.8907630273527,2146.7521289907354,650.6622184547574,30.013793755271763,27.08578514843228,2.0704153394558156
2,22.51041689237827,44.132254082430244,21.621837190051973,268.6625563557459,516.775633998519,248.11307764277308,100.19687885785669,100.73920315282663,0.5423242949699372,2,53.445804739902655,64.0370398213152,10.591235081412545,1763.1726052221966,2146.7521289907354,383.5795237685388,29.28082782371955,27.08578514843228,2.1950426752872723
2,51.2931264371129,59.538647381735444,8.245520944622537,575.4755529043789,932.1809180490627,356.7053651446838,100.19687885785669,100.73920315282663,0.5423242949699372,3,29.030694155046337,64.0370398213152,24.756124718175297,692.7528941184088,1379.5930814536578,485.74819988873804,30.666691519991257,27.08578514843228,2.6558196349732186
2,51.2931264371129,59.538647381735444,8.245520944622537,575.4755529043789,932.1809180490627,356.7053651446838,100.19687885785669,100.73920315282663,0.5423242949699372,3,29.030694155046337,64.0370398213152,24.756124718175297,692.7528941184088,1379.5930814536578,485.74819988873804,30.666691519991257,27.08578514843228,2.6558196349732186
2,58.580692133661074,59.538647381735444,0.9579552480743736,1882.203821993417,2832.2267259377713,950.0229039443542,100.5088331402007,100.73920315282663,0.23037001262594714,2,9.44460201973278,11.063421210891924,1.6188191911591439,277.4079611970442,338.6142026561015,61.20624145905728,30.262102030483472,27.08578514843228,3.176316882051193
2,74.58544280010673,89.63223821847802,15.046795418371289,701.7092933218293,932.1809180490629,230.4716247272337,126.80768609939733,152.87616904596803,26.068482946570697,2,33.674936772017915,59.538647381735444,25.863710609717526,2039.497214020117,3947.9635241008436,1908.4663100807265,37.31948734181293,33.438418912534665,3.881068429278262
3,81.11665584397795,109.68678836674809,26.279097734007053,1563.64781038179,2623.029110976552,840.0579491503504,128.08778355615937,152.87616904596803,21.57891259073209,3,49.173714935544474,87.91933781571538,36.342561790230846,1365.0158079390292,3182.1825845108906,1335.6329899401626,42.70513934067847,41.23281263482057,1.061217586209301
3,80.9127255015971,109.68678836674809,26.231757556937776,1548.8116816707054,2623.029110976552,841.4498345483203,128.08778355615937,152.87616904596803,21.57891259073209,3,61.4983280984113,87.91933781571538,20.644340032507493,1578.6751881731273,3182.1825845108906,1138.50448829911,42.90906968305933,41.23281263482057,1.2697870328853356
3,85.87979022788699,110.98082251583112,21.376253587229446,2335.5949205945067,4744.885578175987,1862.2573198459786,128.8319662319977,152.87616904596803,20.62441890887864,3,55.10010092765979,87.91933781571538,28.544229972860503,1388.7394620977727,3182.1825845108906,1311.7733243725586,42.1058466147258,41.23281263482057,0.8125155761789605
3,132.8149477248803,211.00586264390964,80.38051829516533,1646.1451246799625,2527.250354702379,1102.540862360402,237.67985664025016,274.9780662890074,28.339024619193204,3,80.32154948467216,165.1770105147624,67.49059024566314,888.6327407201458,2335.1483072319747,1031.5027354454655,41.41674725232753,37.60475214373588,3.2250979403706164
3,131.4037861813969,211.1098450422813,79.85707161989444,1353.546754654442,2316.838737977152,932.7117151939531,237.67985664025016,274.9780662890074,28.339024619193204,3,80.35324049938355,165.1770105147624,67.4529022726179,888.6327407201458,2335.1483072319747,1031.5027354454655,45.64171939846477,41.15401129221243,3.7270483879648695
3,136.82437177751038,227.37160183062178,85.44018032098893,1620.7358348960724,3118.405978702043,1235.9180194968612,237.67985664025016,274.9780662890074,28.339024619193204,3,82.21979826745319,165.1770105147624,64.84464851357421,926.4434010055087,2335.1483072319747,1000.3339715576789,44.75065135721078,41.15401129221243,2.6857843557218763
3,108.9290300609042,233.37810425170886,90.23346008493652,1263.304674016583,3447.6568262248893,1545.936962930124,229.0266495310165,274.9780662890074,38.670301573802114,3,65.90890015081925,171.8573203533849,74.95194100388716,994.0408829554402,2369.5765659673843,982.4997490504265,46.281891030775945,41.15401129221243,6.93897103496765
3,108.9290300609042,233.37810425170886,90.23346008493652,1263.304674016583,3447.6568262248893,1545.936962930124,229.0266495310165,274.9780662890074,38.670301573802114,3,53.43599263919263,139.21738918706143,61.1762797632303,880.0813375065059,1937.2259245218133,800.1029955227709,46.138541562942315,41.15401129221243,6.736316162517962
3,85.92205421189921,233.37810425170886,104.59072123422227,1180.3956933370507,3447.6568262248893,1603.6123180938803,227.87734881331255,274.9780662890074,40.12322311827275,2,70.52195872597187,74.01779054292206,3.4958318169501936,1553.4606018383588,1885.8658937280343,332.40529188967537,41.3769866647555,41.15401129221243,0.22297537254306832
3,85.92205421189921,233.37810425170886,104.59072123422227,1180.3956933370507,3447.6568262248893,1603.6123180938803,227.87734881331255,274.9780662890074,40.12322311827275,3,40.783044749271404,76.67112363206458,25.568944937654447,1116.37063362779,2530.509756526151,1022.5291278730955,41.560463098932225,41.15401129221243,0.3169740498898254
3,85.92205421189921,233.37810425170886,104.59072123422227,1180.3956933370507,3447.6568262248893,1603.6123180938803,227.87734881331255,274.9780662890074,40.12322311827275,3,41.00854735396441,93.34302816612599,37.16198188897711,1116.5426568507103,2844.0307829678122,1224.5368851357766,41.560463098932225,41.15401129221243,0.3169740498898254
3,69.25612093533631,183.38030442202015,81.1155980676621,467.01103432780593,1307.502849197155,595.4403327132716,227.87734881331255,274.9780662890074,40.12322311827275,2,57.209431469343045,95.41271079966846,38.203279330325415,1495.8301755373625,2844.096994633762,1348.2668190963993,41.76368900229212,41.59996203729857,0.16372696499355044
3,67.11698883547551,176.96290812243774,78.10658495685418,349.4993247326281,954.9677204116217,429.688181677775,227.87734881331255,274.9780662890074,40.12322311827275,3,38.33329658083098,95.41271079966846,41.05618878706576,1005.5534503582417,2844.096994633762,1301.0091511933886,44.36126923340728,41.59996203729857,3.6759647885788045
3,54.94560900704543,95.41271079966846,39.1627715996344,969.784656399741,2354.5332046575472,1003.5697486147124,129.34046733869297,137.01267283696703,8.699319202736344,3,39.937876803561274,52.9035638828946,9.395660297460651,1090.2396007432458,1840.1266548339245,530.4759114147173,39.44545642946491,37.4998857839461,1.6803564472425354
3,54.94560900704543,95.41271079966846,39.1627715996344,969.784656399741,2354.5332046575472,1003.5697486147124,129.34046733869297,137.01267283696703,8.699319202736344,2,50.0240853606765,65.81265821310657,15.788572852430072,1564.8714656673333,1956.1409371562931,391.2694714889599,38.368203625548084,37.4998857839461,0.8683178416019857
3,98.82095695364718,136.8332626962707,26.96348548177458,678.6098616555029,1316.0222840129454,458.60140108323947,146.90493111813498,182.37575317067447,25.31241205009821,3,27.415973196124696,37.12407136847726,9.543327258872619,932.3628210587581,1627.017222623781,564.3613695250843,36.30679104146768,35.476751564845515,0.6253497247818958
3,64.38241958840418,82.43067546407144,21.928949763442446,427.08722620189275,561.454377652115,127.26041286331906,113.19546793273814,133.34598904048005,22.84664701914751,3,9.508174716046144,16.416757017897723,4.924848608608586,551.5500647161776,1227.1759910072392,483.2809619824998,37.17658891502774,35.78115783396467,1.3926510204807356
2,91.20346281011706,103.19319669057379,11.989733880456726,492.6249227625856,873.6789761540267,381.05405339144113,142.20553895579704,181.03739393905934,38.831854983262296,2,46.12773613933011,82.53340357107388,36.405667431743765,1535.8663569583985,2774.036441236786,1238.1700842783873,22.500117722167648,20.840280401460873,1.6598373207067745
2,44.12299711414232,81.82373889406355,37.70074177992123,1119.7164996247898,2206.8874401846097,1087.1709405598199,101.32921238839377,103.37368397253475,2.044471584140979,2,48.335977173986045,78.44446040279192,30.108483228805873,918.7131154002766,1518.8344950138026,600.121379613526,21.195112739966035,20.840280401460873,0.3548323385051617
2,78.98735412652965,81.82373889406355,2.836384767533893,1338.4549101721225,2206.887440184609,868.4325300124867,102.04156463886827,103.37368397253475,1.3321193336664905,2,53.75651873090156,79.15950022673057,25.40298149582901,1637.6876371227554,2721.8316364792745,1084.143999356519,21.195112739966035,20.840280401460873,0.3548323385051617
2,80.1475363572858,81.82373889406355,1.676202536777751,1671.4420492158267,2206.887440184609,535.4453909687825,102.04156463886827,103.37368397253475,1.3321193336664905,2,45.24428042905251,79.15950022673057,33.91521979767806,1493.9330283188629,2721.8316364792745,1227.8986081604116,21.195112739966035,20.840280401460873,0.3548323385051617
2,65.1490131741407,78.47133382050805,13.322320646367345,946.9775314776992,1135.9966582470445,189.01912676934523,89.97460663720153,100.70944530520177,10.734838668000243,2,52.808461715764516,57.00165648450756,4.193194768743048,1622.4740733112476,2203.457998298313,580.9839249870657,21.894028281582457,21.549945078471197,0.3440832031112606
2,24.80427860718261,39.150966314191244,14.346687707008634,531.6367846932665,655.8247284531194,124.18794375985297,56.63935346463079,66.56152866997112,9.922175205340338,2,16.460709787240404,25.504968116061924,9.04425832882152,1787.3732938323083,3162.7758109054503,1375.402517073142,22.79558928258831,21.212210143228525,1.583379139359785
3,32.331507345554044,36.74649381673862,4.178061095014291,1456.3620741351417,3645.7783771431514,1549.033032134911,61.09126395491078,66.56152866997112,3.8975940471648327,3,19.528786477874757,33.52478058458933,10.483307832052397,1542.5881564075669,3426.47716041569,1332.2302570418838,25.226462279404064,23.258601193776727,1.5345879502651947
3,24.56865911250269,31.93974768095119,7.064316962357735,844.4010382444716,1156.6316441036975,387.9144629453164,53.49359498547975,58.942656954987996,6.893320385288225,3,11.584730647358377,18.52211063240528,6.399467050995798,970.1564515005981,1396.7714553534443,573.8666130661123,23.605821508806514,22.852331770898914,0.795795483135978
3,23.96017277045526,31.93974768095119,7.889079427865312,714.5766393227128,1078.9268524758859,321.116922960538,53.49359498547975,58.942656954987996,6.893320385288225,3,11.822484798308077,18.52211063240528,6.466082928077975,1130.811751141218,1836.7145585258054,710.29338520205,23.605821508806514,22.852331770898914,0.795795483135978
3,17.906671055862986,31.23005373278626,9.614336490140966,850.3005646669349,1804.7877865212413,679.9060111190482,45.50280919627891,56.35684130392464,7.746776396974855,2,14.811548766866192,17.783906163367078,2.972357396500886,2022.4252830066687,2834.42992731574,812.0046443090712,24.164100309010145,23.580803994158885,0.5832963148512604
3,20.49849846868327,31.23005373278626,7.832333942776443,1403.431566707671,2947.030668690614,1099.0827171773667,45.50280919627891,56.35684130392464,7.746776396974855,2,8.967995314896484,17.783906163367078,8.815910848470594,1425.9667650421834,2834.4299273157394,1408.463162273556,23.718596832547643,23.580803994158885,0.13779283838875855
3,20.458806709201315,31.23005373278626,7.847673331201838,1564.1359994913093,3429.1439670415293,1325.0513517934353,45.50280919627891,56.35684130392464,7.746776396974855,2,8.906260985907544,17.783906163367078,8.877645177459534,1419.2149636578697,2834.4299273157394,1415.2149636578697,23.778134471770578,23.580803994158885,0.1973304776116933
3,17.271672508693545,33.701107640798185,12.592094823904828,531.6284772733483,1050.9084290582925,425.8612032182388,50.50582295814377,57.14719128615903,6.681228403277595,3,10.31461006373468,16.367062596008495,4.681748906419147,947.1625678249351,1365.3148867895884,327.5268018584447,23.124429080850003,21.9213211049262,0.8808879189192521
3,17.182525930314647,33.701107640798185,12.608751701212793,775.3411897118982,1267.3195518592347,549.880672690158,49.48038080594668,57.14719128615903,8.092542305064105,2,10.665395468431685,16.367062596008495,5.70166712757681,738.0864083426084,910.6325978449947,172.54618950238637,22.683702375143522,21.9213211049262,0.7623812702173218
3,17.182525930314647,33.701107640798185,12.608751701212793,775.3411897118982,1267.3195518592347,549.880672690158,49.48038080594668,57.14719128615903,8.092542305064105,3,10.16451405884406,16.367062596008495,4.7089740278962005,684.6912766152013,910.6325978449947,159.84431548302425,22.972258482945495,21.9213211049262,0.7443203088400635
3,17.313992702444114,33.701107640798185,12.584621765178396,1058.4014751692537,2116.5004082313008,860.8914425530747,49.48038080594668,57.14719128615903,8.092542305064105,2,8.942886766189885,16.367062596008495,7.42417582981861,373.1896235944263,565.540218840222,192.35059524579572,22.538145743543623,21.9213211049262,0.6168246386174232
3,17.477273314781296,33.701107640798185,12.558420816937975,1169.5119891845036,2449.831950277051,1000.4783861601427,49.48038080594668,57.14719128615903,8.092542305064105,2,12.080718842337095,16.367062596008495,4.2863437536713995,526.3022919696931,565.540218840222,39.237926870528895,22.29322482503785,21.9213211049262,0.37190372011164996
2,18.259005877809923,33.41055460785934,15.151548730049416,458.3531474857556,908.9107067533439,450.5575592675883,55.07637935845267,57.14719128615903,2.070811927706359,2,8.750276343402506,16.367062596008495,7.616786252605989,346.0904672567252,565.540218840222,219.44975158349678,22.094824059456606,21.9213211049262,0.1735029545304041
2,24.583983849473263,33.14791101199884,8.563927162525578,1772.967677008547,3199.373209295905,1426.405532287358,47.717787493546865,57.14719128615903,9.429403792612167,2,12.355326129831662,16.367062596008495,4.011736466176833,920.0187930818439,1274.4973673234658,354.4785742416219,22.094824059456606,21.9213211049262,0.1735029545304041
2,24.036569404545297,32.05308212214291,8.016512717597612,1702.2302880440384,3199.373209295905,1497.1429212518665,47.717787493546865,57.14719128615903,9.429403792612167,2,12.355326129831662,16.367062596008495,4.011736466176833,920.0187930818439,1274.4973673234658,354.4785742416219,22.094824059456606,21.9213211049262,0.1735029545304041
2,13.054162084417012,19.821178985731365,6.767016901314353,674.0640641674597,1224.132512690674,550.0684485232143,45.19628620934239,49.09524297277021,3.898956763427819,2,12.590695837968417,13.036155722052452,0.4454598840840358,2578.6184300075015,3414.2843348390916,835.66590483159,28.44569033852934,28.261173723862118,0.1845166146672188
2,12.590695837968417,13.036155722052452,0.4454598840840358,1380.580826388126,1550.5812011675935,170.0003747794674,41.03638617649776,41.29732944591457,0.260943269416817,2,1.473258028326324,2.7986769678601426,1.3254189395338187,150.9768138430793,285.9536276861586,134.9768138430793,26.45408028125984,25.383013405701334,1.0710668755585075
2,14.782851996992461,16.52954827193247,1.7466962749400086,1561.5389686345734,1572.4967361015533,10.957767466979817,39.82519517685231,41.29732944591457,1.4721342690622592,2,12.163074214817296,16.52954827193247,4.366474057115173,1249.6734477517066,1854.9039064801702,605.2304587284635,21.749837297197992,21.676161958538398,0.07367533865959253
2,11.983649486255002,14.31836392699304,2.334714440738038,206.30073067289393,283.61177297605815,77.31104230316421,40.84743251026992,41.29732944591457,0.4498969356446523,2,15.844021628596375,19.58453885540623,3.740517226809855,2082.8857589626277,3303.975553296047,1221.0897943334191,21.244579338878715,20.812996719219036,0.4315826196596806
2,14.812549231083587,15.306734535174133,0.4941853040905464,175.86469631164442,222.73970425355913,46.8750079419147,39.73556857479325,40.397535574625266,0.6619669998320177,2,13.347401380796612,13.728133120487342,0.3807317396907308,1184.996342534063,1861.2601588193643,676.2638162853013,21.046079938299787,20.812996719219036,0.23308321908075058
2,15.409965533658825,15.758667893977027,0.34870236031820134,543.5116485950199,848.5476418397669,305.03599324474703,37.95914470094185,37.97016955590149,0.011024854959643449,2,5.910106717797621,11.557122989001932,5.647016271204311,613.2896956077557,1204.5793912155114,591.2896956077557,20.69396091642324,20.503881794309187,0.19007912211405298
2,88.51556625641234,110.0220964117782,21.50653015536585,226.13621964813757,300.86819118842163,74.73197154028406,584.7558981026095,588.0595150570556,3.3036169544459995,2,194.67923985120308,360.2072277096187,165.5279878584156,1107.4900842953857,2044.5087208538293,937.0186365584436,255.06432039339342,221.24505343854491,33.8192669548485
2,585.8401350708394,839.9413097491149,254.10117467827547,1064.281124664608,1869.7498818501813,805.4687571855733,1083.9725645718456,1190.699127629949,106.72656305810341,2,432.24489129393646,598.1942193264256,165.94932803248915,1032.7396991460314,1297.19325170625,264.45355256021867,305.8002918898243,260.8427658988145,44.95752599100982
2,617.1618042637706,898.969261171656,281.80745690788535,1910.098345736209,3470.0796808899395,1559.9813351537305,938.93880906085,1010.8772039459535,71.93839488510349,2,380.45638159989943,755.092471401449,374.63608980154953,837.4262844589512,1601.9013267882337,764.4750423292826,93.71856024629231,75.52917771828703,18.189382528005282
3,9.420994580443335,27.416096534557596,12.724458740672652,165.24689566199856,485.7406869859957,226.6248040380434,143.84825909289532,146.62162829848975,2.327102609468377,3,7.1684027715296565,11.305953068536056,4.665418303860627,114.14700440670799,205.39301760492663,83.2975489295338,56.84588558428675,24.738045608025963,22.7140705366367
2,202.94560430055859,250.09055157129885,47.14494727074026,1364.9786808164254,2311.5457750037685,946.5670941873432,328.210120000066,354.157877505137,25.947757505070967,2,39.52003790962242,78.36978191564484,38.849744006022426,254.6478726619608,502.9864179793865,248.33854531742566,60.79983611357386,60.12697562231423,0.6728604912596374
2,277.2902621188372,304.4899726663755,27.199710547538317,2964.882249368996,3618.2187237342223,653.3364743652266,359.38741289691336,364.6169482886897,5.229535391776352,3,26.940907248572604,78.36978191564484,36.36915792406931,193.6189099541073,502.9864179793866,219.03008335766748,67.95289638313085,48.948841746284614,19.512788184794875
2,246.1901564614708,260.5496223548515,14.359465893380744,1137.4306176917537,1428.317215106594,290.88659741484025,359.38741289691336,364.6169482886897,5.229535391776352,2,132.88624298624455,193.84408664468396,60.9578436584394,797.639377958129,1378.9444708165702,581.3050928584412,64.14385214049699,49.28786918881367,14.855982951683309
2,214.82868525141686,260.5496223548515,45.720937103434665,803.903164171765,846.5440202769134,42.64085610514843,359.38741289691336,364.6169482886897,5.229535391776352,2,132.88624298624455,193.84408664468396,60.9578436584394,797.639377958129,1378.9444708165702,581.3050928584412,64.14385214049699,49.28786918881367,14.855982951683309
2,186.8128826891523,260.5496223548515,73.73673966569922,532.6718997841806,846.5440202769132,313.8721204927327,359.38741289691336,364.6169482886897,5.229535391776352,2,132.88624298624455,193.84408664468396,60.9578436584394,797.639377958129,1378.9444708165702,581.3050928584412,64.14385214049699,49.28786918881367,14.855982951683309
2,128.2330681397582,188.7848106574242,60.551742517666014,1620.078476846203,2879.9091573909654,1259.8306805447623,224.98249111112003,243.1319558334976,18.149464722377587,2,87.42299088914751,152.48588121266903,65.06289032352151,1479.4163098379674,2854.9513566505652,1375.5350468125978,51.817507182443535,49.28786918881367,2.529637993629862
2,128.2330681397582,188.7848106574242,60.551742517666014,1620.078476846203,2879.9091573909654,1259.8306805447623,224.98249111112003,243.1319558334976,18.149464722377587,2,86.6478410521176,152.48588121266903,65.83804016055143,1477.3560853215654,2854.9513566505652,1377.5952713289998,51.817507182443535,49.28786918881367,2.529637993629862
2,128.2330681397582,188.7848106574242,60.551742517666014,1620.078476846203,2879.9091573909654,1259.8306805447623,224.98249111112003,243.1319558334976,18.149464722377587,2,86.6478410521176,152.48588121266903,65.83804016055143,1472.8560853215654,2854.9513566505652,1382.0952713289996,51.817507182443535,49.28786918881367,2.529637993629862
2,125.53865414118965,164.13212074131732,38.59346660012767,1178.6228542952201,1865.1622377299955,686.5393834347753,224.98249111112003,243.1319558334976,18.149464722377587,2,95.40246192651756,152.48588121266903,57.08341928615147,1699.9988613453909,2854.9513566505652,1154.9524953051744,64.56197938514183,54.3471451760734,10.214834209068435
2,120.2613883302303,124.77661548691175,4.515227156681448,2375.1272761281907,3691.4498453983083,1316.3225692701178,143.34093784391843,146.35978797895922,3.0188501350407932,2,6.01034379767691,11.982244074089156,5.971900276412246,136.2549259216873,250.50985184337458,114.25492592168729,21.30293232397387,21.02269215590027,0.28024016807359864
2,28.788136256065343,43.193795452721886,14.405659196656545,770.6828544229554,863.2324885230196,92.54963410006422,53.876087254661726,68.32365799102757,14.447570736365847,2,12.257926085630993,14.424082414395794,2.166156328764801,922.7015611894113,1483.9301350835508,561.2285738941395,21.348003204844524,21.01166842465944,0.33633478018508534
3,19.405756172870273,43.193795452721886,17.640810493130346,343.25657795481993,678.1332203228911,276.06709400629296,102.74854572848271,200.49346267612464,70.11554222381017,2,30.868035990381962,47.31198956636813,16.44395357598617,1080.2075843642256,1483.9301350835508,403.72255071932534,21.348003204844524,21.01166842465944,0.33633478018508534
2,861.8191424114183,1000.0602222793702,138.24107986795195,2352.0046787521715,3818.069115624482,1466.0644368723104,987.4923982923647,1073.8447533832502,86.35235509088557,2,35.87762472449704,38.08036312489398,2.202738400396939,212.08987950030922,296.79960332078406,84.70972382047484,64.91927839954344,56.054025695206946,8.865252704336498
2,516.6284708287104,690.4825960025753,173.85412517386484,954.380663551511,1419.751705960443,465.3710424089319,549.8900655635049,717.6580512453014,167.76798568179655,2,199.78456874141446,318.5658718871615,118.78130314574705,877.5296884307685,1248.8974311371946,371.36774270642616,26.252945488828068,25.330435734930024,0.9225097538980442
3,193.45510118923298,318.5658718871615,136.39037143175145,965.6116573473884,1515.8885808656805,683.6660298035649,477.47567504289333,806.3950748562185,233.94383031631878,3,237.02573768845414,318.5658718871615,77.05004127505713,1348.3894002076493,1812.7564530714558,345.769305784526,24.23701909961676,23.282302960299035,0.8418789843049351
3,232.08006937818666,318.5658718871615,83.26066340711928,1425.7896160056323,1515.8885808656803,63.726421069200526,261.26275678807093,343.8963076220915,77.41137626393271,3,134.68457149173915,258.85333969007104,100.96688866173196,991.9372828667792,1812.7564530714558,666.7839851132027,24.23701909961676,23.282302960299035,0.8418789843049351
3,141.16187491738773,258.85333969007104,94.12469720548931,2560.372575900267,4503.590503338636,1832.1848601436054,202.82442680766587,282.1356426503701,56.13132392748935,3,96.7316366821525,144.08883810670451,61.46192867776917,2850.742868687028,4767.535496806518,1944.8095166532273,23.118853287006004,21.97593829709775,0.8741324797208472
3,138.19175848935342,142.28831164369427,2.8968115329726847,1486.1849418455247,3073.1086217630054,1150.4639294410235,202.82442680766587,282.1356426503701,56.13132392748935,3,93.45231601215396,144.08883810670451,66.09362554982216,2791.351742524923,4767.535496806518,2026.3464160462856,23.28357388694232,21.97593829709775,0.933927406535499
3,133.04033395762008,143.30944690700642,9.915089169840526,1883.0521923064543,3073.1086217630054,845.0277509695893,161.36465262145956,166.06477640380226,3.4786604391932325,3,46.3273319546594,138.29692307172758,65.03256967793548,426.01818918179566,1141.0390825691156,506.19024242101887,22.30295486631947,21.97593829709775,0.33030152202984964
2,386.30171762546973,519.3451624690251,133.0434448435554,499.4368705154602,814.7477567015139,315.3108861860537,627.1520466742459,631.3751670332148,4.22312035896897,2,311.52936766083167,556.6587559590533,245.12938829822164,795.2447465910079,1195.4083969709313,400.1636503799234,34.8299925975025,27.83290188321563,6.997090714286875
2,462.54500956359533,556.6587559590533,94.11374639545801,1530.7381933020315,2648.0695541607843,1117.3313608587528,603.7102920787729,622.9289263152768,19.21863423650393,2,296.77300741409147,556.6587559590533,259.88574854496187,689.4823378052588,983.8835793994331,294.4012415941743,26.439080653155024,25.045259423094418,1.393821230060606
2,287.2013272486893,556.6587559590533,269.457428710364,1337.0347770803921,2648.0695541607843,1311.0347770803921,602.8517403960241,621.2118229497793,18.36008255375515,2,300.28880060217995,556.6587559590533,256.3699553568734,743.3334311869219,1091.5857661627592,348.25233497583736,26.439080653155024,25.045259423094418,1.393821230060606
2,121.44072743837131,240.52946847466637,119.08874103629506,157.2369040905637,302.4738081811274,145.2369040905637,199.69208641299423,272.53160861638423,72.83952220339002,2,51.051661280155734,101.80730478650977,50.75564350635404,1894.501687301192,3786.003374602384,1891.501687301192,27.61815731907962,25.045259423094418,2.572897895985202
3,72.30269959018158,114.75624310394643,33.88579595074723,670.5584091482693,852.6407631509092,148.19945201542964,118.11753700037018,162.92677191720983,34.67742613828276,3,43.63297189762119,78.55813937926729,25.277400114115505,1544.9221595141914,3193.9471649994202,1175.5470715173658,40.21967037305848,34.41413052675224,4.123662628434893
2,121.48342646688384,127.28287481993681,5.799448353052966,1999.1856194403658,3449.6983486119225,1450.5127291715564,158.36110935725543,165.0526227695738,6.691513412318358,2,69.97015922258431,130.83518261038148,60.86502338779717,1754.8621530446824,3235.7339697815496,1480.8718167368672,22.61056722977792,20.834413334555578,1.776153895222345
2,220.97206433740496,321.4993222931365,100.52725795573156,1232.2013573078457,2004.2027533185667,772.0013960107212,252.6339584336406,358.2404057987469,105.6064473651063,2,5.896949920072602,11.759479923890602,5.862530003818,452.2042920506789,902.4085841013577,450.2042920506789,25.887915161609122,25.797486786809095,0.09042837480002675
2,52.283868179006966,79.08740070997418,26.80353253096721,2025.2010476348132,3481.461370001698,1456.2603223668848,169.0050498999096,171.9434503270923,2.9384004271826996,2,20.079844123115834,26.208577474135595,6.128733351019761,327.70359079298714,483.98634145714095,156.28275066415384,92.78735141252986,92.71865320794157,0.06869820458828002
2,52.358140560883015,79.23594547372628,26.87780491284326,1590.7111593779114,2612.4815934878943,1021.770434109983,169.0050498999096,171.9434503270923,2.9384004271826996,2,25.463579533502475,47.13542678683302,21.671847253330547,760.302519041013,1424.856825586864,664.554306545851,74.69490263933862,71.36114604815569,3.333756591182933
