Number of peaks,Avg Prominence,Max Prominence,Std Prominence,Avg h Width,Max h Width,Std h Width,Avg RSAM peak,Max RSAM peak,Std RSAM peak,Number of drops,Avg Drop Depth,Max Drop Depth,Std Drop Depth,Avg l Width,Max l Width,Std l Width,Avg RSAM drop,Max RSAM drop,Std RSAM drop,Quantile Changes
3,0.23860402812701179,0.3482144591610694,0.13942243266522758,285.06312200199955,435.8150346314319,168.0239751755175,0.462290710402865,0.5279345421675519,0.06393258666054932,3,0.22732495459288746,0.3014418248105106,0.07475133981321493,1245.7761847718637,1672.1657796339186,310.65242945520157,-0.0961273568753482,-0.10243794652178687,0.00583256485931575,0.0563616670910178
3,0.23860402812701179,0.3482144591610694,0.13942243266522758,285.0631220019996,435.8150346314321,168.02397517551756,0.462290710402865,0.5279345421675519,0.06393258666054932,3,0.03438384195214302,0.06222350893811419,0.023412440428349578,149.90297560210817,307.0729144970485,115.4689618129185,-0.07172083593492955,-0.12637012955567006,0.03953679441247738,0.058244413718172613
3,0.26519174353257163,0.7870417991754972,0.36900382790690034,303.00956638530664,884.0286991559199,410.8671111070152,0.5826001879292172,0.8986836287155862,0.23633969876807853,3,0.10956165527347451,0.24040779486623967,0.09276134581835843,715.0449057947508,1746.1894498833967,732.8047684095435,-0.07992945645369509,-0.12425746236402763,0.03144869222522889,0.05904435379296008
4,0.3917463830887282,1.0229410910796137,0.3947387489144016,1372.6842142227192,4387.633070126337,1762.5659712938593,0.5488052444606697,0.8986836287155862,0.2318654646514971,3,0.05722021876557185,0.12862528657150024,0.05287219579094835,430.7959565019849,1039.6770159943108,435.9781465859149,-0.18154762176046282,-0.21092663255143054,0.021810498650339724,0.0592727258596171
3,0.3779185638871831,0.7100462901056556,0.2897959327573808,466.9241866647165,784.1750676062263,332.9334523611551,0.6495913797815831,0.8986836287155862,0.17621221478387256,3,0.1882174218059535,0.4215283735098372,0.16499118134563154,2280.226967554969,5126.754116667477,2018.9125162173627,-0.21732084895692252,-0.22300526881036903,0.0042606107905452375,0.058074360630064284
3,0.1940048347325953,0.40948181658789085,0.15686810637984563,868.1408515048165,2058.7246933587926,843.1108805352576,0.09148834182710808,0.19852310469946813,0.08527666117376785,3,0.10658662180953012,0.1766359735205671,0.04958372381043376,1448.679380177811,2632.111354536002,851.4135081078375,-0.21732084895692252,-0.22300526881036903,0.0042606107905452375,0.15539146838011977
4,0.14681454581256972,0.40098594195166026,0.14872945299636148,570.4093051430106,1916.2093971546146,778.993924597495,0.15893688255980465,0.19852310469946813,0.030621945760708185,4,0.1387021476696054,0.38798320689832755,0.1577070937515044,1443.900316131021,4644.724426110075,1901.9951943998874,-0.1929576752866632,-0.21095871188842272,0.013195728336242897,0.16784177067653455
3,0.06209074709953954,0.09546340436665565,0.02795434333572582,121.80927447247602,195.02013712855205,64.34875815423027,0.14574147517991679,0.17702449500990483,0.02353287726871095,4,0.11625784852218252,0.2159158176544583,0.07888373429424421,685.3970129361379,1525.8415097848665,533.4322626094552,-0.18379183740845523,-0.19308144155840296,0.00673662307670657,0.3961170803606666
3,0.14397953062424004,0.420869525553218,0.1958232425568161,102.7094198060259,302.12825941807773,141.01277765782535,0.43274234474876977,0.6684654988144924,0.21447927352879903,4,0.24165167379601138,0.665037779115547,0.24709739334638073,832.6180210842458,1763.0629943860047,548.7130966045137,-0.19029559232240484,-0.195904868798162,0.0044046283979248995,0.3026632543064867
4,0.21413828090553422,0.665037779115547,0.26652643993672515,1080.688999823882,2827.944549954315,1160.9088693245296,0.29758246012812206,0.6684654988144924,0.28750446143523195,4,0.025508173689476728,0.05673837942309823,0.024287599035141792,409.6632118173147,1161.0645400364297,464.7987587666819,-0.20561485662165935,-0.21512217494407976,0.0077142332586290895,0.058000142702691625
4,0.3014046753830416,0.6608635505973428,0.23409030048046203,961.9411640696187,2685.3546802297997,1017.7863005140906,0.2017965406126625,0.4801925462985093,0.16499608216838504,4,0.039871367548861995,0.09660515391558366,0.04090634715610021,490.25249335744564,1272.9346777018277,525.7435842416627,-0.21343309747382033,-0.21918991034714114,0.004954948033751371,0.04146835500320136
3,0.2309925506489591,0.3308861116881119,0.08299519864696989,620.020693326051,1080.3824698065305,330.61878671466934,0.10704526737689474,0.16985433603897707,0.0444995630928669,4,0.039871367548861995,0.09660515391558366,0.04090634715610021,490.25249335744564,1272.9346777018277,525.7435842416627,-0.21343309747382033,-0.21918991034714114,0.004954948033751371,0.02916026866795245
3,0.2309925506489591,0.3308861116881119,0.08299519864696989,620.020693326051,1080.3824698065305,330.61878671466934,0.10704526737689474,0.16985433603897707,0.0444995630928669,4,0.09210969154912854,0.24007579292282366,0.09032907764311336,287.2226062498129,542.8811548951101,207.14064278853354,-0.17238587023202678,-0.18530424209312532,0.011279472826283093,0.03259577433689278
4,0.18811106544389816,0.4104107230468113,0.1800685478821973,479.53368347199483,1506.8912420006463,606.7369854096494,0.14306715287267863,0.25301605309416064,0.08683391470954611,4,0.09979569890790643,0.21894682555686357,0.08793476889247559,1578.8938984380184,4328.558693776166,1737.1252118865,-0.18387087662719134,-0.21358614201382844,0.01928255465133466,0.08152209977979988
3,0.3166973273382077,0.4166237371587158,0.08305590830403443,1191.9738143693955,2381.3249692534077,866.3151933392667,0.17026258259597438,0.25301605309416064,0.08353324190729992,4,0.131264799433971,0.19690706432309615,0.045809872303554953,1081.6985252314576,2113.252140814672,887.093179672344,-0.19284551792812138,-0.21358614201382844,0.013890726274583827,0.13042638488671757
3,0.2953122886645039,0.3713179333036549,0.06466404252460942,736.6276420463113,1100.087561797116,353.36841230167926,0.14378438642865757,0.25301605309416064,0.08188258383323131,3,0.03338727798672675,0.07752761172312475,0.032212119667819124,373.8804838851354,945.2537296678327,407.303329689715,-0.19747788894678253,-0.21061727831311305,0.010097879989884604,0.13333174195029138
3,0.16535506955532914,0.30370959364413375,0.1146650962147618,344.29958861345494,657.3600048610107,223.9323903090361,0.05652689098685606,0.12246222443020849,0.07270365756541766,4,0.0954857710105819,0.2817812500821473,0.11111653341254749,562.4273400075245,1128.067908374692,480.69923303782923,-0.19558299156672973,-0.21061727831311305,0.009340625967266696,0.04148962082190287
4,0.3575065426781445,0.6481251279061554,0.17684922716735332,1125.7837073726703,2045.5378906743508,718.9540750427271,0.2009796442001193,0.4575618163172952,0.148877531828228,4,0.11837087271638926,0.2817812500821473,0.1046315792798767,692.406888426358,1470.847987968528,621.8298473828553,-0.1913440820697893,-0.1982729807633975,0.004266778086455749,0.06452094797983118
4,0.3381030361129433,0.6481251279061554,0.185759437947417,1511.7998975004953,2045.5378906743508,561.9681045528307,0.1730200948642475,0.4575618163172952,0.16763446654612382,3,0.1501821530557399,0.25678442149786,0.07960556866127443,891.4280695427748,1470.847987968528,488.13081658523447,-0.18920042538223739,-0.1982729807633975,0.008022201715415532,0.08192555296561495
3,0.23519173595468112,0.27984300806359064,0.04777810549935388,1993.6937849648364,4139.588309113369,1542.1987174487028,0.07817285437989824,0.1320115853973974,0.038528211165596155,3,0.03744386621907205,0.05580137564598106,0.014987493136496513,367.13152182418617,562.9141646141616,181.90848046726006,-0.2231322962187384,-0.22561211629015357,0.0019407700988081336,0.0761879237345471
3,0.1320008812421705,0.1804249304879741,0.03740967704339836,1067.0082478549791,2210.5399088612367,825.0288388834973,-0.010913823878256568,0.012360206830713802,0.020720606862108595,3,0.042644461932985184,0.06434559252547423,0.024893953082670714,571.3718952007804,929.7098191589863,289.1906814238038,-0.22684376274909523,-0.22767710014860082,0.0008888296289816793,0.3341864792943693
3,0.051497550855715335,0.10092745026518024,0.03510422190489566,76.41337628324915,165.95908440808105,67.78586843980042,-0.11165433120831197,-0.09328834474478226,0.014327031560012369,3,0.024235500076896056,0.06434559252547423,0.028514529769002078,386.5318206074216,929.7098191589863,393.8141842020971,-0.22774076323102807,-0.22830311773595202,0.0004355030471168708,0.44181663755180867
3,0.13583016482429272,0.22498094281783237,0.07168011940276489,926.8281873523664,1242.3409014475237,361.8475609098101,0.054049792750968474,0.1395055149496755,0.0629931580044855,3,0.01938114664588675,0.04686313245798662,0.019546657475508846,212.30202632648786,368.9775881589327,122.13689789710695,-0.22667152191312498,-0.22767710014860082,0.0011285528573899708,0.05127760357484891
3,0.22722116456721378,0.35243031312334877,0.09221337400383756,2330.817991375378,5324.968637391791,2143.3083592671655,0.08506889473906198,0.1395055149496755,0.04346695861142478,4,0.08226422672676696,0.29550503143867757,0.12336928363832214,816.8026380004759,3158.1287630055617,1351.8827979939565,-0.21091493910136044,-0.22432960981402633,0.012501471483282017,0.053504544503381594
3,0.4775523324869561,0.8759992875674679,0.35690366838602133,1138.8144024861365,2285.6624560009595,925.1652123902244,0.5769764209808476,0.8194246382439574,0.18965169888711708,3,0.19700600262359258,0.35243031312334877,0.14471212717467602,1546.5172346797792,3904.188732137367,1689.450643154205,-0.17759865867025518,-0.21292479817367327,0.025802541553455984,0.06729063307147959
3,0.49690549851458066,0.9340587856503416,0.3788822227655104,1446.2575059551284,3207.9917664079353,1322.9339528178568,0.5769764209808476,0.8194246382439574,0.18965169888711708,4,0.1617781025333015,0.2943572766959154,0.1118520914187073,801.8456272152728,1959.42551807476,711.5937731319052,-0.16185753085428745,-0.21292479817367327,0.03525163368865713,0.0763796914855311
3,0.26563721152936315,0.410121304628097,0.13127601423733232,1806.7156465308217,4430.036071008374,1877.2222436071327,0.34503443475498535,0.5550790297802515,0.15646898181307667,4,0.0794271441190664,0.2943572766959154,0.12415028583762017,518.1657098186756,1959.4255180747598,832.3462865464799,-0.1412976358432222,-0.20588716223033518,0.041773752891839294,0.0629955936271404
4,0.10202839522671425,0.24054895801333,0.09748659237893834,379.7402883888968,1355.6618745002506,563.9965412341458,0.14298824748067893,0.17925768300487063,0.05210462284673109,4,0.09201247708906116,0.134952504462195,0.03409256547683754,782.7822936649021,1141.682785652693,383.2587790614344,-0.2119367447181847,-0.2245454438075744,0.007579769428091658,0.03437009779150708
3,0.06922536185796928,0.1574336577472304,0.06532778367916503,316.33626144092267,635.1477350207989,254.60482286638998,-0.013393283948954228,0.041622016690230954,0.04402480902587733,3,0.024035944078457227,0.0705014205608595,0.03286078675648236,393.6602570061976,1174.9807710185928,552.4776370813242,-0.22890582251667901,-0.23111461437945024,0.002306197420149934,0.055886863978262064
3,0.23388929818006185,0.32541999666891747,0.0647756134345877,670.083651693397,899.0834173756668,216.710784625684,0.2501525940443688,0.31114776266700006,0.04313415188154954,3,0.024035944078457227,0.0705014205608595,0.03286078675648236,393.6602570061976,1174.9807710185928,552.4776370813242,-0.22890582251667901,-0.23111461437945024,0.002306197420149934,0.05330431361903204
3,0.28893701739731154,0.4472633191001385,0.1137814080883928,2477.4485921076093,4503.477896380322,1684.5078297977864,0.2501525940443688,0.31114776266700006,0.04313415188154954,3,0.11435800363603772,0.2298973892601243,0.09381068416553347,756.104620563196,1390.9580038197832,573.2752261018129,-0.16311340264922167,-0.23111461437945024,0.04842287503709122,0.03091150778451499
4,0.11887273149867982,0.2298973892601243,0.06615962002575625,1428.9688916190728,3187.723644367973,1130.6414735888552,0.1300072116001537,0.22037933102465057,0.05241793804521635,4,0.01860090217117815,0.05874862832518646,0.02377494853606832,314.30458176657226,1088.7654587953357,448.81002799665947,-0.18169941280856974,-0.20368320874458443,0.015433618405143316,0.025017062776634142
3,0.06321203274373954,0.11305648303290051,0.037038814044243286,497.3650004319865,1234.8528070002176,523.1664691000213,0.010845780850586068,0.07194259419267177,0.04406826657871729,4,0.011832029921837128,0.02638042105290886,0.009836332822737038,368.326456527712,848.3639072247779,336.8358441401376,-0.2159341768345281,-0.22752459404140984,0.00875125756468854,0.03185479523321444
3,0.05260031636974547,0.09322720182244618,0.03594562863575536,877.6975830329261,1325.4723943273711,609.0804540454119,-0.12717357217567113,-0.11030877287623805,0.01288807557182793,4,0.04319316218768215,0.0831635859988592,0.028881125412588533,1571.3113347491121,4235.786638691938,1579.4913874832591,-0.22127669566992342,-0.22752459404140984,0.003942067412496465,0.09695747303831176
3,0.056308132131568656,0.0831635859988592,0.0206037009072253,1793.108923608638,4332.073788252727,1798.4846138797855,-0.1550814940209285,-0.14436100804255064,0.007998578166358733,3,0.029700019463831457,0.05598679961970546,0.022846250516720536,875.8171098272695,1484.9882321120622,602.1252094346236,-0.22589422255366176,-0.2303607613422751,0.004463944252050763,0.10752103126641717
3,0.055367792623690425,0.07105666198531274,0.016185072987885275,820.0678554308834,1371.7952997374225,409.19859334205626,-0.15453376840882788,-0.14436100804255064,0.007435149745908596,3,0.037227852085243734,0.06840400924262863,0.028105503619015856,419.81379691552,831.8361411413312,318.57940477503155,-0.22842745604772316,-0.23104048545215297,0.003226698582427688,0.13435375866401034
3,0.05921600103831015,0.06663583709891988,0.007434358689358049,1451.981401544539,2872.683630195781,1005.296819197604,-0.1658330145398665,-0.1619241424100683,0.005032692997840319,3,0.04087846837924045,0.06840400924262863,0.02930286977694253,812.5481887065592,1549.8584105888026,610.0380277165813,-0.23022452003429075,-0.23104048545215297,0.0007282533684315562,0.04097298794944825
3,0.07968839473067309,0.08820535601701765,0.009371579811533299,1442.1309591399313,2872.683630195781,1016.4222690045608,-0.14106789142477957,-0.12279636219275666,0.016430897778384128,4,0.042003796764467416,0.05394377495429695,0.01522571890702623,685.7059513297904,1549.8584105888026,563.1352270116641,-0.22825030830207843,-0.23104048545215297,0.0021229572401726526,0.03748734023169708
3,0.05897559758636692,0.08820535601701765,0.03855614602275536,489.18562954662434,848.5535755129986,350.4951612732591,-0.14470184299888147,-0.12279636219275666,0.02128717912615225,3,0.03665302233533856,0.05632143589308883,0.01960806721158079,1333.879979314229,2738.8744831866507,1036.3530964404308,-0.22960665199474392,-0.23001989306750462,0.0003010253668695893,0.030550227389587844
3,0.0796523209025473,0.14964011620774095,0.059366784985431756,1180.2663358567831,2666.9111675899558,1106.5246202209473,-0.13049462682685956,-0.08017471367669088,0.03846122437202695,3,0.06257771392916757,0.09224905719544693,0.021232804960526302,1860.9690726285924,4235.235096442756,1698.9241097371669,-0.2297744482891276,-0.23001989306750462,0.000218762068896507,0.11573658747933406
3,0.12374637780810738,0.18221109869664817,0.06986094279111273,1175.4868891079984,2722.47631287547,1115.5913341864007,-0.05179448531160483,-0.0374322588202044,0.012298400494759151,3,0.05933008200946762,0.14964011620774095,0.06488373377156803,598.1372603187332,1387.1278588962368,581.6866876768984,-0.2289551335405008,-0.2299751445397432,0.0013307641837585953,0.12073729529986588
3,0.12477438611734949,0.18529512362437453,0.07073096470127317,2116.910546488032,5546.747285015571,2435.1274941497827,-0.05179448531160483,-0.0374322588202044,0.012298400494759151,4,0.02492488813143042,0.06976477153194915,0.027655531309788924,455.02585695421055,1233.5441704668046,489.160017388245,-0.22429504973245176,-0.2299127430181315,0.003845095672112594,0.11678765823428187
3,0.1432516852079079,0.19026764787058953,0.03992435363949372,386.7040590220641,559.3230849525107,135.10050023574587,-0.061045010294765605,-0.010256637550766468,0.04638706292915226,3,0.051398185023128755,0.07299522781483977,0.01661778540188941,565.743220326057,766.7934199414631,210.25799940194656,-0.22324962373824944,-0.22874903030357158,0.0039788158883003084,0.04411549293453959
3,0.24900984406804536,0.3694334318810655,0.08516441435629249,644.0492589474865,967.4250735666049,352.09216389221115,0.13670664055015344,0.39996832834981566,0.1865745976562294,3,0.0290510559704642,0.04862474895296451,0.01759759473938319,483.4618599093989,766.7934199414633,324.82876619717797,-0.22561377338994212,-0.22874903030357158,0.0030217588776749464,0.08188969855316512
3,0.5350295035568202,0.785445324895384,0.18011527092760235,753.9664246723078,1610.5846385110335,621.6415147417414,0.4115098445326675,0.5990624616735838,0.148648465013575,3,0.17638627412189903,0.4502097538940112,0.19554728405835461,207.56271021741688,318.5521733169596,127.72886857553546,-0.22024680966689422,-0.2265609338181762,0.0048689159544205805,0.1334675400636445
3,0.489566552386771,0.785445324895384,0.22722729352038182,873.4573407290414,1610.5846385110335,521.2689588714421,0.2963691604134369,0.5990624616735838,0.22642640430814237,3,0.1548386322288555,0.4502097538940112,0.20886121833993904,138.83668444791178,318.5521733169596,128.15790695784204,-0.2166167237859665,-0.2265609338181762,0.007464057967292578,0.1407321285203498
4,0.1378102743601422,0.1735103322006753,0.03588225086748259,589.5575924317283,1124.832975554056,391.1908992177825,0.019214875207042566,0.06834493636498294,0.03420524265316664,4,0.048396069203668124,0.09530856088662439,0.04537602203052062,519.4913720991171,1217.8492353626166,524.5404691714449,-0.21007364282249846,-0.21800067772485535,0.006259303731423506,0.07064634430882467
4,0.11843776463585011,0.19539701763939005,0.07407752181923714,534.8733948032863,961.1584943555946,401.37713255162595,0.007808710205101613,0.06834493636498294,0.051156422803786135,4,0.04578932508237363,0.09220746719441755,0.042834460382224465,427.29336645418516,849.0572127828888,414.5717261157673,-0.21007364282249846,-0.21800067772485535,0.006259303731423506,0.0506945324562251
3,0.1587085263797491,0.2019888443249042,0.05661048712613689,1599.1267347051128,3630.566097144344,1469.1847089525688,0.034405106861225894,0.06834493636498294,0.025687212092402014,3,0.09314990793712696,0.2019888443249042,0.08240755256193098,905.7193536317462,2143.101929774702,904.1361959266014,-0.18966501315661724,-0.21800067772485535,0.020113829068111364,0.032259400421856384
3,0.10256428656478873,0.13992358506392844,0.04345523192726802,1176.8377961688834,2360.490199846144,837.0158160946891,-0.02555603077986722,0.028651933060354205,0.043316610614036785,3,0.08413451567079806,0.11893019886863831,0.024954971469673327,1459.1619401983282,3071.9067707177783,1191.1121130943231,-0.21180982027960607,-0.22648246520396478,0.010378056353620645,0.05830727310256757
4,0.10679426600933357,0.13683963235290464,0.02259960957813918,799.5576590309922,1197.50248240531,357.433425240124,-0.08414214042740725,-0.04333670619943687,0.02532062089471369,3,0.09837997934319347,0.12363968264686562,0.02138647606136947,3118.7811668283684,5459.588921075849,1692.201786612497,-0.21374366964293942,-0.22648246520396478,0.009011818755571143,0.07151931297292488
3,0.13421673192945024,0.16646941536940946,0.022914267460504165,2227.644033702432,5455.967499437752,2292.1861916458734,-0.06739714726036256,-0.04333670619943687,0.017239545453198828,3,0.06268370887330978,0.10015611877989877,0.03648178312659166,984.23687276657,2379.4046938948263,986.5642468631102,-0.21466565729601209,-0.22648246520396478,0.008399517303881308,0.10629591803355498
3,0.13993369840207984,0.16011022036351663,0.016059959409751537,1245.0446863997115,2949.596722169224,1205.6105352443215,-0.06379850950384297,-0.04333670619943687,0.014559492869447596,3,0.11853005058913098,0.13887673940496514,0.017236803197476926,1659.8598605992695,3433.145258340891,1284.128686724678,-0.21181931124309342,-0.21473417940726106,0.0021104828182320788,0.10162752042001869
2,0.3415914069973118,0.48373926039554827,0.1421478533982365,294.4297486428459,332.1323604529034,37.70261181005753,0.27915638828802647,0.3778228301604554,0.09866644187242896,3,0.1325253236335256,0.14269328605905324,0.009422234314596559,1694.8476773975806,2203.721353581808,448.53649278184264,-0.21181931124309342,-0.21473417940726106,0.0021104828182320788,0.11475250673165155
3,0.4664109016147027,0.5689464825071853,0.07710138440651915,2090.171894629078,4475.968082833548,1704.745103260806,0.31878417060210723,0.3778228301604554,0.059592075558415204,3,0.080527665084589,0.14269328605905324,0.055473909838805555,1246.038111034194,2203.7213535818087,916.9567124998637,-0.21118138481977508,-0.21473417940726106,0.0025467962050762434,0.1292791786032922
3,0.7279074382635254,1.1741595857045484,0.31902344460138476,1878.2544564795937,3971.0830601451717,1509.6917488536292,0.5719397070954032,0.9966483367994514,0.3006832987830628,3,0.3921192770005424,0.6074597075460124,0.224374661732044,3328.520628787805,5562.185718046988,1999.2882445794262,-0.21860494360632501,-0.229636877385557,0.008884021090803202,0.12128875648279788
3,0.6403384188587339,1.1978401103550573,0.40714887552581247,847.3364255895968,1583.183986333344,595.6228210190629,0.47273895458743614,0.9966483367994514,0.37339262134421425,3,0.25042722126385386,0.49762510868499604,0.1784843436706603,1225.1578266615509,2009.9137699092698,563.8272115751249,-0.21860494360632501,-0.229636877385557,0.008884021090803202,0.09763073020094082
3,0.677250356938896,1.1978401103550573,0.36879600849011657,2304.407491256346,3965.8050215757557,1285.5200794544237,0.5173141799359069,0.9966483367994514,0.33941976801438145,3,0.2807166879549799,0.5009237777387401,0.15594441028718314,1572.8554676858614,3055.6244872180705,1067.809017042081,-0.20390105684015994,-0.229636877385557,0.01999911742457512,0.09697922752240941
3,0.357486505256648,0.437357589207874,0.0814732203045998,2139.2198984468027,3679.8777810849124,1247.365555898505,0.23901486100302335,0.2997320041831343,0.05753313795687939,3,0.25551781783815786,0.3382893558044835,0.10010905130872923,1802.4716541519822,3572.4284636909733,1252.3903996497622,-0.16942554109596542,-0.1765389758036825,0.006324399932229138,0.09333384241056103
3,0.3062019090304869,0.3382893558044835,0.029685496487984055,1310.514858310835,3061.4724135147735,1257.6577379035068,0.14179499610798507,0.161750380000801,0.01682411363584894,3,0.026046051095672734,0.06102730052324276,0.025327623578950534,168.54395102632012,473.97284181818304,216.1199122072415,-0.21443313529078015,-0.22477303119215913,0.009154522078995026,0.09392929801584768
3,0.24821209041677897,0.33231455641852814,0.07733725172675072,914.9073382019736,2332.5560018477627,1003.0025499849179,0.11469084369787086,0.161750380000801,0.04104774853945977,3,0.01708773409307875,0.03415234951546081,0.01323801949526351,80.40035172811757,209.54204392357536,91.66897577067759,-0.22128862990959175,-0.22477303119215913,0.003795643804697609,0.11083762168792431
3,0.42830479733697513,0.5758205124877023,0.15892521496110748,1119.3780874436652,1997.0648439819197,730.0694993669875,0.2052537911641792,0.350938308328656,0.15678940820476886,3,0.22521162410007478,0.5027114677205581,0.20846591457228292,644.189948337517,1343.7748556785957,548.5708625409767,-0.22692914017175894,-0.2284770645519152,0.0012054227100380525,0.032769788302831594
3,0.13574223189151136,0.20769609276600012,0.07830959932757264,919.2714552742763,1997.0648439819197,807.1626802278529,-0.0562615232547253,-0.012351701292262934,0.03676627124776684,3,0.07768900674915079,0.1726732670630294,0.07147640385372664,884.7785337614305,1343.7748556785957,622.989749326226,-0.22509950443637547,-0.2284770645519152,0.0036391605799545508,0.02730407299441105
3,0.05909383321412701,0.0807644352779556,0.016169692418327178,1385.5529366672733,2127.776293141268,562.4279438613767,-0.16526189463771354,-0.14734515565863734,0.016552488675121612,3,0.03681501229457993,0.06693617203248939,0.026928919071068452,869.3837695488327,1488.618306058503,617.7891961440109,-0.22914635288682997,-0.2301265774910237,0.0008244012145437553,0.1713280662078515
4,0.13200544724772828,0.17638169609588755,0.03263954195094257,1650.4797585582214,4400.477740399273,1679.7819654650013,-0.07318110850951808,0.011756023252864144,0.05088819097351149,4,0.0722513419347822,0.14865481234439715,0.049523392923739924,1331.9440781832673,2319.6166033404925,588.5051162266559,-0.22792698017434304,-0.22920289023287338,0.0010983480603894353,0.1297331447452464
4,0.16290977433021014,0.23997856963307265,0.04509744393844103,1713.283002056901,3123.520636218248,1273.398618510427,-0.060862112940018004,0.011756023252864144,0.0422132354430248,3,0.09836164790787134,0.14865481234439715,0.06290070778068232,974.2004010898391,1674.2674219585306,653.9202691696056,-0.22865694226781139,-0.22963868948663274,0.0006957300407045741,0.1291769755373669
4,0.25137627868246537,0.5006755649346809,0.15049224060208735,1430.9678316827235,2829.0355224160216,1018.088456649754,0.02869257708876989,0.2786510260793402,0.14997243935792215,4,0.08501320738892561,0.2413947127394969,0.09154066930249755,1240.5800447899705,3999.534615792484,1600.6223759358543,-0.22729327382729536,-0.22963868948663274,0.0017566353414286578,0.028251568595415277
3,0.23610456619958853,0.507344605114164,0.19329083292361007,1677.1860792797504,4266.703828944302,1832.100903338298,0.027827427917532576,0.2786510260793402,0.17740064279285622,4,0.048614717392962276,0.12640558704799307,0.04637982842249565,1278.3836327661338,4001.327377990731,1585.982102041612,-0.22741103199094917,-0.22963868948663274,0.00182926967306831,0.40214752093973544
3,0.08578357618655656,0.1050953187395251,0.01884218829185442,1777.0729875395339,3482.0526597121966,1212.4108867926702,-0.10605973087895469,-0.09593099686981538,0.010165963043034175,4,0.06131439269579898,0.07570781435271665,0.014144665824503416,1019.1157746799557,1421.2943152843136,349.3289129754991,-0.2210512370783069,-0.2286935790348238,0.005086034554062727,0.4105654500473059
3,0.16472330285088596,0.2794577006691955,0.08208906826592414,2130.9653611366616,4057.4742599273877,1364.0554793895972,-0.04634758480036499,0.05917623445555114,0.07466172678374501,3,0.0844464612879569,0.12435046934382898,0.02826464322279971,1431.1171040291076,2219.508164949997,659.422949456838,-0.22141542450293897,-0.2253500791035078,0.002864219966856736,0.40376931065302424
3,0.16967865184503275,0.2794577006691955,0.08950088529796982,906.2221197910976,1253.6970934176748,247.35417335907277,-0.02902365936836589,0.05917623445555114,0.07315774198392454,3,0.12192660098359852,0.19906307032307693,0.08607797810824404,1667.578263663344,2717.987350724186,1174.1660348422238,-0.21973979134867397,-0.2253500791035078,0.004817170138398954,0.08312756678166187
3,0.1321300446621541,0.1793553395418779,0.04239517189794106,1857.4440763512805,2558.863903906107,742.760954083441,-0.06262121803757352,-0.02628700878043086,0.03367759751592645,3,0.028971624488579827,0.05466394395417501,0.021606500183711585,478.7157379474449,929.0658102256039,367.6113719998812,-0.21747855661246865,-0.2253500791035078,0.005566128382091517,0.08354629497171284
4,0.09429731625159907,0.15152123004490198,0.03341896614032095,1980.9479813458986,4510.104409081715,1474.4922100302495,-0.10031719470547845,-0.05412111827740679,0.02724180620155251,3,0.035986409034544566,0.08258092248746844,0.033311582108368175,675.8397593931313,1272.6614296988519,459.0609498427109,-0.21568915534497077,-0.22812172155076538,0.009330932084416472,0.027915245832776332
3,0.5031348751094408,0.8276590558655488,0.24283023414145485,516.5326684817807,699.1850021140326,257.1918412383118,0.3718324414394562,0.6491670918367469,0.2581443344027663,3,0.12515476508314435,0.2435957268080338,0.09605119538606853,1937.825677225386,4263.951695239227,1705.678864738127,-0.2250471889230734,-0.23098800692354982,0.006481322301874881,0.3129812618438408
4,0.4499439260029689,0.8479106115769667,0.2990752282280486,1289.8980750996284,2922.500005742163,958.2662667676788,0.25407927143028586,0.6491670918367469,0.3026157632705394,4,0.09061856658016068,0.2435957268080338,0.09063152621609451,999.3719320025591,2060.913785652701,744.0492921829779,-0.22278902110426413,-0.23098800692354982,0.006841317108518142,0.3134371400271592
4,0.42859923619539536,0.8593448347596447,0.32191626605907164,1979.1518174654955,5825.492794116467,2228.9468361471086,0.23944832687303705,0.6491670918367469,0.3143990486839501,4,0.07776401218454662,0.17921785320703124,0.06400877545640692,2276.02606805671,5575.680290285889,2227.2481316374474,-0.20702453123488732,-0.21601451764783633,0.006600269623489829,0.20325434405506973
3,0.17158513666706635,0.17921785320703124,0.006886248037574693,1595.444138966298,2784.953087253498,874.7351481242304,-0.030465586831936436,-0.02793010684415769,0.0019008242141032715,4,0.1106644652544272,0.1796671973755119,0.06940806317164278,1343.8719638056464,2707.241940475389,913.8262533341907,-0.20855602222976888,-0.21062708709137845,0.0020370798008184933,0.06388255151414221
4,0.16459381650932153,0.18269698024722075,0.024004581792585564,1710.6666749612007,2784.953087253498,972.3888775500318,-0.03303028798398178,-0.02793010684415769,0.004737396491491846,3,0.08986135436703224,0.1796671973755119,0.0694688889580456,1486.8645273025923,2707.2419404753896,875.541451380872,-0.21067880502366074,-0.2112315850567059,0.0004317807075642047,0.05806501768859531
4,0.36592937514973767,0.7572675186194466,0.23992505113361343,1484.5623356101921,2803.930437061901,1145.8174309031533,0.18523070793357696,0.5478507804775976,0.2238939198693631,3,0.1993748452832708,0.39870253837384234,0.15660143716538102,1974.7353903162445,4034.9239124863334,1489.1816390403444,-0.21042513676331112,-0.2112315850567059,0.0007545441371434134,0.10051884109400197
3,0.4498450926307931,0.7572675186194466,0.2287500358254784,2216.8619976183004,3336.950216103944,1226.5983891088438,0.25628431285948844,0.5478507804775976,0.21597111854926723,3,0.15864749047474044,0.39870253837384234,0.1726236114110761,880.7302574201907,1323.0725905571558,617.2162355088716,-0.21011048089027018,-0.21206713342007696,0.0014029384922732392,0.08422926523152267
3,0.24683496784783973,0.38336035116131123,0.09966478965446432,1941.831869635903,3336.950216103944,1154.5145017240966,0.05871771279822253,0.18928580023199332,0.09747335825030362,4,0.07387560897899609,0.1482371442705867,0.06858989219598866,1384.8714072715156,3980.0903258434873,1564.0274960192985,-0.19823982709847723,-0.20621801296686498,0.005228738820873103,0.02533627643147187
3,0.10856372916347652,0.19192249782731477,0.07778277421088567,961.3245123896085,1809.6842434397777,736.4174524881223,-0.04918958937007667,0.010584378753325982,0.0456965489748849,3,0.05066034992753827,0.06434372712370401,0.015625532535271273,1362.898184140982,2386.2115816387463,790.482522622026,-0.19148986997876036,-0.1940745509293179,0.0020973123025345114,0.02893235079611868
4,0.13201644191667597,0.19192249782731477,0.04047370618202594,1423.9634120192047,2617.1358522336423,891.8320311091879,-0.0288079163963954,0.010584378753325982,0.024800042528744116,4,0.03754758799748709,0.12904322763240056,0.053032058105659884,592.3109367476393,1892.3046539281495,756.2822387909658,-0.18673948874131008,-0.1889375109998823,0.0014696712334724311,0.03387435376048074
4,0.12974124061432035,0.18326753807636154,0.03988855835808892,1471.161164988037,3744.128966910986,1380.86620255535,-0.01850265613670431,0.030601477570297034,0.028430118574874718,4,0.11368843338357583,0.14888934680701454,0.03516797968497196,1895.4858070193,4650.298968158143,1737.500114798169,-0.1759249415889657,-0.18133811907398878,0.005786110646363256,0.023875227923921397
3,0.11800819978760635,0.21088476698865016,0.06588969869494951,1707.4783422146359,3704.920440147933,1431.3114348737647,-0.041263024107003714,0.030601477570297034,0.05308590776592454,4,0.04411340465734589,0.07174414640058144,0.029318778236645287,916.0463773864116,1932.1017375060887,715.653756631162,-0.18576178532310775,-0.19227979790270625,0.004645945336567337,0.025070864418511654
3,0.10929666089014639,0.1847501502962703,0.05361938603123178,972.1097090791382,1498.8145407414386,438.71852724784276,-0.041263024107003714,0.030601477570297034,0.05308590776592454,3,0.05831772153278134,0.07393441473019266,0.019185769497985332,1579.1060377721635,3179.240412498158,1173.7345449912173,-0.19169321564787248,-0.1927951824337028,0.0012123815957976454,0.035926928279629906
4,0.06470963225288617,0.07393441473019266,0.009533951718465987,1566.8190033323601,3169.2518256109615,980.0410305657041,-0.12353452002935068,-0.11886076770351015,0.004702958441497719,3,0.04241727910319104,0.06630605920015836,0.027198638413349633,1387.6704426254744,2787.0242231394504,1089.8818152047438,-0.20330669846925686,-0.21101408400125587,0.005644935723006698,0.03469753243790924
4,0.04097912835952041,0.06630605920015836,0.02512664357525269,698.0096274919773,1377.0344489816061,501.71875148892457,-0.14700485559758913,-0.13134552895817359,0.009455310254453184,3,0.03246864897113336,0.04529858457894592,0.01724237119815288,936.8881276270519,1327.32491367918,544.2154593574419,-0.22039310732262918,-0.22218359842561275,0.001266082375576327,0.02378967429034469
4,0.07729940737633097,0.17099206338710438,0.05452216903851569,1371.462898579885,1811.979741637413,359.0244680007795,-0.1346365085139653,-0.04007069586188283,0.05512244319826628,3,0.051768145932641375,0.0677507074534564,0.01130300530658185,2897.610842136917,5637.876232484399,1944.5397268498987,-0.2207052339088428,-0.22218359842561275,0.0011110367446813825,0.06269454674644877
3,0.10838407703328191,0.18211290256372992,0.05303227996858816,1738.2179513228357,3823.618286631665,1523.8447681446864,-0.10280882205207152,-0.04007069586188283,0.04454454752155501,3,0.04761939900385557,0.09655842111836282,0.035363920937274286,869.5744685894488,1471.0246144215594,434.005530290571,-0.22419897370222788,-0.22580977478201214,0.0015077685393727826,0.06506853213973876
3,0.48088524899224017,1.2578744168355527,0.5526999554892968,465.3254104545752,797.5013120030635,284.5497243073159,0.3237748167447962,1.1140997609277767,0.5594288098884116,3,0.10041187852177143,0.1857390789201293,0.06387340538988713,2786.0394457589314,5360.059289109732,2007.1269903078687,-0.22102908390105488,-0.22580977478201214,0.005928473980818408,0.03201231302233943
3,0.49022809443776927,1.2653020267496333,0.5500624041460956,1316.2032072953225,2158.0718062331207,693.5486895919997,0.36134484905526043,1.1140997609277767,0.5328013774793464,3,0.046118725998466066,0.07103615245369263,0.027401503881819524,600.8119637350808,1249.8630909615108,480.8918977454208,-0.2058248819113365,-0.2126739290220937,0.007043697389135463,0.057183033425040365
3,0.5215857160404651,1.2973793309477184,0.5489933168650034,2997.9769296758077,5461.937361987992,1778.0986187016479,0.36134484905526043,1.1140997609277767,0.5328013774793464,3,0.04427436320750177,0.12618028024945604,0.057926954582618,607.1866681217307,1729.351879719029,793.8223604427994,-0.19807630301877233,-0.2151923972361927,0.012108411914305296,0.053043526469296984
3,0.05629849611708423,0.08980848495170815,0.03968445457588575,661.6225411925662,1554.6808670080163,652.6901324660378,-0.062407574606790465,-0.043946163471006355,0.013278343533087322,4,0.08165098309088975,0.17976254900582705,0.07380783094494883,2180.10337497621,6294.295072103014,2442.0743011680165,-0.22047256009242974,-0.2237087124768334,0.003398805979116029,0.021894431029756092
4,0.34718635749886284,0.6617351199571663,0.2426372189438772,1113.8973347259098,2307.8084890560126,701.5719649199646,0.1427085359003537,0.47338239549906463,0.25176147739439425,3,0.05178589953279087,0.13469659549009674,0.05865069851952835,1250.809290616062,3055.66132376539,1278.1492576540672,-0.22223261437784206,-0.2237087124768334,0.001735322763783874,0.029490229673210473
4,0.3615150366041512,0.6694552584994526,0.24432007180078097,945.468920520744,1807.5176195047848,636.0560798491936,0.1919976316619993,0.47338239549906463,0.20948208391971462,3,0.011713442443375854,0.014479224221851689,0.0025763266852771687,501.7566805905808,808.503493688946,227.96249194333134,-0.22223261437784206,-0.2237087124768334,0.001735322763783874,0.036246415413684355
3,0.14271110890880723,0.25968769010507387,0.08490893297261004,1576.0389021647804,3121.472247575968,1231.3246838349478,-0.029481392041672855,0.06361482710468594,0.06607026665831839,3,0.06752178613230796,0.11895652175560223,0.04983257156696063,867.1189092764893,1984.1954079379648,828.6079205306164,-0.2045881447066158,-0.20622951147848817,0.002199573154945427,0.03531762798162943
3,0.07690276612708473,0.10771004753307697,0.02179295648379862,586.2881738722564,1498.2808949208377,645.1247375785922,-0.0796145039304737,-0.06912003781931772,0.0075849594484011995,3,0.05474954298702841,0.11895652175560223,0.046434241622517136,1648.471155122533,2692.9560693108606,1017.9451286090505,-0.20879556376945074,-0.21338501798426507,0.003252786994526295,0.026927233077241715
3,0.10639635589051714,0.11895652175560223,0.009369596667279108,1312.0010417667738,2201.597232581823,630.9469989009917,-0.09162600201113935,-0.08256099263968167,0.009681019508067941,3,0.05571332138241843,0.13180914550354123,0.05555102206297859,2792.02118335595,5651.694068509579,2295.5390196936683,-0.21632989640890554,-0.21908213522642717,0.0023298238461892844,0.026838695852638657
4,0.11914569732729491,0.1810683987160664,0.03589872480162169,1545.2531323127766,3396.9834199571706,1072.5283741111648,-0.07821591982952776,-0.02384048061285944,0.03253329137820219,3,0.019622335698806392,0.04027238291638541,0.01618188259421162,759.408947913976,1150.3873132872595,515.241741066885,-0.21632989640890554,-0.21908213522642717,0.0023298238461892844,0.035669265513517526
3,0.1382219587858665,0.18497572734453954,0.03630825272031101,2019.656711781483,4576.493416224603,1808.7576092939676,-0.06510271201059349,-0.02384048061285944,0.029291587954224804,3,0.048498073898959417,0.13322978738365918,0.06011848966212244,1622.709861659366,4735.27050130937,2201.521989957728,-0.22327126008725587,-0.22807135184645533,0.003547908557163299,0.04060046591876494
3,0.08628375126328176,0.13322978738365918,0.03371183209571697,823.4857756496303,948.8515524736827,112.82832365843106,-0.1280075434734563,-0.08890666277923939,0.027684818025795612,3,0.03666393518352672,0.06344612228584962,0.026653816753415834,1019.6533813329191,1611.5842122380618,716.1407413867503,-0.23006600101574992,-0.23151362750551147,0.0012445429526336286,0.03143298642961203
3,0.08105772897617437,0.13322978738365918,0.03753450497690024,1075.0703249396827,2443.803072823205,995.3479584541162,-0.13426529999961703,-0.08890666277923939,0.033334397493710956,3,0.04750560333118553,0.06344612228584962,0.011735949891387367,1469.690799784749,2027.2790167356193,522.9126472793288,-0.23110250099619933,-0.23189804750452492,0.0008675596089151425,0.05890894618244653
3,0.06896419469246234,0.09851391001676874,0.0216371376911828,704.5631990457208,1549.6983698971917,621.1461163505536,-0.0932594012970986,-0.034835175238962804,0.041756108728507685,3,0.0352363315294856,0.04966683046329162,0.011905157477314644,1429.4460790775768,3263.451330687325,1313.8048084641375,-0.23018950934608698,-0.23189804750452492,0.0012919199050587973,0.07380683944115851
3,0.11988498339010674,0.18671588498984892,0.04826899684109594,2610.9981680763453,5031.509511560811,1715.875719124527,-0.0931562319095388,-0.034835175238962804,0.04166571335599,3,0.03173826280912137,0.039835619170720926,0.00869853244813896,745.3000422668193,1227.3964905025982,349.9174278941757,-0.22788837111177718,-0.22989582797856167,0.00177771487991219,0.078754661345034
3,0.16249584382222787,0.2052998644168879,0.04312247345553706,1180.9705663856214,2827.706706902323,1165.2471305014942,-0.058029849171741664,-0.02117822159671888,0.04282364486488717,3,0.00043574489549265866,0.0009922049283094259,0.00039352941531068145,8.211756528570541,20.635269585711626,8.784750328864076,-0.228285966582223,-0.2307470407730799,0.0022174828042029943,0.08877778341728682
3,0.18727613658451667,0.24878468102792053,0.06138107848867904,948.498433406117,1272.3865760387826,382.45093494507927,-0.04055763144750773,0.017581477933738997,0.0570521351915272,3,0.08828687231854866,0.21002498149746268,0.08891126417939685,779.9677932534738,1197.9459734748018,550.6154641162459,-0.23109502125348502,-0.23133481989319363,0.0002518578388731566,0.1083864896667765
3,0.46542898935691474,0.7300489794580552,0.23571789166015855,1027.7910437131966,1434.3647990779714,465.4802625651387,0.3957219792085204,0.5750269157040712,0.14224251412117409,3,0.08828687231854866,0.21002498149746268,0.08891126417939685,779.9677932534738,1197.9459734748018,550.6154641162459,-0.23109502125348502,-0.23133481989319363,0.0002518578388731566,0.1188230277098383
3,0.4966787649579018,0.7924279248885777,0.2609995358465353,2228.122716973323,3977.2086630552526,1471.9298588749577,0.3957219792085204,0.5750269157040712,0.14224251412117409,3,0.034227660312841,0.0674370266974551,0.02404841521736339,441.9693437164853,634.8029438282051,154.87352005730457,-0.2281457826331239,-0.23133481989319363,0.003327947123607331,0.08940313666441309
3,0.22630773850559424,0.2897374297959925,0.054099387186194545,594.6559312112468,1024.1878438245121,303.74036755532404,0.2400430452435842,0.3850423167011611,0.11347594920455391,3,0.05909687528374518,0.0674370266974551,0.01090001593439239,1347.8412680009153,2026.967114339045,670.31670135167,-0.22681186589843497,-0.2295488261962228,0.0020578462818119964,0.1341449261980361
3,0.08903224915094587,0.11654135120342331,0.021338942127686427,751.6559602677929,1213.4900979980057,349.4640982514051,-0.13380405943772514,-0.10473784159052428,0.022609209576711402,3,0.04834229519775423,0.06615386183076172,0.01306685426588688,1289.6998295479723,2026.967114339045,749.7834890828705,-0.22681186589843497,-0.2295488261962228,0.0020578462818119964,0.10392711246342597
3,1.181336108742009,2.1264355238737713,0.8484006812387062,871.3314260499518,2254.2982950210253,984.8159049055884,1.711118515505711,2.0999653305781774,0.2968248423103874,3,0.02475495953961838,0.045413077015666964,0.018481307032412367,310.992409594917,503.0026411981386,219.34232745864776,-0.22593408268739248,-0.2269154765630954,0.0009853032291470456,0.3338748096163204
4,1.0666035819595918,2.2747997243587488,0.8333596293359453,1447.2214632052137,5234.677393702576,2189.0217178003313,1.5342882594806904,2.0999653305781774,0.39985692265742107,4,0.011965165850640384,0.022797883645594402,0.010083517133260132,152.92640812806445,421.88743008752016,169.42242026087777,-0.22396507339543184,-0.2269154765630954,0.001974614728616191,0.3069225491923923
4,0.424577820904297,0.6753994348148216,0.19539533544693344,255.50202380540532,697.3619947055804,255.81633829566104,0.8264329101644946,1.3145585176681207,0.32778112950768784,4,0.10303005798618169,0.16562761568854675,0.05956527437087076,326.73888160236254,741.2313513884828,259.75664273522904,-0.19831247829401427,-0.2216423193322356,0.01654929959212016,0.35366862732233006
3,0.37771998218674535,0.6753994348148216,0.2361695595051622,655.053986245573,1241.689667051629,497.1591139807064,0.26669354688174773,0.5358049382501577,0.19037053164384252,3,0.13961603431282799,0.36004541461381556,0.15705180535290694,1464.8071053974625,3766.742759718306,1640.4287735403034,-0.22261882975707525,-0.2241936380430649,0.0012458612892474997,0.1671396192269857
3,0.20460287684908662,0.36004541461381556,0.12086166714125421,540.8156088499028,1241.6896670516294,502.9334458010969,0.01835933324814619,0.13889826940633168,0.08564890868954647,3,0.04148946177386766,0.05298249281974676,0.011418595649263159,651.1940188951918,845.4273273592273,137.55887189626657,-0.2246808642349147,-0.22531601661652784,0.0004699964778276498,0.08608866011183433
2,0.1800744082720615,0.20375153872082283,0.023677130448761324,771.1603482749452,1138.8752343255912,367.71488605064593,-0.04212130666840548,-0.016106953114959792,0.026014353553445686,3,0.04148946177386766,0.05298249281974676,0.011418595649263159,651.1940188951918,845.4273273592273,137.5588718962666,-0.2246808642349147,-0.22531601661652784,0.0004699964778276498,0.051028223709957174
3,0.18989826853102917,0.3606740316590248,0.14542369627031448,464.7518708973294,986.8101504676889,403.565611992126,0.03792230713018233,0.1403925632747184,0.0724933202455905,3,0.043946044054108145,0.07177402750639428,0.023411216219713364,473.42002921611584,741.6427496806008,253.14787445797924,-0.22280875088369015,-0.22453293804515134,0.0013211588841214254,0.07581958362623414
3,0.21745033189312943,0.3606740316590248,0.15306748898450656,367.01292143395403,986.8101504676889,440.403287482208,0.06847291763026041,0.1403925632747184,0.0618118703274001,3,0.0029150378900657616,0.007516042187405675,0.003262283393604558,17.552784221966856,30.658352665900573,10.887820203602843,-0.22796838810096498,-0.22880561327049664,0.0008999207105701661,0.11582009447885523
3,0.2645788787845366,0.3456684924785657,0.06110506010278344,362.2452591605135,781.3878518729082,299.4151932699814,0.08653196629723393,0.21553210878840864,0.09122630183104068,2,0.0009324360904268414,0.0016142813250833166,0.0006818452346564752,12.985538454757567,21.971076909515133,8.985538454757567,-0.23050974545432432,-0.23120161784243837,0.0006918723881140509,0.10447491929088626
3,0.18798846535678024,0.25024364029147694,0.08779994771926046,545.303355629878,838.5222150167256,375.0001027322074,0.0028478540541170667,0.023638022878026507,0.027162006965359448,3,0.00792792977090559,0.01771415680140298,0.0072837531853068545,131.28950489046443,280.6083332053761,113.99418352871712,-0.2309951216881504,-0.23120161784243837,0.00024161073318194605,0.07732637797967325
3,0.17972837609140058,0.25024364029147694,0.0513904416885054,928.4064442668051,1659.227625044166,563.613031779128,-0.044623676899477764,0.02042576722526667,0.04626628618208659,3,0.015305752266294955,0.027952509141711518,0.011436764649841226,384.5360666669637,868.9998667955149,360.70017348291896,-0.23102650052517593,-0.23120161784243837,0.00019766032682326789,0.02755288216253617
3,0.101839362031019,0.15970768533484014,0.04584433569904729,865.7775441844778,1659.227625044166,567.480788365615,-0.1275853739408395,-0.07104256405412285,0.044533798019237555,3,0.013630426011880775,0.027952509141711518,0.010954059529072155,369.4050783288181,868.9998667955149,356.3738792482923,-0.2310349162064421,-0.23122686488623678,0.00020532587570676873,0.060616376513319366
3,0.07070501451508444,0.09459702368328964,0.029051817362838805,533.7828135935735,1311.447392966341,549.9139731422939,-0.01966385393152396,0.21482385789144814,0.16615355912173393,3,0.012213299359556229,0.03186102357736301,0.013918634190239478,385.10948276845016,1025.595661346326,452.89775855739805,-0.23087101116085681,-0.23150408419601756,0.0007083759546615388,0.05615777676548084
3,0.2797252294352069,0.4241013017591789,0.1414048713454292,1505.1399722705264,2884.2181170552417,1055.8586211467828,0.07863128094651596,0.21482385789144814,0.14595391570371763,3,0.011296810025383417,0.03186102357736301,0.014543766532800467,363.89807707383625,1025.595661346326,468.4916439876824,-0.23043018328997975,-0.23150408419601756,0.0013275345092432801,0.03351373085441562
4,0.27538775972574225,0.4241013017591789,0.11537858680589672,1713.383782895957,2884.2181170552412,905.9467726632614,0.07024588541144705,0.21482385789144814,0.11247968592571006,3,0.13422281906738776,0.3541348274487584,0.15551626611987626,1388.4023668477973,2651.428943534752,976.8442892404997,-0.209785287423664,-0.2114927565469527,0.001239953948894895,0.04233991311186636
3,0.2278583888649952,0.3541348274487584,0.08938714066089339,2841.462499932238,6142.4275179470515,2347.5301609586813,0.022053227918113344,0.14485738358102768,0.08705617372047438,3,0.008048406189264251,0.01732918556200183,0.006793540582684752,154.09490363145068,229.04193987235863,99.14280086544721,-0.20986640933640235,-0.21236006302756819,0.00184327844520397,0.04214627941501933
3,0.10192652529913003,0.15964206291350935,0.0410467265206524,1370.5705709226484,2114.2938973885703,665.2430736306961,-0.1024661197919748,-0.04693308278247096,0.03928343972697903,3,0.023950605613033322,0.053317169541548914,0.022051421684536766,1325.491402672029,2900.574163941171,1194.4287748384118,-0.22850997759125835,-0.23127114032232854,0.0028380408704013617,0.0325076999012296
3,0.06388141602645515,0.07047655420364937,0.006651835356676212,1220.7192291432757,2752.523691695155,1089.6413359857174,-0.15483733194152802,-0.12887458618042225,0.01857498226388338,3,0.042186923804849806,0.06691607860592588,0.029859547984235544,2139.6354665128,5058.307254346017,2135.265816393863,-0.23055714238916933,-0.23127114032232854,0.0006746698842915098,0.03313176381466502
3,0.19974778982856892,0.47327239543579336,0.1934324513617776,2134.9940089924835,4026.5845518707456,1337.8547720955867,-0.02431317535279598,0.26269788358577384,0.2029671694114476,3,0.04464451281346748,0.0665050687187014,0.026096761745198496,1628.7634439583828,3166.009995073772,1158.57604134572,-0.23095984133880124,-0.23127114032232854,0.000224810169541199,0.071268461622037
3,0.20032265058643461,0.4826258218014043,0.19961863187814688,1601.1859719471258,1937.050954183589,292.66160253997344,-0.021350682600417947,0.26269788358577384,0.20095640929999717,3,0.02254021008369538,0.05957778250734497,0.02625364878526515,800.8479503562279,1796.8631431562508,716.304822374899,-0.22956302807962628,-0.23086013043510406,0.0017558647666679633,0.06425086862975052
3,0.1936899962976563,0.48678572938960574,0.20773180222720386,2748.029015176093,5438.596506006784,2149.070302859195,-0.022291162679353976,0.26269788358577384,0.2016612578885441,3,0.028747471548285275,0.04998405763926472,0.021016441439726256,2226.0041465705967,4295.955569123722,1756.3812776530158,-0.22351832258434104,-0.22578172168231067,0.002119180740364412,0.0626686862244892
3,0.042841392547737105,0.07829128444907885,0.025389762601832143,523.7358436544131,1151.3515842784263,449.2445529868695,-0.14130710947037495,-0.12783130101219248,0.009816650805328933,3,0.023864810817712717,0.03953972706545386,0.012090123095004275,1066.7247787058218,1464.836215348913,528.2328229582754,-0.2212396592823597,-0.2240878458038319,0.0021355306069832823,0.03495077992033348
4,0.10359669849057965,0.24113428606091514,0.08268374655770706,1596.529383361997,4781.821802587422,1878.7760826442693,-0.08348891158807994,0.029230206141545707,0.06804335320370668,3,0.013824509145186098,0.03059117874762804,0.012454370643704516,255.26930700576045,402.2124724504672,153.53892789404784,-0.21647401010665876,-0.21894573177636667,0.003228238732095135,0.049039647773014866
4,0.09937963695892302,0.23535279160281702,0.08925480090157545,1084.9924831816738,2587.1778769548096,1048.2573681701476,-0.08475688039846846,0.029230206141545707,0.06921779128670486,3,0.024482896058879322,0.052438403147903934,0.020676664664803036,877.4874674143572,2182.2216022991715,928.4055177475201,-0.22908454651116802,-0.231179423648586,0.0018595712776658627,0.039336201474810234
3,0.06064309027723766,0.1217045785821276,0.04686741467661992,1506.6491585171543,2884.8916930083733,1139.3787629023068,-0.14311675828187673,-0.09019950133724183,0.0381591920239684,3,0.03917979284557902,0.052438403147903934,0.011298551903910095,1622.4933934712653,2412.740363142725,959.2043444781056,-0.23127840456428475,-0.2314541299803447,0.00012458780285097535,0.050253209051598295
3,0.03940742373151432,0.052438403147903934,0.011010309087693975,1159.4971663947388,2884.8916930083733,1222.1490467837466,-0.18870613434218997,-0.17874102050068208,0.007398081470920177,3,0.03049276855063429,0.040273366194453875,0.0069630899099428125,1338.1475492455438,2412.740363142725,768.5636539937425,-0.231297963360519,-0.2314541299803447,0.0001114240481989213,0.0584414559616866
3,0.06054640503013043,0.07943609489184741,0.015038520072953924,1438.5160583700042,2649.8013695125587,903.4697891107966,-0.16548121057363438,-0.1433149126059979,0.016810640220287186,3,0.025770436284215454,0.026593360206125627,0.0008432090407068784,768.0603068368533,942.1764712395151,124.3612085050033,-0.231297963360519,-0.2314541299803447,0.0001114240481989213,0.03750206497360639
3,0.08438588113666369,0.11415710819562225,0.022560513207485672,2805.6972006077144,5286.521091075921,1965.0344498193745,-0.14314332855834988,-0.11699301575830834,0.02128193794602881,3,0.009658547265147754,0.025882325274875218,0.011505941831596323,404.0009589939487,879.3237119497298,355.18787345531183,-0.2306831313310104,-0.23145609075252405,0.000548984273619923,0.026316065049715138
3,0.08662941233112993,0.11169348187495651,0.018251165977932526,1854.6244001205996,2901.9232119762582,1015.0455140501264,-0.1398305982972685,-0.11699301575830834,0.01739966104667071,3,0.030696132442498608,0.07227222422502488,0.029993458001144467,1542.2875780399045,3568.240255289638,1444.0175323969402,-0.2301674315775379,-0.23145609075252405,0.0011388265017816142,0.032322300539702
3,0.04666150746780442,0.07227222422502488,0.025181299841736598,2192.584596897828,5391.273604478141,2297.9405444221447,-0.17413517644814677,-0.15918386652749916,0.013576334394298714,3,0.026974005714887173,0.03940815467361056,0.016178564905246565,1327.9344536079586,2277.3608705614465,698.6827931340247,-0.23140956370025356,-0.23187996692293564,0.00040441763383300053,0.05479696355097856
3,0.06784616088954151,0.12208672705032753,0.04015395847833582,1186.1463244503486,1586.9711864745695,296.0107028639535,-0.15281128999610083,-0.09641524882930091,0.040677727411797655,3,0.02809307136568533,0.03940815467361056,0.01459824282430731,1260.114469868598,2277.360870561447,770.6466393665432,-0.23129122446924777,-0.23187996692293564,0.0004249117773983742,0.08955758643052658
3,0.2392654517782247,0.5677936261387466,0.23573587553955921,1500.481102250951,3407.2004853565536,1363.9801255610814,0.053045005479703165,0.39359659347420695,0.24140536414462255,3,0.009839761051918888,0.019524528073053576,0.007142087663229437,250.9640249008631,412.74108965727146,140.81062544124023,-0.23075881278419544,-0.23187996692293564,0.0010825449099419629,0.06473988922603083
4,0.41803027933956494,0.586503152291368,0.13184559026805967,1137.7841449969842,2640.605555224187,952.114545776283,0.26011242335713236,0.39359659347420695,0.1049619366094651,4,0.02033189805592691,0.03372425407978036,0.011945320314696422,815.7429845493843,1568.1979823712,514.2481255268223,-0.21908699017601674,-0.22049851959553318,0.0014353322244770417,0.05453963334248408
4,0.42894019298910985,0.599292401328124,0.14054384302201864,2713.2733893063996,6758.184371849922,2480.474754293942,0.26011242335713236,0.39359659347420695,0.1049619366094651,4,0.017666904815284164,0.03677070315800027,0.01386350513089179,384.4613535623124,899.1267550584816,315.69709626650376,-0.2038521513737206,-0.22049851959553318,0.010624686632916066,0.02087597457822245
4,0.30230291082117755,0.52227936254461,0.15773564164493742,1508.065076945716,2592.3579393963846,870.0531098096469,0.12439983033168776,0.3293728037274489,0.15154066668822783,3,0.11955301939176194,0.34377073953349113,0.1585470593452746,1826.4395123427075,5186.248402426989,2375.915783077301,-0.20079379352033655,-0.2056958078539171,0.004501766643902284,0.021390927772838315
3,0.28085639789577677,0.38592341053550455,0.11691088839075679,1286.887350084631,3690.83698778323,1700.0118174373024,0.21848020243637245,0.4952471762322117,0.2013478613163243,3,0.127724382713316,0.3388802336102456,0.14974357084969286,1858.4987679702544,3665.8723466740457,1425.4508349059245,-0.2027873092290211,-0.2056958078539171,0.002101277655768714,0.028530004695124764
3,0.2548788466849204,0.38592341053550455,0.10955906092466955,345.60286809738136,866.9835418214807,369.42137539314837,0.210583840584622,0.4952471762322117,0.2047815532293195,3,0.06489708871253347,0.10166469406807188,0.03743386242579743,1689.8994299164933,3571.4452643723703,1372.4285792181306,-0.1954696158922702,-0.2008053019306716,0.007508499737298866,0.025236410842511037
4,0.24142114175484056,0.38592341053550455,0.09846364570097717,1650.6253873122544,3814.20025591102,1621.9097316253576,0.16980907765247222,0.4952471762322117,0.19089095652696206,3,0.06861183401210723,0.19223798689842966,0.08758937533314572,887.9097274900081,2323.1305624303773,1023.8976492788938,-0.19067113752646972,-0.20114141680955464,0.014533078396937538,0.18774400663976548
4,0.1590849817726415,0.2706589404725672,0.07894619257313183,2732.956652992032,5919.477078513011,2005.7535473455307,0.027729139413009495,0.11438584612432265,0.06487980341324368,3,0.04773322499880628,0.08524144098023811,0.0277091686403828,1014.7493206819144,1518.5411524172282,473.47672471265855,-0.15919461063523713,-0.17011948750109795,0.007998791002494633,0.17920797655034273
4,0.09470371633460986,0.19309563880528022,0.058814856618899444,1745.2599459069907,3382.9409832180972,1086.068005421572,-0.03749195521100473,0.036822544457035616,0.04975356606007716,4,0.0447285070269736,0.09032328527211392,0.031785021644928864,1432.9106868409124,3322.8527451586915,1181.0535793220354,-0.15704140018058899,-0.1684053954210155,0.00682779395645185,0.0530668802835511
3,0.08405366835891065,0.19309563880528022,0.08046642779235257,1284.2082462736305,3382.9409832180972,1495.7446152061918,-0.03271027303276283,0.036822544457035616,0.060196977026902306,4,0.02541274585316838,0.05484485766466658,0.02455072767101661,1358.938552957103,3806.452255729948,1528.5080873025668,-0.17452133195643882,-0.1786396516832512,0.0032550009274129516,0.06017193457586847
3,0.026598909870866643,0.05484485766466658,0.022416780291975972,627.8671693388995,1429.6708715210707,595.9733087083218,-0.12364957209102444,-0.12124803133415953,0.0018919740569380424,4,0.016530460518118024,0.03697289668953435,0.01493680138821782,685.2573326716099,2191.28865411102,872.9079735069257,-0.18930724764590978,-0.1928651907961315,0.00264896236748509,0.06046155622359335
3,0.17926942249275749,0.2801228875524938,0.11024609136840706,683.6480758309648,1090.9302818206088,409.4893235483091,0.02070448185961335,0.10268980892600374,0.09611106880172936,4,0.03065476542224661,0.07209628739412056,0.027109438067477783,1723.4677772952973,4276.961496718511,1681.5539741007633,-0.1912900589417908,-0.1933443187282801,0.0018354287612932225,0.040207006536764504
4,0.2128249781987931,0.33417892752929307,0.08454480609199871,1185.3855635011003,2856.806523058207,1048.1576288897115,0.1623866840958063,0.23904146792736547,0.04666113733035687,4,0.015352185615950066,0.03745202462168293,0.013246446837828853,617.3745951878012,1315.1747881555266,456.5634863109471,-0.1912900589417908,-0.1933443187282801,0.0018354287612932225,0.031821453113111145
4,0.22098271891855187,0.3668098904083283,0.0965785615237669,1673.579584492313,4809.582607023057,1856.230066404689,0.1623866840958063,0.23904146792736547,0.04666113733035687,4,0.09314646645395593,0.23181227252055603,0.08647150140825115,699.4165362280557,1639.5845861249463,595.5918247721656,-0.14881621882233936,-0.1774330786264901,0.020236636864259496,0.030004035776294576
3,0.20465999511931035,0.2492392467463193,0.04634341204098969,942.2828206631897,1377.7986487846792,547.2860439666644,0.12350566628349963,0.1559438365092368,0.03524584780566502,4,0.07005053828028257,0.22397668496440853,0.09018650859795997,1904.0477466074003,6236.832703661336,2538.0219124541127,-0.1463583222111301,-0.1597542536170699,0.009072174349896258,0.05709183854784129
4,0.12123091134561531,0.22397668496440853,0.059737080899585064,1086.8798774299626,1377.7986487846792,303.5435521045656,-0.022194062962665195,0.07451115568727956,0.05717229091013981,4,0.06708236698172391,0.09263938661230572,0.023108136996871344,862.2897705996082,1594.479296297041,614.6881415725845,-0.1624069558276948,-0.1656705226867911,0.0020005976019895717,0.05855256717923042
3,0.12731117611447815,0.21583139892393116,0.06289779023111759,1023.3497406592475,1344.2625614497515,325.37632030639145,-0.014489968739784176,0.07451115568727956,0.0629381134322187,4,0.07330805974593754,0.10763344422257991,0.0290707213500662,1419.0464405580833,3571.7926463012636,1358.3148237101875,-0.1624069558276948,-0.1656705226867911,0.0020005976019895717,0.03759016378411068
3,0.07270579679539059,0.09062243441807392,0.0127258412792726,812.3312555747593,1344.2625614497515,424.8222241485276,-0.06604690084364391,-0.05716377454565484,0.011950437961208683,3,0.030744154555881004,0.0514496343627914,0.02197016813814422,491.2370142261959,1257.2229893344993,545.5342244055894,-0.17308563117177625,-0.17753406161036722,0.004076789363556435,0.041546174992111724
3,0.06952398003755518,0.12037028706471238,0.03625186916009357,1013.782137677281,2115.7512740527955,785.8562296056315,-0.08724184301407185,-0.05716377454565484,0.023164483169154496,3,0.03509740343879645,0.05144650739633777,0.014536540985135894,970.2898915303053,2268.062911963911,928.6701221779673,-0.1837315916484089,-0.1855672129281168,0.0016312881726010626,0.043493810290215616
4,0.06917638799227616,0.12037028706471238,0.0339085244432211,1083.96532394298,2115.7512740527955,737.4766951689401,-0.1115317833209218,-0.05716377454565484,0.03195042823174088,3,0.011759182388992678,0.026599438594547498,0.010918297783573104,476.35080912110374,1178.9347279533367,498.23104299528757,-0.19711507081390325,-0.19857631165366535,0.0011152794634574587,0.175869511142536
4,0.08384889163161147,0.1908815742903442,0.06458970667421926,1102.6621018110118,2798.9499440498867,996.6769229591328,-0.07929723141902106,0.020957834416111328,0.05849127029910274,3,0.0291079682256926,0.07864579610464727,0.03515808327895581,904.5452849880261,2463.518155554104,1103.0051206970263,-0.19711507081390325,-0.19857631165366535,0.0011152794634574587,0.1831354319657467
3,0.11029498306915471,0.19983826450461412,0.06537267448518437,1779.7984302069456,3594.9452498470782,1302.2380303044376,-0.048817562363433466,0.020957834416111328,0.050889381919053886,4,0.007853184407636216,0.02131793335930665,0.008691209074713794,280.79003317959854,659.8394072362065,285.99826069663897,-0.1925220901141681,-0.19857631165366535,0.006828489631510934,0.06179512794407365
3,0.06251620115297746,0.09707847594102148,0.043707091099623424,459.31867624822286,1118.7289388580703,477.77375236917766,-0.012829828545947707,0.020957834416111328,0.0240113736327613,3,0.061000680089071835,0.11044406881586886,0.035156958314329724,1583.607103922228,3456.730815711668,1324.9450091783278,-0.1735051352755527,-0.1788804300885028,0.004057434400274665,0.06591779649026232
4,0.057472352529606544,0.09493050453092045,0.036975521962113386,834.5568634071767,1610.9593845546588,602.7828910849645,-0.04855128056019906,-0.026788618414014115,0.018956414233531078,4,0.024313036030537288,0.06393781991659488,0.024182744782565095,789.3153968252068,2414.8686355748373,949.552015963301,-0.1736926639189461,-0.18580117718100675,0.0072463016601871984,0.02638461260699563
4,0.07743369664705786,0.13195293886993176,0.036500974338409146,852.5016051811459,1368.4880199556774,383.8589489257882,-0.04949701959980757,-0.026788618414014115,0.02211230174354063,3,0.06336101118174141,0.15723445604698066,0.06656894842630676,1533.507736642622,3870.130258201875,1652.261789192774,-0.1746621312452451,-0.18580117718100675,0.008139556667710086,0.03436240950135834
4,0.07871339622943421,0.13195293886993176,0.049260884877141344,1539.2515469652958,3412.043530368808,1212.815544809238,-0.060239875589481864,-0.0285667211340261,0.025362221216707472,3,0.01828861620309077,0.03961458440339623,0.015232638685854578,405.85233765329787,709.2469907710697,236.20097503646232,-0.16776161741485188,-0.17160653266983106,0.004480160225915041,0.02876470161662101
4,0.10526501093120547,0.2440030227176903,0.08853153876909253,1183.4433126134704,2921.6603578164695,1114.3447753277849,0.03728162744680381,0.22372944723063876,0.11742911115515776,3,0.049211592160646966,0.11255188271078873,0.04484334062288273,1439.481727400618,3864.9117333793865,1715.0893322159313,-0.15145950870467764,-0.15508817578112982,0.0027551146030504975,0.01831551862025321
3,0.08304444660548804,0.2440030227176903,0.11381495106158683,152.5100773646487,432.3356419040183,197.99103247417136,0.09384061502204517,0.22372944723063876,0.09323538655913627,3,0.026226400082882573,0.05699940082546148,0.023434327718860157,472.5347994920733,932.4393583625174,379.9246428870411,-0.14819975063886767,-0.15508817578112982,0.004871443328703734,0.0138152358846906
2,0.26111072458157625,0.2782184264454622,0.017107701863885938,351.1449890621986,432.3356419040182,81.1906528418196,0.17986322029502752,0.22372944723063876,0.043866226935611236,3,0.0037629507813129828,0.007728130718425735,0.0028053934735333586,65.32498026571666,107.18171942720721,39.608379034809076,-0.14710210477795543,-0.14956228146972084,0.0018135615673074575,0.02542812728646746
3,0.09600150233767435,0.2782184264454622,0.12889694157570802,119.10944110605921,269.954336220379,109.75640405523981,-0.01270561827000724,0.13599699335941628,0.10688820608761533,3,0.028317457951717778,0.049367719696524426,0.015353001846875497,1055.883630125211,2491.976493936747,1032.0845971114243,-0.17887191557225757,-0.18153808741603705,0.0019241275816217283,0.19094460903385568
3,0.35393221286073157,0.4213919725092826,0.05874102933794234,533.5958040294358,854.584981394526,242.09477161183142,0.19045949658574965,0.25371388553197116,0.04845815800994303,4,0.19723780680824227,0.36218623962744984,0.14354184333922457,2190.4304452468787,4675.024755370669,1594.9434392353492,-0.18037608560161128,-0.18153808741603705,0.0014226270747587765,0.19709031862952472
3,0.3740364465533859,0.4352519729480082,0.0459155124193834,1495.17223628444,3302.3475730797572,1295.7832228543464,0.21476049322369015,0.25371388553197116,0.029703261391926247,4,0.12421659187635811,0.4095238875794413,0.16580002218091108,1195.6817690999965,3018.7506001254674,1153.415397716511,-0.19546790917922488,-0.20062390430620347,0.004553470085695177,0.22192596919225976
3,0.39095630199144527,0.4342325142935596,0.03477422548169754,682.4431713022246,957.9499897599856,215.98041633561064,0.21476049322369015,0.25371388553197116,0.029703261391926247,4,0.1431802908724559,0.4095238875794413,0.16751391047916353,923.4560306563901,3018.7506001254674,1239.136951818143,-0.20400384363992996,-0.20967683132435494,0.00437933469033941,0.1291192849830802
3,0.29249147325624586,0.38954805553749583,0.12831844954983515,533.5950091583932,819.9172822345117,298.3932659963513,0.2170042281280055,0.2778248463196753,0.04670418396560257,4,0.047228641451689105,0.16289917380027358,0.06759328702118951,360.43031923089734,766.6477544234965,356.43345703947045,-0.20400384363992996,-0.20967683132435494,0.00437933469033941,0.3007371879297581
3,0.391981046467116,0.6880167751701063,0.23574183071141677,592.3377477818667,835.1252679834874,332.6576771855536,0.3333792525665517,0.5580250565888762,0.16547298885310005,3,0.16319677329493182,0.32665126907525094,0.13333870851060403,1144.4242116285643,2763.318980477813,1175.7062791139722,-0.20461803685469562,-0.20967683132435494,0.005229730384763752,0.9153646296591585
4,0.3379287370697127,0.755441269780077,0.25342241458439696,1139.2586523074344,3605.007553259641,1436.4926966968428,0.28234320339592633,0.5580250565888762,0.16837463429751848,3,0.04788288812461255,0.06773707608650906,0.014456523093759586,1199.8867450970727,1691.23275873061,351.1286027952989,-0.20434755497823412,-0.2060586934696978,0.0016236004863971196,0.8841864314035746
3,0.3303829252702,0.696349347498357,0.2774065379317193,577.2175183962283,996.7665288823648,388.14072903355475,0.1954700392853248,0.5580250565888762,0.26216150107292974,3,0.1162138443357419,0.3041376030346597,0.13379646078748697,2027.2949087791512,5323.092716041993,2340.343490595117,-0.21921863118918883,-0.22280064941428468,0.0026514196999729536,0.0925018401805608
3,0.13886871676070264,0.290998433484106,0.11502179065515103,849.0367863960356,1495.7586540531452,510.4388835307806,0.008403242104244637,0.081336953620375,0.05444940649342726,3,0.03447533831528191,0.05892208497327972,0.02329474379711357,946.7141783583237,2081.350524779511,830.5214507173599,-0.21921863118918883,-0.22280064941428468,0.0026514196999729536,0.06258073712924599
3,0.19333072204440416,0.290998433484106,0.07378652251482669,2169.2691869629234,4208.641348928621,1469.493477661418,0.03904762758833996,0.081336953620375,0.036011170629916295,4,0.06806263362250173,0.25213915283763166,0.10630765307166025,1324.9665528002338,4634.241477782375,1914.7730219721036,-0.21187444715428458,-0.22280064941428468,0.008978186773802207,0.024391304704035117
3,0.11875627828850144,0.17631572808679888,0.07796437516365229,2237.635675523877,3971.7651731266274,1626.2547418435902,0.041911962863548036,0.06566070379597076,0.01962579300576843,4,0.07524681744554967,0.17631572808679888,0.07281895903197641,1426.8861082720439,3433.740551087888,1450.5780854577,-0.1267514316966602,-0.13403682819963636,0.00718797158300245,0.031978024752005715
3,0.07730422806030125,0.19949875890886892,0.08663139527984172,1645.2245477270415,4594.934235720214,2087.6264207399977,0.02014741461191561,0.06566070379597076,0.036165425786434856,4,0.05831828243173122,0.11067953683289296,0.043266046741622106,1154.600035457398,2553.248476742871,1051.5558626187592,-0.1381381018157452,-0.14218596713775555,0.003068377394977797,0.032364804315766924
3,0.04699155124445214,0.06378289648755198,0.01689237972673142,548.6217258176038,1045.3406759801105,351.68374839889225,-0.003200443117654985,0.06566070379597076,0.05017222816078979,4,0.023510855442050768,0.046395072785322566,0.02126129792909023,262.1984902720016,658.6883516650996,240.39035882284517,-0.18754301736321105,-0.19416532138478979,0.005279345499151305,0.032105016656571124
4,0.0796104637864935,0.11672546920839237,0.0355716372409529,1111.7401301233986,2360.2882407872676,850.5124402205514,-0.06219951594931672,-0.05489536007048894,0.004992509037795635,4,0.05398987237148642,0.11672546920839237,0.041161024964895584,824.6986553928923,1350.0665396163295,508.8645424618688,-0.18833690711427484,-0.19416532138478979,0.004101437904394744,0.025871821882512882
4,0.08308219623226472,0.12766425954061927,0.04248360497273819,2219.6055133442196,5197.552849681449,1880.4684380427655,-0.07056855534119187,-0.06039840080292557,0.010620266991565376,4,0.031286641196401045,0.06850061050139614,0.030549281342332812,638.0655404470008,1251.6507976126559,599.5758742852938,-0.18868776745422194,-0.1900746309759719,0.0008131806765384967,0.09320485516179712
4,0.07711855137329005,0.122170127772013,0.03200727295879731,1313.4495236721891,2782.0558328590905,924.7138930021741,-0.08931420646394178,-0.06039840080292557,0.017931517140092428,4,0.07139590295377995,0.09177413216850613,0.0182297202388955,1534.9712304733164,3320.6219509820953,1041.0875462674237,-0.1982672666307734,-0.2039591528833059,0.005882222354332711,0.0901129250976008
4,0.24427268076700848,0.7904542444073132,0.3170221228335799,637.3106697438805,1145.9157370560024,395.9831649375673,0.07848707959683032,0.6283069909940304,0.3174409721693655,3,0.050560390574332474,0.08018690715240606,0.03211442643124383,1327.3453149441582,2370.979367289276,947.5257269010222,-0.2127795571644118,-0.22457814147691582,0.008677090137460364,0.034454172712151364
4,0.2547084104772527,0.8490472231454418,0.3445428274550676,783.3324861967083,1814.706783956761,641.1967226073829,0.07181933023917866,0.6283069909940304,0.32143679682231796,3,0.03112189513280302,0.08689488830128556,0.03949905519596189,479.92575093669615,1356.142141845677,620.2683666789674,-0.22410565315771122,-0.22699858584480645,0.0025767138822858043,0.04593177724901522
4,0.3436195269666942,0.8490472231454418,0.3145749145853751,902.1980758909157,1814.706783956761,677.1699123656375,0.22892432318231984,0.6283069909940304,0.2411709807198831,3,0.03112189513280302,0.08689488830128556,0.03949905519596189,479.92575093669615,1356.142141845677,620.2683666789674,-0.22410565315771122,-0.22699858584480645,0.0025767138822858043,0.04979948072851715
4,0.3566973017968541,0.6955581432555429,0.21888040392834487,1165.9070861094465,2586.597778473275,884.4371048727876,0.4375942427763882,0.7666711795888631,0.24212834739377964,4,0.0033795099514635565,0.010552634845562903,0.00422462506185089,32.483657847811514,73.66342654080177,29.89840095536427,-0.2134442882341669,-0.22699858584480645,0.010854421181172873,0.06693542917358468
4,0.34821503244435026,0.9447697169835039,0.354426537683639,1400.378125415829,4616.446270043093,1861.3915508629275,0.43758675818757126,0.7666711795888631,0.2421362420734071,4,0.06746058667717712,0.15374920969816055,0.06803773174172303,771.576103737196,2298.500186654229,931.0545079733658,-0.19912029151391897,-0.2178374884120537,0.014714317056206214,0.070039972608958
4,0.38794172927153414,0.7878178434793163,0.29580590715458954,234.46523240735485,586.0149847585817,210.63113173856613,0.49063150289147406,0.9074391644792056,0.2502805277193297,4,0.22081844007729254,0.614007808967835,0.23381743845933353,1943.7171046018655,4693.564003458679,1786.4869189542653,-0.21065360481458983,-0.22284134234930808,0.009929207933403784,0.08338741444365423
3,0.7311099873174581,1.1142580720853028,0.27124331296777754,1673.6262340144565,4302.909436317465,1863.202262708318,0.5587091219666928,0.9074391644792056,0.2486038861224619,4,0.19776599957402047,0.5524802423903389,0.210462919561057,1167.9170960853169,2824.0183149792497,982.8048119543271,-0.2063309095825423,-0.22284134234930808,0.017448276863370853,0.12202656848059598
3,0.5588971763471111,1.031932101462738,0.3726175566360174,1075.3925411201858,2548.5237270756506,1050.862531699184,0.49799800436499325,0.9074391644792056,0.2926609207183275,4,0.20972834629775788,0.5524802423903389,0.22093568109294714,1548.4065528544966,3063.560210226982,1400.0357216701436,-0.1727754128881454,-0.20681890760609725,0.027365574154725424,0.11148777037889816
3,0.28632315785285767,0.5331446555212535,0.20490773057073114,3897.028624574346,6550.32499470044,2391.0378168858106,0.18008692169196136,0.34566133478424166,0.11813222532832902,4,0.14265989156280046,0.2944043414252474,0.1041070824107396,1440.5810481585863,3735.6498546089006,1383.9602563682315,-0.18918895265298305,-0.20681890760609725,0.010766251036233196,0.020920591058228438
3,0.059771568213958993,0.14408330403750777,0.060673571660984554,919.5883706433101,1951.2878906393573,783.8738889188511,0.08436425853917473,0.11657844146253724,0.024133619721074313,4,0.1361487767121341,0.19390230316188864,0.03391518814185534,1713.1759331079174,4562.461501305409,1671.4421132932423,-0.17936186278726832,-0.18735015456663423,0.006696605094022671,0.02898768530943272
3,0.949797325387158,2.5139400447232902,1.1060167736032365,2144.5010225045103,3343.549015413986,1012.7055708919476,0.7710183355891967,2.326589890156656,1.1000089567877935,3,0.10387143700065234,0.18758639878231742,0.07758229487938027,1487.5461991335962,2487.282524555052,1066.289167527293,-0.19483866240521508,-0.20767343076663786,0.009117593434636216,0.061542386637315975
3,0.939550120370998,2.498144725083209,1.1021029667088116,1203.1807192203223,1584.4645089233204,294.7366666005231,0.7882221637494625,2.326589890156656,1.0878380241650447,3,0.0715545366563177,0.18758639878231742,0.08277465688789908,796.680793892071,1965.356072845737,844.0362051229099,-0.2097800338191579,-0.2138279783829882,0.0028631240790592226,0.05464408453735712
3,0.09247495702365831,0.16653333250437347,0.06817694010018346,745.8947225606647,1759.9785643307791,741.8460573023692,-0.010107609635517462,0.03152445249647705,0.030739264104304335,4,0.03486050698785268,0.07944098277138528,0.02924599496869882,436.3158154921305,1232.0863363842786,470.9976709742834,-0.22281323539666825,-0.2277971874635875,0.003641164228723464,0.032360832475384134
3,0.028419550205420613,0.05762624611165203,0.022801826576006445,143.58572883911276,307.7569438319151,124.6231853586589,-0.026036477181680173,0.03152445249647705,0.04207471680051051,3,0.027385766171415665,0.07944098277138528,0.036822088255447326,460.5088448631096,1232.0863363842786,548.6347913889808,-0.22663772445531075,-0.23002550314544432,0.002423394845679099,0.03689217110805655
4,0.2007160327121524,0.43214047904207586,0.18651300382298683,1036.5966968056239,3349.7877753669864,1355.5334967947808,0.13561891131014933,0.25651240420088756,0.10030869467926518,3,0.00903668709826258,0.024393745551926027,0.010904724573857586,218.5611286693913,506.2431878031239,211.4585188283812,-0.22663772445531075,-0.23002550314544432,0.002423394845679099,0.042225529853014754
2,0.3836295215978621,0.43214047904207586,0.04851095744421374,1991.8485068000425,3349.7877753669864,1357.9392685669438,0.23466701073135188,0.25651240420088756,0.021845393469535693,2,0.0689761788092581,0.1366692361224,0.0676930573131419,529.041422928986,1004.9051285346959,475.8637056057099,-0.1850110111355621,-0.19439394742993585,0.009382936294373756,0.03781197500170883
2,0.1949391510984874,0.27128358696082444,0.07634443586233705,277.45297441267064,303.8313300102971,26.378355597626467,0.11417476357223201,0.22164548993087024,0.10747072635863823,2,0.012347285554399803,0.014900437096609515,0.002553151542209711,172.98977747640987,277.2749307206423,104.28515324423245,-0.20460096553439805,-0.20922789822510565,0.004626932690707616,0.03655364408711173
3,0.14432563729153247,0.17369056198860355,0.02263908955387126,792.1547371309244,1546.8664558751325,550.1502623672106,-0.024515531018775395,0.006704037213593774,0.023673288624918083,3,0.04337689538073763,0.08424178629548562,0.029632871662650523,302.7045612237592,511.5759192925216,161.16738477049532,-0.21649853395125107,-0.22751258738670144,0.007920115594434141,0.030985146001723543
4,0.17149560162860045,0.3180162946030085,0.09163473051843547,1036.8016943235566,1605.7199054650514,612.3263761361493,0.037282365189945446,0.1559740378120707,0.07063578756018428,4,0.0317500601776835,0.08424178629548562,0.03264080625878409,258.558003685455,511.5759192925216,221.03235559933643,-0.22276794971164138,-0.22751258738670144,0.003968736167672779,0.03544849391118296
4,0.2415786524864013,0.3667032775999989,0.1426190333043121,872.9692738806359,2522.8772432886135,977.9641483578727,0.14506508205232463,0.2474331337880759,0.08052523315471656,4,0.0336548375285393,0.08424178629548562,0.032896678251849595,208.8163971573896,511.5759192925215,195.1619077983472,-0.2261333138944116,-0.23036281316116253,0.0032002264306341833,0.03959995272798238
4,0.22203509821133288,0.37229892835088896,0.1319368302634609,985.801320570021,1845.5830697023025,647.8618682761299,0.15234303671998128,0.2474331337880759,0.05919292705351635,4,0.04109931195603653,0.06341381225596915,0.025047070259167966,356.47310259733496,866.0976369068824,315.7601758706772,-0.18070508191847756,-0.23036281316116253,0.028881539806025338,0.036350005757967055
3,0.5399563100181344,0.9730781107760271,0.30885533275975174,1070.3266498667956,1845.5830697023025,689.2552482631402,0.3901391562741124,0.7677625879186972,0.26966068438353064,4,0.09333622340101158,0.2651779906431107,0.10794377705314832,479.271972599406,1514.849880781075,604.3890658270076,-0.22556735406800793,-0.23103617091526174,0.004987986271731823,0.055550929543124586
4,0.4231724819768594,0.9730781107760271,0.3324416642201237,343.6029230311677,499.73368765581046,156.23671556277273,0.3793884245825915,0.7677625879186972,0.23406076632539594,3,0.22999781019507515,0.5819841701478984,0.2524171435405546,1014.1516227856351,2648.216858740356,1156.526249026262,-0.22374441511892332,-0.22989760453159344,0.004458802202492812,0.048705054792391886
4,0.42934869267537684,0.6433945388516122,0.1320490909469899,1471.489662441123,3349.4062110268505,1164.1453447833244,0.3661929440539704,0.4985588633360425,0.09433809066361087,3,0.042185046151048566,0.10549077724027126,0.045239592082782665,413.0874731895212,845.0244099520141,309.44001951712573,-0.22374441511892332,-0.22989760453159344,0.004458802202492812,0.03611045668703705
4,0.3672109730234635,0.6433945388516122,0.2041012066276503,1397.8920102942975,3349.4062110268505,1230.7008509483987,0.3192760851515868,0.4985588633360425,0.12971855777575286,3,0.10018729841452194,0.19966004915402333,0.07137722888075727,669.9482561742927,1693.5971718704,724.9321675029203,-0.18820953903599935,-0.21625578981523258,0.031106376258491723,0.1634414529610071
4,0.20265674699086428,0.5512183270555437,0.2058962223187964,263.30800491070437,614.297681823414,216.10316868035142,0.1733546174039327,0.4985588633360425,0.1878638537595419,3,0.04682201601693713,0.06531504425262558,0.013411771092381824,401.33166047089367,518.2889520333085,138.30488632695506,-0.22066412005275907,-0.22627390137486447,0.004177180335807429,0.16812986014663753
4,0.07480638897688605,0.267689663777004,0.11144421102475281,63.60119392911497,202.18597118535718,81.11828681671167,0.3372309931446061,0.6119263122592171,0.19604220751889576,3,0.04682201601693713,0.06531504425262558,0.013411771092381824,401.33166047089367,518.2889520333085,138.30488632695506,-0.22066412005275907,-0.22627390137486447,0.004177180335807429,0.18853565176003081
4,0.19900623277964397,0.463611085600579,0.18121729027623912,514.2938494414605,1795.441638902796,743.2359564890459,0.5050925500048076,0.6119263122592171,0.08631761028252972,4,0.22442825160954172,0.6622558154575499,0.25743999008800716,962.6224526895513,1963.6810286322345,706.8620383712455,-0.16342755000595346,-0.21164317580883374,0.04124068024597119,0.05510866834296461
4,0.1328451670438801,0.463611085600579,0.19205150954807654,465.24735664512116,1795.441638902796,768.2681537003784,0.5671032779748268,0.7798363974132787,0.12969692963610263,4,0.16841886571273768,0.6622558154575499,0.2851462063183433,508.6955458454558,1956.6703517406331,836.3706160959721,-0.13445686182696948,-0.21164317580883374,0.08256168138983985,0.053744960161272025
3,0.09805980477197022,0.2122265625445332,0.08161292606871319,50.96554720548237,55.81975531915896,6.673500482505892,0.8855282395210526,1.3390956411632733,0.3301622026509866,3,0.10845666532256927,0.1771500161765145,0.07113115669058023,171.33225012180955,310.95327915508074,102.64685512975302,-0.14535290910391746,-0.2091618347007988,0.04870476656394211,0.07670471348103734
3,0.60305851225028,1.1497026715231962,0.45912235599912943,1155.780203114519,2074.8002753171095,841.4805549247372,0.9782001014428792,1.3390956411632733,0.2575952016598981,3,0.17721798289795257,0.21675134808355692,0.03225114601741048,292.0285225942335,429.200649058462,120.47209300601504,-0.08465541263963579,-0.13591057420336056,0.0446591801144897,0.09788315973225954
3,1.085925261034544,1.4748978399613013,0.34657840775271614,1205.555110778865,2074.8002753171095,775.9646354700528,1.1640051074160394,1.3390956411632733,0.22884052983551156,3,0.31031037993685884,0.7117262707316498,0.2970206813344949,342.9911552184055,597.7728165967544,250.74604665547776,-0.13538801913810114,-0.2204031464827314,0.08062994120579155,0.11745653373519381
3,0.7123967045717681,1.4748978399613013,0.5993799157452772,366.31990775190167,898.1059016430679,383.2095020325788,0.9884780471910631,1.3121703852517714,0.22903758421507936,4,0.1911632458491705,0.7117262707316498,0.3007836620347446,170.64798757152573,597.7728165967544,247.31306961934507,-0.11744578475232975,-0.2204031464827314,0.08320177123269445,0.0889630412687012
3,0.37070324422401146,0.6518148740427532,0.267734611410213,529.9587916124997,898.1059016430679,378.12529945496635,0.7895974915733163,0.8368678532101835,0.05303717284400208,3,0.017642237555010706,0.03706902873767183,0.013769066236355754,28.273044563116144,55.049866556821314,21.66044673591037,-0.08312666417552918,-0.17535162271288093,0.06722230408391444,0.07143434176481218
4,0.41558964917455155,0.6596472545575083,0.2509678190419045,899.5173322646401,2454.9463868413545,930.8672981425065,0.8551145586460503,1.2331451156360655,0.219347432069522,3,0.06920317760045173,0.19175184887399493,0.08666011477403701,89.63722138535972,186.09253046673075,69.10753824643788,-0.08651460599714678,-0.17535162271288093,0.06398409037370613,0.07044770348985013
3,0.4945365727672037,0.6596472545575083,0.14277046757597922,388.29324605072225,565.419083328914,180.7565577715966,0.9616935047167466,1.2331451156360655,0.1919464646331301,3,0.3947168550401668,0.8952091694929029,0.35600086597766334,254.50550433752028,482.33282704678044,165.32650380616363,0.038765819584092455,-0.06841374762754494,0.12358212687623409,0.07867258219769946
3,0.6642557363729832,0.8204960046872853,0.12573047658171368,361.30259020539194,484.4471157929231,156.74322681626586,0.9888123528140804,1.2331451156360655,0.1758065993066005,3,0.386653166282233,0.8952091694929029,0.3623002810344881,255.22029020448056,482.33282704678044,166.2683256314464,-0.11612808030715525,-0.17708108035062703,0.045340151708799896,0.08004425610529596
3,0.5639755220687146,0.8204960046872853,0.1919496668177136,518.9027898737828,932.1530680279471,324.26755308228223,0.8528106398183309,0.906496520940818,0.037967666056260826,3,0.08096574488641399,0.15777960638741945,0.06167233812677849,168.49258036297726,305.0628342967381,123.46016893456421,-0.18648287978881894,-0.20814672196373593,0.015363089777482564,0.07602967389866332
3,0.5618170627870164,0.7544207812329242,0.16753680754237144,280.2794370982467,497.6800164060983,179.25690716021546,0.7987782817318227,0.906496520940818,0.07671014783311725,3,0.30068515740203205,0.5128581269569803,0.15301126406444404,709.1753774131839,1675.553509316235,686.3760469931965,-0.19465890215181417,-0.20814672196373593,0.010344173025940005,0.0979672092142817
3,0.46978752886781966,0.7544207812329242,0.24975974589745986,340.5387951950375,497.6800164060983,112.73467892476799,0.7108112771673754,0.7560661741553668,0.04908699302582977,3,0.3603047824428412,0.5128581269569803,0.11610984271425713,634.8662401187884,1675.553509316235,736.3520099480519,-0.1837284322602538,-0.1928202864191649,0.007148135629462821,0.11555647417627753
3,0.8534718021544833,1.0765049786590266,0.2473356711710726,983.0660192194977,1770.9522910316646,626.3137359958351,0.8138414939110264,0.8954650605740023,0.05935523871349042,3,0.5899076351346407,0.9776220697942141,0.3053367333601219,902.1059414362379,2150.4102111154643,889.1457311825674,-0.1885886898642493,-0.1928202864191649,0.003137513240385976,0.127655464520428
4,0.591738119322741,1.0765049786590266,0.43678525536136,828.2034878004492,1770.9522910316646,625.2517601689185,0.7644123290260876,0.8954650605740023,0.08699549833265847,3,0.7651179672439712,0.9776220697942141,0.2331252217491049,1432.6253804328496,2150.4102111154643,901.1415949339159,-0.19207320777237205,-0.2075508824415882,0.01127008506856516,0.11574012633980689
4,0.5233659776821871,0.9776220697942141,0.34244774051890325,526.5542963652624,1011.7623201776616,423.49112727902934,0.8023349643870764,0.9999494961126487,0.11913274222327934,4,0.43909029501999886,0.8771605753694884,0.293330851626951,618.0251013852984,1985.6940189811862,797.2208414101485,-0.09595830805518668,-0.2075508824415882,0.11294184934785298,0.1471733855951451
4,0.3967396170333389,0.5490084017407406,0.10990714951077611,856.7426552707495,2167.8688266230906,769.4269253207837,0.8548022061508445,0.9999494961126487,0.0940617850210874,3,0.29184850007899277,0.4303982368594831,0.17066514486000936,315.155467522373,762.1862894011472,323.3914818991726,0.15908751748201225,0.07462654573292458,0.07739102051107104,0.1274960215129254
4,0.5704800056998618,0.8907061185469888,0.2410994357447379,979.0766443490227,2167.4880808252933,719.363632526755,0.8888543274544647,0.9811069600399887,0.06483287172961051,4,0.26293517193515015,0.967870751018332,0.4078280264474723,99.78516034074394,273.3905673017034,110.47530191639038,0.12978333402167952,0.013236209021656654,0.0881117582225086,0.07090852535238241
4,0.6279967156459423,1.5821494180634554,0.6013102308622611,425.32734202402867,874.4927014061439,304.00162120231283,1.159211821631785,2.2335964596373383,0.624542004462341,4,0.40171151515871734,0.967870751018332,0.3921983677560192,194.0713242198677,395.304741315103,147.21807417072665,0.012097258170953251,-0.13612691887758602,0.09078362338866329,0.1123952858658788
3,0.5419447031193182,1.5821494180634554,0.7357022841614264,135.16577727548668,386.05756666140576,177.51922726480325,1.1953947735090507,2.2335964596373383,0.7343382206511218,3,0.35723892509699695,0.5648522421740945,0.23094502007860263,264.1338032005654,395.304741315103,170.04211675657655,-0.1850668667762955,-0.21984817721482983,0.035615189039129413,0.26628685639677063
3,0.2459802511909638,0.37047356613824417,0.17205847271425406,538.4994222512282,1160.1138818065178,476.61330796198166,0.6045452586409424,0.6543422185784276,0.048201114878097036,3,0.4419577362688359,0.7335331350546678,0.29656707358398793,1047.6820987561948,2366.333009851297,978.7358964328181,-0.19201035240533929,-0.21984817721482983,0.02617705151106055,0.2918420815885496
3,0.4072447238048124,0.8127277649292103,0.33168606041687276,1431.7397724249129,4200.809631146494,1958.3607056261096,0.5335801059657594,0.6199607749883136,0.07082839993806182,3,0.44789384911158114,0.7335331350546678,0.2423730523932559,966.2357039183904,2366.333009851297,991.2116400352364,-0.20130749300433518,-0.21192998483563819,0.007960573733766843,0.30695031073323664
3,0.6857678822496726,0.8678127504830373,0.1522866310223511,935.2232218503814,2337.8863357768787,998.9879221616364,0.6274306559500181,0.664011203159921,0.027333535234042763,3,0.3312262915087753,0.4691616631075911,0.15686509331010154,426.88315757464744,539.8014322266213,87.78633906351523,-0.21326063802657824,-0.22261253654787855,0.0071546959058855246,0.3298282736348393
3,0.7460968927554018,0.8678127504830373,0.17130465862168343,607.2950188082017,1429.8173177095284,600.7082842851152,0.657683939118047,0.664011203159921,0.008546344148784529,3,0.4643222937589482,0.8682146434469384,0.3317700347021612,753.071637767212,1464.4876444242375,506.43502551690506,-0.215923828798365,-0.22261253654787855,0.004759267863384968,0.36107257085412736
3,0.5947752828983797,0.8677636346820132,0.19658292703887592,1460.9980922913546,3608.00842512121,1548.8135167156968,0.5055089901495619,0.6634385072951601,0.2108595931421356,3,0.2464244150113614,0.43009889280234415,0.1529761690183956,514.9517887705821,738.9344708220797,167.30384924398822,-0.21369363141855824,-0.22261253654787855,0.007100162813858812,0.36944050304372783
3,0.37661786454408935,0.6945663213465191,0.2667435383303884,819.6029961779514,1321.8807592325506,580.5618506895371,0.32936005046520805,0.48122380209801585,0.11913054216191335,2,0.40976721754826373,0.5318533549880881,0.12208613743982433,2465.657649344904,4406.142858652937,1940.4852093080335,-0.2142959572609397,-0.2152493952733762,0.0009534380124364972,0.3633525410646674
2,0.5462264585338343,0.6945663213465191,0.14833986281268474,621.2926327587622,1130.9282293013034,509.6355965425412,0.5346282186444247,0.5880326351908336,0.05340441654640887,2,0.16773546934186956,0.21231611579699808,0.04458064645512853,333.2747195566043,435.2610591138826,101.98633955727834,-0.22053325574692595,-0.22207657070097486,0.0015433149540489133,0.359396086373559
2,0.6499863644379735,0.9020861331547975,0.25209976871682394,473.22445897588847,834.7918817355558,361.5674227596673,0.6411256534045547,0.6942186716182759,0.053093018213721144,3,0.492904617435393,0.6945663213465191,0.2046352767531374,692.2450978489013,911.824227311688,196.34571338828252,-0.21813634358078504,-0.22207657070097486,0.0036163872252082396,0.38350290788044145
2,0.741268755946338,0.9107060967300141,0.16943734078367617,1579.935772464945,2431.702215645869,851.7664431809237,0.5235300729940303,0.6942186716182759,0.1706885986242456,3,0.349516879670647,0.5718314151626618,0.17949290406716,798.0233308652087,1351.2645460087033,504.635731592563,-0.2191846455351967,-0.22207657070097486,0.0022859089449541437,0.33617984522949573
3,0.37847451530577647,0.4109256228208825,0.030611853814952114,778.3282704251033,898.5721291355314,146.33802628681303,0.16981168676585998,0.20225839303226784,0.031042007607963665,2,0.24056584810856843,0.39568469846952536,0.15511885036095693,1202.7182981818964,2286.006681628165,1083.2883834462687,-0.21397119380520208,-0.21648742511173827,0.002516231306536193,0.280844006506159
3,0.2952331805151154,0.4109256228208825,0.11560796918924429,445.11192114633565,698.8154591880768,274.2607295110377,0.14218745859439827,0.20225839303226784,0.04439890797524209,3,0.20926828344111673,0.33743318820213836,0.1370519585936801,647.429978309313,1011.2552018175966,446.8768572467624,-0.21255489439298825,-0.21954365909573662,0.004952224751449963,0.24229715452974432
4,0.0683167982743392,0.13734073052232532,0.05473528560653272,49.19127066518435,118.58032823587018,46.41619465899137,0.11202741491331118,0.26109202969748124,0.08868052883787068,3,0.12231663476425225,0.20954610678584978,0.07456801539260413,561.78651138576,1435.2342212960632,618.907558189472,-0.1996892208543374,-0.20276554861145424,0.0032032731204377305,0.2020247884963317
3,0.27229641926112763,0.41695697356079087,0.11435893538737976,788.529693075739,1660.362393258877,659.9294121493994,0.16345701890402684,0.26109202969748124,0.07063937978645582,4,0.1698584222246826,0.28881938203450686,0.09445152346716362,1187.098091326875,2000.6297969639863,554.5126913559012,-0.163337870435272,-0.17284297345119431,0.006089695312898059,0.1446543758010261
4,0.28322859122794636,0.42036003896248897,0.10793439982581053,3006.6724106460215,5579.415406325935,2004.0301238502482,0.18217240674977814,0.26109202969748124,0.048340073960668,4,0.18657453206189248,0.33788652533421126,0.13895211137146596,2686.846977798178,5391.754452325446,2008.1605296723742,-0.15994412938872535,-0.16252311598194585,0.0026685403057475857,0.07995545967702686
4,0.22297010480917212,0.33788652533421126,0.12563643300241184,918.5495430601575,2211.459997515686,873.6075240561391,0.13416296367133485,0.1786185160692035,0.034706770507506514,4,0.16181227700615364,0.3152926523262382,0.10403493670510379,999.3032280182985,1548.8451346607285,584.0734569119777,-0.19902260806005784,-0.21573993486032395,0.02329537600064598,0.15366281727475314
4,0.27463877810874543,0.5114077197127724,0.17956233479882092,873.2297304906821,2211.4599975156857,861.6078809347063,0.17049689448504302,0.3013603663160632,0.08218068506063088,4,0.1799494136564466,0.3943584509295275,0.13599866303236594,1700.654597002039,4433.806840953119,1647.521821329457,-0.21501723527413694,-0.21573993486032395,0.0005761085960335173,0.17656703830760337
3,0.32478261148952337,0.5114077197127724,0.13998527503428104,1444.2669538433959,3050.1192743768793,1180.1178538444233,0.1775897218744862,0.3013603663160632,0.08751916925862689,3,0.1106659120206233,0.18143892048756435,0.06239700132417742,595.5584903246446,1327.7277591561133,522.2267595689029,-0.21529344949862095,-0.21573993486032395,0.00037061790027257074,0.16484654085846842
4,0.328873960612898,0.6506407939731881,0.2296088397449719,1514.868339397364,3050.119274376879,1163.4824701421444,0.2892990893766776,0.5967295800143221,0.19463868232609463,4,0.27408091729386297,0.5267021878864255,0.16135781725092055,1891.6837166218168,4469.920534479608,1585.2342267119493,-0.17778086144153582,-0.21004735339670927,0.01965061330767742,0.05957136954702519
4,0.4646247098291658,0.7272536672540222,0.188719673308095,1898.1196377765975,5324.4497947616765,1987.3179549115196,0.37605045372613355,0.5967295800143221,0.16814071827886118,4,0.29306874454689236,0.5394569266367197,0.16553479396193288,1311.7480073036295,2961.988718121065,1048.1801238345392,-0.1304285694948204,-0.17280026726019054,0.029428581794910525,0.0766116277369156
4,0.29993815659206813,0.5394569266367197,0.14104672598982662,937.8005768768562,1393.7410116444535,423.0812051824082,0.20762680632648545,0.44984593300977527,0.1405668697190502,4,0.27554029345503833,0.3835869231384579,0.0691304548685374,1610.4544129860235,2953.124705354228,1113.842024391132,-0.10947940887283056,-0.13052408723970005,0.01630532111367875,0.10057803158295105
3,0.33312040682710903,0.47246092159333014,0.09872481472976417,3184.3895468628166,5442.072399070879,2217.7106625531733,0.24224040239802114,0.44984593300977527,0.14680936284221174,4,0.23061178034586083,0.2710691568368805,0.045473937432449436,1271.9988000547621,2459.3283800031118,906.7253316684033,-0.1543372973101556,-0.1966720592774897,0.030980017634122625,0.08736697244260451
3,0.23492737915461004,0.3561604768820472,0.08592778965845421,1525.131841595338,3394.791562120019,1322.0491469224512,0.13320154676784782,0.15948841760455754,0.022847767245006943,4,0.16887596549768893,0.3330022638645973,0.10179732224846316,1629.4859299781479,4963.575303339428,1955.9180260742767,-0.19005376642386743,-0.1981719427262137,0.011268263610558125,0.12658238240425887
3,0.26464433067271087,0.3561604768820472,0.06699140886940157,1776.3351107140659,3394.791562120019,1172.0109172587797,0.1347653565774291,0.16016715659148206,0.03544471227561219,4,0.21385371296888522,0.36408929227842424,0.09791958769113415,1799.8401780812608,4723.964479252219,1736.6888490149177,-0.19282221988345447,-0.20460087467386673,0.012472600933310742,0.166320223548197
3,0.2349945696357065,0.3663141842186323,0.14120438636262247,975.7446693930295,2665.7228302760127,1199.0981096861874,0.17226179371240335,0.2566968889914022,0.06457220105788804,3,0.18013868345649808,0.23751805454130603,0.04299302694839428,1522.3242765685693,2261.248804493964,528.6002860043276,-0.1915389400854427,-0.20460087467386673,0.014171584381979253,0.17852413640112363
3,0.2557368055120457,0.4285408918476499,0.16200890181740676,2346.6804309033582,4364.949762327281,1792.4122734165742,0.17226179371240335,0.2566968889914022,0.06457220105788804,4,0.10734894695409125,0.19442439048285862,0.07077032519775961,811.4458668218679,2354.7585605470713,921.0375898234162,-0.20564100078173314,-0.2247572998838053,0.013931844013076122,0.14179655943490316
4,0.22973465502944224,0.40031664070548095,0.15484569547527421,413.82038211294866,1196.3817363311427,465.78668779520973,0.15225364686344134,0.2566968889914022,0.0841766743952871,3,0.19883313409387982,0.43261946930205286,0.1782750902597568,2419.6588539619784,4842.965804240173,1974.2891296888686,-0.21059785561421904,-0.2247572998838053,0.012669388204838108,0.08693987069808366
4,0.31983686819282564,0.6578991415861126,0.23499720828438628,2400.078994083989,7021.214686508006,2719.591264846317,0.22775242637914403,0.434542492680422,0.12431236212976898,3,0.04602830284118543,0.09500348417748558,0.038777122493106574,239.39419111466486,567.0421229105623,239.3427854856365,-0.21982496867625675,-0.22408490779813425,0.005517522955119332,0.056510068120643325
4,0.3058298437853856,0.6018710439563524,0.21527142186179335,1493.8737160490548,3396.3935743682678,1218.3618328160876,0.22775242637914403,0.434542492680422,0.12431236212976898,3,0.10855076728653963,0.2553688720056491,0.1076661264296899,837.4892337596261,1386.424759531446,597.9868507929431,-0.22308859616885968,-0.22682990309791895,0.003169868279998232,0.06793419589464655
3,0.19794965497459363,0.3115883090738084,0.08762332014026138,487.76687563052025,922.1107304076133,338.8250098512506,0.2211765450123301,0.27842407805970215,0.04638080443044705,4,0.14318829911663622,0.2553688720056491,0.07419790497959884,948.8812283434718,1386.424759531446,319.65691355666206,-0.22639684414220412,-0.23062113925916633,0.0027335964896001265,0.05805336936482212
3,0.3811334820139816,0.6478862301886312,0.19569056140402566,1568.5763521172792,3337.77314856094,1266.0305940640553,0.30981482855123726,0.4307402329164769,0.08874079648354638,3,0.0964516366201283,0.16444998779361972,0.05088348707788724,709.9838781828615,840.9947982086771,97.24672185848256,-0.22741024255437528,-0.23062113925916633,0.0024198128695089864,0.05951211921842949
3,0.3619334301679362,0.5658977284242354,0.15026079303791517,1231.3260909292242,1814.2550469986863,412.44774998152826,0.347255031208743,0.4307402329164769,0.06304026759779928,4,0.24439375249116274,0.5497467799222043,0.18159462997051234,1513.521890459373,4535.8075180239775,1767.543222812103,-0.19739389580932384,-0.2171459972721543,0.014132108049870182,0.07234745226770334
4,0.20566278959983095,0.2853650714957153,0.05324934307659661,885.1244111914021,1778.6851928756405,564.7233182718377,0.22156572829575494,0.33260078265005,0.08208300945875396,4,0.16767112816872115,0.2853650714957153,0.11607172426191407,875.9584667960991,2019.559894320054,771.2938641323012,-0.17893978875545713,-0.2171459972721543,0.02468653240379428,0.07922467322343325
4,0.1719137470949019,0.2083142530057649,0.029542084374660063,479.28955366271623,957.612495381372,296.21275445168385,0.21512025621508363,0.33260078265005,0.08953798904717167,3,0.11808887991696872,0.18530559109068262,0.04752975467267492,356.5498055893715,477.05897400917365,131.76705602404496,-0.20229677341305544,-0.21470503156014598,0.009767474975667373,0.06199029005103644
4,0.11384599052271532,0.41220694662016993,0.1728057554881322,152.4399813810826,546.7176773341898,228.16323722427492,0.07096962647515624,0.2679838032658793,0.11445203957169771,3,0.09584643306634517,0.14074582316592196,0.03187237267758414,570.3788426498281,1204.0815116719004,449.4040478139244,-0.2210187449761137,-0.22415981269174828,0.0023402804697640078,0.10029731546598053
4,0.2585374308756826,0.42560970375161933,0.10327358728873738,562.9940614222116,834.1558178215423,271.8001037610344,0.13719604169665253,0.2679838032658793,0.0762501657644865,3,0.10326220776453038,0.14074582316592196,0.029048792468445675,583.4026542729779,1204.0815116719004,441.7502663572404,-0.22137275941647896,-0.22415981269174828,0.001994026445819857,0.14581068982979686
3,0.2966295653853743,0.42560970375161933,0.09174167861970636,712.9826060718509,834.1558178215423,92.27210359336556,0.15549939498091425,0.2679838032658793,0.08007537744538944,3,0.10251846430710491,0.16076191688820118,0.04127978208185007,812.5333634333151,1930.545074022361,791.296123038533,-0.21950118306995012,-0.2203513385844312,0.0007411960168416934,0.1644817604812275
3,0.19819045175774488,0.3160082520791915,0.08478875543995834,326.6420375530678,622.3198159177831,251.3201503492668,0.07503166454589923,0.14919424843263257,0.060589426472221715,3,0.08502768127802246,0.16076191688820118,0.06501438161263348,776.3544444714145,1930.545074022361,831.178557421515,-0.21792955907303102,-0.22134358462575832,0.0036694290393605275,0.20799764049320293
3,0.16483199060781353,0.3160082520791915,0.12096823538761638,348.7830356155625,622.3198159177831,223.6786983371487,0.04282405237226081,0.14919424843263257,0.0757632823782302,3,0.06351779341830817,0.14680989144314716,0.06108823297956348,638.120061915063,1559.785345485298,666.4735884416904,-0.21020390306382253,-0.22134358462575832,0.008282413875903198,0.22102664629793348
4,0.27385864387836284,0.5897549944520906,0.18715283618399206,505.19581876124585,1045.2982926348564,351.7266733383274,0.10041015378968547,0.3895451638703024,0.16785451086784792,3,0.15942532941790008,0.2549562414488602,0.07339455081209469,973.5612762256441,1559.785345485298,622.170130039892,-0.2110223798962131,-0.22325173847652696,0.008957502165519542,0.20697573967518498
4,0.31614307571478306,0.5969376968888301,0.2772149841554071,412.5780975568325,1054.1772656921048,424.75886495344747,0.3138993470321093,0.5194410218069523,0.16233445383869832,3,0.12599148207851182,0.2549562414488602,0.10296419843682937,528.7682739643293,1248.6917176007998,525.7224050365745,-0.21962542297035545,-0.2273318407030332,0.008184739480353054,0.1561930061065835
4,0.31614307571478306,0.5969376968888301,0.2772149841554071,412.5780975568325,1054.1772656921048,424.75886495344747,0.3138993470321093,0.5194410218069523,0.16233445383869832,3,0.09307604674382026,0.13940850353639533,0.05244247569722314,843.2576933577025,2091.4384897884306,887.192107040559,-0.22249698797273232,-0.2273318407030332,0.004289099111363075,0.15827552029209585
3,0.1777612318211423,0.42299501536412504,0.17367957164457748,168.77048503443555,414.9943883770488,175.26684645719502,0.31688102228702775,0.5194410218069523,0.1623303264281058,3,0.1150057493289857,0.13940850353639533,0.01967015880460857,1185.9303841212131,2091.4384897884306,641.4066816236711,-0.21791202759263636,-0.22058997293187932,0.0019131683765582267,0.14588109891388526
3,0.3172407874190708,0.7455147360261904,0.3067572032740338,338.4967556227147,663.1259825276464,262.19534507591544,0.23564676078383143,0.6053906476448616,0.26784515363127226,3,0.06341204655416115,0.09123925608157771,0.027283872822489202,389.2786096107604,686.8611094328033,269.66653147192665,-0.21679355098484424,-0.22058997293187932,0.0028999193340826963,0.16500721482909678
3,0.323700194351587,0.7455147360261904,0.30107043909150377,433.0426350052144,663.1259825276464,163.0589637922994,0.18930841093301506,0.6053906476448616,0.2942180686088853,3,0.056412754801358274,0.0984357216096956,0.03061995468066009,74.16091167943578,96.7811929392044,28.51705595025205,-0.2065785069343421,-0.21355195491526052,0.005158179040890651,0.1509367644505317
4,0.06806248435501486,0.12917370308335288,0.043727203900177716,371.00587900600846,1130.1326190449026,453.17938931845094,0.07116906174886543,0.20158451270639605,0.09555008892560336,3,0.06888605691155304,0.0984357216096956,0.022333495821230395,115.87481548571616,159.07750577980735,30.61745699353665,-0.20088723626918856,-0.20494609790361706,0.0034658872930907426,0.12605363420274054
3,0.10022745485783503,0.22020459921664842,0.08930715547565171,215.2856440550921,596.6036733336442,270.15802465805876,0.11921003180119921,0.20158451270639605,0.06915655396657214,3,0.14359500692321484,0.18639672434274485,0.03594860308117643,419.01897459981427,593.8100000733081,231.5824546675814,-0.19873006808396879,-0.20494609790361706,0.004977889737862041,0.1576699660621337
3,0.16709307656884956,0.2772066146802655,0.11379609422926243,382.51639819553156,764.2666762253028,311.1952905229305,0.09669803765734447,0.11179876208615704,0.016331679017358023,3,0.12359104885153575,0.18695766384673873,0.08231794577801047,290.2788661925725,571.5054541761989,227.62753615243724,-0.20300878481963372,-0.2127287984151086,0.006878530029603015,0.18701416786785352
4,0.18037095723079932,0.2772066146802655,0.10119817014647704,436.0382169800597,764.2666762253028,285.00111735000263,0.08061438621461339,0.11179876208615704,0.031242508475445865,4,0.06729556987552957,0.17705463955889933,0.06592617585229005,632.5099903212822,1085.7942516690932,450.60838453906484,-0.22132041312314474,-0.22990735444849558,0.005687230385438856,0.20905587970940287
3,0.15000019849424148,0.22592798045644114,0.0988411324347193,1133.1453405803356,3016.1535033797154,1340.461018470994,0.060610759693094006,0.11179876208615704,0.048206894671571174,3,0.0468093132365916,0.060773517179372044,0.010579916751944859,667.9122745083931,1038.879109586398,378.5962416168845,-0.2300612652979662,-0.23138298252562253,0.0010221540517292742,0.1950848206927487
3,0.1779563121390195,0.22592798045644114,0.03889094888627921,1762.7118263567525,3016.1535033797154,895.5679888319327,-0.05034501267129169,-0.00397937399205446,0.03808973264812953,3,0.049046868925748416,0.09076659198533102,0.03389100155760582,1124.423202117918,2470.420883626247,953.9886502148239,-0.23026869930353536,-0.23138298252562253,0.0008039720948434182,0.08743361972483268
3,0.12420736467632355,0.22307012771922846,0.07254154394146886,348.1413104829965,531.8385715449656,205.0108176756356,-0.048990046665010105,-0.00397937399205446,0.031844149600873034,3,0.06607784331722295,0.09076659198533102,0.017949939079133413,1432.756237299349,2470.420883626247,856.9673812846371,-0.23011845302663722,-0.23138298252562253,0.0008944833453019035,0.06994648692428918
3,0.08830567117986021,0.11536504722983844,0.027229718237255854,289.9118826570488,531.8385715449656,192.05324490846945,-0.079530194569623,-0.0702287714390086,0.011409904926758967,3,0.04258566688085657,0.07909926852982074,0.03255744874400672,203.90656503233313,371.67978074096123,151.81462247425262,-0.2289594997516536,-0.22990139996875192,0.0010709948818682184,0.04431302156751728
3,0.10314156322858631,0.14301189056172103,0.03852627563158624,299.76921063974436,561.4105554930522,204.56853167107812,-0.0827838830198458,-0.0702287714390086,0.010359328121336105,3,0.04107061908322534,0.07909926852982074,0.03212883865936761,239.72202070845847,414.50044295126236,141.22677283968537,-0.22982817730917823,-0.23170733279721556,0.0015650737296120003,0.04337579877768278
3,0.25110912193922014,0.49871223453126867,0.17555075589906488,421.5371906607011,561.4105554930522,99.11946875044745,0.05392508724956755,0.3437752508049656,0.20507185148179932,4,0.032133749916196226,0.07909926852982074,0.03184021979706708,197.23736293549194,414.50044295126236,142.73608325610007,-0.22932560893859855,-0.23170733279721556,0.0016108434857746415,0.03015922456695929
3,0.37929103709730244,0.6058425751282988,0.25600743500586715,2386.7716685949945,6144.666016494092,2688.886581081933,0.24345482584764946,0.3987625156147772,0.18214499645611307,3,0.10161824719652308,0.26249876608441053,0.1137688158403659,436.2680217962661,954.6312035504407,371.27086471466885,-0.21660907618900768,-0.2255349504763567,0.007546239048594998,0.03334374195652109
3,0.3705993441739505,0.5797674963582429,0.24850083506957069,1030.2125425831648,2074.988638458603,845.579461785144,0.24345482584764946,0.3987625156147772,0.18214499645611307,3,0.002375277315030122,0.0057240211813192055,0.002369813272499451,45.24152314988379,102.95035949690447,42.041033242068856,-0.2279904774757915,-0.2288588821394325,0.0012118710377307953,0.044190111206022425
3,0.08489940956602275,0.18886443876029269,0.07498093474689642,58.55400170036486,88.33194856471323,35.139898085139166,0.08713237734139523,0.22705853003218096,0.09922650777645788,3,0.03315596098070537,0.09315896632790394,0.042480373047534076,400.3711722534192,1094.1631572633532,492.245387490941,-0.2293809861018241,-0.2304482104143895,0.0007547000457244262,0.05360291851625241
3,0.23034000450602968,0.36617108341155075,0.09844332957631519,409.861372487874,930.2794994253231,372.5972635277389,0.1663389866898455,0.22705853003218096,0.06131092558954435,3,0.05439884631669145,0.09315896632790394,0.03728437032243011,718.7935604907954,1094.1631572633532,437.0237086830937,-0.22947322789144672,-0.2304482104143895,0.0006971538576257893,0.04629499532506652
3,0.360435816650067,0.4939943060562555,0.11146526197966683,379.1407222621436,930.2794994253231,389.9681270196273,0.37077223968490136,0.5872183707853065,0.16423705539267808,3,0.13350405598260334,0.2356123708217076,0.07344353500479049,637.8390655871805,956.3238045134061,284.3566087603707,-0.22355961592333362,-0.22911259112051818,0.006829932459701147,0.05979660182655625
4,0.2961878224428559,0.4939943060562555,0.11438440401790845,274.2935314249069,489.3440200442684,174.00342143809112,0.3284052456345267,0.5872183707853065,0.16004763143400985,3,0.044088845272873135,0.09892255109804382,0.03989727101066765,195.56118679967926,286.72182076582607,114.5549593055631,-0.20124805491087208,-0.21393876451568583,0.011742432652419659,0.05639569342533155
4,0.2284401651240987,0.2974232627514305,0.05048917668021734,508.5109256534562,1148.1531837974344,390.8404411458715,0.24403139122000217,0.335515055167111,0.07772389232096268,4,0.0223094856001764,0.03846299977777906,0.011599939993474553,178.59853412369273,286.72182076582607,102.40259338699177,-0.21058960265123122,-0.22814255883546444,0.013264879443809986,0.06102466649593472
4,0.35915783822575037,1.2153248421744114,0.4971759198960361,745.4360442176437,2497.10596878995,1021.8597472075813,0.349183101226224,0.9980170383384164,0.39127785665352605,4,0.034527778878196407,0.11540263158979192,0.046915318552445136,335.76333485854235,1116.6786615765432,458.1504041936804,-0.22268507235440074,-0.2281767489597387,0.005475027315559939,0.0755811206172721
3,0.5609604981595778,1.2153248421744114,0.4915458514979218,974.6079835015099,2497.10596878995,1089.2979285050271,0.5692024929615066,0.9980170383384164,0.30615888422622073,3,0.06535150045132607,0.11540263158979192,0.04088342506816467,449.0003712738933,1116.6786615765432,473.6310609437342,-0.21412976677217962,-0.22794667034752875,0.012778037816480365,0.07764828618188838
4,0.27598868300077406,0.4650146579684983,0.1580535881639067,534.7369691634533,1278.3469275231203,485.1297233614034,0.4486229950214182,0.963824862181899,0.31452494831527733,3,0.12532552462922739,0.277785391153073,0.11128915645183207,382.4981751457976,554.8334994700181,222.13757347962135,-0.18443304228876248,-0.22794667034752875,0.031152186643479327,0.06045573484102872
4,0.3260047793729265,0.4650146579684983,0.09017551978364587,998.8525728945375,1628.1652122352539,525.6604288381428,0.3641773800976774,0.963824862181899,0.3569436218760651,4,0.12744116216229376,0.2406057685626697,0.06582310118954332,833.5921962975214,1759.3244033463145,568.0689466073824,-0.16867309490158644,-0.17174266718664322,0.0018772671216876332,0.0492025192975211
4,0.227445722578139,0.3387308949494997,0.09935754806762401,718.3127402283719,1628.1652122352539,596.3288359840565,0.3179192348386652,0.963824862181899,0.3734878860460633,3,0.13895917120657053,0.2406057685626697,0.09696870511581819,1000.5814165201767,1759.3244033463145,713.4598638833065,-0.18855166972584728,-0.20649425676022143,0.014209902763645147,0.04660264283879419
4,0.2664984890894433,0.5533349913904599,0.19251712623537168,485.4585275605972,913.8535513262997,401.75252927111467,0.22601133832151737,0.4244527045347074,0.11553378966000037,4,0.04877787363077176,0.16785645702338686,0.06898922299836396,388.63352674572104,1197.204086285167,481.5010050489751,-0.18397532996806565,-0.20649425676022143,0.015393832076920192,0.05378132154803765
4,0.2891876569850152,0.5533349913904599,0.1709989265203925,528.3288178877699,913.8535513262997,359.6048498310332,0.22895606339242633,0.4244527045347074,0.11340879977868358,3,0.10387561059136753,0.2838990947346519,0.12770695631744727,261.39776478284375,563.2985998331774,231.1116797572027,-0.19576461920343782,-0.20649425676022143,0.012799918914436584,0.08883476481705023
4,0.230376815744347,0.5533349913904599,0.1961034023225471,317.9962896747096,913.8535513262997,350.2112994132235,0.21394461498611786,0.4244527045347074,0.12743045455923302,3,0.11422128218693924,0.2838990947346519,0.1205748201991484,349.97062237889503,563.2985998331774,172.75857107383072,-0.21742937899223616,-0.22700861821968654,0.01036827631914057,0.06874660123794019
3,0.40744406289606605,0.6862811534574045,0.2100192565306496,789.5651367256946,1444.5103255446306,486.1092300368864,0.2997247434672986,0.6174414238175914,0.22882738119649912,3,0.04065342529666722,0.06319552406383583,0.01992687479217446,262.59652164968344,346.4408488553256,88.51728901773802,-0.21088355280641116,-0.22700861821968654,0.019538806158265608,0.026145327487600577
3,0.5020887220577882,0.6862811534574045,0.13734003397179703,1296.616919333909,2164.1853794093404,775.824356066849,0.3630297672595821,0.6174414238175914,0.18309177473933896,3,0.20394115654962341,0.3457507212769708,0.12384090502573998,531.6383488628052,1019.6012055552387,348.3641412511857,-0.2006484716046246,-0.22700861821968654,0.018687646481180653,0.053515976183923335
3,0.7230325435923906,1.0878204552704158,0.2649242844781187,1087.4405869177788,2467.8853323197627,995.1995614101909,0.5924390549325663,0.8823393491663727,0.24754190640915902,3,0.12373844849865771,0.3457507212769708,0.15718024281658094,367.1109643628483,1019.6012055552387,462.4715871389398,-0.19522248542251552,-0.20548110610404316,0.007298105168180464,0.08014805002468263
3,0.5601313390877823,1.0878204552704158,0.3830765626189184,695.4019721337709,1027.7342516997721,250.28364926208002,0.43844809353576997,0.8823393491663727,0.31780992773809846,3,0.016825126017717074,0.02501075383414897,0.009716293076984715,70.2181737344122,128.9228336699304,52.26212810659822,-0.20287537371521314,-0.21206998719433762,0.008766963003534824,0.06966201093839383
3,0.13639870671520285,0.25780769638026046,0.08590746274282923,769.7214712636346,1917.7996030986997,812.3134893053508,0.08045951684750358,0.10734149544865096,0.01997305449993094,3,0.12704316324129647,0.2208501896357118,0.08016239287865692,846.395385299078,1582.6693858086142,593.6384311030741,-0.1923112403570313,-0.21206998719433762,0.013988651660843199,0.03603191526817057
3,0.202208580184657,0.2795106996875145,0.0690386175839246,373.8317914254837,652.5329320500059,220.24673558527505,0.10489228413180436,0.12342377155694498,0.016223484849282904,4,0.013042614454671163,0.044757051749653554,0.01835224295956036,126.71480158157047,324.3237064343117,118.19101290441854,-0.21011919480161448,-0.22046672526205943,0.007010555023734542,0.0291226120313105
4,0.34619088118502106,0.6245093464328009,0.18485005408435876,861.682963682946,1556.101831156001,458.33378868014296,0.20613234427205812,0.41888841158072077,0.12534199405353819,4,0.013076799544419926,0.044757051749653554,0.01833030376289598,123.71480158157047,324.3237064343117,121.08015667673152,-0.2116053404405137,-0.22046672526205943,0.0052939664027311616,0.030223264524923767
3,0.4242855294020032,0.6245093464328009,0.1454795300816705,1076.37908150183,1556.101831156001,405.9783578205221,0.23906262721319385,0.41888841158072077,0.1288792968611454,3,0.07580120187166096,0.12594217451590922,0.053744130057115404,802.7913836841562,1409.0681796006654,579.5579003130805,-0.22757822995703783,-0.22990178981222326,0.0016610538994000746,0.03621654880076648
3,0.4303802306373166,0.6245093464328009,0.21999999162247255,1457.3210450647464,2334.557954403623,624.7338212486401,0.20963414382343415,0.41888841158072077,0.22584295708247507,3,0.1951099629748343,0.543875424998119,0.24665006073062523,1465.543071384318,3104.40262775625,1179.300697046191,-0.23014870599299672,-0.23040551056361935,0.00020576197257530295,0.132634261323029
3,0.2664582322961873,0.5406891709632399,0.21977412832538123,929.0333112094919,1505.0468061143035,658.0609344412039,0.12541040446144558,0.3139736351858957,0.135055332647885,3,0.013862852807946496,0.025862216130180943,0.010574408287815504,432.7421954655683,913.9373342154815,372.65837169345406,-0.2302490847780788,-0.23040551056361935,0.00011366396905306972,0.13794434597822827
2,0.4158036404982126,0.5276660449714642,0.11186240447325155,323.08939221610717,363.38380470066613,40.29441248455896,0.42971544173133697,0.5624031106033337,0.13268766887199673,3,0.02284588540367281,0.0683976714858662,0.03221001935777258,116.41634805595753,339.24904416787257,157.5686259853757,-0.2282807379829622,-0.23020292616746948,0.002415341451698641,0.1379644087552821
2,0.4158036404982126,0.5276660449714642,0.11186240447325155,323.08939221610706,363.3838047006659,40.29441248455885,0.42971544173133697,0.5624031106033337,0.13268766887199673,2,0.07950233605745782,0.10178703525625073,0.022284699198792897,588.9216067270313,655.020377242238,66.09877051520681,-0.19503038269417497,-0.20095336914739237,0.005922986453217399,0.02295541197684488
2,0.1441169823331598,0.27838167919895773,0.13426469686579792,712.8376246659514,1423.6752493319027,710.8376246659514,0.15648365407084278,0.2292075944171904,0.07272394034634763,2,0.04625193354409326,0.09148789806610301,0.04523596452200975,1087.7945611875632,2163.5891223751264,1075.7945611875632,-0.18864926065133342,-0.19403155333824304,0.005382292686909623,0.055138945801970325
3,0.12248630578278254,0.27838167919895773,0.11381466609813731,483.2250831106342,1423.6752493319027,665.0593388859918,0.18971743650795206,0.2561850013821707,0.07572856961865174,3,0.02921793979616748,0.08648443468645822,0.040495057948114886,536.2042129195962,1592.6126387587888,747.0007013107064,-0.19723622525885484,-0.21441015447389764,0.012914512717095617,0.11366204046731532
3,0.39001136950625304,0.6730727675984796,0.21266358657442108,819.5151977484478,1062.1804787400592,212.56042597398735,0.1805278794928206,0.46746902738461665,0.21439935840858995,3,0.17434679594165772,0.34719045416258104,0.13814651378398032,952.8893083543247,1802.4330451916856,696.5808318987827,-0.2196544301273865,-0.22528498679746503,0.004385921117747242,0.13160851269883087
3,0.8402261123520556,1.2690930536116658,0.305701979365419,627.8390188736865,905.8097142929334,355.6251426905328,0.8384335508572899,1.2249870108900733,0.30945181104748193,3,0.12120844155468946,0.34719045416258104,0.15979487647886,647.8555704881727,1802.4330451916856,816.6780031199819,-0.22001323770244752,-0.22528498679746503,0.003982027871078746,0.09479419008140821
3,0.7624203506021091,1.4196522191861476,0.583998266351259,1459.1255976145558,3929.4677231476,1756.0035421922423,0.6828893650247178,1.2249870108900733,0.5094616378156965,3,0.10581564357211944,0.16679505790257546,0.07026387273622037,551.9264761020866,960.0246781865326,380.07821894847314,-0.21283635557515468,-0.21566233689902942,0.003265102924163587,0.1013920953080303
4,0.5721950743624922,1.4133638594788975,0.5999209407821805,924.1151226846496,3240.551421042531,1349.2940501129965,0.8107648432369486,1.2249870108900733,0.401039069049092,3,0.028801470952975694,0.06468475689826064,0.025402313675772076,651.282649672013,1540.6463177923033,630.3177621309804,-0.19513696851083098,-0.20136243005848192,0.0049018366697139385,0.08494022440713885
4,0.080937340726667,0.19181811193869944,0.08044098788340338,85.66879018913332,198.13562901735725,83.02392503047675,0.321673680601568,1.033926114767199,0.41395939441736473,3,0.03333172841199622,0.06947408577302469,0.02600458674697573,620.6308201329733,1287.2048498671306,471.91479503878276,-0.2019743061952343,-0.2031563333202,0.0008359929585513615,0.09147640448108699
4,0.09360735191635923,0.22742046092510512,0.08279497104111755,545.9818066398104,1163.3204614092099,450.08261881516466,-0.003231605474231271,0.026058030866623207,0.018817926415879434,3,0.03333172841199622,0.06947408577302469,0.02600458674697573,620.6308201329733,1287.2048498671306,471.91479503878276,-0.2019743061952343,-0.2031563333202,0.0008359929585513615,0.05009879536767511
4,0.09724657155843366,0.16687892979673374,0.04100520673192857,524.3255696681438,771.8891629378336,255.8639831107631,0.02008374263091648,0.06802873887562913,0.037758352354376655,3,0.010874391626647615,0.02365660512897408,0.009493270193721919,404.2259714594268,760.8649670669615,310.9992774788655,-0.1895148608311612,-0.20140415520702093,0.016373387639043654,0.040062252519310414
4,0.09279826783515846,0.16687892979673374,0.05693107440819928,767.7815497214413,1694.6643101793939,577.9178894585307,0.03644649880870436,0.06802873887562913,0.02235299823339385,4,0.02582654602346789,0.08722044826700857,0.035852110693003834,240.84012789439177,673.0831907403935,270.30385411167754,-0.1250266791635643,-0.15894557281179808,0.02414391985296214,0.023366800127702456
4,0.20866344462976466,0.6303396369751586,0.24633737597994898,1068.3798809993052,1872.0862224083883,738.9834820786648,0.13648577226292422,0.4681858326925086,0.1919431007628835,4,0.04953159628579887,0.0804872774249885,0.01893041634345477,624.9017640202675,1092.0437511517528,320.99593615602834,-0.17084122058438939,-0.18739993965389373,0.011279163432052396,0.01567728048137741
3,0.28115360012838736,0.6522933608650259,0.27032043431139136,1837.5377811564786,4237.319717416901,1751.8255125259054,0.158020764457615,0.4681858326925086,0.21939059998664975,3,0.0971237188935168,0.1749635932149428,0.057970329802093046,1406.60469580666,2371.1690601736254,695.6621417868031,-0.18345249433055932,-0.18739993965389373,0.0035210892434858043,0.016885830999671145
4,0.06345085546785623,0.1749635932149428,0.06646075258464716,413.28766786950575,1170.6795824725841,450.4692246616379,-0.04845880447656532,-0.003886421950324266,0.03249315301794523,4,0.07213272293711662,0.15962878323249657,0.05958002990319246,1246.8294508449437,2355.94492675958,862.3571694843369,-0.1798442889329052,-0.18410752817251724,0.003212697972226237,0.03878518664192826
4,0.05275976119061129,0.09010813104556523,0.024150866236311293,2136.8305133092917,5096.23090307349,1848.7344068970442,-0.12396504547427348,-0.09399939712695202,0.01845493728413646,4,0.03930095878631521,0.07165201978952451,0.023672927446630007,2002.6570345007642,4935.442329551464,1764.1390424920817,-0.18873906911721566,-0.19523404951166612,0.005407830406823372,0.04503890282397786
3,0.04093890395803435,0.06017096679915501,0.01415729553399928,876.7418103188305,1381.9281962377477,383.49769614483216,-0.13443177326251976,-0.1235820297221416,0.007690185179270375,4,0.03445400787211741,0.05472877440856161,0.018077348691212608,1877.0573529226685,3019.416379075406,1147.891092175117,-0.1886504362044105,-0.19523404951166612,0.005485363344216165,0.05250402843826014
4,0.047709645757372826,0.07165201978952451,0.014805444529858955,3130.139463622062,6645.692722120615,2231.4940183820445,-0.13902691371108133,-0.1235820297221416,0.009472340080447238,3,0.016113490580583062,0.03749585544674869,0.015139120266853094,464.27448307871805,832.9084867618994,265.65471974068646,-0.19519245373926264,-0.19745627857866171,0.00186561851308408,0.06626105278448716
4,0.0384069094750651,0.04355359775852191,0.004276838942009984,896.2400791576019,1283.178934773426,352.0729698987634,-0.14676372197983537,-0.13920801496231316,0.005140162544878205,3,0.0305043531587826,0.05380162288585372,0.02242805974040436,1344.2873222323312,3196.9534799350945,1353.1360963881143,-0.20056041473258768,-0.203433343876221,0.0024455973917808893,0.033621921585961854
4,0.07825824408412549,0.15159819545531922,0.05531168337776819,420.73034897645243,960.7803897976853,345.5632406581344,-0.10225917664369918,-0.048478325512786025,0.033906934161945214,3,0.047203739292960595,0.08147183319346821,0.031026131158377396,1687.9229393014466,3196.953479935094,1254.8485565995898,-0.20533258138086263,-0.207528955018277,0.001685175573005704,0.045217230878186576
4,0.14362987575500943,0.28866682405720523,0.09852021782833073,637.2416618237953,1403.555165502305,567.1175004085302,0.01459819776532225,0.14336775552983927,0.07953256842304322,3,0.07654440895170406,0.15905062950549098,0.06294846897867652,1003.3047500464814,2531.4638311281583,1084.6135715659798,-0.20421364041149073,-0.207528955018277,0.0030974414936775696,0.031692890984589835
4,0.17213687029036884,0.28866682405720523,0.10256197089995399,845.0893911323112,1803.0306507968348,771.3014381075097,0.10750994671765965,0.3231686702965636,0.14318557374578222,3,0.013434756597526557,0.033498096257267046,0.014387854050540102,131.05467543890518,248.5131010914895,93.39991204568207,-0.20005455172669584,-0.20503544524808998,0.005823731598656969,0.028868225544524295
3,0.1982377482076527,0.28791587707731675,0.09113014686898907,1466.3638030404406,2281.1023045138545,834.2817589945352,0.2811952609216324,0.3231686702965636,0.033747442429927395,3,0.09533168638483704,0.16220882727431843,0.05920544810175218,1116.7746783765374,2846.19870792003,1223.051810312325,-0.14190209609825255,-0.14451494610918938,0.001850788542651078,0.02904992189695178
3,0.2823170332068983,0.35493942287078284,0.05234800588070394,2380.0849090914458,4370.057754829129,1446.9544193145762,0.30633571974556534,0.3231686702965636,0.018936479072648126,3,0.017883382717592353,0.03148315903246188,0.012827886607562775,356.7053818811628,718.3705449450487,289.7674919964982,-0.12620078443789814,-0.1368274825977971,0.007585223939307898,0.052400751319371004
3,0.07955737044715659,0.14401848982676985,0.046454344305275036,742.0063338503014,1624.4043963398863,623.9615535387868,0.3571597164313314,0.39617940875185015,0.027854323388438636,3,0.25377774391591074,0.42803034073187396,0.12757451923800814,1981.113761061202,3496.007084961378,1101.4731535676067,-0.036196974675077445,-0.11207296467025996,0.06022686729355921,0.0500587196041453
3,0.15573211342660503,0.3725427187651152,0.15357020362890147,1740.964873644869,4621.280015723589,2036.6940145234944,0.3571597164313314,0.39617940875185015,0.027854323388438636,3,0.2118417626913415,0.42803034073187396,0.15531209645141156,848.5151782875723,1537.814078958541,576.816955457714,-0.021197476975277515,-0.11207296467025996,0.06426056334905758,0.04389365210043773
3,0.05113888685666398,0.058307804496306126,0.008851420468033387,259.89016226809,305.5269347706742,42.333869151866786,0.3340659003814744,0.35126665127901113,0.018371546489085577,4,0.0721611001152605,0.18570205722916674,0.07703026455026256,520.7679574148614,1165.2531996518983,512.9739700573236,0.012094263878954393,-0.010464956088063675,0.01758814755507458,0.03322315717553365
4,0.13564094114828001,0.325389095795233,0.11606977506215771,912.0144669707768,2614.82893944649,1001.9479890376415,0.37898412362360673,0.4319373902650132,0.044620912918641426,3,0.13813783794933532,0.22856001579887888,0.09912747852386838,1729.0828495769329,4299.865471176877,1852.7713893578825,0.004808662388846502,-0.010464956088063675,0.014146988711434385,0.03761186959449826
3,0.21657413920286192,0.4424023463530769,0.15970203127851212,2405.4651965957405,6212.327971766802,2691.8847344630913,0.4025576587599879,0.4319373902650132,0.020781119418497664,3,0.03556429904027191,0.05493822076685244,0.014862691953403142,274.48425304234377,359.6326659639441,71.61991301332485,-0.029093991887679308,-0.056929160674558756,0.02005484547265835,0.028522320671262532
3,0.15724863286239335,0.20185563822171187,0.0421104995683147,921.5347960075877,1242.2961068705472,318.39890072325005,0.3602769621127673,0.4319373902650132,0.0720797440214123,4,0.12586056438213714,0.36014691781336555,0.13677286832863456,1701.0019516871996,5960.80995953268,2460.691209166652,-0.03899881640386547,-0.09848409705963401,0.04365964612879904,0.029232670973992163
4,0.1152390002935676,0.36014691781336555,0.145110178355011,961.3811041697825,3164.2708368546137,1288.1073853292742,0.1669626043095468,0.26166282075373154,0.06463288042005357,3,0.16347612101925815,0.1998149792356615,0.02677333151421286,1932.0248874836843,2515.723126959626,456.72127569239603,-0.14644698239792706,-0.1597915934939762,0.009727074819519343,0.03226555331603897
3,0.17386278561438842,0.24235696973458515,0.0648769261267062,911.4972595860212,1551.8474389228859,453.51301193814805,0.24867450526232918,0.2927051077973873,0.04226325161734358,4,0.19136222446291123,0.42145441424770774,0.13819650469701872,2283.314882676478,5492.968191478789,1932.823673939454,-0.13096405841691416,-0.1597915934939762,0.028109158532653816,0.03596361220197539
3,0.1863312846393821,0.369368436726733,0.1295001723682432,2310.1759649654273,5695.687419439184,2394.061475909143,0.21433780887914486,0.2927051077973873,0.056672000327606435,3,0.11904599258792163,0.17164183256611001,0.054703787986939555,372.2137830989164,570.085074257323,196.60122853304384,-0.12899126218414617,-0.1597915934939762,0.0322169524419633,0.026160406191087632
4,0.11231681613938058,0.25485932038550446,0.09021053401250126,846.3122672140739,2091.680212437805,754.6641898780113,0.18954209535034502,0.2927051077973873,0.06521709088924534,3,0.11345771819727636,0.22471902553572368,0.08682188405002558,935.4484038182321,1714.0887093986348,616.5820038305386,-0.16492472730463342,-0.17524833446989457,0.009156572939937366,0.022392321316848738
4,0.09211977030231086,0.22471902553572368,0.07705295401393114,372.6516685953062,589.6157838568156,156.6406311616298,0.07461349577658255,0.09478555675089882,0.015210420947363244,3,0.09721857416927741,0.1832221256163184,0.07260847530292938,1651.3834943432187,3864.6728971918487,1589.650600682696,-0.18496691726656397,-0.19335596259186183,0.0074519483567140835,0.017327755358454402
3,0.1158835899183049,0.1806770436209315,0.04845424412731755,2011.1226175201891,2743.67767582345,938.9679553656941,-0.06045641209463785,-0.01013383697554342,0.03717308777449927,3,0.07285432609263486,0.1209096906155431,0.048974864461422185,1957.7842482038566,2944.853397992854,1243.7608355194284,-0.19015443264209075,-0.19335596259186183,0.0029191729105488427,0.04297226678698315
4,0.1017102410356859,0.1806770436209315,0.047976165680953455,860.1375390492824,2604.018454721679,1011.4429225250809,-0.06347423520066703,-0.01013383697554342,0.033170815901992806,3,0.0852972112569711,0.129643470670685,0.045136079808323105,1639.6473659981377,3876.1526596739996,1583.7549890831772,-0.19380530383887487,-0.19724906832828792,0.002647514052177658,0.05104640694120847
4,0.15303180015688977,0.37901821543930697,0.1408374354704122,396.10395195452816,1015.9750718622286,374.6422923537924,0.0696083799687982,0.2824082530977761,0.1344241085680681,3,0.06792249599364225,0.10288531276474912,0.035093553198742515,535.8049245197808,819.6390384833148,201.56640001948523,-0.1892649577613247,-0.19724906832828792,0.007233197439655809,0.022293188008366913
3,0.28571507177911015,0.39258007078669016,0.07560378135292196,2390.5106174975085,3558.2857811045455,946.4786591943429,0.18655983763131315,0.2824082530977761,0.0677750646108552,3,0.03460689007687367,0.07660443110369689,0.03086651016975659,533.9358452581483,1420.5510825258748,627.0436062480022,-0.17760050799915084,-0.19724906832828792,0.013916007712545848,0.023363496987915462
4,0.16006937720637687,0.36188897630181793,0.14590343668574757,833.171862257176,2373.1551653321944,955.059403879895,0.29633522829044656,0.3912943413058697,0.0999456188523551,3,0.09867091368385972,0.23524932515061858,0.0984890789602459,759.4553200875135,1271.5513335125258,448.9726190133507,-0.10685082086431165,-0.11377068256249005,0.007388926153701167,0.04157464740860778
4,0.06240885183292674,0.1754005364467795,0.06611926080546018,55.786993383661354,89.67943850157303,29.70296059275843,0.26005253638323117,0.3912943413058697,0.12870492981613169,3,0.06371716154312108,0.13038806872840267,0.05094872292315212,897.9847419457114,1687.1395990871197,617.9303710093479,-0.11600192168550351,-0.12406326480510646,0.0058865324690371085,0.04092309392681213
4,0.06240885183292674,0.1754005364467795,0.06611926080546018,55.786993383661354,89.67943850157303,29.70296059275843,0.26005253638323117,0.3912943413058697,0.12870492981613169,3,0.0048780631940023396,0.009571413281884461,0.003421614469743445,103.1496473084951,238.29214570256138,95.61065868214142,-0.146166205794704,-0.15994986890961754,0.013568086564188134,0.03024732997381038
3,0.08560809266985679,0.1754005364467795,0.06397647308099337,126.51792492905264,227.48623594287352,72.25950528644694,0.11189676636242342,0.19481168391536607,0.05927294585440699,3,0.003974671064167629,0.009571413281884461,0.003966937376802739,92.0219398683319,238.29214570256138,103.96249452790865,-0.15509696813486393,-0.15994986890961754,0.003744525844047243,0.084074453898522
3,0.0342214969374899,0.08133240536422304,0.034089540943272836,532.0224881591553,1379.1920864824826,604.8502439279923,-0.06902754215241046,-0.056402710879373825,0.009422089893407228,3,0.01875488145151048,0.03393428511028615,0.0118221630421703,443.3085520209884,822.6146597748459,309.65604341907044,-0.16880411145204155,-0.17593907676811865,0.005080805626781337,0.08588902528290977
3,0.11488743378051341,0.21214043167739705,0.06878286961906041,563.370906213408,728.3023662600792,162.86679168874826,-0.0062689760749051375,0.10622550410538406,0.07965606311111406,4,0.027316426265377666,0.052329477295383134,0.01757447589368457,611.1990671064074,884.6780115067677,249.06445201789143,-0.16845067393865568,-0.17593907676811865,0.0044424873202356845,0.043547102447980796
3,0.11488743378051341,0.21214043167739705,0.06878286961906041,563.370906213408,728.3023662600792,162.86679168874826,-0.0062689760749051375,0.10622550410538406,0.07965606311111406,3,0.007739708456185379,0.014040856554108305,0.005297460512106596,231.87684120814424,461.59804460682113,183.6795833850768,-0.1799747330630582,-0.18342524177077157,0.002477629728135812,0.03641254002666838
3,0.1035440609012815,0.21214043167739705,0.0777959396011474,468.01711107518463,620.140939798544,115.13732245989549,-0.0170446860278235,0.10622550410538406,0.08888313733532793,4,0.017531824557582752,0.036626427620185725,0.011223306974060692,610.7076220222506,1451.657742520742,493.0538504661083,-0.18293711054671746,-0.1855060025800668,0.0025178826908739283,0.033374419128976526
3,0.04734890078696963,0.05213397500707012,0.0047274331506632645,473.655215450111,597.5348857041158,91.08571092377457,-0.1098512763631737,-0.09997915484691805,0.009034548001077692,4,0.017531824557582752,0.036626427620185725,0.011223306974060692,610.7076220222506,1451.657742520742,493.0538504661083,-0.18293711054671746,-0.1855060025800668,0.0025178826908739283,0.0335889147586442
4,0.03966018613432547,0.05213397500707012,0.011316897966413976,424.02914191469824,624.4023598548988,213.09821027681434,-0.11517869386050877,-0.09997915484691805,0.011920994438735486,4,0.014458297761818027,0.04022768861838985,0.01497489092241218,472.94257850541067,1254.4658279148034,470.1756994832595,-0.17504892067864186,-0.18326578832948986,0.005199238840329766,0.05124055539928803
3,0.02298185284075781,0.04421881406213038,0.017834150238692198,335.54993135761,624.4023598548988,255.0713358928729,-0.13346158024183105,-0.13014002739470412,0.0023985773106554365,3,0.016806382305264638,0.04022768861838985,0.016789431403477405,564.7523998148703,1254.4658279148034,516.3971829484748,-0.1892448409012577,-0.2101098929174487,0.015195311171034386,0.05373044589616334
3,0.0034310396960765496,0.005951479442267801,0.0022049371398889022,19.360959465838977,42.082878397516936,16.395409925815798,-0.11373298698122657,-0.0909176736204324,0.017860484588874247,3,0.0040664051285354275,0.010234113017085766,0.0044023700378935165,52.207861086418994,140.62358325925697,62.60460550421912,-0.1837390129121658,-0.2101098929174487,0.018647036702191564,0.03271660615938928
3,0.07148306461155288,0.09611514775533662,0.020020221106264304,181.09192140039295,227.62992869510924,40.54106049624024,0.05419908424439135,0.1037802558750007,0.05419270958314991,3,0.005044077419697308,0.006794679966749359,0.001314194643679482,54.77383130346192,74.66673469037607,16.998685600153998,-0.11197832538764853,-0.11994258088234533,0.00925748668257588,0.030161419450543025
3,0.0596435893564766,0.09873927018799238,0.027675078733936497,740.2841671957646,1596.3555474125437,605.4906099406581,-0.035326836465212196,-0.02120331069435295,0.010640194062532127,3,0.06643176463841455,0.07173647273238992,0.005562513378069444,488.0293522340142,577.9155520469646,101.95758823984198,-0.13343134002333476,-0.13944919317185817,0.004673806153513394,0.03954592979266824
3,0.05302836263679083,0.08143605622699826,0.020088216486162297,566.5740028329427,1130.1448969109636,399.3835258537358,0.02187405798294677,0.08010560670265565,0.04124323660899932,3,0.06960471737845988,0.07966205632004499,0.007907353916034426,714.1957182119298,1071.5063324548132,255.01478239382027,-0.13343134002333476,-0.13944919317185817,0.004673806153513394,0.043965379831663653
3,0.024790137102854753,0.06933248626477016,0.03151852579629204,138.5722499384853,358.6174969004774,157.09830403912764,0.10524796902158791,0.11903866335385674,0.012278227961823268,4,0.06378287116634299,0.08143605622699826,0.019242683871559335,868.7533538432381,1738.332285162424,596.61433441803,-0.11242986165063859,-0.13944919317185817,0.02202237479887257,0.04459643734197644
3,0.024790137102854753,0.06933248626477016,0.03151852579629204,138.5722499384853,358.6174969004774,157.09830403912764,0.10524796902158791,0.11903866335385674,0.012278227961823268,4,0.014555873653373071,0.042362218371976984,0.01630191903785839,208.60776822741408,469.8585982314031,181.381505863787,-0.08183416714493905,-0.10130861263870664,0.012441968554209922,0.040616514874972504
3,0.11992803916931898,0.21884310017411052,0.07223559589677425,387.20154518586236,568.5785462653106,130.01145085712722,0.08245877509214088,0.11272046444974843,0.022760885834699245,4,0.011282370022650524,0.018312528254181074,0.006212063745584811,258.3831895813804,368.5154001970229,142.97448793115794,-0.12593866206658147,-0.141328622008866,0.012721261604050316,0.7111831411346349
3,0.15559346067993973,0.22438926492059288,0.05015851290227109,1363.9338930801266,2279.5043867676613,659.2017008906903,0.06954313552187917,0.11272046444974843,0.0316806864899641,3,0.010480634259937565,0.018312528254181074,0.006991556362696401,228.92554821705866,368.5154001970229,154.22255042602046,-0.13086277450046893,-0.141328622008866,0.010898920253186513,0.670792015803712
3,0.22097255680360786,0.30236061883950704,0.06789094091997734,2703.5337931207846,5076.995467351602,1790.103109091532,0.12312408896920178,0.19833936129452834,0.057637147412143146,4,0.06992926267817476,0.22438926492059288,0.09001934286360475,1227.2731360502737,3985.057145375872,1604.1894276474418,-0.12374510586576606,-0.141328622008866,0.016172199667936423,0.6640366173355684
3,0.19169799153731862,0.2761947067819235,0.06507038935283088,1330.7028671022765,1833.5844983428706,655.316764536519,0.10699826562813902,0.19833936129452834,0.06463481369106246,3,0.062365569885615035,0.18101642327420875,0.08393460476533178,1437.5050492842772,4168.710211895901,1932.0968894333034,-0.12187095169609814,-0.1313540659708941,0.0067159013786328514,0.08177018382376104
4,0.09535074375146163,0.18101642327420875,0.051993715919664854,830.7315244584107,1833.5844983428701,592.6223855866268,0.007390418238341443,0.06434299442656016,0.038918474948269166,3,0.019659856719912605,0.04270146318288004,0.017396856787048526,453.6472501378609,1109.943941407657,473.23427006937,-0.17597450810204718,-0.18652464605457747,0.008331583743177814,0.06990786736539169
4,0.15285385983808944,0.30636547856487906,0.09668327813063371,963.508097982765,1838.255758785691,538.9409161508444,0.030448133255923424,0.15338499996941407,0.08459456950262159,3,0.10164661821210356,0.25086764048113763,0.10592695766766709,2197.473526637006,5423.235190577323,2298.345718033623,-0.1813515878827675,-0.18652464605457747,0.00465298127645083,0.042570997309809185
4,0.11239506229189944,0.30636547856487906,0.11485443697597808,870.6299010798376,1838.255758785691,698.4612480294458,-0.006937433876780769,0.15338499996941407,0.09279671966154343,3,0.03646127915192477,0.05531162330060127,0.016270567122314145,1124.8643887352932,2205.407776872184,814.5003929729968,-0.1813515878827675,-0.18652464605457747,0.00465298127645083,0.030568326097243685
4,0.10467388988984523,0.27191990324809917,0.10061347277749925,1296.5082055266325,3230.8591150161838,1291.2686587626395,-0.001992039582589117,0.15338499996941407,0.0900014318015586,4,0.057909742370335,0.10675132852448264,0.03589707207873273,2908.399010636479,6206.401723327017,2375.965910200459,-0.14106300299806054,-0.15298047859546499,0.009602508214736467,0.02342156800834686
4,0.28778252553765826,0.7261983103078276,0.27249502616320936,1058.553402557524,2907.7697219543043,1107.8991551085867,0.23605795815956201,0.6328071482804316,0.25792269513467164,4,0.024510221327376392,0.0565492197400112,0.020030525302117547,675.7621112153672,1247.8293445546224,469.9903880518312,-0.12149951352828761,-0.1263542472981086,0.0036997363546756724,0.04339920612622147
3,0.38782544429814053,0.745977218730538,0.26196450483330513,1430.1710976393688,3460.8438088129215,1436.1818610357363,0.3439435000333399,0.6328071482804316,0.21690762986214912,4,0.11617048473962327,0.27333420642523243,0.0974833448758904,950.4922848913056,2597.2366826613124,1005.4146598746327,-0.14044479408253346,-0.16321897552114306,0.01444360574448632,0.04587785350971539
4,0.35822037685150726,0.7001694855709611,0.23398008048758542,544.6721404601224,1198.3145438896638,407.42652360882374,0.39104455248450865,0.6328071482804316,0.14348297532213064,3,0.27874438213049,0.527582340014586,0.19158303503865737,2815.6592393583883,5892.530686571424,2356.9809737516216,-0.14756947483411612,-0.16321897552114306,0.011285402969846392,0.09400439925583892
3,0.34153249132148217,0.4065904870661111,0.0476905047330699,2038.3971968815324,3080.99333498907,945.6457114727631,0.3124405310018297,0.364363364493443,0.03734704036078512,3,0.08865293896890492,0.2471469632323767,0.11215153837822102,889.6440984291618,2387.487240699499,1059.5722087615698,-0.14327039204876588,-0.16321897552114306,0.0144317805201483,0.08169678198971435
3,0.429839013976592,0.5585227609365415,0.09698210550068762,1927.6630978031806,3080.99333498907,1093.0964750851438,0.4580294912370952,0.7148664569544576,0.18381448342413426,3,0.16501192298801795,0.4065904870661111,0.1727222612462917,2028.5948127923996,5829.524747006493,2687.759881174601,-0.07689675694255536,-0.12760430926358368,0.03665357746041089,0.08339000334226179
3,0.34516666449266215,0.7570935795271257,0.29233505687657574,1471.993049836531,4106.774290066934,1863.5327066447585,0.41840508635079116,0.7148664569544576,0.20987427661275826,3,0.10139849269007302,0.24396922711209368,0.10114243008721646,795.9257629046484,1888.1040911443743,779.9693974091823,-0.11128226524586048,-0.1247675654147494,0.012966236724472844,0.03375379247429626
3,0.6800992664159886,0.8322383656573191,0.11271098701872975,906.0698639162883,1783.8354815320274,641.6920484989009,0.7706734950707923,0.8667659584477861,0.0682424660301025,3,0.29995342444244416,0.839634022369207,0.3816990409948975,1948.5952494841604,5346.112550882911,2404.888233828862,-0.11128226524586048,-0.1247675654147494,0.012966236724472844,0.046252290753239944
3,0.6051534934093588,0.9121052802102785,0.23526360054689585,1022.1402274639828,1554.7638363761162,548.3575815581767,0.632061836266795,0.8667659584477861,0.2419802271574009,3,0.13053968944917593,0.19836828055328903,0.06423854655032073,1753.7849891887229,2734.6257044746744,1139.4227118137167,-0.09125889706943562,-0.1247675654147494,0.023998026397651546,0.054400419408002804
4,0.5247120485814925,0.9121052802102785,0.24682827926455472,1464.3200946600184,2790.8596962481242,901.1609916101337,0.5364679230383212,0.8667659584477861,0.2670775383486216,4,0.25908237942332196,0.34437080230495803,0.06930851746190649,1586.5967930406948,4344.140280563055,1676.4979441698651,-0.051803814921727295,-0.07916661885594473,0.015881684749639545,0.05451996153563188
4,0.24240299894083334,0.29116174444965454,0.03454335186044848,1748.578294464433,4507.657853451324,1679.6606808618612,0.24283376227872866,0.2527431212815141,0.011300850796510045,3,0.2536852899993066,0.29157966890893705,0.03262971737175906,2657.143156002568,4700.930517691058,1609.4895488432617,-0.039023525799261764,-0.041893485556037106,0.003767084525346493,0.07126176143674225
4,0.2883834118919127,0.414754952075625,0.08264386925939732,1630.7573443627607,2260.8507103029133,731.239206371669,0.25363177895678535,0.3649430493861625,0.07032071385921583,4,0.17449377447065187,0.3518380457132585,0.14022554421975855,1474.749604853313,2639.5245408254086,1011.50291674291,-0.05426762116201625,-0.09909492443174439,0.026109734922735856,0.07748669238810224
4,0.22495944308742186,0.4640379738179069,0.16341546149982458,1045.5735478063702,2529.3706046852103,962.5017994106036,0.23956923758295223,0.3649430493861625,0.07985064324637436,4,0.11942494718992724,0.22122340759419576,0.07989693349076132,977.969449869021,1591.9916122146951,494.80042000850744,-0.13049266683847782,-0.1442272891913643,0.010830818071962785,0.042047238998365245
4,0.2230610016029764,0.3801508794100798,0.13940104799495548,1573.4749547904503,3490.9484932329333,1238.1090733596077,0.19262544925144628,0.3649430493861625,0.1057025478539628,4,0.05214586867968183,0.13565909673249182,0.04994574809289801,445.180964796946,1154.732944789027,427.9316951183828,-0.16879655316817616,-0.18768357705199168,0.012361888989078423,0.0349000775285611
3,0.31571125095754954,0.43791385678893024,0.08915037387493932,691.2769908827487,1360.5495456999583,475.5049879597788,0.19159364007261573,0.2836781022972081,0.06632048338234861,4,0.15617991944462217,0.3595880329105037,0.12562141189666856,1662.353424613858,3990.069474539756,1417.87285490474,-0.18523884846939287,-0.1986110401133147,0.01121602132316625,0.028749458661322117
3,0.4004710855015681,0.5357516200353363,0.12849918873829438,1240.0129440858896,3006.7574053093813,1250.134037969847,0.25031483578089325,0.3371405799220215,0.08774435533813423,3,0.14654829343296616,0.17129924515489534,0.020224707732632085,1429.0341001570996,2376.787931434887,837.4556661962488,-0.20540038783188053,-0.21707947412933315,0.008294693937628536,0.05388791155356657
3,0.34046679903525573,0.4913763344137437,0.11096212673192762,881.3510329609726,2206.9985089953107,939.7292267952662,0.25031483578089325,0.3371405799220215,0.08774435533813423,3,0.09932841246145756,0.14513037445074042,0.04918212906276463,816.2797359704555,1559.7990215461177,532.6183361788668,-0.1990508643728174,-0.21707947412933315,0.01535099635381552,0.06491898885993393
2,0.3545374404460551,0.600832416185223,0.24629497573916787,532.0363219383651,1033.7295359950108,501.69321405664573,0.39621258848401464,0.44903456930688956,0.0528219808228749,2,0.070017937212621,0.13832790022652772,0.06830996301390671,604.3588269915338,1178.7176539830675,574.3588269915338,-0.20909894482762648,-0.21707947412933315,0.007980529301706688,0.10597838152598135
3,0.2898298519892987,0.600832416185223,0.22094106466962954,395.5803521920653,1033.7295359950108,452.81105409703105,0.32834040512962864,0.44903456930688956,0.10523010177044194,2,0.10794299176154362,0.13198280983652252,0.024039818074978896,2042.945709310602,2754.654790446061,711.7090811354587,-0.17956708084116355,-0.1866221959323292,0.007055115091165659,0.06873218374345651
4,0.2422806390946166,0.6059266311521215,0.21176453104850226,1123.193901414354,2116.1139060444902,707.4326782649616,0.13181057416168043,0.44903456930688956,0.2096333496575153,3,0.1104520027984086,0.13198280983652252,0.01994656632484921,1792.6167063332248,2754.654790446061,680.4526167023546,-0.17811770384656112,-0.1866221959323292,0.006114285456592164,0.05178636312889994
4,0.09861558007001359,0.13198280983652252,0.032149712302699696,2694.1656147426534,5420.3613554891535,2217.5951740934083,-0.07212912813964995,-0.05463938609580668,0.015133611063679005,4,0.017295985326552722,0.055046005672614556,0.022216255080854917,209.86630111409977,631.3828293350789,250.7929759378791,-0.19318432915203987,-0.20257397465538032,0.006004879153809926,0.0392072868988207
4,0.09529177397789085,0.18551351987205034,0.06595683835677602,260.51806108374967,564.4410772272786,200.9729131766749,0.02742231888120477,0.14229672729952253,0.09891580743261028,4,0.049820303155066165,0.11870172902201287,0.04367047437357509,1462.4381750795533,4661.971183485398,1860.4178130459418,-0.19857568214838794,-0.20343801798494238,0.004823253859247999,0.039574630329158166
3,0.16158852499221474,0.24399917574850186,0.07889062105414461,1320.4772768165583,3095.7847070783246,1259.9234168139799,0.11245633745842604,0.14229672729952253,0.02305674681620343,4,0.04865639726713707,0.1140461054702965,0.041842936900867336,859.3398324166626,2249.577812833835,832.5089564306599,-0.19857568214838794,-0.20343801798494238,0.004823253859247999,0.024106317430394163
4,0.1552556520372285,0.25222734420331144,0.07256187039198693,1639.238660080392,5186.059109272726,2050.084773333646,0.09295343180759416,0.14229672729952253,0.0392402875471833,3,0.02031123612023439,0.04045053819720924,0.014741402383571819,1224.4462995487138,2960.225794313449,1245.5929519363722,-0.12455247795606295,-0.15489832311866536,0.021462469689875766,0.020224356131153448
4,0.06599470851395718,0.12637157936876836,0.047162563626894465,1021.8255073441364,2938.51015684129,1133.2603215783092,-0.0290741373072829,-0.015776070502470426,0.009570696292372656,3,0.09176155887636395,0.16380217742916817,0.06808842001678689,768.6048883716048,1761.8384396416377,735.618693841893,-0.15408684291228383,-0.18815482201646527,0.026550289064991243,0.017329057113331176
4,0.17598454306588907,0.36106753929304136,0.10809749535812295,1276.224902822726,2977.1468796048366,1016.9469560471397,0.0487888049981357,0.1729127172765761,0.07783126051307028,3,0.07830256594952721,0.17237875151399484,0.06850839101863815,1056.7991390111931,2559.6455077420796,1074.0226442440016,-0.20445200741352929,-0.2180005634602285,0.012338511338116835,0.04233897600258503
4,0.2332255774720242,0.36106753929304136,0.10685258628709329,1201.942732805996,2977.146879604836,1034.9416915205832,0.0925871788635525,0.1729127172765761,0.07846607331400376,3,0.14356174254636064,0.39024893449983106,0.17456411246505726,1967.3895556250845,4610.968517091214,1903.455388462748,-0.2268724258925813,-0.2308315095406343,0.004807815146618855,0.05812830778976261
4,0.13213504524035216,0.39003782218189337,0.1510737097742537,1385.2499503750685,4135.294742278878,1619.2388727010355,-0.019892525067919328,0.15941742495919675,0.1035984861485629,3,0.08821348708736902,0.1573198731093794,0.053019214461409295,1876.8677086118234,3207.9822570615656,946.847200198539,-0.23037731594689434,-0.2308315095406343,0.0005005239158240066,0.054326212953287184
4,0.14332048006615297,0.3890001875055472,0.14282056668167867,1374.9865036981134,3930.1745108864857,1500.1323542494094,-0.02326144053712792,0.15941742495919675,0.10548920140954865,4,0.04054058751016255,0.14363309891460735,0.05966518175127715,1122.4291893544437,4065.3552861052804,1702.0777530848932,-0.22009754584756336,-0.23062039722269662,0.010023877927309794,0.02659367616829
4,0.04163383377070627,0.09795437382283455,0.038355335924309585,1336.1665574726158,5055.076722820643,2147.926264811451,-0.11270594097654599,-0.08407430597821433,0.02747444361211882,3,0.021532571537301936,0.046163545569474745,0.017545507311277003,552.4463358143198,1236.977536130465,488.2133452391533,-0.21728870188761004,-0.23062039722269662,0.010119902208190864,0.019381772757484084
4,0.10673503577289456,0.2189163609710308,0.06909476834092185,1641.828958845603,3485.9774332756942,1187.5265678599815,-0.04378312241270692,0.07137005722356031,0.06661916512255973,3,0.036486420914291474,0.09795437382283455,0.043675798422769724,1210.2974657663449,2967.075944067342,1268.7266514133357,-0.18379779915332328,-0.18494167213092383,0.0009367055950966363,0.056013168278785386
4,0.14505858735286492,0.3442138028041476,0.14443995125842252,835.6616786266851,2146.698224309525,887.1573450889961,0.12487857689218533,0.25154861913397386,0.090165218579357,4,0.03058186377785104,0.07993873131132626,0.028978784497303293,803.1502397478112,1786.1079973067513,607.4120554150335,-0.1771078458178451,-0.18494167213092383,0.00785622464680376,0.1112034031863295
3,0.3340029177630122,0.3987560026340044,0.057494408303821326,2061.4717131863763,4660.978042313844,1865.8187109948838,0.22830855943486952,0.2791585887327182,0.05358845379988251,4,0.12940544693147019,0.2738158843392027,0.11980283650936285,1187.6503753737275,2409.2703461422793,1066.517367839382,-0.1385034242398789,-0.14989047261351562,0.01152850902904351,0.07999684231932178
3,0.2600386891405399,0.37182377240289194,0.09738514897018338,1005.2477282263691,2339.472567496315,958.7901746616081,0.18558584660213273,0.2791585887327182,0.06735299526196395,4,0.17964574367782316,0.2738158843392027,0.10840773947047305,1248.8762126789857,2460.268291289828,1039.2773578639512,-0.12620977949104728,-0.1446875681084494,0.011590990707505137,0.048105981283871585
4,0.23479152757357663,0.2738158843392027,0.03693828814267757,1065.7079285292314,2208.002954074563,680.0092774776613,0.14209207574151425,0.17583302845529672,0.024357031905529652,4,0.08435477816017527,0.26806804874421286,0.10893411672140424,698.48829502579,2460.268291289828,1023.9218725230052,-0.1892117036552903,-0.2197786469517342,0.02871817386050768,0.03404490763772422
3,0.539370821395027,0.7648232560519986,0.1657750047888435,925.4925347930777,1318.332747035247,513.891551582742,0.38935957508790725,0.7030392262958898,0.22658269576094828,3,0.1454995931760106,0.3709631161235579,0.1614080586379359,460.4753548893295,1050.2761407137743,431.7593544535579,-0.2076773642496141,-0.2197786469517342,0.010067672739779725,0.053487417326491475
3,0.5539115455681615,0.8084454285714018,0.1856359363504725,984.2737696679843,1318.332747035247,430.87409186823083,0.38935957508790725,0.7030392262958898,0.22658269576094828,3,0.2462434689412246,0.3709631161235579,0.13196770993719112,1230.9781677088138,2340.2423063962324,841.6942729219177,-0.20123953615276635,-0.20812335812884686,0.005332667252812169,0.04738258100107884
3,0.4553554968217055,0.8084454285714018,0.24968978549983153,808.3414442389039,1368.5382588071448,415.1889985015761,0.3322463044253658,0.7030392262958898,0.2645515490402612,4,0.11678467558622366,0.30412079395287384,0.10931953577480752,805.1095447257521,2340.2423063962324,896.6725728691144,-0.18944828796179897,-0.20046516266119094,0.008409172105179198,0.045351033510660985
3,0.23265375039120598,0.3676685769710669,0.13110136304145406,1060.1258620810538,1606.7360055243503,612.3627464085715,0.14552605224845697,0.19004405568852475,0.03531758048712281,3,0.03619764360196736,0.06622939302960332,0.02578914901477913,274.44286787082393,595.0298434549984,235.72729186956926,-0.22555295537024408,-0.22822332366709677,0.003004533543574238,0.06390396121458355
3,0.5031217250508112,0.5616863307910355,0.06240274256519282,1082.6895563107614,1422.130035647126,343.93694739311223,0.41195775684327646,0.4445599476815344,0.023116670157301313,3,0.03619764360196736,0.06622939302960332,0.02578914901477913,274.44286787082393,595.0298434549984,235.72729186956926,-0.22555295537024408,-0.22822332366709677,0.003004533543574238,0.0654426903676929
3,0.6498130910633492,0.964491840713946,0.2552363909050906,1101.6776375171964,2356.900120280002,908.1561411641237,0.8169790479692391,1.0802725729523495,0.20681528729845433,3,0.02426692195391426,0.06953473003923827,0.032036726984799827,196.4794548058519,552.4661749468822,252.08027822792047,-0.22313646283897862,-0.22839287075099074,0.007314122992600507,0.25660913393945356
3,0.5597801783927783,0.964491840713946,0.30891068171104247,1102.1723053394626,2356.900120280002,914.5059296010072,1.0160787435327738,1.1135315409089315,0.1151050641898191,3,0.2784079856283593,0.5106869712640429,0.16698860289687628,610.7541032366449,1324.2539469376563,507.5980416765128,-0.08267751514831553,-0.1171263831095011,0.04229549707850857,0.24384820790709413
3,0.4638169309786841,0.997750808670528,0.37924871681007316,1302.4855972876696,3617.363008728951,1637.8400015568852,0.9036396642446345,1.1135315409089315,0.15523684727743411,4,0.14540595493528152,0.4158541623113355,0.15694103672884527,324.9946891875017,977.9085878912292,377.11914501822406,-0.006458579449960516,-0.0562130392005144,0.041243174378566096,0.07002049290493281
3,0.3915920168360487,0.7810760662426218,0.2777333409938993,535.8538138692317,1317.4676584736367,555.5639087791363,0.9036396642446345,1.1135315409089315,0.15523684727743411,4,0.3189259566591796,0.5257104560864652,0.17321958399091758,642.9763828189854,977.908587891229,333.0186589653479,-0.09428523402209435,-0.16503343938013498,0.0419672553816063,0.06964026794972641
3,0.5465736712766606,0.7514205636703504,0.16352812938532837,802.6559160278593,1830.2570691494766,737.7695580152111,0.7713057208154398,0.8167590580409985,0.041151291694605394,3,0.31735950742751823,0.6179393140436369,0.2289591065833559,705.3113674249347,1458.6677150567625,547.3664254387991,-0.10697596562928767,-0.16503343938013498,0.04128093212913224,0.04944637098351675
4,0.5081568687719862,0.7514205636703504,0.15647248630110028,679.4385930502278,1830.2570691494766,673.6285820805052,0.7559143360474369,0.8167590580409985,0.0445056825734761,4,0.3099407300389529,0.6179393140436369,0.21509074735669753,1274.353029650294,3203.1386608857338,1223.778155240356,-0.03200950515279941,-0.16503343938013498,0.09663511429262805,0.046523642796545917
4,0.3440410841072606,0.45213717915474017,0.07972590826221175,1899.541612669812,5003.440172685585,1898.8120065871308,0.522643594592856,0.8167590580409985,0.17163124934190502,4,0.2219909633025038,0.3962647935604158,0.13324242307544135,2464.3839266986442,3203.1386608857333,719.0744742017921,0.0920157792732085,0.06533849437064812,0.020765265730850645,0.06587018130809436
3,0.1722858794137876,0.2648483964921946,0.1033568045689552,1205.5001079046995,2655.2462245543156,1060.7896534231913,0.3361341219074813,0.4616032879310639,0.09223782213921874,4,0.0015341252613658221,0.003239057146079999,0.001223534428515323,17.15614037871201,31.678192854928795,14.176150967499986,-0.213675569851783,-0.23074376866990542,0.0267540859313187,0.06513702120891593
3,0.11378060172475239,0.21285210814450556,0.07008173007125099,1177.0793897062727,2561.3575613710577,997.1157377546203,0.24961478696317285,0.3043000248544776,0.04023720132066529,3,0.023957367975958488,0.07112477981388948,0.03335243950868751,419.9060936800813,1253.718281040244,589.5948172786428,-0.2300127140999694,-0.23074376866990542,0.0007418692335821743,0.04058435048651937
3,0.21440489005567542,0.2840916177878265,0.07372090499424142,470.23007767613666,630.5899444628637,113.53158109892188,-0.010978926759820415,0.056822585262565964,0.07211998709561866,3,0.023957367975958488,0.07112477981388948,0.03335243950868751,419.9060936800813,1253.718281040244,589.5948172786428,-0.2300127140999694,-0.23074376866990542,0.0007418692335821743,0.10040223930136205
3,0.22121268333320035,0.3473327815791104,0.11481438534202618,703.5092989476783,1362.3874788098612,465.9561604548766,-0.003416304705901513,0.12651544535933432,0.11738793150367324,3,0.007282737130436645,0.02113612882496657,0.009797014282385125,282.18842365743,838.56527097229,393.42123071928665,-0.22923832659325835,-0.23108922673573445,0.0014225138101851991,0.10386145080667548
3,0.39641225542754027,0.7962178844045944,0.2834517767784009,629.6020555999057,1074.8795738618414,366.25142734586046,0.18730631822758306,0.6221737499812827,0.3080645566698978,3,0.04109281605968124,0.10900847336286898,0.0483624834452234,431.8285635340431,1068.2752037237203,459.16879591980876,-0.2300280502105235,-0.2312384431636279,0.0009431471169001566,0.04140472687530047
4,0.18590339574259176,0.22168798174155419,0.02134253632525044,1095.5827169506365,1807.3639842087198,439.2662985175353,-0.039795493364257785,-0.0072495871271245505,0.018956118467354243,3,0.036543473548857806,0.10900847336286898,0.051240692989602536,358.7584012412401,1068.2752037237203,501.7068000028982,-0.230470200777148,-0.2312384431636279,0.0005623227230599951,0.03621487983602346
4,0.23106924546072072,0.3519942990089881,0.07251901478886959,2045.0611396632455,4872.793264712278,1690.6118215940298,0.003888378288703389,0.12173027844043573,0.07021448128918918,3,0.0336749844123272,0.06736846178587177,0.02730681659801031,475.01825193131026,711.1794208625407,331.6487295613505,-0.23062309527168381,-0.2312384431636279,0.00043713598870115297,0.02935007976986521
4,0.14923336679792032,0.3508210804278886,0.1246924635393701,1007.1072622744564,3018.3922826052963,1195.8075254576136,-0.03107118305290369,0.12173027844043573,0.09028112565086534,3,0.08599687125067272,0.11784811810240427,0.02484326536810531,1469.4829729874564,3083.8268968123557,1145.4999414805852,-0.22915389768631447,-0.23036682208287113,0.0009656211632968359,0.019008366174210412
4,0.03770222399997855,0.1053134684963819,0.04080969135506511,536.4090527280985,1078.9437659752289,501.99584887925414,-0.11969685959789887,-0.08491740310148588,0.023352268582600828,3,0.05978351544824407,0.09416086964109888,0.027086664447973096,1230.7275975873845,2455.0390543482663,867.7797626588335,-0.22784253616809136,-0.23036682208287113,0.0021300809460827294,0.019551969639160664
4,0.053706480860744005,0.10915647805645234,0.0347971259202824,2034.9847797634905,4107.365278113298,1558.36472185176,-0.13017135201108343,-0.08491740310148588,0.026127631980082344,4,0.02091999745479589,0.03168755090170358,0.011244592899711312,549.806251255562,1209.1551741154963,456.02245440449235,-0.20507033375670164,-0.20707563606369536,0.0015846701444446828,0.07918575831639425
4,0.04920022756321399,0.060116065151500725,0.006433586669648001,1833.0106880535163,3535.6543967760854,1448.572745213232,-0.12271504296532447,-0.06657681188906267,0.032732638967701434,4,0.04473293427729513,0.06349968701082473,0.01615636438418392,1910.293227485088,3945.0512895707498,1324.7956383642345,-0.19363099092255331,-0.19745750301726223,0.0026055139098239534,0.08166426654579431
4,0.06352462918735624,0.09178895727159568,0.01691233556619192,1586.072227818808,3535.6543967760854,1196.5155675744286,-0.12456328216719312,-0.10566854574566655,0.015763127657962752,4,0.04543556342400635,0.08453965247885997,0.02954442468281031,1475.8545948028905,2539.48745158117,860.0684564561743,-0.19596567405968796,-0.1979862542976012,0.0017687266387956624,0.2726508921244116
3,0.18618423023868624,0.4715634176307083,0.2017985198590688,562.5325493567298,1521.2082987768263,677.9473882442851,0.06866028904626496,0.3012719189174283,0.1690885309833294,3,0.0524160835350588,0.09231770855193465,0.03130159540124216,1403.5398117426046,3250.0551241999237,1307.6995665203165,-0.19659627169360452,-0.1979862542976012,0.0016064178763455182,0.3074711664619844
2,0.23704317933279656,0.4715634176307083,0.23452023829791174,766.3161161753183,1521.2082987768263,754.892182601508,0.2794598501812293,0.3012719189174283,0.02181206873619901,2,0.006119927375917392,0.010828215282507797,0.004708287906590405,252.40023907080354,490.8004781416071,238.40023907080354,-0.1846025273395993,-0.19053272413090883,0.005930196791309517,0.43639246122201863
2,0.01834545989242426,0.034167978749963704,0.015822518857539443,28.565861855585013,45.70779013736001,17.141928281774995,0.12900773729305695,0.2576477814450303,0.12864004415197336,2,0.028009732104510757,0.05480522484031336,0.026795492735802603,498.2202354638553,972.4404709277106,474.2202354638553,-0.16801355088847914,-0.17029149871327995,0.0022779478248007995,0.04340355453953195
2,0.32325989912322606,0.6461426571181361,0.32288275799491006,381.46549446964644,761.211643584486,379.7461491148395,0.1985596552241812,0.4807879686471529,0.28222831342297167,2,0.0647560719874142,0.09060791263834636,0.025851840650932156,3003.9266537525195,3551.0005513288997,547.0738975763802,-0.16892425403789874,-0.17190916272711715,0.0029849086892184268,0.03676715999804267
3,0.26018557836169204,0.65269713137427,0.27857313491944663,717.3030491463996,1783.005778279632,759.852784075502,0.14270674107760653,0.4807879686471529,0.2507910730046188,3,0.04320667833668753,0.05713647116421808,0.012111850288915378,1290.2814135771434,2045.5189628341022,703.5572712809004,-0.1713877030975178,-0.17631460121675585,0.00425169955750917,0.1229212328233814
3,0.3163710274724805,0.65269713137427,0.24202569797814927,902.6388967082281,1783.0057782796323,702.0296052926636,0.19115595014406475,0.4807879686471529,0.20546188033716892,2,0.1504019093598768,0.20571183001150667,0.05530992065162989,651.7066943269801,916.9616241749592,265.2549298479791,-0.1783050453520297,-0.17954233286466964,0.001237287512639934,0.11936076164217721
3,0.12953590144021784,0.2032372549862268,0.052116284402592375,588.6129162682192,859.9274240350467,370.3431560394277,0.003568037551299521,0.0665103846382044,0.0626905306362936,3,0.01608241291148878,0.039845205276034135,0.017082420775158175,339.5772520612339,801.4592739888358,335.9958479191754,-0.20139307533137316,-0.20577734535936798,0.004707535325256727,0.02482099730768879
3,0.11579638730603799,0.22581196429683095,0.0819094153966484,498.3335988631497,840.9278369596052,242.95007292713987,-0.05318892288040192,0.03574371407032487,0.06417479404200187,3,0.050982657937360405,0.06487684358951232,0.010403378033159135,1359.5981698467,2016.2903774259662,500.824798978652,-0.20628393359984107,-0.20743408555800427,0.0008152004724768408,0.031576275174062134
3,0.36593034305343863,0.7572321502962907,0.2830217885404509,590.6053846749273,820.6753133820202,247.7916736973472,0.1664224982796065,0.5778908405243777,0.2973359027619782,3,0.12290310929832567,0.2502760298437596,0.09530449237213565,999.4161386804695,1846.0814365806273,697.3218505899176,-0.21184730151787534,-0.2145323157734347,0.002152964152427277,0.03904451047556499
2,0.5121366069209288,0.7810954142135285,0.26895880729259963,1376.795474458515,1932.91563553501,556.120161076495,0.30681727729735125,0.5778908405243777,0.2710735632270264,2,0.1738285545397278,0.2502760298437596,0.0764474753040318,1430.0316867005747,1846.0814365806268,416.04974988005216,-0.21314022738250682,-0.2145323157734347,0.001392088390927873,0.034828549112857446
2,0.5425965732934357,0.7924231562978123,0.24982658300437666,2180.0615392105738,3583.7377535781507,1403.6762143675771,0.32879872273299715,0.5778908405243777,0.24909211779138052,2,0.028949259244999498,0.037195854908432635,0.008246595663433137,486.66564561401356,513.8615549166793,27.19590930266577,-0.21462870936968748,-0.21472510296594027,9.639359625278343e-05,0.06091311229824308
2,0.1476547371027836,0.29276999028905903,0.14511525318627544,390.1926624214982,776.3853248429964,386.1926624214982,-0.03273780259776608,0.0797066049416166,0.11244440753938269,2,0.01872713079055799,0.03289236796907488,0.014165237178516893,481.01058178164226,639.3143662905136,158.30378450887136,-0.2253717939182056,-0.2272381199926603,0.001866326074454694,0.096261440044857
2,0.005595163511771251,0.008650843107034345,0.0030556795952630944,16.0,28.0,12.0,-0.1613557290973282,-0.14518221013714877,0.016173518960179434,2,0.01770891321686474,0.03289236796907488,0.01518345475221014,381.062123055382,639.3143662905136,258.2522432351316,-0.22831380489677205,-0.22938948980088378,0.0010756849041117372,0.07999285686994356
3,0.04741896293368436,0.06394616460503091,0.013868090465702101,733.5638821918659,1512.162576916057,560.4183243217111,-0.17573550899524992,-0.15519416742115721,0.015069483152618558,2,0.03977783390289408,0.04931224208580609,0.009534408182912013,1656.2687453749495,2529.97542568182,873.7066803068706,-0.23030291115638532,-0.23040172089255784,9.880973617251709e-05,0.056754177065951796
2,0.12675814671835262,0.17830873996530464,0.051550593246952006,1384.3519603500936,1801.4113234081833,417.05936305808973,-0.10333127726905773,-0.05146838711695825,0.05186289015209948,2,0.056675396706241915,0.0754978899178334,0.01882249321159149,1330.8447045015107,1794.6274094664195,463.7827049649088,-0.23054688911577423,-0.23069205733899062,0.0001451682232163909,0.04510472348940573
2,0.1852154671919194,0.19120726416180642,0.0059917969698870255,890.440114375725,1596.1420168153145,705.7019024395895,-0.034751047645633915,-0.01803370817430958,0.01671733947132434,2,0.12756032690228414,0.1796227638867349,0.05206243698445075,1710.8102429151663,2554.558486293731,843.7482433785648,-0.23089160417134189,-0.23109115100369315,0.00019954683235126613,0.02988055689792192
2,0.24228483530654527,0.271512227783707,0.029227392477161704,1226.0286397670473,1785.980772046445,559.9521322793978,0.014978165456662548,0.047990039087634676,0.033011873630972126,2,0.13301035815219087,0.21374460365975886,0.08073424550756798,1162.3514489301233,1529.3657610738585,367.0143121437351,-0.2314347314188808,-0.23177831183406844,0.00034358041518764426,0.027868387851685432
2,0.2679012346550623,0.271512227783707,0.0036109931286446573,885.9378792120013,1105.7992509363535,219.86137172435213,0.04557433419749518,0.047990039087634676,0.0024157048901394945,2,0.1336153756211214,0.21374460365975886,0.08012922803863745,713.6407971340735,795.3371367863886,81.69633965231503,-0.2306250431376633,-0.23177831183406844,0.001153268696405127,0.030397652403152564
2,0.21519220975176137,0.26429024152641767,0.0490980317746563,684.7284806052843,1105.7992509363535,421.0707703310692,-0.005124759425492675,0.043158629307355686,0.04828338873284836,2,0.005425635119731417,0.010755236450198297,0.005329601330466879,69.10243363514694,134.86367457483726,65.76124093969032,-0.2259685039496943,-0.22738330854275987,0.0014148045930655745,0.04954790079028095
3,0.1287322152653068,0.2800577820244629,0.11531788908270134,192.90963735295358,309.2887593362138,136.07030950836028,-0.03487824892987934,0.1319964665676897,0.1179999292768825,3,0.039251434676481775,0.10690303378998249,0.048034423748683074,1132.51605040339,3259.343283939876,1504.8521747543346,-0.2254610055594403,-0.22738330854275987,0.0013599842854216141,0.03824454004070104
4,0.2084167174255841,0.512799542867655,0.20964806048023762,686.1496542653283,1763.5558160658652,671.2178233797065,0.08220328390385513,0.3565049974043068,0.18080768543368111,3,0.06520214618985398,0.10690303378998249,0.04597629138388301,1634.7184424615305,3259.343283939876,1314.9361238213905,-0.22071924376319207,-0.22444600877893234,0.0031204491600508723,0.036544331635614505
3,0.27683199516765705,0.512799542867655,0.19963329027017637,864.5337358716025,1763.555816065865,680.2348442423767,0.15403080785239096,0.3565049974043068,0.15709853433779628,3,0.007568882639884793,0.012413550209804058,0.004731913695710023,314.44659467468387,723.4656436255287,294.9940765966773,-0.21634376189125817,-0.22444600877893234,0.00681338149881016,0.026011721717248297
3,0.059666565013952295,0.11798844321329671,0.041519707051106976,1154.3983760262063,3143.9013397941253,1407.1912555423821,-0.06787678580548452,-0.026409040414823615,0.029337870075971148,3,0.022626341001248895,0.057560137330700784,0.024915297447274012,268.08127416069857,621.1743332518522,260.15700615468955,-0.2188375764022467,-0.2287979757285719,0.008617354127011758,0.03013903442786202
3,0.3094298569045376,0.7192447192639135,0.28984662691373203,1407.9303116016292,2286.8287852249805,628.7827154611113,0.10001395978912742,0.4940683799234168,0.2787010018484588,3,0.027708479578903506,0.057560137330700784,0.02352563553012295,337.7148297979534,621.1743332518522,242.61774031451782,-0.22889905135272615,-0.2316601280616625,0.002214299486329043,0.03021507994674443
2,0.6433556126035291,0.7192447192639135,0.0758891066603844,486.8305948056892,851.4141721620942,364.58357735640504,0.474660147372904,0.4940683799234168,0.019408232550512772,2,0.34257004690602083,0.685079164209047,0.34250911730302624,1240.771302198506,2452.988360700194,1212.217058501688,-0.23074368872415912,-0.2316601280616625,0.0009164393375033636,0.04964224222573031
2,0.3750487227071545,0.6844648581862206,0.30941613547906616,718.7607742407138,1399.8060502289654,681.0452759882517,0.49058007975564955,0.5259082446889078,0.0353281649332583,2,0.3616590335808669,0.685079164209047,0.3234201306281801,1935.3050348717716,2452.988360700194,517.6833258284223,-0.22962326573231112,-0.22982724938665577,0.00020398365434463883,0.04933974851858694
2,0.3726093386376882,0.685079164209047,0.31246982557135883,1789.0010621912036,3489.646132014124,1700.6450698229203,0.21527811068961353,0.45525191482239125,0.23997380413277772,2,0.1131416069813311,0.20564670600932855,0.09250509902799744,1991.0758828950702,3586.879352992971,1595.8034700979006,-0.23008482441957426,-0.23034239945249274,0.0002575750329184834,0.061843989468689436
2,0.15870434344142778,0.20564670600932855,0.046942362567900776,1276.4120104113613,1754.062218504892,477.6502080935305,-0.07124297615871122,-0.024695693443164204,0.04654728271554702,3,0.06925911202036333,0.1125521405782345,0.034207086833238226,790.812068357805,1222.5398526736587,385.95294879181597,-0.2305908369267772,-0.23187787158005363,0.0009655505299349993,0.057317738158047006
2,0.22434951963029628,0.24305233325126402,0.018702813620967734,1064.4454446338768,1754.062218504892,689.6167738710151,-0.0001464815268687851,0.024402730389426634,0.02454921191629542,2,0.11739252025076825,0.20718217813688944,0.08978965788612119,1622.503408694711,2724.9360306685185,1102.4326219738075,-0.2312200949249817,-0.23187787158005363,0.0006577766550719538,0.045420057048582894
2,0.1880413772343857,0.2506781438375851,0.06263676660319939,984.6907303664244,1147.0158176800703,162.3250873136459,-0.03692986650976102,0.024402730389426634,0.06133259689918765,2,0.02961653783196451,0.03163021329928195,0.002013675467317441,679.7456022067902,839.4204176926768,159.67481548588654,-0.2312200949249817,-0.23187787158005363,0.0006577766550719538,0.03934517434699624
2,0.14918772163187638,0.17036249322454297,0.021174771592666577,759.7536240457879,1361.7230918434475,601.9694677976596,-0.03692986650976102,0.024402730389426634,0.06133259689918765,2,0.008553919702438392,0.017032366481933764,0.008478446779495372,341.64141844409056,681.2828368881811,339.64141844409056,-0.22911655330137481,-0.22959441914721432,0.00047786584583948966,0.03932542985441989
3,0.19453559478412927,0.27254917607743145,0.07189394957661915,1190.6598176580603,2317.61814676719,830.6551901969333,-0.03053882903207622,0.044217555745136736,0.06790202998798177,3,0.018216483557196017,0.0544197143956921,0.02559964837912968,441.79542724293907,1315.3862817288173,617.7268737238841,-0.2311609552770532,-0.23154554718725656,0.0003508874919979333,0.04898136980508357
3,0.16460918894469054,0.27254917607743145,0.0769082411980024,1290.6096169447997,2317.61814676719,734.7974680390869,-0.061072308601628746,0.044217555745136736,0.07463421652156525,3,0.00547820027087544,0.015727745270410376,0.007248549484357123,129.8747440078105,327.4465609306981,141.70892111437874,-0.23073672189005645,-0.23163800516372812,0.0010065229338878804,0.03141194596711895
3,0.09320832270729544,0.12221657546161037,0.021156392365380704,405.88745722997425,639.8789394556366,172.0586006197483,-0.1297925955344512,-0.1073193690146824,0.018100753986088,3,0.00032059267940625263,0.000502843023482552,0.000130535684478333,23.059883522767326,60.17767109273342,26.325558749820164,-0.2307331600883232,-0.23163800516372812,0.001004752212003157,0.03301188390994463
2,0.09021518600114214,0.10081501803001691,0.010599832028874767,1456.2712050461819,2138.53467497769,682.2634699315081,-0.1407112193111394,-0.13041452511366514,0.010296694197474254,3,0.03948034144922266,0.08043265892118756,0.03275519285484499,832.0366000358393,1698.1664374740421,691.026250652849,-0.23128839179814245,-0.2314405724298012,0.0001085249076658079,0.13627081767401195
3,0.0841661718107219,0.10081501803001691,0.012111370503354174,1081.643213224996,2138.53467497769,766.1176270038105,-0.14435544369909495,-0.13041452511366514,0.009861136701402123,3,0.026902268954381425,0.08043265892118756,0.037851824049166635,569.0561389832036,1698.1664374740421,798.4041602130345,-0.23140335729366304,-0.23153995630750587,0.0001294290226008467,0.13400967906156316
3,0.23376082740091442,0.602633191002073,0.2608371824098017,885.8855775878228,1034.788959203325,156.7909286630798,0.004051661445798753,0.37286267699669784,0.2607901008963523,3,0.00016305899082932895,0.00035200629044015996,0.00013955216650412357,15.308265757180273,39.92479727154082,17.425655757113407,-0.23125581353057148,-0.23153995630750587,0.00020165533130685976,0.06413527145879652
3,0.23446100507368553,0.602633191002073,0.26033861716133383,1205.5684561870778,1773.2711469697647,411.9061395866266,0.004051661445798753,0.37286267699669784,0.2607901008963523,3,0.0005205864205339861,0.0008473269382078263,0.0003025669074836265,24.659787647862533,40.9793629435876,15.405548856924463,-0.23100032775968368,-0.23113482461595636,0.00013545685387969365,0.0799932307534467
2,0.3343085214874681,0.47413960971799174,0.13983108823052365,930.1560646323144,1596.4294207449311,666.2733561126169,0.10621428172201264,0.24508325697880326,0.1388689752567906,2,0.02619053649998021,0.034276881212848,0.008086344712867788,446.51158343795885,538.5166832073437,92.00509976938483,-0.22955787481337428,-0.2299959557303463,0.00043808091697203344,0.03087263846537538
3,0.35822800651763437,0.47413960971799174,0.0824092741362832,765.9326168421499,1596.4294207449311,628.1230832794492,0.2150173794543205,0.32766040810759883,0.10639273283132565,2,0.009313538707788685,0.018104191787112422,0.008790653079323738,189.74155452826804,354.50648366857405,164.764929140306,-0.23058958259667944,-0.23118320946301255,0.0005936268663331162,0.025398882035726263
3,0.35075398634205923,0.539260304460349,0.13603375850773303,985.6263553554672,1617.705091785508,448.5177065955342,0.14232188338190305,0.32766040810759883,0.13235322487479445,3,0.015028621048084945,0.026458785728677464,0.010809319436798429,280.39607560488224,461.70511775811053,185.83542620555588,-0.22968966584648973,-0.23118320946301255,0.0013618475999534632,0.019049340689924234
3,0.35833857299423316,0.5466496046914987,0.13478488281046397,2850.121919864083,5396.426706856424,1961.5564567909578,0.14232188338190305,0.32766040810759883,0.13235322487479445,3,0.10048788773996908,0.2897694491768995,0.13386425317896422,299.91667032484077,764.4866970316918,328.8999011147314,-0.22133001728994076,-0.22753987938558218,0.0044351366044033825,1.6154593451197947
3,0.1487469122404014,0.23859666511430114,0.0710901508349511,1293.2477879848138,2530.281935063173,967.666339392798,-0.06463700793486143,0.026996768761551014,0.07630817293303203,3,0.03710327173917582,0.06710787393199605,0.027163284921451404,910.9022439132024,1880.531729445113,761.9519836140017,-0.2226801623748836,-0.22692617146566432,0.004447980486177643,1.7653026977724267
2,0.0720421189021024,0.07723872548438171,0.0051966065822793145,1437.0777214528116,1934.314188583888,497.23646713107644,-0.15452986532747404,-0.14924143312127983,0.005288432206194224,3,0.04165796711312606,0.06684551231982308,0.02139559495004237,1039.8022253821441,1677.0218625342113,463.75523065352655,-0.22669004664160575,-0.22692617146566432,0.000183026673119677,0.03899842376244565
2,0.08106269155684473,0.08470300638147793,0.0036403148246332007,1357.6593737353787,1492.1465042945424,134.4871305591637,-0.14213906199821455,-0.13503669087514927,0.007102371123065276,2,0.06317471998571658,0.08138719209790482,0.018212472112188238,1113.5602306918222,1451.779599796395,338.2193691045728,-0.22864621753633801,-0.23062862521918465,0.001982407682846646,0.04158713910485267
2,0.17066514951035872,0.24573836467668206,0.07507321516632334,1361.6317840547604,1871.8624910403905,510.2307069856301,-0.05945875682694826,0.016119177221252744,0.07557793404820101,3,0.018955427752405923,0.03747795139043658,0.015017211959978327,400.9776686488462,635.393108204888,260.0118013500404,-0.23044020526109324,-0.2310728031086658,0.0006082083948170537,0.060467887673727794
2,0.32918115483915866,0.41233692130163363,0.08315576646247495,1030.3015936465304,1484.446453071348,454.1448594248178,0.12431771931561166,0.23251626140997056,0.1081985420943589,3,0.012962537224446652,0.03747795139043658,0.017335017008286595,237.7949444259118,635.393108204888,281.1447500231638,-0.2303401310116829,-0.2310728031086658,0.0005934940526712751,0.04216360181895244
3,0.25797172799891643,0.4433311252481441,0.1369174037326403,866.3432131988767,1751.7518270678481,633.4175371768299,0.06409850512641763,0.23251626140997056,0.12609584445882213,2,0.006661074018746729,0.01260876109386061,0.0059476870751138805,185.97353648658088,332.3760425736789,146.402506087098,-0.22997379496319148,-0.23032840247095362,0.00035460750776215855,0.029288502205833677
3,0.26438689600601445,0.4433311252481441,0.13045102058355804,1526.4949177177048,2286.3427800409436,729.9636658219915,0.06409850512641763,0.23251626140997056,0.12609584445882213,2,0.08201921969589297,0.13994193069248323,0.05792271099659026,677.0274612502535,937.6796366449776,260.652175394724,-0.21989550381676892,-0.2289761437953643,0.009080639978595373,0.02058003495659365
3,0.09875463868371148,0.13605059127833696,0.03461855418100723,1063.4872546580827,2286.3427800409436,865.1084699231686,-0.10113488906970518,-0.07087293314569033,0.03646441295475331,3,0.007160765664047451,0.012354348895865008,0.0050222340994579865,191.25565689736857,326.9674709931147,138.0652979504554,-0.21724216645246475,-0.2230301510442532,0.0050073183796103815,0.02676935889011592
3,0.028705978153183976,0.052639857322475,0.020758009706393358,385.67820738771724,668.0013507700496,280.03335517249633,-0.15232326927394166,-0.14194712398606307,0.008429985543145049,3,0.023740706245378874,0.038407329518301336,0.012105627504949389,944.6867531531533,1756.547767529807,622.1725489550126,-0.2178733764541035,-0.22156241590212875,0.0030154036322302628,0.025862935587348312
3,0.05871480677692582,0.08802646942802497,0.022222642473685963,1435.81279791478,2776.984641825079,1051.1867561155896,-0.1424148607044499,-0.11727969421994153,0.01882889817294874,3,0.023740706245378874,0.038407329518301336,0.012105627504949389,944.6867531531533,1756.547767529807,622.1725489550126,-0.2178733764541035,-0.22156241590212875,0.0030154036322302628,0.021859313708842098
3,0.10304795818512891,0.164071500661429,0.04453696132627572,1183.0710901951404,2743.5834062988097,1111.6910206938135,-0.0894176470862486,-0.03226737792413546,0.04041553696854772,3,0.05278769664286031,0.1003242630719186,0.04107722696247106,788.8801887751711,1722.1965338122463,708.6634901937751,-0.2086719309598566,-0.21760395729186013,0.006379465063059398,0.03510485995455291
2,0.1983057946984876,0.2325400887355462,0.034234294037058605,802.6259878726361,1036.9487609247612,234.32277305212517,0.022076184076430812,0.07641974607699709,0.054343562000566274,2,0.07083623640526167,0.08373569433121744,0.012899457925955773,1087.3795280624608,1536.315023611655,448.93549554919406,-0.2114550604699133,-0.21760395729186013,0.006148896821946817,0.029584552329198394
2,0.16197626994244138,0.2590058304531898,0.09702956051074843,1984.8033377108045,3104.7397134315283,1119.9363757207238,-0.007376943574929545,0.07641974607699709,0.08379668965192663,2,0.0058942067207654325,0.010952690397196096,0.005058483676430664,38.8378303571142,75.6756607142284,36.8378303571142,-0.19099282121987174,-0.19781035311406397,0.006817531894192236,0.06858819846443502
2,0.0695285183175759,0.07411032720345885,0.00458180888588295,497.93321199412424,864.8669619900807,366.9337499959564,-0.06735007118110511,-0.043526509135354066,0.023823562045751055,2,0.03972153131334642,0.07924559220549293,0.03952406089214651,608.9009855448078,1215.8019710896156,606.9009855448078,-0.1873893331760409,-0.19219258197588904,0.004803248799848142,0.0699040554737132
2,0.0704600768544489,0.07924559220549293,0.008785515351044035,1756.3096295539233,2310.5949104055417,554.2852808516184,-0.11901042579412044,-0.10334049217069982,0.015669933623420618,2,0.05695792456185696,0.06167456150340486,0.004716636941547905,1857.17681528725,2595.929410152055,738.7525948648049,-0.19718412788005962,-0.19801333483917333,0.0008292069591137041,0.034234392945584974
2,0.2169525428790389,0.42655004093459975,0.20959749805556083,667.4355903091314,1314.1400443733296,646.7044540641982,0.1342148233824214,0.21597470707866684,0.08175988369624543,2,0.0431598308290205,0.08298638035007769,0.039826549521057186,1071.3490664736512,2079.914269419282,1008.5652029456307,-0.21412103681177583,-0.21766673976761874,0.0035457029558429165,0.05853104908288948
3,0.18539194794836034,0.42655004093459975,0.17686025490630722,886.7652296988259,1325.424508478215,612.3959084616819,0.0719899503583353,0.21597470707866684,0.11045506794051142,2,0.11500511535742523,0.158115538166096,0.043110422808670765,1377.4967376005598,1819.6683343853565,442.17159678479675,-0.21412103681177583,-0.21766673976761874,0.0035457029558429165,0.05514150236503462
2,0.17913804989235405,0.21426847026421716,0.03513042037186313,562.9978081425857,834.0056438509423,271.00783570835665,0.010889156399317413,0.0614446954999995,0.050555539100682084,2,0.15537270974435213,0.17090895115456822,0.015536241410216076,1797.7820269727495,2714.857955555344,917.0759285825943,-0.20143579893995295,-0.2105753338559329,0.009139534915979963,0.04129779234347548
2,0.14856674679812443,0.15312586407575798,0.004559117277633543,930.2867971608175,1026.5679504706927,96.28115330987521,-0.010837172313412947,0.01799203807453878,0.028829210387951727,2,0.14192204892731347,0.1440076295204909,0.0020855805931774135,1354.2117266387413,1827.7173548873275,473.50562824858616,-0.18798513812291429,-0.19229626402397298,0.004311125901058699,0.01982771958403489
2,0.1324064925402149,0.20166605029639437,0.0692595577561795,1666.9931637153834,2755.2975340756625,1088.304370360279,-0.026997426571322515,0.01799203807453878,0.044989464645861295,2,0.03314276079305454,0.06575157446924589,0.032608813676191346,571.0957473911837,1122.1914947823675,551.0957473911837,-0.18735547063318608,-0.19065737359594365,0.0033019029627575636,0.022188614387962404
2,0.03975877956948401,0.0631469347840354,0.023388155214551384,342.3801892540093,578.6887933551042,236.30860410109491,-0.07018884972285239,-0.06839080822852095,0.0017980414943314302,2,0.05010526049771015,0.054644369954778504,0.004539109457068355,1248.710863644624,1649.8358817660387,401.12501812141477,-0.20826629133043256,-0.20885562656280138,0.0005893352323688011,0.02094144729761617
2,0.20963674659262693,0.3347568802111205,0.12512013361849358,422.2206562833328,784.4301912238261,362.2095349404933,0.23471594212758554,0.2535585712653837,0.01884262913779819,2,0.0647579892383727,0.08394982743610362,0.01919183819773091,1739.3861275982083,2631.1864096732074,891.8002820749991,-0.20826629133043256,-0.20885562656280138,0.0005893352323688011,0.03798189620838775
2,0.9889088267853086,1.3985337955511485,0.40962496876584004,1122.3349167773108,1705.0171063617793,582.6821895844683,0.8219590765403986,1.2366591468019308,0.41470007026153216,2,0.02369668823078036,0.04737937941748299,0.02368269118670263,287.9648360418536,571.9296720837071,283.9648360418536,-0.20585297400520186,-0.21011531198489783,0.004262337979695982,0.07591016434533192
2,0.9590776416230474,1.4296979680214916,0.4706203263984442,1408.360896410384,2403.0703624464063,994.7094660360224,0.8219590765403986,1.2366591468019308,0.41470007026153216,2,0.01714442889282,0.02421208311722431,0.007067654224404307,166.59338652067382,275.384140455931,108.79075393525719,-0.19408729389305351,-0.19513576656654624,0.0010484726734927147,0.07894592876769022
2,1.0673710830591887,1.425200744978937,0.35782966191974835,1858.936995181651,2388.436185437077,529.4991902554259,0.8781857354527223,1.2366591468019308,0.3584734113492085,2,0.005045383156774552,0.010076774668415694,0.005031391511641142,29.901316292708316,57.80263258541663,27.901316292708316,-0.20742921660590496,-0.22181961199224914,0.014390395386344165,0.08564125296947123
2,0.5444481405751865,0.7095414211394403,0.16509328056425374,1083.646023562911,1329.437804926225,245.79178136331404,0.37459503174637365,0.5197123241035138,0.14511729235714008,2,0.22971539101074756,0.44935400735307945,0.2196386163423319,597.4398598102025,1137.0770870349884,539.6372272247859,-0.20645754459170335,-0.21987626796384585,0.013418723372142519,0.08367901004142432
3,0.5036861762999266,0.6822358164587339,0.12945768530584986,650.7425412578151,837.8542421995969,230.43060735480182,0.345358147170479,0.5197123241035138,0.12549479351797885,3,0.16587203944972176,0.44935400735307945,0.20120273875486808,529.497994507295,1137.0770870349884,452.57285666776056,-0.20304572184171218,-0.21987626796384585,0.019031873906879326,0.07626268821682926
3,0.27779815761417315,0.44708131953739727,0.18631373849133795,217.88454688175088,367.1640206201135,150.41824161303785,0.245501083792818,0.2868843780186898,0.030916263421033287,3,0.057415546830373386,0.16774676941315048,0.07801756602577435,191.67038510317752,497.56980272973624,216.55277398896433,-0.20145408793131456,-0.21282022268067174,0.016016375196028287,0.06310617745026192
3,0.4753012965120342,0.6108042707111301,0.10110566190989363,395.53817410398784,544.960881666711,112.22743361270379,0.30735358151191927,0.39814849151065357,0.06735084500539917,3,0.0101866603415925,0.029696048996818547,0.01379524989373585,310.4288704554005,924.2866113662014,434.06469913833814,-0.2223710761800823,-0.2292372501219873,0.005607037869105146,0.7109470266152383
2,0.5933954302248459,0.6108042707111301,0.017408840486284216,735.6504663265164,926.3400509863218,190.6895846598054,0.3846834243244114,0.39814849151065357,0.013465067186242186,3,0.20725236364251795,0.6004556072601566,0.27816269126710796,1167.7229103984625,2868.3729519049657,1229.2952897796997,-0.221728469654474,-0.2292372501219873,0.005679977692822102,0.6874554271903806
2,1.2194707071434363,1.863284588081152,0.6438138809377156,852.0331380413934,923.4496993343328,71.41656129293938,1.021106654767217,1.6709949523962646,0.6498882976290478,3,0.008718643170472199,0.02090408889047013,0.008806442399362303,318.94448354217076,629.7957792904222,255.081186177823,-0.221728469654474,-0.2292372501219873,0.005679977692822102,0.11942808740137469
2,1.059115906737276,1.863284588081152,0.804168681343876,402.30828837422695,780.6165767484539,378.30828837422695,1.0780323796669466,1.6709949523962646,0.5929625727293181,3,0.025832904012105928,0.06584571670754977,0.028650307568803605,329.8415141264017,884.9117626070135,393.2731983656943,-0.22347396377472947,-0.23072760208447118,0.008062008160544757,0.16296242258258453
2,0.14117457964580088,0.2002358842764826,0.05906130463068171,1316.6636381420053,1318.1945499764568,1.5309118344514445,-0.07360002068649235,-0.005190727107198914,0.06840929357929344,3,0.0391788929499046,0.08545573766675524,0.03515467953665542,612.7725278793492,1225.7863537269745,491.695300537712,-0.22743841443263904,-0.23072760208447118,0.0026965509700503524,0.10295195133825928
2,0.1812031067003741,0.3068826751141146,0.1256795684137405,297.6486196324267,429.7416970710799,132.0930774386532,0.13022445327649318,0.18468644440635368,0.054461991129860485,3,0.053784956713312106,0.08545573766675524,0.03803000478901698,679.7397780091545,1225.7863537269745,497.7495521065394,-0.22934169148715636,-0.23072760208447118,0.0013763888877820502,0.09802305406463863
3,0.19613528331382657,0.3068826751141146,0.13791550863190946,175.46122755011274,429.7416970710799,183.40895704537988,0.10930660378604617,0.18468644440635368,0.05707571203935403,3,0.028845513193902744,0.07559452767538405,0.03333582571180944,319.2071511399061,791.4329803004888,340.41562880101594,-0.2240130875901251,-0.22983242044445695,0.004796794226463444,0.03638857459328959
3,0.1823270218785591,0.27980220266287,0.12784195637748563,111.50801393073392,237.8820562129435,96.40936788479159,0.10930660378604617,0.18468644440635368,0.05707571203935403,3,0.018671858560744464,0.03300878651951489,0.010195272884859696,358.6400631282786,682.4962725250552,232.98354221283202,-0.21935185726582232,-0.22129362531520325,0.0021627368465928208,0.0755135677209753
3,0.09841153387351975,0.20433073094612916,0.07937149658371062,213.21339065281435,289.75208105968204,71.76811273699275,-0.07792689056666703,0.019924264832031337,0.06925623499730699,3,0.025344853599835942,0.05302777163678932,0.019604637539868165,453.03003861695066,965.6661989910715,365.01756837332465,-0.22086365702430907,-0.22129362531520325,0.0003536185214958225,0.07397349361985485
3,0.048927339456232455,0.09462731583280157,0.03816659401546356,298.648170729946,616.9006995376379,251.49655900751765,-0.10393223299657951,-0.05377044528337153,0.03765464550456652,3,0.004560378416473286,0.012828066738499733,0.005847032570831031,51.60905252648089,144.17755884808207,65.49225384421736,-0.2242412061067964,-0.22941942650034827,0.0036732343604781487,0.04188008556737008
2,0.24727923584903186,0.48883970349166395,0.2415604676426321,607.9125584495742,1213.8251168991485,605.9125584495742,0.2916725324338406,0.3067253711992536,0.015052838765412968,3,0.06386156717491337,0.1602242621200062,0.06928606270537407,227.2170119711487,447.13040817874804,181.4883695036739,-0.22033433975815128,-0.22941942650034827,0.006589569012218169,0.07280013809582221
2,2.3048571091032817,2.542380462813493,0.23752335371021127,1135.029921587277,1587.1954870774618,452.165565490185,2.1230184325255657,2.371627182961788,0.24860875043622244,3,0.00038413062158841144,0.00103050393755158,0.0004578294208112782,6.666666666666667,12.0,4.109609335312651,-0.20629126940836015,-0.21225255079169952,0.008407525537682977,0.22804991889263893
2,1.1568101652179845,2.0673337553930704,0.9105235901750859,348.43217804854595,682.8643560970919,334.43217804854595,2.337680146090625,2.800950610091907,0.4632704640012819,2,0.0581384816782723,0.1162037160026345,0.058065234324362204,287.78519279846006,565.5703855969201,277.78519279846006,-0.2243605070522117,-0.22881378001382674,0.004453272961615046,0.1714965447930256
2,1.0468723719950421,2.071780578181001,1.0249082061859587,410.29126449015024,720.7131421661621,310.4218776760119,0.9575786515394182,1.8744096820893432,0.9168310305499251,2,0.1097410517891879,0.2194088562244657,0.10966780443527781,537.9841650597465,1065.968330119493,527.9841650597465,-0.2243605070522117,-0.22881378001382674,0.004453272961615046,0.15487319648096906
2,0.13944813216267732,0.27483689158478697,0.13538875942210965,276.8962157114232,524.4920339598423,247.59581824841905,0.0863891760859519,0.12654298517139698,0.04015380908544509,2,0.11165124592802332,0.19806014337435376,0.08640889744633044,790.0971848190128,1376.6719849996068,586.574800180594,-0.21881288198441554,-0.21990723409059665,0.0010943521061811123,0.05362663172195534
2,0.2501159089388835,0.3075393374232176,0.05742342848433407,2166.0378755299494,2704.9325792574828,538.8947037275334,0.08547077960627823,0.12654298517139698,0.04107220556511874,2,0.2059216842884379,0.2419720676355892,0.0360503833471513,498.11957806636383,744.3178518185896,246.19827375222576,-0.20453271292617062,-0.21771852987823442,0.013185816952063806,0.04727118542989013
2,0.15719204796279795,0.1725475239801513,0.015355476017353362,1031.3846116456425,1461.060159839814,429.6755481941717,0.05098252826458399,0.0575664824880085,0.006583954223424501,2,0.21543055225973237,0.22539492629298014,0.009964374033247764,1895.5507990591766,2919.95127823265,1024.4004791734733,-0.17798996105222142,-0.18099635225182065,0.003006391199599223,0.033298726382522716
2,0.3236831238436413,0.5372764154696803,0.21359329162603902,693.5406234358024,945.0221420243065,251.48151858850406,0.29495752786220564,0.4465380717696384,0.15158054390743278,2,0.1878281626566717,0.21147896062568305,0.023650797969011345,1164.4211011284274,2013.0844814638353,848.663380335408,-0.1742476862992559,-0.18099635225182065,0.006748665952564736,0.05705703153418622
2,0.3682713794398153,0.5372764154696803,0.169005036029865,1031.491736248558,1117.9613304728098,86.46959422425164,0.29495752786220564,0.4465380717696384,0.15158054390743278,2,0.11495439429541109,0.16769712563205835,0.052742731336647274,505.09412276503684,726.9332432387437,221.83912047370683,-0.10683871678314065,-0.11013064314404986,0.003291926360909206,0.05795328775661746
2,0.2106579356300292,0.23411532765481471,0.023457392024785514,2539.3898529614726,3246.414157988373,707.0243050269007,0.13734408405241955,0.14337698395477283,0.0060328999023532975,2,0.1144227500129501,0.15693145623449636,0.04250870622154627,614.6165327607317,889.2840925549885,274.6675597942568,-0.0912830540332338,-0.0918277643664257,0.0005447103331919084,0.09639412900063916
2,0.12451907573973905,0.15021600909112673,0.025696933351387667,840.3393609404477,1214.3777271693575,374.03836622890987,0.08400422387646267,0.13131118415006623,0.04730696027360355,2,0.08492222027029815,0.12852502796928483,0.04360280769898668,1474.1787063091122,2739.471780140052,1265.2930738309399,-0.07802517033460385,-0.0918277643664257,0.013802594031821852,0.09908373569530261
2,0.10972421104002547,0.12102449765433122,0.011300286614305745,1842.3553405251396,3199.9844444555292,1357.6291039303896,0.03649815462154329,0.03669726360285912,0.0001991089813158306,2,0.03462934839637832,0.05254587714628196,0.01791652874990363,310.2851566945161,468.8964881163806,158.61133142186452,-0.0880774992089489,-0.0918277643664257,0.003750265157476798,0.12063971540356547
2,0.05211477988208485,0.09842392442571973,0.04630914454363489,270.34220316019923,484.72623659475005,214.38403343455082,0.025570135414592427,0.036299045640227456,0.010728910225635028,2,0.08691125870789009,0.10477081404988821,0.017859555341998123,1218.5425148541508,2015.0140948115898,796.4715799574391,-0.11716433019500497,-0.15000142633853783,0.03283709614353286,0.060959018749922496
2,0.09067898819072778,0.1123062730155636,0.02162728482483582,1221.3303641941593,1985.303134959866,763.9727707657066,-0.007502757321262783,0.000270016043054581,0.007772773364317364,2,0.11117452138654266,0.13472589565295767,0.023551374266415022,1632.3253373469834,2254.86990458163,622.5445672346468,-0.14070965452178924,-0.15000142633853783,0.00929177181674859,0.07449205832066935
2,0.0762040816906122,0.1502714423815924,0.0740673606909802,1004.5474173550433,1978.0948347100866,973.5474173550433,-0.007502757321262783,0.000270016043054581,0.007772773364317364,2,0.1426139977323137,0.15050209981166973,0.00788810207935603,1490.2726468811745,2257.8699045816306,767.5972577004561,-0.15958150814879513,-0.16916158995905245,0.00958008181025731,0.05663076382154578
2,0.1293914482841782,0.13168789874809522,0.0022964504639170352,1767.0694740837005,3021.3591218070032,1254.289647723303,-0.009194737052164064,0.000270016043054581,0.009464753095218645,2,0.0891408691828754,0.15050209981166973,0.061361230628794325,647.5382534266153,722.6753891807183,75.1371357541031,-0.15745803896334815,-0.16916158995905245,0.01170355099570429,0.04235415942024675
2,0.04596695487929058,0.051883469737016075,0.0059165148577254925,640.8785827201617,851.9990909160672,211.12050819590547,-0.040917050411552684,-0.035900461564673886,0.005016588846878799,2,0.050153162079178734,0.09774846911558585,0.04759530703640712,1055.7685766872228,2077.5783974793476,1021.8098207921248,-0.17925951968797527,-0.1858134008991384,0.006553881211163126,0.025693322466933774
2,0.09163635006624635,0.09210997400749274,0.0004736239412463858,563.3176496811559,633.768904958557,70.45125527740106,-0.07752279064984008,-0.0669806495161276,0.01054214113371247,2,0.08888449674144852,0.09210997400749274,0.003225477266044219,1574.9884595227122,1913.681252917999,338.6927933952867,-0.18299415334509184,-0.1858134008991384,0.0028192475540465556,0.07903841744023904
2,0.12983882923290122,0.16851493234080245,0.03867610310790124,2178.763781904492,3723.7586588504273,1544.9948769459352,-0.03952803384364135,-0.012075418171155091,0.027452615672486257,2,0.014046307990971119,0.026659009352798357,0.012612701361827239,189.0252619485724,360.0505238971448,171.0252619485724,-0.18320187570554797,-0.1858134008991384,0.002611525193590425,0.08383222637559964
2,0.1139310134094077,0.14684579365047143,0.03291478024106373,802.1128004562345,1247.2752569025406,445.1624564463061,0.008975073379739556,0.010945600913473408,0.001970527533733852,2,0.1035142408378645,0.17036569358069048,0.06685145274282599,1102.4680810431005,1757.2704595460486,654.8023785029483,-0.17433387664600153,-0.18244111175184557,0.008107235105844046,0.033766944258188235
2,0.2294259074137672,0.2654651021622154,0.03603919474844822,870.1236746637444,1544.823473468312,674.6997988045675,0.04615577111793061,0.08136594132238781,0.0352101702044572,2,0.12749911334183428,0.19504476175330102,0.06754564841146675,1121.6763467804021,1158.9448265042797,37.26847972387759,-0.19506279199985682,-0.20602642315988606,0.010963631160029227,0.03238324251426323
2,0.17324066766527968,0.2654651021622154,0.09222443449693572,276.18710993455284,356.9503440099286,80.76323407537575,0.04418524358419676,0.08136594132238781,0.037180697738191056,2,0.05944712294396623,0.07770931561516342,0.01826219267119719,1048.910858392028,1876.9343594553698,828.0235010633417,-0.2077875670912876,-0.20954871102268913,0.001761143931401532,0.030387890775388074
2,0.0795231473676135,0.08386994874672754,0.004346801379114043,1728.7902380916853,2125.1387776673537,396.3485395756684,-0.1304631188255899,-0.12831710754472264,0.0021460112808672493,2,0.04200241651495343,0.08386994874672754,0.04186753223177411,1017.7970177669055,2033.7055987689535,1015.908581002048,-0.2175074390091167,-0.21853579916504873,0.0010283601559320232,0.03854167080113884
2,0.059297162982780136,0.08386994874672754,0.024572785763947405,841.6088048954574,1332.441698516017,490.8328936205595,-0.13808078041048258,-0.13260913010645714,0.005471650304025438,2,0.016437218306235207,0.03168856246742738,0.01525134416119217,226.63621841952886,449.2724368390577,222.63621841952886,-0.2282052495380162,-0.22907692483679626,0.0008716752987800447,0.03561523069179966
2,0.008494576356767918,0.010149088535209946,0.001654512178442028,17.0,26.0,9.0,0.0011004731996361525,0.018107382781601115,0.017006909581964963,2,0.08441630314040055,0.13900015750260752,0.054583854362206974,734.2434043796623,1201.0248033139296,466.7813989342674,-0.1863042725631825,-0.2066687821102871,0.020364509547104614,0.06018459157593752
2,0.11820386791162643,0.22411237073062543,0.105908502818999,1354.169078681731,2640.4319681012594,1286.2628894195284,-0.0034334298833032795,0.02828722461641118,0.03172065449971446,2,0.1389681219506731,0.17151469772726938,0.032546575776596295,1431.7316507340804,2676.110172162714,1244.3785214286338,-0.20124696411225068,-0.2066687821102871,0.005421817998036427,0.06627082828257456
2,0.4014307906294753,0.4868927071566638,0.08546191652718849,920.0215483045349,1560.0300132246748,640.0084649201399,0.25153031805263654,0.26257036658313165,0.011040048530495117,2,0.23254225676010776,0.3186387751246241,0.0860965183645163,394.98985064761575,450.4930616433664,55.50321099575066,-0.22726112586888453,-0.22935092175968594,0.0020897958908014103,0.04356783615052795
3,0.5135920793441014,0.724300354480229,0.24338685306654378,309.24252250011887,595.138236165079,211.4873699596172,0.5764001203975647,0.6819619884993893,0.09874223111546564,2,0.39204486278572664,0.7286367165747906,0.3365918537890639,471.05165607480126,552.5660203118257,81.51436423702444,-0.166258729584283,-0.2110042221095717,0.04474549252528871,0.09487379240884922
3,0.5135920793441014,0.724300354480229,0.24338685306654378,309.24252250011887,595.138236165079,211.4873699596172,0.5764001203975647,0.6819619884993893,0.09874223111546564,3,0.2702727447880061,0.7286367165747906,0.32432434609210875,414.19483918966785,552.5660203118257,104.37970574109083,-0.14475303774976578,-0.2110042221095717,0.04753695716790134,0.10267523316899166
3,0.1150176584786824,0.333628598985053,0.15458463866258396,79.79209162447813,231.3762748734344,107.19864258605725,0.394882511414313,0.40260533784367475,0.008667650207273886,3,0.04499377197352272,0.06578717167120027,0.02249806222838606,183.64566115188305,389.5372918377768,145.8067349113821,-0.11236943850379433,-0.12151323705899428,0.007220429754621007,0.07014645587944579
2,0.4930907922274058,0.5541745298460736,0.06108373761866784,534.8342270587938,828.0940092465362,293.2597821877424,0.34245206459071625,0.3509917372069616,0.00853967261624533,2,0.1879782109011945,0.29253739805102913,0.10455918714983464,583.5036921189962,599.6700176929309,16.16632557393467,-0.21966633667728394,-0.21991414662734005,0.00024780995005610484,0.08360148886419151
3,0.07717644755216994,0.18407986283664968,0.07645913023588002,106.03574168881273,259.40908539766315,110.40867194743214,0.03984131843314594,0.2490844136452315,0.1507186882210289,3,0.059543286102174076,0.07972184181994282,0.021299815670747423,1427.7411539671036,2862.863094880496,1063.6308827304983,-0.2212022469861561,-0.22593048278858474,0.0033481225827281576,0.061384172061841005
2,0.19651826127786912,0.2012715793633233,0.004753318085454178,810.1831536912241,1429.9787784212995,619.7956247300754,0.0077847262718600645,0.04517611496328429,0.03739138869142422,2,0.13159191862528236,0.19176494319241494,0.06017302456713257,1873.329750552763,2133.234083587442,259.904333034679,-0.22365104420028192,-0.22593048278858474,0.002279438588302818,0.04944194467962918
2,0.27793718246545474,0.30354396150150625,0.025606779036051547,658.8334232376302,730.0616682038637,71.22824496623355,0.0809291372299841,0.11668215949668391,0.03575302226669981,2,0.10760369420664198,0.19176494319241494,0.08416124898577296,1063.2582959281594,1613.425417518084,550.1671215899245,-0.22365104420028192,-0.22593048278858474,0.002279438588302818,0.036781005717802434
2,0.29852811203274543,0.31392181757129034,0.01539370553854491,1528.5673049859497,2077.2480011507223,548.6806961647726,0.10219248555165904,0.11668215949668391,0.014489673945024872,2,0.14473296280361286,0.25233040342940316,0.1075974406257903,652.5248957383828,897.8004391778345,245.27554343945167,-0.214262947039049,-0.2213716056119791,0.00710865857293011,0.03820526735307525
2,0.21319452593821148,0.2831344064942005,0.06993988055598904,536.0431669281788,979.8866088211769,443.84344189299804,0.0909794128723032,0.09425601413797223,0.0032766012656690324,2,0.05177098824202976,0.10286078835937049,0.051089800117340725,474.4686598541474,936.9373197082948,462.4686598541474,-0.19714455301215345,-0.19723965807460644,9.51050624530131e-05,0.03424231917115301
2,0.1325045975304624,0.16214840670155428,0.029643809171091898,1242.3824664618742,2270.808154098187,1028.425687636313,-0.06444275494183563,-0.03450664016843531,0.029936114773400323,2,0.03613648465062591,0.04946604021814863,0.013329555567522716,582.3578933708127,596.6319775792603,14.274084208447618,-0.2116929423348694,-0.21550871604552024,0.003815773710650852,0.025427122283556917
3,0.3336045864629132,0.58149597143298,0.17773217940515607,986.957218238222,1265.9206337245269,199.96221091418712,0.13228063637623205,0.36990250039334605,0.17252988597008043,3,0.16539052505265137,0.2730395199434194,0.09146087691639217,534.6232347381152,609.0150516753718,96.58215729596361,-0.21175828074999184,-0.21550871604552024,0.0029972008042840562,0.05286129391699644
2,0.7097087711402252,0.8379215708474705,0.12821279970724525,1022.7004434493527,1265.920633724527,243.22019027517433,0.5226124057967327,0.6753223112001194,0.1527099054033867,2,0.2955233047697545,0.58149597143298,0.2859726666632255,1336.1521663776712,2295.964509405907,959.8123430282359,-0.21355109354257712,-0.21550871604552024,0.001957622502943124,0.04346093457436652
2,0.6011288712633025,0.8505003722567508,0.24937150099344824,2162.8149532996285,2560.1533942362457,397.3384409366174,0.4173314023751662,0.6753223112001194,0.25799090882495324,2,0.30107440142902264,0.3517573702698543,0.050682968840831705,901.8992630648345,1424.5369016932927,522.6376386284583,-0.19068113020202346,-0.19241687671964144,0.0017357465176179865,0.025414217815695844
2,0.7922638668081936,0.8626111330185013,0.07034726621030768,1773.9222047204491,2772.8241476639487,998.9019429434995,0.615542114964803,0.6753223112001194,0.059780196235316385,2,0.37906330162927215,0.7430507405478686,0.3639874389185964,1572.7838894331485,3000.437329628565,1427.6534401954164,-0.1898528492690117,-0.19241687671964144,0.0025640274506297384,0.025792328068262062
2,0.5955396415902836,0.721916600597886,0.12637695900760232,791.4521652820922,807.8840687872348,16.4319035051426,0.4330215082560852,0.5557619187294867,0.12274041047340142,2,0.0313397798675301,0.052544598041955215,0.021204818174425114,747.5726725959381,1077.2223498943683,329.6496772984302,-0.1785910589135268,-0.18728882181838197,0.00869776290485516,0.031667798386336383
3,0.18181514281644728,0.46916268258268135,0.2053002449451771,320.6314175216114,807.8840687872347,349.6580263302287,0.06427837266507778,0.3102810977826838,0.1740288399661034,2,0.030301792586160253,0.059932765270099164,0.02963097268393891,339.4272860734063,666.8545721468126,327.4272860734063,-0.16700742715654052,-0.1678601724446817,0.0008527452881411934,0.04164888605419798
3,0.16171311248701795,0.2816748867374615,0.0877667604321585,419.95861649598834,731.1030571871972,239.01194556831697,0.012846948351469753,0.11298332667576128,0.07187174224760318,3,0.06501945644711953,0.14656503033238083,0.05912610016246615,588.6738164782897,872.1929853683868,295.16027383762923,-0.1694665490003954,-0.17074813200401273,0.0009128162277397395,0.03966458922169287
3,0.40469663081632107,0.8030895584619291,0.2884906486371178,548.2082222817083,731.1030571871972,144.1564176008985,0.2409833666057456,0.6320933028707949,0.28200343379515624,3,0.1447386394523934,0.2955327014537335,0.12069549983933486,2195.1648117996283,4008.64185843455,1656.5577039044679,-0.1795463849377313,-0.18254937477797223,0.0032279712741715098,0.04554255182256152
4,0.2822829193068428,0.8065120892879399,0.30347127351849545,994.0444778803967,1624.464673700364,546.7183472140313,0.13757760544744813,0.6320933028707949,0.28729517245353664,4,0.11407231228744262,0.20615977712892578,0.07430108752665407,1946.6799061807874,3880.0509246547754,1439.1440036929675,-0.17826448530758474,-0.18254937477797223,0.0035699648311246827,0.04248368569058398
3,0.3582201874537801,0.8065120892879399,0.31770527030617307,1028.740418944423,1624.4646737003638,432.415905860498,0.19380011219350066,0.6320933028707949,0.311439036565526,3,0.14385104532567586,0.18669835142659919,0.03251205032016608,2796.776014723209,4419.915861277064,1359.6861057533458,-0.17597466886933777,-0.18254937477797223,0.004859222052860051,0.04561251751512311
3,0.17006311371972407,0.17654571349324405,0.006215685433517093,984.2999142131854,1387.1755442460849,303.6615178030854,0.021752439309474476,0.032586974344128425,0.008346189087988452,3,0.011028822074551295,0.01577367302631727,0.006012839037165328,380.03913345896905,540.4633221145592,223.3251011825343,-0.1653697741783278,-0.170955845412896,0.005432248946082246,0.15113043437981036
3,0.2187697139603567,0.3078002097619163,0.06298185824402629,1472.1869314147846,2117.7446738113695,496.0456803816184,0.09092001343621303,0.21978228738966982,0.09125532325715766,3,0.11437391642497548,0.17196321862590966,0.0742912281533588,571.4970393386204,956.1439366973996,315.72758677866267,-0.15278867463633158,-0.15739273982736163,0.0033741190980272743,0.15704175722395985
3,0.14337738319444862,0.3078002097619163,0.11727799495501831,1035.6679091500846,2117.7446738113695,776.466453305176,0.06807457913713319,0.21978228738966982,0.10739111705396027,3,0.0315855519735139,0.05226108924163762,0.02215552897494219,493.8515667035114,767.431737191801,341.5473324562586,-0.11933215104087365,-0.1439587391491156,0.01896953560421307,0.17353859792290277
2,0.12035041834732188,0.16069228923526868,0.040341870887946794,1391.6927777027017,2126.945533878098,735.2527561753966,0.02447811819124686,0.06288827300511661,0.03841015481386975,2,0.060567131369424015,0.08397135094366526,0.023404219574241242,428.7665632761,544.5358644660532,115.76930118995324,-0.11079018551653196,-0.12157238455284824,0.01078219903631629,0.03616317506518436
2,0.23518295375506687,0.31699561772621804,0.08181266397115117,286.18985157864324,483.07335960274804,196.88350802410483,0.21335919584080498,0.36383011867649334,0.15047092283568836,2,0.014504592479049262,0.0254648214642815,0.010960228985232238,45.123239730020224,76.24647946004045,31.123239730020224,-0.1318252288548582,-0.13776752311530507,0.005942294260446887,0.1394358435330368
2,0.45214077341918224,0.5463177331127125,0.09417695969353024,1287.3671074858944,2228.245385776184,940.8782782902894,0.379734236802886,0.473070677249663,0.09333644044677702,2,0.14916332445282832,0.17805363616299702,0.02889031171016869,858.4868192208284,1372.540632765934,514.0538135451058,-0.14736996825604734,-0.16508048455827973,0.017710516302232387,0.12592102948468795
2,0.3101692957928318,0.3997054956788844,0.08953619988605262,1823.3003955034053,3254.30748082176,1431.0070853183545,0.2073364748727125,0.28639779635610896,0.07906132148339645,2,0.0008385034775509753,0.0008826959166277903,4.4192439076815027e-05,3.0,4.0,1.0,-0.12746488375679194,-0.13381381416491764,0.006348930408125696,0.04662752632291708
2,0.2175691047813113,0.22063309590677918,0.0030639911254678603,229.10421811551896,392.2933101850508,163.18909206953185,0.14059919906765803,0.152923244746,0.012324045678341972,2,0.04849029036616434,0.05410834705996426,0.005618056693799917,389.07765571515796,463.4667765502975,74.38912083513952,-0.13899834088005095,-0.14314274184351694,0.004144400963465994,0.02300027180217186
2,0.17927604650569678,0.29606598658951694,0.11678994008382015,1034.4276742745906,1750.2338032061662,715.8061289315755,0.0520053536126229,0.152923244746,0.1009178911333771,2,0.021321818030962877,0.04216828372251025,0.02084646569154737,317.7342460573775,633.468492114755,315.7342460573775,-0.15695703337424216,-0.16545725166190792,0.008500218287665756,0.028907653324967815
2,0.1703718718380832,0.29606598658951694,0.12569411475143377,1070.1015454143303,1750.2338032061664,680.1322577918361,0.043124894369430226,0.152923244746,0.10979835037656976,2,0.039103988943006734,0.04216828372251025,0.0030642947795035125,534.9608244613999,633.468492114755,98.50766765335516,-0.17230607326623387,-0.17915489487055986,0.006848821604325969,0.038346994944766996
2,0.45550866425039377,0.7483300286830721,0.29282136443267837,928.3540621088192,1714.5928383120818,786.2387762032625,0.37022259577633976,0.5559004706362884,0.1856778748599487,2,0.2663122502286184,0.37697427896317476,0.11066202873455641,1127.364020537859,1440.0260361187175,312.66201558085845,-0.19279636365851122,-0.19316316927023874,0.00036680561172752757,0.05648163813671232
2,0.2812672700603282,0.40688431862659447,0.12561704856626627,760.6162255722381,1380.8901796560908,620.2739540838527,0.24262585181958043,0.5227646514153377,0.28013879959575727,2,0.14056364878796732,0.16980018240894137,0.029236533620974066,1038.5334514171536,1360.7604580110956,322.227006593942,-0.21147973238016288,-0.21351760448052842,0.0020378721003655453,0.041544853183090064
2,0.39970035700384104,0.7362822558958662,0.3365818988920251,331.7191263154188,597.0549536565591,265.33582734114026,0.2395236146718753,0.5227646514153377,0.28324103674346235,2,0.088207000159505,0.1036426715486787,0.015435671389173705,924.9125419047366,1404.9118902730386,479.99934836830204,-0.2142985482177083,-0.21458423223990175,0.0002856840221934498,0.052727375039732904
2,0.39970035700384104,0.7362822558958662,0.3365818988920251,331.7191263154188,597.0549536565591,265.33582734114026,0.2395236146718753,0.5227646514153377,0.28324103674346235,2,0.039900082000344256,0.0580462099697803,0.018146127969436043,410.9734564243579,728.0694889179917,317.09603249363386,-0.21667956260407256,-0.21772528539238611,0.0010457227883135384,0.05812890277390306
2,0.12443308582267393,0.14522350009666915,0.020790414273995222,715.797924361622,850.1151069537989,134.3171825921769,-0.0850246590885707,-0.059107757485918344,0.02591690160265235,2,0.08535891586441839,0.11267162175905648,0.027312705894638092,1704.5769357270567,2681.0843825361217,976.507446809065,-0.2206692339213328,-0.22361318245027953,0.0029439485289467077,0.0591116708898582
3,0.17006528141428223,0.1840809043268146,0.017613985830113452,643.7799900182201,1043.7511837375532,304.3465650074501,-0.04016938948746559,-0.017785953375852065,0.017044534695045417,3,0.1025638962436769,0.18089143981936295,0.0555389463255612,1090.9599415882992,1398.962572895678,412.33168981846046,-0.22503488465103386,-0.22698557408283276,0.0014266807512042065,0.032565013558668476
4,0.11744925233151376,0.20446564514438786,0.07862455116333288,945.4824470041106,1886.2912262383625,626.7766000504371,-0.05472836883745912,-0.017785953375852065,0.026605203898978007,3,0.10081541704184387,0.18089143981936295,0.056967424847550775,1295.0530968386238,1398.962572895678,124.21906645353785,-0.22458102334102067,-0.22698557408283276,0.0019333673706454313,0.028230983727642656
4,0.1763832170395318,0.4166272986514351,0.15517492036753244,1276.1542844716873,2366.4385336078603,886.49303783835,0.0057649007572265765,0.19835862077811645,0.11415243112029824,4,0.05252637040345845,0.15230996943923658,0.06123851921611897,806.9624657375768,1875.1196974789932,741.4551046202075,-0.22246440399496567,-0.22450589741998933,0.0012202743414755218,0.04873554834317221
4,0.13838986138247233,0.4185845746031994,0.16319963742101476,993.9603522018746,2507.9254500620964,896.7978145093002,-0.02998023554229924,0.19835862077811645,0.13618949599658473,3,0.06821164705278866,0.15230996943923658,0.061002669494001314,1231.3238244000302,1875.1196974789932,592.650551753724,-0.22137757483154794,-0.22254545186090852,0.0009470008723191879,0.07145775823102819
3,0.0496316303153696,0.09525675647154679,0.03762695872937472,481.39958203853774,826.1701654107376,349.673982303246,-0.14631238654105908,-0.12320502799493833,0.016510098413366373,3,0.03971591781320633,0.06682278172048961,0.023504314640739536,1061.408008543971,1374.1808449033565,436.1137964019274,-0.22151994015358822,-0.22254545186090852,0.0009657731794491481,0.05338834670275254
3,0.1768873874387951,0.2739580871797285,0.07376692209032822,623.9701845402674,979.0005352575529,398.93066424959005,0.04895998629655102,0.21816545811873034,0.13937962875086002,3,0.01716210573164993,0.028805447226762537,0.008827104241441086,390.24901433615565,651.6184990579327,217.72331781356291,-0.2222558041248709,-0.22254545186090852,0.00021317720576252211,0.06180092754203243
2,0.35205345497508045,0.4301488227704323,0.0780953677953519,793.4556122957116,979.0005352575529,185.54492296184128,0.13098882962071123,0.2100581304755614,0.07906930085485019,2,0.0336510559598561,0.038496664692949656,0.004845608733093559,531.1696750709992,661.8153001383052,130.64562506730599,-0.22324039405176582,-0.22429738600369498,0.0010569919519291537,0.06518861732660255
2,0.2914049692858109,0.4301488227704323,0.13874385348462143,604.1513878988017,607.9106893338703,3.7593014350686644,0.07078821359176393,0.2100581304755614,0.13926991688379747,2,0.03124321777038412,0.04907177992173298,0.017828562151348856,873.12997367174,1526.258912312376,653.128938640636,-0.228644176490876,-0.22916071445276864,0.0005165379618926325,0.10898959331786752
2,0.06302547546410919,0.11827261130681271,0.05524713584270352,318.2564126530243,620.5128253060486,302.2564126530243,-0.08727049803207687,-0.0699574128979078,0.01731308513416907,2,0.057744241186287765,0.06641670245084255,0.008672461264554787,1108.8967954079887,1535.8283843162048,426.93158890821616,-0.22966138940194727,-0.2301620643511259,0.0005006749491786311,0.1000487086573035
2,0.5474627007617404,0.809809674944914,0.26234697418317354,205.97841437487335,350.6877487101773,144.70933433530394,0.565942618486214,0.6944782341720699,0.12853561568585595,3,0.2399504657203,0.6659712271342236,0.3012507062386052,971.6773249929388,1923.5631441647001,673.1755817458975,-0.2261879672861816,-0.22856422433386567,0.001957644332347713,0.06196931746031456
2,0.14451902420968507,0.2851157265785668,0.14059670236888175,31.63454001978471,61.26908003956942,29.63454001978471,0.4786913415413273,0.5199756802822967,0.041284338740969345,3,0.2399504657203,0.6659712271342236,0.3012507062386052,971.6773249929387,1923.5631441647001,673.1755817458976,-0.2261879672861816,-0.22856422433386567,0.001957644332347713,0.04619864147808646
3,0.1434332002379837,0.2851157265785668,0.11607996959904912,106.88592307660265,255.38868919023867,107.57862408395579,0.12463666104013237,0.437407002800358,0.22160235418723592,2,0.020045476656787437,0.031010527851023817,0.01096505119423638,591.4674817557762,800.74136015309,209.27387839731375,-0.2270144717844611,-0.22713030007812918,0.00011582829366806047,0.03957655171858169
3,0.09411951524742095,0.14646239391009075,0.057945305908169195,360.844923148454,674.589876323725,261.6446552254711,-0.052274737191991626,0.030657098753038133,0.05864498065447389,2,0.020045476656787437,0.031010527851023817,0.01096505119423638,591.4674817557762,800.74136015309,209.27387839731375,-0.2270144717844611,-0.22713030007812918,0.00011582829366806047,0.03988581094272496
3,0.12934447030625162,0.22822747391876141,0.08855711307209446,466.01868805653675,689.3759554214171,305.47918654937155,-0.017223385905831317,0.030657098753038133,0.054184891127756096,3,0.08759800994624177,0.13076081544181306,0.06087639843337788,778.7423559909834,1732.7434584496868,701.0337319444932,-0.2261189190784846,-0.22713030007812918,0.000858335056039821,0.04556748680922292
3,0.25492597045695886,0.513172833387756,0.20387707911193104,428.59894343085784,856.5994519267033,320.7796636030369,0.1074192689100943,0.2915001765360161,0.1302221231556992,3,0.013996246509723828,0.020551207007527217,0.006583512327192332,174.73165753774245,285.2014473760569,78.1218265631994,-0.22979174058225507,-0.23085049532381863,0.000874912601861628,0.051742249534874725
3,0.3499809629146114,0.513172833387756,0.11552330056186919,273.38842866213605,344.83333287419566,50.51918693790853,0.18643136340300873,0.2915001765360161,0.09777149832226549,3,0.013996246509723828,0.020551207007527217,0.006583512327192332,174.73165753774254,285.2014473760571,78.12182656319952,-0.22979174058225507,-0.23085049532381863,0.000874912601861628,0.048070991609926804
2,0.17003907275001456,0.2616947722517308,0.09165569950171625,220.91222007162622,237.62572859657536,16.713508524949148,0.15330207909702154,0.211738508763397,0.05843642966637545,2,0.009422250177123226,0.01644487501787678,0.007022624840753555,100.77086164073526,120.85647882606972,20.085617185334463,-0.2292623632114733,-0.2298168782151089,0.0005545150036355834,0.13841231987390157
3,0.07490228588709998,0.1451940762601654,0.05886564151314388,297.0375491559398,684.9139359211424,286.42293704160153,0.07315642392395515,0.1537099966837512,0.07619678135319614,3,0.06509546143020961,0.1123684870375978,0.04747233226001621,279.58468388263327,673.9583998778189,286.1167477381563,-0.22182136598459137,-0.2234938680909465,0.002171687213002085,0.14841305534855953
3,0.13144723936264804,0.28741879325087916,0.11215003598197919,776.152360712567,2035.6856991596424,891.8746243289702,0.08668589927167825,0.1540795136134162,0.05865191383254992,3,0.06557873804787322,0.1138183168905886,0.04795603547655146,588.7091314106484,1601.3317424618645,718.8878602455499,-0.2185173142482808,-0.22321589742974338,0.003936708539704078,0.1295724846033845
4,0.32158598373466385,0.491221069846401,0.18751710982618955,681.2926343615288,2035.6856991596424,798.4342872193672,0.36026000939118485,0.8371764344102164,0.31544096229504137,4,0.05501016627041055,0.15153955544821351,0.057014487756905284,645.4113200897802,1618.8751305313344,589.3058857569273,-0.1891286327085748,-0.21358171288201483,0.014128063772878561,0.0649722226058783
4,0.31793321130690816,0.491221069846401,0.18828782398089433,459.4956059875958,1148.4975856639105,429.27655695256675,0.36026000939118485,0.8371764344102164,0.31544096229504137,4,0.027218243172154058,0.06483283907019272,0.02553879713798871,1127.4455308387917,3085.8977200810996,1186.4845875261667,-0.19228670059427766,-0.1994606747581068,0.005717642260216808,0.03676096601207455
3,0.0982073593311938,0.11906103843647667,0.01677988022654575,683.7957544681935,1446.8477944151873,542.7181136914329,-0.03286288609848383,0.04864000981725135,0.05803076415813896,3,0.05891665953956495,0.11906103843647667,0.04282711816561044,2028.9293518599432,4340.382639591488,1640.2724256722433,-0.20468209240250604,-0.20739240015875188,0.0026981742418716293,0.03893863149990929
3,0.07664378735899634,0.11906103843647667,0.04028971623715841,703.484715923436,1446.8477944151873,579.7325526922231,0.00769308871700114,0.20513829533485883,0.13981197064743286,3,0.06194885623360641,0.14065260011157224,0.055824241590519984,2302.5843675081446,4640.9036366781975,1663.2025656240676,-0.2202421134786751,-0.22259236816129285,0.0017734688519046777,0.07669211712333422
3,0.19295058327267456,0.42303112854875297,0.1639619477667758,1751.3106113959477,3024.9459394891473,1198.6858685929972,-0.0027885491080437232,0.20513829533485883,0.14712618693833962,4,0.04413468236481056,0.12247310702715805,0.045732247190309924,1578.5882977942003,3902.0373542581483,1409.4074987249887,-0.21965479341247984,-0.22259236816129285,0.0018422074820643403,0.10187704379721019
4,0.4859972296263104,1.3598916708216124,0.5241173016312569,1560.7371657342792,3638.356808144972,1412.6548592427557,0.28153346301152404,1.159408674551159,0.523868787853458,3,0.15149108040899636,0.4248587268822959,0.1933465492295932,1818.38194679161,4307.739690516683,1766.2767109387332,-0.2207126943936704,-0.22259236816129285,0.001329819182207836,0.14839597376272465
4,0.3712890279774949,1.3598916708216124,0.5711457090726649,290.89176030731767,725.4521677264609,259.0835105626079,0.2878776412048756,1.159408674551159,0.5044498994091761,4,0.04571718292387826,0.07742501282784545,0.025203809103797114,958.1862251298381,1917.8002737386014,611.0301843739393,-0.213760872273555,-0.2197204315474371,0.006743991505573053,0.10119275584939165
4,0.0281585318844158,0.06965819297629094,0.024078241193562465,240.4143971129168,725.4521677264609,281.07073014373606,0.014344368438991636,0.04087477948437114,0.015695161169800145,3,0.06556838894665822,0.0971698298842872,0.03176913594980105,697.8719244751751,1057.213114638791,326.414119182877,-0.210970743829083,-0.22997578607388358,0.013462649421656342,0.10210938505149082
3,0.03294527074421168,0.06965819297629094,0.02610295238064662,284.11035803237354,725.4521677264609,312.56518113082444,0.019097195901716737,0.04087477948437114,0.015430272301537675,3,0.012058229326174,0.030221498117300044,0.013010969357618182,206.9390599405822,491.7023342223189,202.4154719566008,-0.2312469229468407,-0.23176425877351206,0.00036979948567777683,0.03588490634044261
3,0.046209655463884745,0.0883890437518467,0.035969949589521294,289.2500238549725,579.8692166715006,235.29871362628492,-0.10994615841274784,-0.08865581595119432,0.0235497691905164,3,0.027661992469728097,0.04765295891312346,0.01726498839992989,1281.9400257616974,2652.1406888702804,1053.6006013650322,-0.2313895247660477,-0.23176425877351206,0.0002910849403409289,0.031088684296664344
3,0.15191657299514347,0.2364543808855852,0.062246337893645955,1800.0201395035936,4634.198277280974,2005.6836609311933,-0.07775735151354424,0.004865591915116536,0.06154508527636808,3,0.0850074556532258,0.13622193184039638,0.04353506238778754,1974.8922865063234,4108.631180128986,1517.226815546815,-0.23156759135721286,-0.23176425877351206,0.00016989465612992328,0.04431690423615781
3,0.3506724957238832,0.6848360185028599,0.24011171019683153,1144.9697276187455,2645.5388377765776,1063.9050637169264,0.1324901170988127,0.48797161651139387,0.25467228389816565,3,0.050045673376261805,0.13622193184039638,0.060966002692396694,453.5589662256546,712.2306919899661,253.95376787858564,-0.2312782778728969,-0.23158878897046867,0.0002453426174054184,0.05599246650695506
3,0.295493605467203,0.6848360185028599,0.27643101905482437,447.38725687593666,552.791425548151,107.68090271410007,0.07940740368216345,0.48797161651139387,0.28990141997544655,2,0.007510768709091786,0.00930692369547756,0.0017961549863857729,179.10275352644555,249.74958853410197,70.64683500765642,-0.23142294415038056,-0.23158878897046867,0.00016584482008809298,0.04385762888189258
2,0.3837170637349688,0.6848360185028599,0.3011189547678911,559.5690231405448,819.6381464144777,260.06912327393286,0.16997582513853868,0.48797161651139387,0.31799579137285516,2,0.003761963264316312,0.006230593721393535,0.0024686304570772227,59.85207519311878,76.90520783968535,17.053132646566567,-0.23066422592350178,-0.23071037664560934,4.615072210757687e-05,0.09344578881522918
2,0.12304869610191654,0.18756595656254152,0.06451726046062498,482.48175788696904,656.8282637630933,174.3465058761243,-0.10518122150998237,-0.04119118593382646,0.0639900355761559,3,0.00036405491905220727,0.0009152730562810574,0.000391393201864467,19.11294702607131,39.33884107821393,15.401625296406733,-0.23009958258882723,-0.23069374366637815,0.0004716216428404547,0.04353122261110901
3,0.18256837672517964,0.3426501347291919,0.1333198656214384,906.0163394289833,2460.18817765246,1102.7113418019364,-0.008721693561111798,0.16841137241051404,0.13336408877187508,3,0.009963946098187024,0.02971494659368551,0.013966111778431798,267.47522803589555,784.4256841076866,365.5838531487448,-0.2304387894449856,-0.23171136423485322,0.0009250062588224001,0.05390627152543357
3,0.2804727292911993,0.387896769137292,0.12587368438318194,1166.4490883059987,1665.655930910636,495.6922187290648,0.06975694274818352,0.16841137241051404,0.11941313077814342,3,0.016394598521203563,0.02971494659368551,0.01178212142459662,325.26713415888037,784.4256841076866,333.56393235469193,-0.22944098948872993,-0.23171136423485322,0.0016471509251079735,0.04724219871606269
3,0.3696789521581502,0.387896769137292,0.014117937156425463,1680.8748665836308,2277.6659003056216,423.2204804931466,0.15837850411849083,0.16841137241051404,0.013614933908067344,3,0.24809753449783947,0.38707967676508137,0.17334550091276282,2310.621558104392,4004.8427302466307,1514.5154661791778,-0.22185393545682955,-0.23171136423485322,0.00727695797203243,0.04573457290197451
4,0.8122518484251116,2.8098399489734684,1.1614810151257144,619.7142177957066,1421.8964680223442,629.2592322354357,0.9662459448273689,2.7285821718616794,1.0270897139265842,3,0.12569752544321433,0.19668209341092668,0.05333405280876093,751.2702431514341,966.0234706293113,302.9764837803501,-0.20900900277037568,-0.21436504540885748,0.005124558184524827,0.13526488520192706
4,0.8675358009370041,2.8098399489734684,1.1441362974093743,473.4821399909134,1047.9604031604817,474.87797236060516,1.0724920382037701,2.7285821718616794,0.9586817714039622,4,0.03295843480968403,0.07783273117317446,0.027685260347034606,523.4035495367012,1215.0092541984122,434.0481364015346,-0.1841917726882207,-0.2000509019833427,0.009978315630291551,0.11927199131278766
4,0.4005579558731788,0.8264899631425576,0.3408578507790624,481.92119500604196,1557.9063368531833,632.67081844904,1.2277925800723,2.7285821718616794,0.8860437836859907,3,0.1266572454832435,0.1768515607197942,0.04523253928646517,397.44087285480805,734.6607961674404,255.95071821351127,-0.12532517469600887,-0.1507885101822523,0.021932244986730572,0.10683577958435
3,0.5976135494127921,0.8264899631425576,0.2084114750319389,703.0748799924295,1557.9063368531833,605.4169066410554,0.6962599353531319,1.0293310146520749,0.2410434478507564,3,0.08465090671498154,0.10453033937756577,0.015330584837771197,309.73925459504596,518.0047536709487,164.8371372295837,-0.10330974279862222,-0.1279313348523393,0.0214801120426274,0.07651244183854489
3,0.40973130408684316,0.8264899631425576,0.31081229252715514,208.55288499171158,317.3944069371861,100.83512807303025,0.7108380657404831,1.0293310146520749,0.23559293077908008,3,0.05212177222268046,0.10453033937756577,0.03809733048479929,263.0632297055342,518.0047536709487,183.57862281971148,-0.10986915412764979,-0.11550222140114884,0.0040178495959854454,0.07399049843204815
4,0.10609960472774192,0.26231188345059214,0.09289049675711517,106.17167725731893,147.43125505207672,38.77187258915827,0.34795752244936184,0.6363130447059624,0.17345145686424118,4,0.04440058134500949,0.15819175047159037,0.06592015202042452,281.4586352316781,961.9625020145295,394.2202179811935,-0.13660317458452093,-0.1624944909977139,0.018968512437899387,0.04919935175981997
4,0.1035618310238044,0.2812759279625108,0.10472756672283273,148.1707118364792,267.9446643125925,79.80412170564092,0.14033101816041854,0.32535824878286956,0.13667162879460984,4,0.09045311098185926,0.15819175047159037,0.059016372970379156,577.029996279471,961.9625020145295,379.0404035608283,-0.1389023923246752,-0.1624944909977139,0.016897405997374864,0.051533384535688564
4,0.11002180897687058,0.2812759279625108,0.10318129946796371,195.89967398405798,372.7746548305977,131.677960378739,0.07761660922718801,0.21767781649646523,0.08454297984436791,4,0.09372688061585703,0.1294626779039474,0.036492386404914035,939.4354994183266,2080.8016811483576,695.4022821614406,-0.13387680422047152,-0.1624944909977139,0.01681993314039045,0.04831100825423667
3,0.2530729308372097,0.4764997679048464,0.1603839098964108,547.8325037550702,1137.4057006902513,425.3661838666283,0.30025530956966556,0.4422010223091256,0.1193646968978612,4,0.06599042019170653,0.1294626779039474,0.04650569072162011,771.413147442859,2080.8016811483576,791.9075327787988,-0.11521552800032017,-0.12659830991597085,0.009929920121337046,0.046129672360009824
3,0.2622183946399226,0.5039361593129849,0.17313856205914052,674.2822404271092,1516.7549107063683,601.6794937413157,0.30025530956966556,0.4422010223091256,0.1193646968978612,3,0.1418090004001548,0.385218570560037,0.17222373457226337,696.4958896495245,1849.0915537850797,815.2422625115055,-0.09152836753914091,-0.11561388724714419,0.017170258673399684,0.0434375907023623
3,0.42269037451252833,0.6574709007215291,0.23208863413579991,703.4094510775188,1516.7549107063683,579.5910530344902,0.38810962153289036,0.5890496409261706,0.19003841392850643,3,0.02454051076398807,0.03409838140382766,0.009989392661082331,356.12509289369535,785.3790675191372,303.5284873505042,-0.09621139809594398,-0.10407313356648162,0.006617785532142506,0.03938708708977252
2,0.43545247138379894,0.6574709007215291,0.2220184293377302,306.66894714194854,384.7171487017888,78.04820155984027,0.794941680728565,1.0008337205309592,0.2058920398023943,2,0.14963194507869745,0.26516550875356726,0.11553356367486979,604.0407184899695,785.3790675191372,181.33834902916766,-0.10747665865349856,-0.1108801837405155,0.00340352508701694,0.08023284766457212
3,0.10612175544967957,0.17593572693083503,0.07345823259005722,217.5730023279225,421.02927804663955,162.23711294737063,0.2205712835080702,0.2536650069097971,0.04174849004418709,3,0.0012046030977571204,0.0022870949250026473,0.0007864924481067297,2.6666666666666665,4.0,0.9428090415820634,-0.13391720532843743,-0.1452468689018218,0.009180333505320371,0.06629803343188705
2,0.18219383407880213,0.18845194122676923,0.006258107147967096,276.54788120165574,421.02927804663966,144.48139684498395,0.684992143081264,1.1163192792527308,0.43132713617146684,3,0.027266045191954764,0.048015672064096265,0.01890663153631424,207.16595448592633,381.7946872091528,155.54846230958705,-0.17969759355260842,-0.20486555600197034,0.032544005473638886,0.12134841303191951
3,0.8001917439219906,1.2338630464979767,0.41997058699983675,705.5079699831258,1001.0190845423149,307.56084902953995,0.7285008234655761,1.1163192792527308,0.3573895913539661,2,0.039755520325430824,0.048015672064096265,0.008260151738665442,308.7489317288895,381.7946872091528,73.04575548026334,-0.20267489722773702,-0.20486555600197034,0.002190658774233342,0.24310292964716415
2,1.1108650543274297,1.2338630464979767,0.12299799217054719,1099.4112293433682,1197.8033741444215,98.39214480105329,0.965801985308441,1.1163192792527308,0.1505172939442898,3,0.11550305364221451,0.22418212904242632,0.08507302315130139,680.1397110385602,1085.5495696535627,430.832467114338,-0.19257042049774928,-0.20486555600197034,0.008974480992342474,0.19659590414697073
2,0.4890168175802066,0.9512361261144286,0.46221930853422205,465.45947293326714,924.9189458665343,459.45947293326714,0.5517540007806551,0.8152846913641512,0.2635306905834961,2,0.34805085990538503,0.4773727351172516,0.12932187521186658,2873.1829123402285,3947.3817931560843,1074.198880815856,-0.18642285274563875,-0.18914942492009268,0.002726572174453934,0.13576225547795234
2,0.338748254672926,0.38637589262850863,0.04762763795558264,2331.334913212565,2756.606734116076,425.2718209035113,0.15520322384928936,0.20267961205732382,0.04747638820803447,2,0.11243261195527637,0.2241436561326325,0.11171104417735614,631.8401459647403,1251.6802919294805,619.8401459647403,-0.19581089181296799,-0.20784161264622314,0.012030720833255154,0.10054035064076061
2,0.42853931413704216,0.471005235140672,0.042465921003629864,821.2633483127038,836.2452985259865,14.981950213282744,0.24633114789799723,0.28998268373867064,0.04365153584067341,2,0.26832975720408336,0.40954680930928,0.14121705210519667,1689.7117156412598,2904.0612120438905,1214.3494964026306,-0.20001899849802174,-0.2068671972519562,0.006848198753934456,0.192588986191183
3,0.26985702264201367,0.4743174345228897,0.14831147013145057,822.3761656194765,1091.7402485202085,295.6038057999815,0.08809602474879658,0.28998268373867064,0.14922031914868294,2,0.14677780959336167,0.2472306824048759,0.10045287281151423,1116.3686027053566,1601.7685054430704,485.39990273771383,-0.20898892851806972,-0.21111065978418325,0.002121731266113522,0.20138127199813702
3,0.21405306007868866,0.4743174345228897,0.1890537474533017,613.0178656229497,1091.7402485202085,447.15157524119047,0.17016906677426627,0.28998268373867064,0.16741360538188374,2,0.07010964292615143,0.09389434907045545,0.02378470614430401,726.9098240221322,822.8509480766216,95.94112405448948,-0.20730677448288393,-0.21111065978418325,0.0038038853012993395,0.14576493276118063
2,0.4222170794058717,0.46818195872359114,0.04596487931771945,1512.1171407193726,2192.495106092621,680.3779653732483,0.24741762553421426,0.287108224581578,0.03969059904736372,2,0.051657985172735295,0.09389434907045545,0.042236363897720154,534.759046216382,822.8509480766216,288.09190186023966,-0.20730677448288393,-0.21111065978418325,0.0038038853012993395,0.13075625103508168
2,0.412716205756153,0.4681322407552984,0.055416034999145436,1281.2653638648437,2165.4818025514614,884.2164386866177,0.25953748910909336,0.287108224581578,0.027570735472484592,2,0.2253947204172006,0.41299076981032923,0.18759604939312863,1584.4111973103898,2904.918214756349,1320.507017445959,-0.18699712381369085,-0.19297023145366127,0.005973107639970415,0.11341710674649474
2,0.3616025971676189,0.36590502357823024,0.0043024264106113486,345.78254325508715,397.048925178226,51.26638192313882,0.21984689006172967,0.2319667536366088,0.012119863574879125,2,0.056110796546028824,0.0802454601843769,0.02413466363834807,784.5963908408893,1010.7186961509506,226.12230531006128,-0.1876656430367458,-0.1884605590251544,0.0007949159884086121,0.13567966288813654
2,0.23526807715605058,0.35730017075700754,0.12203209360095696,631.6972640317783,866.3456028853307,234.64833885355233,0.078371089083274,0.2319667536366088,0.1535956645533348,2,0.043233858199421576,0.05516998958071545,0.011936131381293874,1264.2134694258843,1860.901009933673,596.6875405077889,-0.19321203617072555,-0.1934334201008845,0.00022138393015894153,0.07816208951781901
2,0.13720394499710536,0.2165893716296387,0.07938542663253335,1010.9540219101232,1905.283479599478,894.3294576893547,-0.02122947544108682,0.03276562458788714,0.053995100028973966,2,0.0747532857244757,0.1182088446308237,0.043455558906348,1573.8974796469442,2480.269030375793,906.371550728849,-0.19321203617072555,-0.1934334201008845,0.00022138393015894153,0.07785012102887909
2,0.18637682273282058,0.2118221672254644,0.02544534449264381,1948.926367416319,2185.8339589997618,236.9075915834428,0.007930977011969865,0.03276562458788714,0.024834647575917277,2,0.08400523072642428,0.16692007647780416,0.08291484575137988,1216.2770117408443,2416.5540234816885,1200.2770117408443,-0.18144014483966442,-0.18382374704175156,0.002383602202087151,0.054099250686246395
2,0.3486109453526431,0.6348931739608602,0.2862822286082171,137.57722096247932,220.1058664856923,82.528645523213,0.3344341835619554,0.5502293978690289,0.2157952143070735,2,0.048531156485513226,0.07878174690418856,0.03025059041867533,922.3305863484181,1504.2771354654726,581.9465491170546,-0.1816080499036492,-0.18382374704175156,0.0022156971381023377,0.09790414890553922
3,0.3266590988026406,0.6348931739608602,0.23580099677164507,333.52939690725907,725.4337487968186,285.19320130323104,0.30790553217059363,0.5502293978690289,0.18014601957258447,3,0.021741969896351337,0.04666941000516564,0.017692969091372197,466.24845750323135,880.871948926266,293.21341805416324,-0.1714687554758303,-0.17939235276554688,0.008387565380606908,0.11629533212323884
3,0.5676087982496826,0.8899996519398088,0.22806061062540028,386.1981011776388,578.1404692865381,150.3992054783815,0.535882458593851,0.8358152620173183,0.21208470949828565,3,0.07671754218786209,0.09458927048796203,0.021978316409091616,631.1954580400228,1364.0853830108288,525.0182321447409,-0.09735535898516567,-0.12797491247223172,0.02175657342579007,0.10999751604462685
3,0.5876236626587751,0.96379017448955,0.2662705920650529,1220.9277195631842,2532.6176999527393,941.1395272806673,0.5128316320243788,0.8358152620173183,0.23015721987171575,3,0.03851056111808835,0.06944752161292479,0.02868050582758897,303.45711930291594,541.2053043598048,225.0390959482301,-0.12231030341546965,-0.13081869382027744,0.010088845602681468,0.08577637059177369
2,0.7507340218154891,0.9039697884257492,0.15323576661026006,622.376328695602,1173.0113438744286,550.6350151788266,0.717521822439195,0.8358152620173183,0.11829343957812322,3,0.40220625004032035,0.7300470766813493,0.27644841326989794,1889.3401578076682,4250.38776869999,1684.2280773749462,-0.12354446647091459,-0.13081869382027744,0.0064230366438222265,0.11133318270081811
3,0.37128783793938264,0.597498255205229,0.20890151150473335,972.2616366629204,2640.558206234592,1180.9079361546515,0.369988497584324,0.5992283828610718,0.1658143055145877,3,0.05651546738883236,0.12053899515252606,0.04539651219166715,375.1643843487843,538.6737054689879,181.4144886019944,-0.15386092635384177,-0.185410225412657,0.02308443149324132,0.10737999700062392
3,0.3022738919930628,0.597498255205229,0.20887432414942628,461.33715270540546,1175.4039499866844,505.62097515108337,0.25700701754848704,0.5992283828610718,0.24327284445805641,3,0.0471538048087573,0.12053899515252606,0.0525193278462998,335.76689770441783,538.6737054689879,236.53426096369736,-0.1525505664003345,-0.185410225412657,0.024427695373989606,0.4752028650118167
3,0.15864608954523426,0.1992928249258293,0.05106373756289322,1727.1765405342646,3007.361444398178,916.8582035776722,0.028714819765575817,0.05559168785559176,0.037806074391966496,3,0.030694092442030568,0.05476457893699002,0.02276000261194406,599.4158265638298,1269.477768516197,519.9891453876597,-0.1527202082269597,-0.15710482827553962,0.004863515488289421,0.3547341381306206
3,0.20367879001969622,0.31635790886945486,0.09026484672887126,654.6158413058662,1265.3771258772435,456.5892906555768,0.07054852090146226,0.16467862891629848,0.07153691718024158,3,0.037708413067750156,0.09844476922549997,0.04335401321918993,375.9586671793937,821.5808343723286,337.80580468557235,-0.1843767041856518,-0.19026790989553796,0.004275234250424078,0.1947944924989708
3,0.16541211995759209,0.3277474978071965,0.1151483322507103,568.5645978806792,934.2419808520831,313.90614157673195,0.039378263335092735,0.16467862891629848,0.08940423429566588,3,0.037708413067750156,0.09844476922549997,0.04335401321918993,375.9586671793937,821.5808343723286,337.80580468557235,-0.1843767041856518,-0.19026790989553796,0.004275234250424078,0.1418020859879615
3,0.17034734441344454,0.3277474978071965,0.11134056348482478,380.12353480118486,934.2419808520831,395.3640027283194,0.046255786886153595,0.16467862891629848,0.08381222527363913,3,0.01752409171033431,0.031697208610191235,0.013112026680563731,247.85429890938818,477.7800091128355,193.65530765375917,-0.1840445538949013,-0.19026790989553796,0.004435399517222136,0.18655135998640732
3,0.06758045337088915,0.0879088991693326,0.019252984252179663,251.50786607130263,603.7067249703189,250.8703123704067,-0.04861790911446332,-0.017286514190334237,0.0308904541579781,3,0.04083658553059545,0.08266922052655655,0.03110384051738891,337.8282961525784,629.0056501276314,213.57231603550994,-0.1780636048848212,-0.1816122383774052,0.0031660919144100657,0.13193208731260134
3,0.02833996552775514,0.04819921752804218,0.01628142054297331,193.99118261758372,555.2845826622214,255.57074515471527,-0.10038204208665687,-0.09118843860820755,0.007848821519522932,3,0.018767913170252143,0.042430408531095476,0.017638006581129396,289.57423493962995,749.6550940492018,328.7004071098913,-0.19073189909689503,-0.20170337757373483,0.008306037575418687,0.0679691571972491
3,0.012562826480942165,0.02850165088132335,0.011673753790175627,9.562988396843252,22.0,8.86254578405708,-0.10833449963379939,-0.0995923570136102,0.006470214725051585,3,0.032126609702272234,0.0446374172182297,0.0133673018544065,723.5665263139822,1100.7385569042235,303.72529605546504,-0.20165426689043664,-0.2056559967559851,0.002852186657813423,0.047988277802340704
3,0.01761419861452034,0.02494926748399695,0.0070334244902977225,37.47962452635386,74.43887357906158,26.45108148898084,-0.13303573039511327,-0.1306969765564295,0.002212496523511158,3,0.04033918829314121,0.0446374172182297,0.0030395333156906417,823.7312475561401,1100.7385569042235,197.17896164460208,-0.20256791824293333,-0.2056559967559851,0.0023124590986809395,0.04133135718378134
3,0.07438955291144472,0.2147757136974835,0.09930101041371993,226.80129609901027,635.9970991557644,289.7266153961243,-0.06432306778216856,0.012716607328086195,0.05638868811448183,3,0.04897027034981013,0.14344043996742822,0.06680813866764237,449.7679263610232,1215.203823809929,543.1080830831286,-0.21939165925030182,-0.22166204533417608,0.0027983711046147344,0.05943420948722882
3,0.37263011862761014,0.5105849723649345,0.12158062751826586,572.4625530171373,980.9021589917322,362.2242171844756,0.24786596628244437,0.39548018166224225,0.1680749624021554,3,0.05690092752191777,0.14344043996742822,0.062125161598885884,475.94017209948726,1215.203823809929,528.3793613345885,-0.21473468903972429,-0.22166204533417608,0.0059693146677042425,0.07071658929999972
3,0.4065369584312794,0.6025729300593494,0.21548897092141345,1179.0182951584386,2004.2476412054552,609.2411823991104,0.21626050231292704,0.39548018166224225,0.21239353303647684,3,0.05343288376082559,0.0841578325154132,0.023605608850186314,534.8648017986109,1140.3959200036518,428.9460745467172,-0.20525000079590128,-0.21433294691745097,0.008271767491336332,0.07591928373211589
3,0.25508651887594613,0.6025729300593494,0.24656385173328638,1099.2260325882223,2004.2476412054552,644.6120524594895,0.06177900251491173,0.39548018166224225,0.23670665591591145,3,0.06517802725949468,0.08628955738040966,0.027206853740971492,969.7027456594029,1927.0546062046947,717.2772491159005,-0.21136022953546366,-0.21433294691745097,0.0030943419916683026,0.11465792937513762
3,0.06103806404213911,0.08247987888979513,0.015912647080774073,663.6084177364525,1052.8602057806504,353.94662463097086,-0.12587707058980419,-0.11941270783033346,0.004653103060649239,2,0.03251717162913413,0.03831660360391417,0.005799431974780042,630.960411936946,733.306176750196,102.3457648132499,-0.2141576782512187,-0.21433294691745097,0.00017526866623227,0.10338870101423238
3,0.08588872496128563,0.13228952724677345,0.0345553948659674,1017.4010584651351,1752.1279270004525,554.66974024611,-0.08208455682027531,-0.04057852822248909,0.030307844670415772,2,0.030644986549949363,0.03831660360391417,0.00767161705396481,500.7612429147016,733.306176750196,232.54493383549436,-0.20990477284210848,-0.21398240958498643,0.004077636742877949,0.12176476984135744
3,0.22999735994044732,0.41455255096162036,0.1716341609503147,508.5671520048533,1237.0806165426193,528.0790070781973,0.18914914710730887,0.32635086069898966,0.11217288564800018,3,0.0721443113596194,0.15446107620273147,0.0630821454819778,1033.845072402136,2226.6374857569235,909.19769907103,-0.1850958463552778,-0.19503960442522056,0.009194454858057402,0.05867998544169302
3,0.3768092549513442,0.49570267972870863,0.09114079069466156,1213.4839146038746,2077.403035275442,734.2122686603884,0.2452541064716689,0.32635086069898966,0.058670732232974754,3,0.16639946836379532,0.38925194115201023,0.15922637610153617,1285.0097335548724,2627.8418426466887,985.7424890046061,-0.17908649297473403,-0.19503960442522056,0.01137152301111353,0.0493552927086291
2,0.23897367400031308,0.38925194115201023,0.15027826715169715,913.6330924766894,1715.7251062819328,802.0920138052434,0.2584083087342064,0.2969164953461215,0.03850818661191516,3,0.19057831652987903,0.29296814290136275,0.09369634113871539,744.8206599100005,1140.5262553345187,288.70610078042796,-0.2078373413516974,-0.2132641091177157,0.004678896028409104,0.04884765919616789
2,0.27283338370083116,0.297156164157961,0.02432278045712981,505.31506864365593,615.5589942755945,110.24392563193857,0.1639205521185293,0.2199001221222912,0.0559795700037619,2,0.3017745442164692,0.3105809455315757,0.008806401315106488,1788.3785938663784,2436.230932398238,647.8523385318597,-0.21083344978827512,-0.2132641091177157,0.0024306593294405737,0.05704731370262462
2,0.290124950614681,0.29370448766137247,0.00357953704669145,977.133583154806,1680.417710558165,703.2841274033591,0.09094109442819409,0.09731683641386002,0.006375741985665921,3,0.16581889334677677,0.29782946156024387,0.12377963020692666,909.5990847480125,1441.8680726428395,643.634300667553,-0.20359768689405622,-0.2132641091177157,0.007105354029338821,0.07522609586706293
3,0.1509590106568924,0.19937265047293892,0.041411659438353725,1724.2051463261112,3098.7776345154707,1092.1362827501705,-0.03573511239520313,0.0029849992254264985,0.029689909727146555,2,0.10040188204477339,0.1608728416000983,0.0604709595553249,1520.4117000275244,2427.991030877456,907.5793308499316,-0.1991457464387271,-0.20190384162994177,0.002758095191214671,0.23039388860446786
3,0.2552971019669779,0.5008753702217452,0.17464362253012664,2046.1430790350994,4041.510478833482,1493.1461832706766,0.07653429308897537,0.3028049300375381,0.16003838192588357,3,0.14309078361299452,0.15529125022844678,0.00929757810213906,1733.7957322192276,2842.021028159359,819.1897245168129,-0.19876551069081305,-0.20190384162994177,0.0023310774071072407,0.48683366684688417
3,0.8368559857724222,1.2893972286313968,0.4172083812232215,571.6466009744487,1015.6672810123519,316.84529855750503,1.0641317640993873,1.442153931402421,0.2957877876789794,3,0.223996690857136,0.5008753702217452,0.19672400771686138,1199.5335299852286,1865.4243983484857,529.1848652765126,-0.1934351404549796,-0.1980704401842071,0.005366813200008903,0.44025277746997343
3,0.9537983667574993,1.640224371586628,0.5543071126835445,1606.545798119425,4120.3648724472805,1778.048629901503,1.0641317640993873,1.442153931402421,0.2957877876789794,3,0.23380757897043122,0.5008753702217452,0.1889236597838505,982.7509183767278,1865.4243983484853,650.994894290641,-0.21058231041885758,-0.21868109500104832,0.008974269393724275,0.39761063563600907
3,0.5496901794702104,1.1708195655598927,0.4406444667974102,534.9156984523448,818.8301528145091,215.36383416885153,0.8368181306893016,1.442153931402421,0.4541413526555957,3,0.15463124962812527,0.33813733047717887,0.13387896071459246,1030.6710145330594,1752.9792029903376,563.6260632410988,-0.2138074279056934,-0.21868109500104832,0.004542661531012506,0.09648887434625088
3,0.2435471079927308,0.4355261116614069,0.18014193324630934,584.9941761247518,1254.7012278164057,515.0756796400527,0.32728080577875546,0.4487206050656768,0.08977401621704177,3,0.010929155863723514,0.02803137852171053,0.012202968506680609,47.88372287798813,112.29532021231881,45.78121322634292,-0.21656195015799015,-0.21874581537298451,0.001544226116234782,0.060375597137550016
3,0.14705970258127254,0.4355261116614069,0.20397670345125193,420.2392924693507,1254.7012278164057,590.0542674908573,0.3509412098934685,0.4487206050656768,0.06919693320469192,3,0.11934581113096805,0.32201901254748516,0.14374305865199302,172.3057174646614,398.11973870752627,162.66783787684116,-0.18365864460481585,-0.21874581537298451,0.024907524940459037,0.10441538488695579
2,0.4180628165383158,0.7173329413083229,0.2992701247700071,206.21220814971852,289.9508177108061,83.73860956108761,0.7261285775012247,1.0943015787434125,0.3681730012421878,3,0.018681715247408127,0.03538257280090243,0.012144924727787233,148.90181074608748,215.481598475834,67.45377247978205,-0.21692264726276397,-0.2247413402663349,0.006560468621478544,0.12490504515047206
2,0.6716143326569768,0.8808662739047233,0.2092519412477465,304.0827858036525,549.1684518295804,245.08566602592788,0.7734994160989178,0.8584341449351206,0.08493472883620279,3,0.06305069966004334,0.108642602545366,0.04336432533474348,172.88446222935593,317.8560829328069,124.43821801282465,-0.18371957880328993,-0.2105688995390143,0.029320759396939462,0.07093157124005792
2,0.9108787043631682,0.9408911348216131,0.030012430458444928,738.7410729726986,928.3136941158168,189.57262114311823,0.8407888749058101,0.8584341449351206,0.017645270029310545,3,0.12413328902127714,0.24288235600597877,0.08444870841249032,364.07972848492363,639.107097460986,197.16590808221676,-0.17940145121373732,-0.2105688995390143,0.03316987704843625,0.0654068107585444
3,0.6298900472482324,0.9408911348216131,0.3981328273024703,493.82738198179896,928.3136941158168,379.37310288723216,0.7752445290629041,0.8584341449351206,0.0938066784059312,3,0.08605417424060911,0.24288235600597877,0.11106224127405351,301.77801372722274,639.107097460986,261.4497090618228,-0.1990039534070388,-0.2154987715567822,0.011993668228247684,0.06847780371681306
2,1.3599196842583434,1.9125078097751083,0.552588125516765,979.5742775764973,1350.22421440143,370.64993682493264,1.1945799885161645,1.715240928436835,0.5206609399206706,2,0.37397755072798644,0.39885463977270813,0.024877089044721717,1034.9463514383895,1079.4821139676037,44.53576252921431,-0.20704495004058993,-0.21244077311002096,0.005395823069431038,0.21322813230574267
2,1.2343791014324774,1.9125078097751083,0.6781287083426308,884.4679868005508,1350.22421440143,465.7562276008792,1.111556791501852,1.715240928436835,0.6036841369349829,2,0.1994812595821044,0.39885463977270813,0.19937338019060374,541.7410569838019,1079.4821139676037,537.7410569838019,-0.21928236139568003,-0.2261239496813391,0.0068415882856590615,0.2212775794612583
3,0.26980738688232625,0.5362269703329889,0.18840965420764735,222.78222582955763,459.70118704163247,167.53205605455273,0.37627168495151825,0.4781489440903282,0.12678089511710772,3,0.031205046150008853,0.09267512056000768,0.043466892942460054,149.88379502578314,443.65138507734946,207.7266596973514,-0.21433408797544606,-0.2272045587140832,0.015347431809759587,0.08149133311447306
2,0.6124649056104954,0.6828576872721761,0.07039278166168078,569.7527444502346,652.3007435959713,82.5479991457367,0.5052648746640087,0.5323808052376892,0.027115930573680475,3,0.15081373484931576,0.3036330544210992,0.10908449150184882,489.2853540363363,862.3948502260224,287.82713342380555,-0.17600710738111866,-0.19276350550217097,0.011858848225815944,0.08360112752426174
3,0.45068036319310284,0.6828576872721761,0.2359065608889592,395.78128042649723,652.3007435959713,255.09786755498646,0.8519987736659251,1.5454665716697582,0.49085535129478514,3,0.29971299795622625,0.7726687293836982,0.3369386238409991,402.5317194854469,854.3032784838755,321.52887686417245,-0.20905392356276886,-0.2257193579332363,0.014223610955328855,0.1213982183735283
3,0.27721660822575633,0.6828576872721761,0.29004299346419865,179.6810325611735,487.2047453044979,218.18734413252272,0.827749750405268,1.5454665716697582,0.5101431099011938,3,0.03822459538254588,0.11349556833518831,0.053224867202201175,293.7095560310116,854.3032784838755,396.39976585695297,-0.22593337775922354,-0.22888593712200794,0.0023283048247800912,0.14227040440210834
3,0.34768411451756914,0.7120803055155434,0.2905765694062072,591.082945570127,1082.9203559010505,446.60924348045967,0.4120526197089234,0.6699360397094749,0.1850401939174185,3,0.015537774868666504,0.038710403152813266,0.016544946627770115,102.34658475178735,201.0542106644169,80.44744971380993,-0.21521404213212703,-0.22917114765412888,0.009881395408952517,0.08004107787432518
3,0.323585616941912,0.7120803055155434,0.2761675136218986,425.37610144944915,1082.9203559010505,465.1194485716345,0.5483417805812233,0.6699360397094749,0.10676121468043276,3,0.19519192226151552,0.4846652500343147,0.20557687918150197,157.48054143839025,184.2275748103303,19.23371244811971,-0.16769511207762547,-0.17482813887646687,0.005928933556045272,0.09185988113254019
3,0.2964352933373215,0.49488246049537055,0.16343160961289757,239.83071888885013,349.98871092413276,114.83416925114096,0.4322319593053027,0.5650563440082252,0.1006198924784524,3,0.16393579933223168,0.4846652500343147,0.22679011156330045,57.463598668770885,148.39079600631266,64.48160674045066,-0.15188168583034808,-0.16031175100201212,0.005977467582547141,0.08315103995358557
3,0.30492903763479134,0.632955775279459,0.2350122946676377,444.6943390689601,1083.1512470413652,452.8879358399577,0.5205379580883985,0.5651104581149289,0.06299677346824596,3,0.277225790834469,0.4846652500343147,0.17472151747796494,338.6375128214866,804.9109073616326,331.5596570406946,-0.13997051205559563,-0.16031175100201212,0.01511643406167777,0.0930847971112925
3,0.42434275524172343,0.632955775279459,0.1830793207434872,457.54087634190734,1083.1512470413652,442.83596439335923,0.596900570885295,0.7941441823989148,0.14976705667944493,2,0.3815741408462144,0.4733750020347136,0.09180086118849923,767.6033769452893,804.9109073616326,37.3075304163433,-0.135936053517113,-0.1363770088624705,0.00044095534535751324,0.11569497981805933
3,0.6131502242865902,0.7087738810983147,0.13057717635208033,336.27066406434386,572.8378836978645,179.50875992674136,0.7961514840095352,0.9537688279297858,0.11276127089186344,3,0.2665052795600374,0.40653637066036646,0.15985500631870658,375.9880325933441,677.5301542755701,237.5116650167069,-0.13299519810730742,-0.17870211243533587,0.03794216700105914,0.08657235415504361
3,0.3937194032825773,0.7400309028304031,0.2979899288120448,163.43259207317138,297.74954719886915,120.72488643004942,0.7411728866937105,0.9537688279297858,0.17243281892966952,3,0.2665052795600374,0.40653637066036646,0.15985500631870658,375.9880325933441,677.5301542755701,237.5116650167069,-0.13299519810730742,-0.17870211243533587,0.03794216700105914,0.09402259643639727
2,0.5409415871598816,0.655408226074186,0.11446663891430442,420.6243246175389,501.21946490208313,80.59514028454424,0.661811745456018,0.7008875796366572,0.039075834180639146,2,0.4936589496592987,0.7661715011287763,0.2725125514694776,1736.8841174843571,2927.975749939768,1191.0916324554107,-0.15403299686425265,-0.1646304038751079,0.01059740701085525,0.11562531520210918
2,0.6479041284298215,0.7608872888402233,0.11298316041040185,1140.120354570268,1219.6115146157713,79.4911600455032,0.5547667284692643,0.7008875796366572,0.14612085116739287,3,0.38582736299093606,0.5520814671552688,0.19642880516905467,697.6277347525134,982.317073823468,367.98762401516643,-0.12096145194670137,-0.1434355898533974,0.02086050626037341,0.10390298874951785
3,0.6614212629196597,0.7608872888402233,0.08716914565875193,1559.2338382931914,2116.5097940859364,397.18715874583216,0.7100030254256913,0.7437575098996487,0.02469506564311046,3,0.06560487573954553,0.16022900861900935,0.06692449144175684,173.70573433093523,408.18345936641487,166.04821640055937,-0.10021821848712996,-0.1434355898533974,0.03412849664914969,0.0793444597112509
3,1.3077588040595607,2.6782570682500864,0.9709647316962825,2893.699924642886,4519.978716198285,1298.6349110293268,1.3731341554661125,2.690280969757921,0.9316684849186866,3,0.11351973115402926,0.21562955545139667,0.08783849571143187,230.12380523462397,377.8412964143187,163.30526695657593,-0.02637974153278727,-0.08451046230144414,0.04180581335796497,0.25694345711744726
3,1.3896900944305368,2.6429225504501224,0.8951161257554169,1179.5229430086322,1630.0987535084528,489.64768948074584,1.4280552324517404,2.690280969757921,0.8971659427201746,3,0.3683801403593762,0.9930312031579762,0.4437843973175476,712.3457848307107,1506.9729987760902,614.2027494034809,-0.0914594765665742,-0.10602135662582166,0.010300370150567936,0.26467251696377725
3,1.13341909155097,2.367929070593009,0.93246371014887,358.8021750910172,498.85786555410687,100.20578345905516,1.2802994672979076,2.690280969757921,1.0334621848986663,3,0.08073386319081521,0.10775876994337236,0.024151633710209293,244.98192237141993,379.70758137267933,95.37420438182582,-0.15007079105871532,-0.16398253112001693,0.010540353285423559,0.3135952590948477
3,0.12401535668700508,0.24935158337858557,0.09843599171652895,231.29703074882673,349.51606957594225,137.45607794878583,0.1515244648261461,0.23965413273889574,0.070151024779741,3,0.08073386319081521,0.10775876994337236,0.024151633710209293,244.98192237141993,379.70758137267933,95.37420438182582,-0.15007079105871532,-0.16398253112001693,0.010540353285423559,0.07035299025725691
3,0.1805770950282316,0.27016758126803764,0.12078860016475011,257.75531374562706,612.3874284029848,254.25571073296865,0.22131651301945351,0.29402040325712275,0.06809473912116056,3,0.10798996817928856,0.18534647348649252,0.057126788087031886,597.0205430198803,1428.8998659009499,588.273808352156,-0.12069703879716605,-0.1477513191367682,0.02103573188835981,0.08634392933695835
3,0.2605560031436757,0.3838120246287318,0.10478267715027133,738.9561783298067,1538.9789217620041,608.165635287832,0.24450757785840524,0.29402040325712275,0.03859851489118413,3,0.15919848192212033,0.18534647348649252,0.018732991332040635,699.0692546380457,1428.8998659009499,516.3250676062647,-0.09202628806883222,-0.0964553076133272,0.003131832998502469,0.09503861863807252
3,0.46563767017838337,0.7443398902101637,0.3106899480841253,368.59953437626564,827.0673034125823,335.0284028063294,0.6299927147701803,0.9908143548768913,0.268082947439784,3,0.09762710720349026,0.14981221568961717,0.06865171345444444,224.10263267106234,354.09943234574826,156.4857799443386,-0.091673345681428,-0.09539648045111457,0.002632705286273834,0.11276388896576457
3,0.6211822154163583,0.8704434874757052,0.20322550188570795,548.8701298312463,827.0673034125823,198.23221092135017,0.650742079177431,0.9908143548768913,0.24710339185158514,3,0.3394331404263082,0.4188780193308741,0.056985708080508325,883.0042263401805,1627.5141233869938,539.7895678597268,-0.059439218672799186,-0.08813903121144713,0.028781606140212503,0.10331008410992491
3,0.4317695804617219,0.8704434874757052,0.336644734112452,298.20744341375826,439.75092976991266,159.66299635022105,0.5932380798637844,0.9908143548768913,0.2814550521235761,3,0.04861887919041435,0.10427232144553467,0.0396710370217278,174.56938140397162,316.1085972175606,109.0119406217154,0.00039948818669370556,-0.0142050142742772,0.016932968112128157,0.10155300406238096
3,0.29566862884348083,0.37264629050213394,0.0852855609959222,675.8823758822715,1502.6119948864336,592.3764156050172,0.3989917271740659,0.4225657571353686,0.025624844356799917,3,0.10086045458883856,0.17137623759544243,0.05901811558833141,321.212450595357,490.8102453785343,136.44011882347954,-0.003197611933156754,-0.0142050142742772,0.011909277118516021,0.13390183733775854
3,0.2196078241964077,0.4367707714096458,0.16266857863332293,1653.0149830790788,4700.25270265008,2154.761303476117,0.3523170519172774,0.4225657571353686,0.06236130391872366,3,0.1396994931228784,0.2207894370476542,0.0822502708368512,887.4225599965131,2014.7389254210289,808.7174879040792,-0.006830579149003101,-0.019632474656053063,0.014437856948258868,0.1402177439376253
3,0.21941546419043154,0.3187454984649067,0.07244826197132437,360.50663506882773,753.1223605244705,286.8076772536304,0.5108524590552171,0.7187031630058098,0.1475262772641414,3,0.1182791050637018,0.2207894370476542,0.07548656897447638,717.0328815122344,2014.7389254210289,918.1461154500107,-0.007427514888956076,-0.019632474656053063,0.009929954227549937,0.17414102451131452
2,0.38340925164582457,0.5753129600016613,0.19190370835583676,524.6927008436144,796.9957302061275,272.3030293625131,0.5634914547903467,0.7356944525562206,0.1722029977658739,2,0.08528155618561618,0.16176339412925594,0.07648183794363975,241.18289759158188,470.36579518316375,229.18289759158188,-0.024941726297573283,-0.02577468388471514,0.0008329575871418599,0.2452662149608306
3,0.25609060509521075,0.5753129600016613,0.23868688912347408,350.46180056240956,796.9957302061275,331.88166529492514,0.474935438673288,0.7356944525562206,0.18829122197831,2,0.07921636913278315,0.15345898678395553,0.07424261765117238,228.40794469756577,432.81588939513153,204.40794469756577,-0.028124949821760215,-0.03047521575880529,0.002350265937045074,0.20393897397516664
2,0.7386295633989226,0.8330327764755353,0.09440321307661265,802.3305261033469,1212.2035205457205,409.8729944423736,0.7262339779327176,0.8525302873277303,0.12629630939501268,2,0.15017629093275886,0.2531871212229158,0.10301083029015697,267.061069541154,306.46070124463836,39.39963170348439,-0.04562958326382856,-0.046970484743051974,0.0013409014792234164,0.08539250223930078
2,1.0592709397997384,1.285537475123485,0.22626653532374652,1260.835970867296,1309.5158049008742,48.67983403357823,1.108078365896614,1.3636264444654977,0.25554807856888373,3,0.12782121897383772,0.2531871212229158,0.0898535062715349,391.4433998830912,640.2080605669657,178.82062387066847,-0.027910396779506463,-0.046970484743051974,0.025082619822970803,0.07729042947275158
3,0.6443285397943741,1.285537475123485,0.5235031896661796,569.3244455206158,1309.5158049008742,546.6563773342258,0.8525912858155357,1.3636264444654977,0.3613639922210489,3,0.13175816185113007,0.2531871212229158,0.08804890154026204,233.49117736358417,306.46070124463836,57.34773439762725,-0.04133923726645084,-0.046970484743051974,0.006165453382011122,0.08768227932835972
3,0.5842838239653366,1.2801088785193155,0.5275655223393796,284.1767733482271,449.68282014846164,197.87981316843553,0.8392189428186838,1.3636264444654977,0.3710777757393377,3,0.12905324363805282,0.190280519429597,0.0433893896660151,359.66471096808203,543.7982468429012,154.2286898661119,-0.03787601143059439,-0.11572982890770671,0.06158458183326287,0.0761149740902503
3,0.2970658065036706,0.751624045441768,0.32391818429955915,182.49928916281195,386.6155578783058,153.88463657131825,1.0882296276068766,1.6313795027268605,0.3956046633161864,3,0.09876431048038921,0.190280519429597,0.07605972539993251,306.2142466319338,543.7982468429012,223.97715568317494,-0.008849877928855462,-0.11572982890770671,0.07599193433211882,0.08013541551304174
3,0.3479093701152742,0.751624045441768,0.3093416026774854,190.42905567059879,386.6155578783058,156.35445224409227,1.1807713364510317,1.6313795027268605,0.3190847867061648,3,0.1891453603876586,0.45640099751033836,0.19274479421205276,186.97152042890278,368.84449305290036,143.50074970140855,0.05536310922120746,0.034860339887618955,0.014587050263022764,0.08123125723438394
3,0.5873641198003475,1.0209997568474938,0.43070316095525846,252.46081785537604,382.5392665467793,177.14677426762708,1.2584766779703456,1.6313795027268605,0.2717369146564214,3,0.23461693337033773,0.5822543032956963,0.2486562933035786,199.11016558476808,564.3402758550512,258.4581241016047,0.13034859822270298,0.005443661646883839,0.08993060636899515,0.09735868424126279
3,0.7179400586744181,1.0360728250501525,0.2253149992398773,317.7509582095676,665.4878084925887,252.57193585250116,0.8794344989568499,1.0054177529839665,0.08909192493695042,3,0.33190871708018455,0.9792019288575959,0.4577461599711548,181.69225066337563,437.72728768914817,185.89554967134342,-0.1152528920803123,-0.16126861670716025,0.059896622466127515,0.0872493197649138
3,0.5071541329257161,0.5744919513930206,0.0742458249797998,283.4923549219589,665.4878084925887,270.57133255040947,0.8776173757529563,0.9999663833722856,0.08652237152354336,3,0.1384500387253984,0.3430396917872749,0.14736584901955993,187.15189737532341,422.1486442994126,168.1809563352521,0.017202568876734308,-0.16126861670716025,0.14183927091907572,0.08880431639697749
3,0.17056109214225412,0.48193717071773146,0.22017714819007378,115.696723294003,337.090169882009,156.55093663956407,1.034692217839644,1.1093711419687513,0.05284907650424638,3,0.19724947014405583,0.41903231378838385,0.16288546530160103,273.7422550214569,493.3639497553521,166.56666508573736,0.22525088879400088,0.21794659328145488,0.005250713365504027,0.09670149922233172
3,0.4326407825440233,0.8002947221457234,0.32220445321961017,176.2520533714827,337.090169882009,135.3308090163777,1.1537560184193614,1.3519305299170474,0.14707640430832222,3,0.11435187875807497,0.1402727022534091,0.0208609754456966,242.24696016486575,397.0431025020556,124.57469662906243,0.11164326379749995,0.03666418814608631,0.07725168503681148,0.10081961054942602
3,0.5995324346175931,0.98874630694626,0.3962872812150633,234.3562641595447,383.3761833534678,144.781586197365,1.2368594304218516,1.3563334943161305,0.0890070279605849,3,0.04281810966244392,0.10352546099323501,0.04324726222537165,66.73137342245822,164.01356836763978,69.74431860425452,0.025154321174552328,-0.012500508043129391,0.0338302407421842,0.11372627602962987
3,0.78517971605278,0.98874630694626,0.15509993060874996,256.41462728734086,383.3761833534678,115.2517942220337,1.068231111692227,1.2114420369052643,0.15652427840102015,3,0.1380117740882787,0.29160713124338045,0.11397046972409638,225.3809872084568,508.12939325773056,210.3347829183911,0.018426066134376043,-0.012500508043129391,0.036409078647013704,0.11063024418090453
3,0.403595551627773,0.6126541771000309,0.17388167687033707,171.77362649935108,221.97455937777272,49.501445955002964,0.764726317176787,0.8504485381272567,0.07688440845754925,3,0.37477705788114407,0.6926966036789018,0.23316479007556426,629.1927441227867,1002.1964777606436,269.110929235611,0.07128300062450982,-0.001763020738770109,0.05434882194382867,0.09480624135303721
3,0.16261400307627752,0.17614345163938908,0.0137978836408838,330.70664037624834,479.7789374795241,114.19897202611021,0.41419634663761173,0.47640174001014934,0.04412701888932477,3,0.06685736742471313,0.12275167440333012,0.04146721079235265,48.80797050292961,102.95626407770237,39.8969187335267,-0.16584451744904283,-0.1946227902124044,0.020934730864625162,0.14831081965442539
3,0.2585812546641868,0.4453577800952548,0.13502188127663856,726.0084740803009,1353.7611519835925,489.2759402565058,0.33992197440985983,0.3575473715218683,0.012704049934507786,3,0.15020090590947507,0.2413027063525761,0.06609248037542165,347.2476559285262,805.3398528748041,324.1591837842146,-0.182486902029687,-0.1946227902124044,0.00860639571247086,0.4309786723923941
3,0.24651542701418594,0.456334006166764,0.1858912787250314,351.33103434597115,841.3905446452466,356.44943021535835,0.27876111339450454,0.33412562457220746,0.05650476833761817,3,0.1622442578274482,0.2774327621064955,0.0827806903765017,556.7405166191746,1433.8184349467492,620.312649709024,-0.18475305207235795,-0.1946227902124044,0.0072937328434929,0.5440989222872515
3,0.2060529389492688,0.456334006166764,0.1783657233699167,322.65628126476,841.3905446452466,368.4995499540959,0.42076501530870475,0.5112108332546808,0.07234481990027379,3,0.2726959786094838,0.4287318650145004,0.1293799138860992,1233.041407964296,1687.1000980203562,474.4437180842009,-0.1872882657438101,-0.22047092896692472,0.025339163957471416,0.43178495220042973
3,0.11875793794461885,0.19444900315281421,0.05795337475665337,117.29467303222471,225.30571994764068,84.15755130590095,0.4764921255883999,0.5112108332546808,0.042290292531228686,3,0.256614865758201,0.4287318650145004,0.13078234207380884,1086.6702538201964,1687.1000980203562,457.35100396787897,-0.1872882657438101,-0.22047092896692472,0.025339163957471416,0.28256875346024746
3,0.16299676746249453,0.30324839846769336,0.11873957392237594,300.37958659252985,457.2175272231418,171.89427650700085,0.3576949258596105,0.40370614386934,0.03253535557527302,3,0.15263943810597413,0.29072870932183575,0.11911038927646952,266.15810583562035,476.1176572377699,196.24353472599313,-0.026895199629816152,-0.1600999313222472,0.09420115639516892,0.061423455611058865
3,0.17200663028930796,0.30324839846769336,0.10914480006191933,295.2756885073198,457.2175272231418,184.76177333732622,0.39263185361547387,0.4392767023604194,0.04332005242313636,3,0.02888363713583437,0.05745153015204081,0.0202033864583696,112.04928606407871,171.01713456473112,57.60235920930629,-0.02214582802694133,-0.05167974452274643,0.0253557504020373,0.05951230649196519
3,0.1833423526014942,0.31925568873748017,0.11590910985523985,481.68786252244195,848.6089018595542,336.0154735702566,0.4229330730465153,0.4410799012446289,0.024399544068079457,3,0.02888363713583437,0.05745153015204081,0.0202033864583696,112.04928606407871,171.01713456473112,57.60235920930629,-0.02214582802694133,-0.05167974452274643,0.0253557504020373,0.04964008816429695
3,1.8746232850848374,5.494833205506737,2.560384917095944,291.1392044212547,808.0728302297679,366.38420246149985,2.659162400476573,5.833067952747607,2.2504253455502763,3,0.14991244344214535,0.34379281226250946,0.14070451009050391,513.1212096085203,1267.130778231989,539.6589986640176,0.009828825303003035,-0.01651662861609787,0.021347837341416768,0.1383409703048886
3,2.337096590814848,5.494833205506737,2.291549420382654,505.70676664375,808.0728302297679,319.74376125003187,2.918964159163018,5.833067952747607,2.0661907424440726,3,0.08445849953646863,0.1585663447018707,0.06369891681583786,356.013465113495,825.6990705486971,345.6225205732084,0.046346940202183086,-0.01651662861609787,0.04669813700312415,0.21348087679441918
3,0.8023557733504582,1.3893564188421978,0.5596017743259702,412.95306309176453,645.7026866674858,275.59606248559317,1.670148726836142,1.977638437688086,0.2426128335754135,3,0.7003731159491395,1.125697253908545,0.4762909722089295,1055.7122182391754,2387.201911899332,977.2206461566543,0.18805153569310762,0.13658895210675087,0.05176733646142379,0.2546620310505659
3,1.0664045441631937,1.447913478673949,0.3383148346926597,2517.8388462907064,3902.3295741821894,1491.4798491528338,1.4133982487709122,1.6482334538769963,0.18112521212185648,3,0.23899503974692074,0.4853823173217602,0.1753174501897459,245.0399086634986,400.52381817072654,128.5366307013512,0.15364778877435992,0.061296609832263,0.06530340367614713,0.29964009856629886
3,0.7163582140187205,1.042899553254717,0.23837003650730823,1092.2596308054856,1825.5453164927233,566.058315785511,1.162858093248646,1.3845742889433434,0.201682383726658,3,0.18159741609013635,0.4040757971109631,0.16721222086257775,172.63125204182919,267.0417492118164,120.88282152906015,-0.004856884771450363,-0.1759157134106318,0.12198707146358519,0.28105449205356564
3,0.27401138035074085,0.6256028999070875,0.2488726528194645,182.10838586540993,447.49432810013207,189.62922365261915,1.1837947248446432,1.3205010709875684,0.12239399467474613,4,0.11794419939007258,0.36386676279482577,0.14782555413418474,151.39009169588869,354.9496035311795,154.22244498135012,-0.043219221958967255,-0.2115321941541233,0.1511172675006821,0.24768779471134633
3,2.17556836425761,3.605550056610461,1.5116890318112612,281.5481935463782,464.06903943390535,156.06064756923456,3.208457810257528,4.646935432844694,1.5706170803014752,3,1.4568319660921925,3.903486406297316,1.733317189237081,358.3032756274715,473.34946009885994,92.5960564290136,-0.11199747199604881,-0.2115321941541233,0.11648973316892566,0.30277460737773737
3,2.17556836425761,3.605550056610461,1.5116890318112612,281.5481935463782,464.06903943390535,156.06064756923456,3.208457810257528,4.646935432844694,1.5706170803014752,3,1.32540312084767,3.903486406297316,1.8231030304211548,263.264252751457,473.34946009885994,171.4571664196764,-0.03154938971514829,-0.151318457237162,0.08676797650924052,0.3053716132900395
3,0.686948703406598,0.9101796189985769,0.16364248549987365,899.3843799192277,1589.3937722346413,491.830144209153,0.793241617113452,0.8704272459612806,0.05468674394175423,3,0.12795275427313152,0.2588164627982019,0.09253481978343639,361.2465529487178,624.8421328678082,188.4016673173961,-0.1695693446850709,-0.19054916525978283,0.016131695922354302,0.1621884812067542
3,0.5096634518820777,0.9101796189985769,0.378928335978418,710.7008275432901,1589.3937722346413,659.1080241112088,0.5589595393415344,0.7588611617614149,0.1481151877862755,3,0.2026399051988156,0.4891940377937114,0.20264334272011336,510.62943985336,1108.640234395704,423.0543000972419,-0.21084649754483342,-0.22906820482670612,0.015793675245804644,0.13775894329653893
2,0.6456425107123056,0.6735452151607587,0.027902704448453164,588.4299731365488,636.1376032151882,47.70763007863928,0.432045716861045,0.459273750006249,0.027228033145203973,2,0.05137272696270778,0.05596676134598874,0.004594034383280959,188.777149897504,227.42684152024253,38.64969162273853,-0.2274398223468102,-0.22906820482670612,0.0016283824798959123,0.10614294660487562
3,0.49602849762551315,0.6735452151607587,0.12806735415315948,524.2707084640464,636.1376032151882,113.52230684245346,0.36379098337588117,0.459273750006249,0.07151979861026671,2,0.05137272696270778,0.05596676134598874,0.004594034383280959,188.777149897504,227.42684152024253,38.64969162273853,-0.2274398223468102,-0.22906820482670612,0.0016283824798959123,0.07194596276566143
3,0.2883510576953833,0.4383785307533264,0.1700842450864176,344.3783447539099,568.0634844216639,193.2921078520288,0.2794344335136594,0.34494429416424666,0.056902926762101624,3,0.08663225573126548,0.22535085339926317,0.09906548780620507,1051.525205748928,2449.890526833253,1028.8866821989607,-0.21147497285987027,-0.21476955660160282,0.00243118885101118,0.0719206263145342
3,0.1471169471921827,0.23227418435559866,0.10257756218661401,840.5146285541005,1681.8725250924876,684.5928104540518,0.07457119512488897,0.14680164721654831,0.054642038451098676,3,0.08878993209278663,0.22535085339926317,0.09721437193627278,1106.034336359942,2449.890526833253,974.8594354722773,-0.20883907590148718,-0.21067933075296527,0.0015614795073151647,0.054600691768884976
3,1.1500850686708277,2.5145872343731677,0.9660363143522589,310.1189495180758,482.98831373905887,161.88306540960807,1.6633697978998614,3.5219986205642924,1.3813158012598508,3,0.0708765361424546,0.21140478642697197,0.09936936463113803,1182.415826752692,3483.5122937619653,1627.2475964146474,-0.1990271237861928,-0.2081308835585921,0.006696142435597632,0.24913945644464527
3,1.5323732302357673,3.6936582012904804,1.5294775436025816,703.6294861665259,1769.5378961494748,756.3270875891211,1.868693516610051,3.5219986205642924,1.1818994374162382,2,0.4901236909644134,0.8397773646863893,0.3496536737219759,714.7125931390234,1044.2443226540158,329.53172951499243,-0.18419642225343108,-0.19673326378067407,0.012536841527242978,0.31952156802976833
3,1.8298654208015916,3.6936582012904804,1.3523547518775434,1581.3583460552934,2880.8387487836403,1145.5992602681217,1.9655045569300735,3.5219986205642924,1.1019882680796458,2,0.7297130112225075,1.2913753640690229,0.5616623528465153,1880.7337835338244,3505.4493423754902,1624.7155588416658,-0.18376688985182826,-0.19587419897746844,0.012107309125640162,0.3135716446904653
3,0.9628353414444139,1.2694557947046468,0.29236786030357736,1185.271750687792,2880.8387487836403,1199.9171099094283,1.042716711685834,1.2761844902184896,0.22863779631817913,3,0.6080869780443207,1.2694557947046468,0.4731341218652304,924.3277656333453,2268.4425007306527,954.315557361161,-0.14287290599905428,-0.17165958072618812,0.026752082863504084,0.20743877499126845
3,1.2093756225274326,1.4259245015803015,0.16342356521389031,940.5881484362045,2008.8154980757195,756.7030634531474,1.268923405232046,1.4108699421348136,0.11897402675052364,3,0.07428346941363669,0.11824754213916744,0.052390448591681765,252.6817831034198,471.05976062542186,180.13542690509192,-0.19116296891253357,-0.19843691396553284,0.00832980455470526,0.1467883479279313
3,1.302613068417099,1.5156335643672814,0.16881114762516433,1330.680223764257,1772.9771203009736,441.20200557588635,1.3356785513048834,1.4108699421348136,0.05609425021208558,3,0.07428346941363669,0.11824754213916744,0.052390448591681765,252.6817831034199,471.05976062542186,180.13542690509195,-0.19116296891253357,-0.19843691396553284,0.00832980455470526,0.11268267647963293
3,1.1308416749623238,1.5156335643672814,0.4739749664808594,1620.481100358642,2548.033671168923,710.3052473388465,1.1912264606026666,1.4108699421348136,0.24913341995791954,3,0.6416703898864707,1.4247448437938148,0.5899967807828744,1739.2650788563813,2988.3280686438547,1250.8697116192204,-0.13232859454044335,-0.19843691396553284,0.046960008526899626,0.10903385285226068
3,0.4213928795882314,0.49949304471077216,0.08170412648496984,2655.392890536718,4900.413013929872,2001.114105178803,0.7123996173035407,1.3199812215613471,0.42963107402946227,3,0.24282331107803767,0.5051753003074584,0.20046850979799433,1975.6172711398701,5267.352744496117,2331.585594239352,-0.08757643883487676,-0.09378524742332951,0.005297535834627171,0.09549072214380866
3,0.4812290086365989,0.5542979674842646,0.05349061922673986,1482.4627369138882,1897.8778432545487,357.56091720780944,0.4304760504547369,0.47421052101493566,0.031008205576184316,3,0.2756416295816518,0.500039205216713,0.16221054820305825,1401.8161213281498,2912.155867781529,1074.9877304473666,-0.08586440713796162,-0.08864915233258411,0.0035590218845383886,0.09244625008551115
3,0.30927618573771304,0.5628596733475197,0.23095468716093598,1607.62655317438,3196.9226038716315,1303.5445807629123,0.39608453609855315,0.47421052101493566,0.08329521713137054,3,0.03311775154616675,0.04195208821346254,0.011536666429364871,310.0207711529568,440.29223608016855,145.32242864736716,-0.09779440298932278,-0.10880652448750038,0.008150981823623843,0.14368463200584833
3,0.2910858491361676,0.4349060144673726,0.15396724404505224,853.4941035873335,1621.9570556515082,608.3212660540017,0.28349201944276325,0.47421052101493566,0.1545822457161492,3,0.06075564592789601,0.11962867947106237,0.04240613417448671,1638.5988415537897,3700.270541538216,1494.2861345773426,-0.12011721791893369,-0.12413884035452552,0.004385885066478662,0.17245355295898876
3,0.11595685189293521,0.2578154114679448,0.1025191736363279,419.0971127045127,658.3507422126995,235.7560417739862,0.09534073973447928,0.22291316783787832,0.09489188559010733,3,0.04110448403669208,0.07675345774406496,0.028561667948309298,999.2921218125165,2324.9651486748853,961.7690138461463,-0.13224618652973053,-0.1456529866647546,0.009549093571945886,0.18156824755742054
3,0.15970939949421864,0.29613629500128336,0.11313944191245165,894.1706869717782,1553.7499433545436,601.9113961492974,0.13163196122086376,0.22291316783787832,0.06626577672458252,4,0.019152916912797382,0.03972737749697952,0.016079528983888074,288.2324987460868,599.9754812164889,254.74898599731023,-0.12531733030056363,-0.1456529866647546,0.013973361269289747,0.10633181485119719
3,0.148199114806417,0.29613629500128336,0.11372986314404714,602.5479779613573,1030.3879220708016,408.6203115066024,0.16345230681483755,0.22291316783787832,0.042182818593904874,3,0.1068681576984128,0.17359145916366378,0.06875040592399183,801.0179799409783,1496.4604142042754,539.6576041062095,-0.1233189728458501,-0.14031121225062365,0.012262198712913295,0.04865661764798055
3,0.14029228554917883,0.2164983280122468,0.05812890048928624,1294.2377721363944,2624.6100193327507,943.974152304091,0.12590227123116207,0.14382409086575565,0.016328219622644358,3,0.10668674353559486,0.17359145916366378,0.06900007279053859,767.8348502106145,1496.4604142042754,578.4264580272784,-0.12053593318863624,-0.14031121225062365,0.014016174136543874,0.04979535301650738
3,0.14029228554917883,0.2164983280122468,0.05812890048928624,1294.2377721363944,2624.6100193327507,943.974152304091,0.12590227123116207,0.14382409086575565,0.016328219622644358,3,0.04341871851729464,0.12739012830651875,0.05938636515640977,232.39674827378892,671.4488489125417,310.583571555754,-0.12329114744880006,-0.13824071691035827,0.013612980294575252,0.03399593134073404
3,0.25680413616965947,0.3753740033902529,0.09826159961197867,1569.055404073187,2273.774352442167,498.31193406867516,0.22651546349447202,0.3465537185519249,0.10818077528562625,3,0.0744130234300715,0.12739012830651875,0.041669451405012464,382.88596699884647,671.4488489125417,232.17998007285627,-0.10455512535516713,-0.1263212486496375,0.017248530295803463,0.03523488656448209
3,0.30469450832566475,0.3966326897463038,0.06502250001128924,1412.0623053100128,2565.6961240702685,872.9559621799862,0.2566859851869978,0.3465537185519249,0.07032278451780974,3,0.021384805708760907,0.03846527031609108,0.015933647060594355,133.67334719669654,296.09864679952886,122.0184834220358,-0.10185624618475869,-0.10684760589717483,0.00472526862751186,0.050908559598985687
4,0.24514263431015298,0.26027988195279617,0.013665907779466168,979.3909590625279,1903.0399182089147,630.1215589695626,0.18350448804082645,0.2486409231530347,0.03891303245942843,3,0.1824887467433526,0.2788949782095318,0.10376949655428325,1117.2104293904163,2576.8330015375413,1034.7976679864692,-0.1017782868856348,-0.1151642178507285,0.013484279671071983,0.04657194586093859
3,0.24079666255639662,0.2571709532778942,0.011757428498875193,1092.2850557914123,1903.0399182089147,603.8654234389123,0.16179234300342368,0.17486331385603382,0.01154540998624653,3,0.0967113679464409,0.2788949782095318,0.1288958601230802,894.7699020861436,2576.8330015375413,1190.1481868537787,-0.11283251981753684,-0.11648573570470713,0.004266223805287538,0.06952926696314012
3,0.05242808653049195,0.07263318566006699,0.014870338879478355,418.9706508038157,1063.476682587528,456.2097244090664,-0.05941055824130028,-0.04065736378012764,0.017109869160508488,3,0.026068703747468832,0.0561755981682993,0.02287426700535455,152.95814918894862,360.051398245467,149.70975296868937,-0.17078112072809584,-0.17912744117307844,0.006051106365199422,0.059221849724373145
3,0.11156315072361395,0.21839222107915102,0.0889011770466816,398.43139934502796,890.6852660072019,369.0770781617592,0.0009439171032568453,0.1002929328815374,0.07033951524559118,3,0.01909786053132069,0.0561755981682993,0.02621791979732873,124.68379941515566,360.051398245467,166.44804982207867,-0.18532830741275816,-0.19198770470665344,0.005260182670086008,0.07702364796594635
3,0.14104283716512878,0.21839222107915102,0.09908984224059707,177.02202945101547,302.608932027882,113.83578061518925,0.12773217417134566,0.1453415361641194,0.01966068936861177,3,0.01909786053132069,0.0561755981682993,0.02621791979732873,124.68379941515566,360.051398245467,166.44804982207867,-0.18532830741275816,-0.19198770470665344,0.005260182670086008,0.053738855777314395
3,0.1404622804496779,0.2166505509327984,0.0986390364862288,265.58826318544254,568.3076332311632,225.59268250384983,0.1420289188611004,0.1453415361641194,0.003279156826864729,3,0.01257007482635795,0.03659224105341108,0.016986236766304,48.34363464646349,131.03090393939047,58.52001581989287,-0.1822637418275069,-0.19198770470665344,0.009190134315069808,0.04957217693661639
2,0.19313372222805572,0.2166505509327984,0.02351682870474267,347.37801241070264,568.3076332311632,220.92962082046057,0.2663820024365393,0.38958083792227705,0.12319883548573775,3,0.005292492207623715,0.012992158234112317,0.005483432183893231,43.74939062295562,119.24817186886688,53.41066982800017,-0.12041745421709558,-0.13136809328011723,0.012195466905715595,0.06225213280544513
3,0.26451086886577235,0.4072651621412056,0.10275255850425175,726.8529066693936,1485.8026951867755,566.1645717597235,0.2734578940564669,0.38958083792227705,0.10108794122509622,3,0.060695388766396074,0.1758771905560621,0.08144887996754524,527.2770919812375,1509.4632661988157,694.8916456296249,-0.12346388360725219,-0.12648149115187762,0.002842253048589666,0.08460812037499124
3,0.7069222654566382,1.3187942748623065,0.4326892198974766,750.8232014317686,1485.8026951867755,546.0413496877867,0.6987505660361251,1.168648146951087,0.3620740788930973,3,0.3136372371843273,0.7906166787205764,0.341323083232663,662.8616448192523,1758.4692267238852,774.7304603979325,-0.14332517247983492,-0.15062280485961008,0.00998524566762894,0.10135970917770266
3,0.6995357254793375,1.3187942748623065,0.5384993719317174,1043.9186368694016,2527.250354702379,1074.5992715838336,0.8272406534801903,1.168648146951087,0.2417891359367413,3,0.5361484675540066,0.8237027444881279,0.37192360286657106,2203.329088682711,4153.1516813392145,1648.4757686392902,-0.1448528131162727,-0.15062280485961008,0.007825359156754964,0.09076136209971139
3,0.622473266770741,0.9893486478612694,0.37683263425866337,1647.9221706776189,2527.250354702379,1103.6287347576454,0.7868497063676716,0.9615758056982853,0.1327561638259718,3,0.39381178314741616,0.7737833804389548,0.29560790109529683,986.2468942207394,2335.1483072319747,953.9177796100336,-0.13120062195082394,-0.1463420235644306,0.013544093628060179,0.08684668017457503
2,0.16301204642055145,0.25055948475261086,0.0875474383320594,354.0092478555175,472.69849739085504,118.68924953533751,0.08928287368603599,0.15739653323218228,0.06811365954614629,3,0.12413124412352335,0.1519960770845581,0.03453163877940453,734.9283249842415,1183.2360859438688,365.76344717729415,-0.15420668954013536,-0.1640572192949476,0.00876149560989173,0.06827631710214639
3,0.24302606355946302,0.511159701079128,0.20924804322725626,265.31877178889914,509.7676289931105,206.82306310451156,0.24200706234840288,0.527773724779971,0.2031037297449119,2,0.17956838484170798,0.1852264334348373,0.005658048593129322,2711.7834454362146,3796.5496682486482,1084.7662228124336,-0.1622211251667613,-0.1640572192949476,0.0018360941281863052,0.08069798912744958
3,0.46293375749751525,0.6410050904520342,0.12631235351386594,678.6098616555032,1316.0222840129463,458.6014010832399,0.36160815180327854,0.527773724779971,0.11857778332559321,3,0.12843206419349243,0.17391033624857866,0.04470639106490974,932.3628210587581,1627.017222623781,564.3613695250843,-0.15649665244329172,-0.160385031038575,0.0029294949853512385,0.08925246754128913
3,0.46293375749751525,0.6410050904520342,0.12631235351386594,678.6098616555032,1316.0222840129463,458.6014010832399,0.36160815180327854,0.527773724779971,0.11857778332559321,3,0.04488212333109476,0.09431545628160193,0.037944810094379826,373.6949145106009,759.6241846422116,301.50348194593187,-0.1457679661817929,-0.160385031038575,0.010596261336833007,0.11349819179896542
2,0.4232013139607791,0.46025030252422294,0.037048988563443824,396.44467186618306,536.6771609931877,140.23248912700464,0.3393312079109436,0.38057208652506536,0.04124087861412176,2,0.05442387812569764,0.07690545858389006,0.022481580458192416,765.1441791268002,1227.1759910072394,462.03181188043925,-0.15687558393858028,-0.1589590183555038,0.0020834344169235186,0.14770188910866505
2,0.2605024893478487,0.48745924578025096,0.22695675643240223,294.99162640223904,554.627449973822,259.63582357158293,0.32751759757435367,0.38057208652506536,0.05305448895071169,3,0.19171313764740106,0.46629165669080785,0.19502212489860576,1128.6560978338396,1855.6799352479188,637.6499250193331,-0.16852657198144216,-0.19182854806716587,0.01656456591833608,0.10343582443814518
2,0.5895078166296597,0.6915563874790684,0.10204857084940874,1682.1476585106386,2809.6678670474553,1127.5202085368167,0.45103808644476806,0.5215040863644708,0.0704659999197027,2,0.302573738667741,0.5724006345922312,0.2698268959244902,1548.8145392340568,2759.3533360918677,1210.538796857811,-0.1809404245908818,-0.19182854806716587,0.010888123476284067,0.12783079007065526
2,0.5436614976503072,0.6691223659056198,0.12546086825531252,656.7025734246796,671.5493216349205,14.84674821024089,0.3975597952106733,0.5215040863644708,0.12394429115379746,2,0.04969397979552821,0.0992078655111642,0.04951388571563599,179.52790561122924,352.0558112224585,172.52790561122924,-0.19507240953500718,-0.19533433101705838,0.0002619214820512028,0.09294135894884681
2,0.3431825368019569,0.3710823119836615,0.027899775181704584,707.2024059996877,873.6789761540263,166.4765701543385,0.1533449338339541,0.157682947768691,0.004338013934736887,2,0.21175062631037161,0.3779575346059193,0.1662069082955477,1425.2896804179595,2552.883088155908,1127.5934077379484,-0.2211749894608363,-0.22895061470670208,0.00777562524586578,0.06252274524520998
2,0.27496917471536725,0.3710823119836615,0.09611313726829424,488.42808024798506,873.678976154026,385.25089590604097,0.15144254059616608,0.157682947768691,0.006240407172524914,2,0.1279209701918922,0.13532466404375207,0.007403693851859891,850.6082588895721,913.9713761137841,63.36311722421203,-0.2272883775374863,-0.22895061470670208,0.0016622371692157911,0.07631834417974051
3,0.23032283025407752,0.29697112126291736,0.04940075351615082,323.30080270426294,675.9288607992448,251.89837981854552,0.087575897394864,0.14520213342364116,0.06164143633946779,2,0.060301319654139846,0.12051727634003229,0.06021595668589244,394.62257083268,787.24514166536,392.62257083268,-0.22388013346926763,-0.2256261403682705,0.0017460068990028665,0.08219289371635335
2,0.21082092084754814,0.24278580424802326,0.031964883400475125,430.56779452514905,757.958404708354,327.3906101832049,0.09491402294685262,0.14520213342364116,0.050288110476788536,3,0.0019802476978105963,0.005623747575602578,0.0025770354049060038,26.54274156533806,75.62822469601417,34.70867797951896,-0.21912635704149164,-0.22213412657026477,0.0021278416318959016,0.07509057648357999
3,0.19436430443744238,0.24278580424802326,0.06414175055686272,572.128103284956,757.958404708354,238.87074106202658,0.01175447303392583,0.04462591247006409,0.033845259542474936,3,0.03255822742027672,0.06078629648862985,0.02461936458622888,541.6840291082923,1152.13075922211,468.9466902441238,-0.226587077045273,-0.23094999778666625,0.0031145563941767256,0.051641321015774254
2,0.14587148269639572,0.22696462859688954,0.08109314590049381,572.4038400985962,748.2721704910518,175.86833039245568,-0.04113954650925285,0.025449364698526274,0.06658891120777911,2,0.07897972348078594,0.12322154006963429,0.04424181658884835,1890.6083551235063,3312.368834316404,1421.7604791928977,-0.23027144040202355,-0.23094999778666625,0.0006785573846427029,0.04149296645171896
2,0.06880899447604087,0.09816302190862222,0.02935402743258135,1248.3710294061752,2196.7729753033586,948.4019458971834,-0.12039014259325316,-0.10772845771703196,0.0126616848762212,2,0.05375332695129492,0.07276874701065225,0.01901542005935733,1103.6747410929004,1738.5016062551922,634.8268651622918,-0.23027144040202355,-0.23094999778666625,0.0006785573846427029,0.03561432626961914
2,0.09883529848888874,0.18340546888236023,0.08457017039347149,334.9123642265597,655.8247284531194,320.9123642265597,-0.06051313090321797,-0.014766195622941663,0.045746935280276305,2,0.07711135843844999,0.11947982582642969,0.0423684673879797,1787.3732938323083,3162.7758109054503,1375.402517073142,-0.21979083205216687,-0.22720828354346165,0.007417451491294788,0.05138139352487975
2,0.12407978079464316,0.18340546888236023,0.05932568808771707,966.1738116490632,1276.522894845007,310.34908319594376,-0.06984442656943374,-0.014766195622941663,0.05507823094649208,2,0.05889903894780686,0.08305518684514343,0.02415614789733657,1022.5560545144776,1633.141332269789,610.5852777553114,-0.21979083205216687,-0.22720828354346165,0.007417451491294788,0.05928177966013811
3,0.15123982954010332,0.17890854077080284,0.02196149205478541,612.1028756433593,1078.9268524758859,336.662013241765,-0.04039203731800629,-0.014766195622941663,0.01825855479521717,3,0.06302999324919038,0.10986651736108957,0.04590302452488539,319.2641193774764,622.503482851745,251.78629548391783,-0.20449577750593995,-0.21523432383294122,0.007633216972655296,0.04474497258570815
3,0.11509362012109792,0.14962400550726074,0.03309329211486655,844.4010382444716,1156.6316441036975,387.9144629453164,-0.07598385460723535,-0.05045733867231594,0.03229224656357592,3,0.036961196235279985,0.05419329043455129,0.01665389478508335,527.0077126079534,831.3384793557864,278.1758890435194,-0.21599524192137398,-0.21952501785512657,0.0037279601874376693,0.08385294780377216
2,0.13409005543998598,0.1429931685377256,0.008903113097739612,484.06862701174055,670.4926358696498,186.42400885790926,-0.05320495816553861,-0.05045733867231594,0.0027476194932226604,3,0.03942980670677257,0.06159912184902905,0.0193550753861794,701.4777726906732,1354.7486596039457,494.4235464606407,-0.21599524192137398,-0.21952501785512657,0.0037279601874376693,0.10116474781048554
2,0.1026500362421618,0.14629939404603656,0.04364935780387476,404.27698259166493,473.67446425042294,69.39748165875801,-0.10372464671052352,-0.06257077485472542,0.041153871855798094,2,0.042695338367733565,0.06092651439488267,0.018231176027149104,865.3104429475111,1303.7501968446004,438.43975389708925,-0.2178187280460505,-0.21952501785512657,0.0017062898090760559,0.09807344361280632
3,0.08221204673901959,0.14629939404603656,0.04588682222949807,360.2857760956765,473.67446425042294,84.14942743911269,-0.11341725542410498,-0.06257077485472542,0.036290321572445335,2,0.04172200908147082,0.08330996538570654,0.041587956304235715,1419.2149636578697,2834.4299273157394,1415.2149636578697,-0.21518802966731843,-0.21611243823697446,0.0009244085696560322,0.05733578651837644
3,0.07061849407936761,0.11683918401572407,0.033069207451312005,294.205129402862,393.3966240870268,73.69383081038575,-0.11839976576571686,-0.06721090060379081,0.03733166356672788,3,0.008286461303540752,0.02325293624819577,0.010586572233076725,322.72353567744403,910.6325978449948,415.84520077576946,-0.21505680118049839,-0.21674354523292982,0.0011934120146286182,0.06106957619478726
3,0.07698143549158151,0.15787522073178148,0.059949207650324486,445.9864701392946,1050.9084290582925,441.86765643801954,-0.09478404008454251,-0.058868324501148345,0.03791008640756402,3,0.037932123391367055,0.07667266155215682,0.027660178626591838,514.4141042354164,910.6325978449948,346.2755034031468,-0.21896321269614508,-0.22388640312354868,0.0034868210951920363,0.05784293322268043
3,0.07698143549158151,0.15787522073178148,0.059949207650324486,445.9864701392946,1050.9084290582925,441.86765643801954,-0.09478404008454251,-0.058868324501148345,0.03791008640756402,2,0.04189358513790724,0.07667266155215682,0.034779076414249585,373.18962359442634,565.540218840222,192.35059524579566,-0.22099684450688653,-0.22388640312354868,0.0028895586166621523,0.055068808726732164
2,0.0776572799164829,0.09841934358381663,0.020762063667333727,2004.7167893808294,2798.853127153,794.1363377721707,-0.1160755912104091,-0.09658824548553316,0.01948734572487594,2,0.02594433188978229,0.05139103758654143,0.025446705696759137,404.8784277475327,791.1374789802694,386.2590512327367,-0.2158840733780725,-0.22264528978574097,0.006761216407668469,0.18925254356779975
2,0.029711759843420144,0.030577055868943326,0.0008652960255231823,121.53778143805704,124.81371416536331,3.2759327273062695,-0.12294923519612551,-0.1127803478349825,0.010168887361143006,2,0.038400797182571236,0.06106879287318773,0.02266799569061649,1852.5279874923651,3414.2843348390916,1561.7563473467264,-0.19591089966822975,-0.19763488390600326,0.001723984237773507,0.16966912618209112
2,0.03406446257068502,0.03928246132347307,0.005217998752788056,115.11122155367752,124.81371416536308,9.702492611685557,-0.13434052974627678,-0.13311812255726851,0.0012224071890082622,3,0.02664339328350318,0.055052265651251014,0.022261427551197643,297.0931944877811,765.1342158655469,332.9055919491234,-0.2142390339303916,-0.22095518896047858,0.004787164946606278,0.15513575695035858
3,0.05665542799645252,0.07404443233597444,0.01986866480710411,320.03093854283173,706.2894130934023,273.13130732517556,-0.13912071657545708,-0.13311812255726851,0.0057709277771193284,3,0.03887017523639275,0.055052265651251014,0.02008007978200153,594.5655895291884,863.5542307822884,313.4002429823416,-0.22502282815921895,-0.2290784270445699,0.0033163089893803927,0.16052971299721852
2,0.0705599100857303,0.07404443233597444,0.0034845222502441348,417.63955073156603,706.2894130934023,288.64986236183626,-0.14212201358455134,-0.13733327054459854,0.004788743039952803,2,0.017608925053760396,0.024648108204656738,0.0070391831508963415,192.11541860851838,229.22251527730705,37.10709666878866,-0.2279865322305045,-0.2290784270445699,0.0010918948140654083,0.12320290235741573
2,0.12303819104065775,0.12744308742426108,0.004404896383603328,795.9360855196749,1006.2050807160565,210.26899519638158,-0.0729702345728203,-0.07196621139749625,0.0010040231753240536,2,0.06475488410034232,0.09741506860346907,0.03266018450312676,547.103370679966,850.2981512315582,303.1947805515922,-0.22508425105049595,-0.22525170321317978,0.00016745216268382324,0.10418873810954644
2,1.3048649657717426,1.7336081427604855,0.42874317698874287,1019.7508735489696,1538.7741538710593,519.0232803220897,2.8071156734214977,3.050179550890426,0.24306387746892866,2,0.644935038821058,1.1250906371700018,0.48015559834894384,419.87832471077326,638.2509857859359,218.37266107516263,1.0165935550658545,0.806901521363715,0.20969203370213962,0.19822724965859614
2,2.7895524294997975,4.025050251788254,1.235497822288456,1846.6773046298674,3434.5422417807,1587.8649371508325,4.751367712495535,5.251335840556248,0.4999681280607131,2,0.5977254012568619,0.9514868098951104,0.35376140863824845,313.4756131292426,498.32460035477425,184.84898722553163,1.0608217903539163,0.8953579919398384,0.16546379841407788,0.2575826003390765
2,2.7444095198188245,3.934764432426307,1.1903549126074828,1064.281124664608,1869.7498818501813,805.4687571855733,4.751367712495535,5.251335840556248,0.4999681280607131,2,1.6303970804691232,2.802283100698657,1.1718860202295336,471.189639820724,768.2861465858127,297.09650676508875,1.1059647000348896,0.8953579919398384,0.2106067080950511,0.299802553892969
2,0.8059681889230976,1.6027651835606225,0.7967969946375248,213.185667204919,424.371334409838,211.185667204919,4.848959999626318,5.2889726699765465,0.4400126703502285,2,2.8200294306204317,3.537284052085439,0.7172546214650075,1240.7776751723065,1601.9013267882337,361.1236516159272,0.41032071380542556,0.19766228632548594,0.2126584274799396,0.3429768422351538
2,2.6039276766196267,3.6101809553695685,1.006253278749942,1292.3456044248542,2222.108310721062,929.762706296208,4.071946833843507,4.4089473292760895,0.33700049543258226,2,2.8200294306204317,3.537284052085439,0.7172546214650075,1240.7776751723065,1601.9013267882337,361.1236516159272,0.41032071380542556,0.19766228632548594,0.2126584274799396,0.3800442631585658
2,2.324702125074761,3.7859681879907243,1.4612660629159633,1479.0088535167552,2689.959151367213,1210.9502978504577,4.039282768575177,4.4089473292760895,0.36966456070091236,3,0.1975913988481093,0.5565261779333781,0.25397707324950003,77.55619177484088,141.21818620616364,51.14179206097104,0.1060114905221869,0.027243390175778766,0.05705740440413023,0.38208902779555776
2,0.0905244122183528,0.14484144893685552,0.054317036718502715,213.60751625389275,359.19289035348993,145.58537409959717,0.32915455915148517,0.3333694635564665,0.004214904404981318,2,0.02179704848420809,0.039549824321841814,0.017752775837633725,157.90336525281413,291.80673050562825,133.90336525281413,-0.22327846264357776,-0.2253783728662452,0.0020999102226674365,0.04614989649512166
3,0.17476707374038672,0.19677524459342716,0.027219673471805015,1206.6005433315847,2114.0863413380557,825.4345154345174,0.33795812710666784,0.3555652630170332,0.012917013209141083,3,0.021487019489650084,0.06337110199244606,0.029617209824595068,263.37975672301326,779.3166629329703,364.83521321767995,-0.1964789730238857,-0.20901290577863546,0.01362632124783168,0.038457824429100375
2,0.40025663559475033,0.6037380265960735,0.20348139100132315,534.4091587337247,951.8579555034325,417.4487967697079,0.5145862578402531,0.6736072526634731,0.15902099482321996,3,0.17848546724382128,0.3038869846537604,0.11473402723850622,515.1415636888956,847.7236487010666,316.73261724402835,0.00933385844697214,-0.02727782421286823,0.027945326316679755,0.05860017283073809
2,0.4474804706497648,0.7008850768763413,0.2534046062265765,880.9433100567298,1642.4631817694517,761.5198717127217,0.5145862578402531,0.6736072526634731,0.15902099482321996,2,0.084125767015645,0.1564745450048392,0.0723487779891942,704.8943750073233,1345.6175622364162,640.7231872290929,-0.08699829627278337,-0.10129125224364774,0.014292955970864371,0.07053041669885095
2,0.26516801283547436,0.5004482218742257,0.2352802090387513,227.04257812759116,328.51607778373835,101.4734996561472,0.40653888689550044,0.6736072526634731,0.26706836576797266,2,0.10657479587178789,0.20137260271712498,0.09479780684533709,1382.5672978256416,2700.963407873053,1318.3961100474112,-0.08699829627278337,-0.10129125224364774,0.014292955970864371,0.05889407946762775
2,0.12447249063749558,0.2357228409362181,0.11125035029872252,1120.0023353856106,2176.966134519951,1056.9637991343404,0.1642837188306192,0.1899030491791,0.02561933034848081,2,0.09091688844791955,0.14903434093357884,0.05811745248565929,642.3615493431074,1145.8737229591309,503.51217361602346,-0.07607174197872901,-0.099644388746121,0.02357264676739199,0.0939735995053607
2,0.20800279982846148,0.23152141941766655,0.02351861958920505,1146.583125304363,1755.2215514787497,608.6384261743868,0.1642837188306192,0.1899030491791,0.02561933034848081,2,0.09905571641371791,0.19664624702756875,0.09759053061385084,716.2357703843848,1418.4715407687695,702.2357703843848,-0.10398794567414126,-0.13334854115206668,0.029360595477925425,0.07991244456739874
2,0.14732004548869487,0.22416150021260506,0.07684145472391019,134.69757784736646,205.77147189965717,71.07389405229071,0.7963373210682569,0.9988777177092448,0.20254039664098783,2,0.49097012914300203,0.6387062385950567,0.14773610945205468,2261.0875428530576,3228.7197185991154,967.6321757460578,-0.03296193274002275,-0.04490931416778751,0.011947381427764765,0.06276910081997529
2,0.798875439319485,1.1715668651927031,0.3726914258732182,1198.6657133342865,2311.5457750037685,1112.8800616694818,1.3569973559210478,1.3814954840864817,0.024498128165433952,2,0.2275633994825996,0.36712878254647685,0.13956538306387725,448.1705780448764,502.9864179793865,54.81583993451014,0.02524652714573837,-0.04490931416778751,0.07015584131352588,0.0938245294630677
2,0.7561056345828094,1.0860272557193522,0.3299216211365427,757.0514333856993,1428.317215106594,671.2657817208947,1.3569973559210478,1.3814954840864817,0.024498128165433952,2,0.1694652325237651,0.336953670537934,0.1674884380141689,117.11405887910274,216.3342850996877,99.22022622058495,-0.026936015352283516,-0.09737396065381201,0.0704379453015285,0.0973960768314221
2,0.5633729736871024,0.5845248744380515,0.021151900750949082,2375.1272761281907,3691.4498453983083,1316.3225692701178,0.3449123734077826,0.3590543902371868,0.01414201682940422,2,0.05699180467746803,0.11371899586910247,0.05672719119163444,147.14763623329333,268.29527246658665,121.14763623329333,-0.22678328907553205,-0.22809609395019947,0.0013128048746674226,0.02928858739399079
2,0.31476252063794435,0.5621493109400959,0.24738679030215155,982.6703297570217,1102.108170991024,119.43784123400235,0.10859084071655693,0.3590543902371868,0.2504635495206299,2,0.02744832182746533,0.05463203016909707,0.027183708341631738,341.7805290096364,657.5610580192728,315.7805290096364,-0.22352205921742696,-0.22547048420086463,0.0019484249834376688,0.07482021393249494
3,0.24542679399032083,0.5187257499958473,0.20780445364078054,304.2018969703423,678.1332203228911,280.65146340005793,0.6361260236501374,1.1947212519620511,0.4939887122461056,2,0.023770111098207605,0.04727560871058162,0.023505497612374013,193.73649364763594,361.4729872952719,167.73649364763594,-0.22680910979960858,-0.22814773539835254,0.0013386255987439533,0.1364002648429011
2,0.7705440602174349,0.867771201719705,0.09722714150227002,740.5821610951436,993.6877538464109,253.10559275126724,1.282080496763636,1.3694397415652206,0.08735924480158475,2,0.04028158167547373,0.04727560871058162,0.006994027035107889,247.38660815659733,361.4729872952719,114.08637913867456,-0.2204590859327959,-0.22814773539835254,0.007688649465556627,0.1542754210485949
2,2.0025178783001434,2.171431459683548,0.1689135813834045,1504.236940006788,1951.65352285293,447.4165828461421,2.2187509935144876,2.255422178550287,0.03667118503579925,2,0.773354608165477,1.5173524601542876,0.7439978519888106,672.3680026365107,1326.7360052730214,654.3680026365107,-0.058211244734614954,-0.14791271858906704,0.0897014738544521,0.18369889985317928
2,2.1103763652187078,2.387148433520677,0.2767720683019691,2184.961689036113,3313.10302091158,1128.1413318754671,2.2187509935144876,2.255422178550287,0.03667118503579925,2,0.17857760547559526,0.26662943188836996,0.08805182641277472,516.3271494695614,528.4436186248431,12.116469155281775,-0.1398194867797285,-0.14791271858906704,0.008093231809338533,0.1809458191924727
2,1.7624644407697045,2.011692123334011,0.2492276825643065,522.1833310231436,774.6958462250353,252.51251520189163,2.4892363596710663,2.796392910863444,0.30715655119237795,3,0.2846982562925538,0.6753950636605717,0.2762660303266852,601.2398318143331,755.9115788535776,109.43223326193552,-0.11661663890455158,-0.13172625497038998,0.012339031222336849,0.19825399882011976
2,2.7768232519778,3.5419543806215885,0.7651311286437887,754.9077138598172,1240.1446118983824,485.2368980385652,3.1238824034068755,3.451371895950307,0.3274894925434313,2,0.38178449490742045,0.6753950636605717,0.29361056875315117,637.6379384090781,755.9115788535776,118.2736404444995,-0.10906183087163236,-0.116621735898544,0.007559905026911631,0.30005329334067726
2,3.3753361175701455,3.5419543806215885,0.16661826305144278,784.0701182558416,1240.1446118983822,456.0744936425406,4.077647580550462,4.703923265150616,0.6262756846001545,3,1.3645144751146205,3.5419543806215885,1.540852512557242,1305.946877779755,2744.9452048502812,1031.8121331219631,-0.0627112502568527,-0.116621735898544,0.058797380625457245,0.4074452140480215
2,3.922653513640802,4.455654450924355,0.5330009372835529,1913.4646430551927,2940.989044230524,1027.5244011753314,4.299399554357832,4.703923265150616,0.4045237107927844,2,0.11151768386595365,0.20226703355386277,0.09074934968790913,412.00610526418325,796.0122105283665,384.00610526418325,0.06729842375874279,0.019070469799267603,0.048227953959475184,0.47710825638586735
2,3.770726709627686,3.853176909251144,0.08245019962345768,444.9470447482895,747.182538501565,302.2354937532755,5.752558111168302,6.801192957185988,1.048634846017686,2,0.4630869333197092,0.7440466126718079,0.2809596793520988,414.8074295187105,684.310627984898,269.50319846618754,-0.002070832005025912,-0.06398933597671838,0.06191850397169247,0.4784618502127942
2,3.6133221687704196,3.853176909251144,0.23985474048072453,219.98974592184942,297.2679408486848,77.2781949268354,5.348034400375518,6.801192957185988,1.4531585568104703,2,1.4610288242042138,2.739930394440817,1.2789015702366033,718.1992860837643,1291.0943411150056,572.8950550312413,-0.059864217803197846,-0.06398933597671838,0.004125118173520535,0.3648264669944069
3,3.208712981705063,3.853176909251144,0.45836582915709556,404.8402001267916,663.4253012485315,212.59526488164502,4.477576816494374,6.801192957185988,1.6497352323409809,3,1.9871929333736613,3.1897235552612,1.3659280498358806,1255.2224753492303,2512.6928912422013,993.259443829992,-0.044415049503557145,-0.06654123335046554,0.02406048126241054,0.34241214809677495
2,2.9000625737975136,3.144949271162051,0.2448866973645376,1715.2032822296433,2209.0676195974665,493.8643373678234,2.9090878752213314,3.1339844556315226,0.22489658041019145,2,1.9100917770183703,2.695156110341668,0.7850643333232978,970.8292046911067,1168.6335567026595,197.80435201155274,-0.08160843314630489,-0.1522520507620812,0.07064361761577631,0.28786519600453625
2,1.0145126200950572,1.9612372376700802,0.946724617575023,293.39977954660856,551.6270202265937,258.22724067998513,3.2151064328626657,3.296228410093809,0.08112197723114312,2,2.124537273633326,3.2927668712988383,1.1682295976655122,2350.915962641352,3440.1924165196583,1089.276453878306,-0.04798629853992386,-0.1522520507620812,0.10426575222215734,0.2722712760082936
2,3.616739665126821,4.138732838108794,0.5219931729819729,2450.49327307781,3715.8263360340998,1265.33306295629,3.706162401215428,4.116096392337047,0.4099339911216191,2,0.5614223017947422,0.9468630356864312,0.385440733891689,457.1887184037431,642.7340976273056,185.54537922356246,-0.07742267399162661,-0.1522520507620812,0.07482937677045459,0.28673073858737647
2,3.402807374000562,3.9146144743880864,0.5118071003875242,698.5181783358097,953.0819396080085,254.5637612721988,3.706162401215428,4.116096392337047,0.4099339911216191,2,0.9926080862156681,1.6057506494516223,0.6131425632359543,514.4063824211589,522.6508191179755,8.244436696816592,-0.17076208977585117,-0.1992730403937324,0.028510950617881226,0.323824337628183
2,2.4201825868081066,3.2346145241645905,0.8144319373564841,954.3806635515108,1419.7517059604425,465.37104240893166,2.249420497032255,3.0353414837708583,0.785920986738603,2,0.9359049330079394,1.492344343036165,0.5564394100282256,877.5296884307685,1248.8974311371946,371.36774270642616,-0.2035946025386977,-0.20791616468366303,0.0043215621449653185,0.3389582411691321
2,2.2742889801379436,3.1775926229288283,0.9033036427908848,1064.7479670016855,1272.886741185249,208.13877418356367,2.15988483106168,3.0353414837708583,0.8754566527091783,2,0.28710771851060835,0.5562880063821274,0.269180287871519,716.6886660244213,1331.0881476634843,614.399481639063,-0.21559944594959865,-0.21751078742809238,0.0019113414784937277,0.3149078610275395
3,0.8503496724025456,1.2087940825304537,0.34124266115516444,749.4768724924041,1378.9463911764847,445.18558483840036,0.9012551074391624,1.2844281783525018,0.3573893437067882,3,0.29255836850355166,0.6261303548955852,0.2517713707178073,697.9179673342977,1812.7564530714558,788.9269530671359,-0.2046032462726488,-0.21751078742809238,0.015629085028741867,0.21345027251364362
3,0.33362702936963284,0.47627704298319234,0.145831219746129,445.16150554962854,806.878477947329,287.16128198908785,0.42934573919621893,0.4513638012585397,0.016296030698519207,3,0.21710964674229138,0.6478617109321242,0.30458859547389094,415.9671230775457,1141.0390825691156,514.2894436416091,-0.21945583548156986,-0.22363054502648738,0.0036412649608733626,0.11785473072333333
3,0.5872851720099235,0.8449739751614878,0.2495431703432743,438.3380696857762,752.3442985306635,222.14810388948385,0.6335295756751904,0.683459579930286,0.03829993546599817,3,0.21724409085770305,0.6478617109321242,0.3044931757782191,439.12190903940746,1141.0390825691156,496.4754766861158,-0.22209861279449364,-0.22363054502648738,0.0015473208256033078,0.13388043421658752
3,0.7849023907530356,0.8991875245873099,0.09471419825145216,774.3380265747693,1500.3187673217567,525.6817725778537,0.6335295756751904,0.683459579930286,0.03829993546599817,3,0.04913157155760215,0.14352415303182142,0.06674808203169408,541.4207833898973,1447.9357056205852,641.1151938740758,-0.22269419236748467,-0.22541728374546052,0.002220001550008067,0.14597491098353785
3,1.0426644237431033,1.5103605196903211,0.33307166993903586,711.2817788236404,1338.553126909244,443.5502712667518,0.9026148831311849,1.301503242656998,0.2825154519798678,3,0.5355765587140441,0.9088768636757466,0.34869260709231203,1211.1070706837525,2475.4388605196455,900.2904809751244,-0.21611299784250282,-0.22541728374546052,0.006914039812058389,0.26951710342417895
2,1.2433086257767005,1.5103605196903211,0.2670518939136206,773.7188484696296,1338.553126909244,564.8342784396143,1.089683738213088,1.301503242656998,0.21181950444391007,2,0.5852477047872481,1.086721510802501,0.5014738060152529,1606.7106946199967,2723.977141859799,1117.2664472398021,-0.21146085489102395,-0.2140644327487247,0.0026035778577007257,0.37586722601728934
2,1.0377590029228447,1.0856291923345514,0.04787018941170662,1254.96885146246,2087.8877291892836,832.9188777268238,0.8677758263961163,0.8778642337691778,0.010088407373061492,2,0.7525963337265293,0.8783156383725494,0.1257193046460201,1144.4057899827412,1471.7637849261728,327.35799494343155,-0.2123724545205882,-0.21697995047580276,0.004607495955214563,0.4188780695372783
2,0.9477851139949387,1.010065628257261,0.06228051426232245,357.6757967999687,381.42130064345884,23.745503843490184,0.8677758263961163,0.8778642337691778,0.010088407373061492,2,0.644341925984476,0.8783156383725494,0.23397371238807346,788.1979669696976,817.0477950393094,28.849828069611817,-0.2169124059034587,-0.21697995047580276,6.754457234406375e-05,0.21686710787539146
2,0.4299344010412085,0.44343584539129005,0.01350144435008152,704.7650245848275,920.9229191696511,216.1578945848236,0.29610504808901705,0.3041385682276525,0.008033520138635453,2,0.4312978145857865,0.45222741557517043,0.020929600989383956,1390.982456498331,2022.6167740965761,631.6343175982452,-0.221464894841823,-0.22608492835253136,0.00462003351070836,0.1941967389155071
2,1.2358620818551322,2.4506780799177172,1.214815998062585,315.4136046437784,579.760179812044,264.34657516826564,1.473132649805998,2.6311432142199975,1.1580105644139995,2,0.4965469759698625,0.5498002940368614,0.05325331806699882,2575.0405773262028,3456.6959053044066,881.655327978204,-0.221618049516378,-0.22608492835253136,0.0044668788361533485,0.25620545611843987
2,2.1940890775006725,2.4724761324344704,0.2783870549337981,1022.8446499565289,1445.8295812170163,422.98493126048743,2.6113597084089903,2.6311432142199975,0.019783505811007185,2,0.22207247782418282,0.44329365790286374,0.2212211800786809,851.6926246739994,1693.3852493479988,841.6926246739994,-0.21761346292996947,-0.21807575517971428,0.0004622922497448112,0.3151644270829482
2,2.611758743621423,2.79060836643039,0.17884962280896688,1665.1878820413233,2515.6280073811326,850.4401253398094,2.6113597084089903,2.6311432142199975,0.019783505811007185,2,1.3191099319318222,2.6077072868348314,1.2885973549030092,202.50732347549967,395.0810962110845,192.57377273558484,-0.1760061893623457,-0.19619318513814432,0.02018699577579862,0.2996185997614386
2,2.4875298378194044,2.542150554826353,0.054620717006948594,719.7402666555865,814.7477567015139,95.00749004592745,2.501545152147335,2.591576202597983,0.09003105045064808,2,1.3426956433138066,2.6077072868348314,1.2650116435210248,537.9532512978212,680.8254063845579,142.8721550867367,-0.20272263920540684,-0.20925209327266933,0.006529454067262505,0.24026556234771512
2,0.7153058113427055,1.0958308004584951,0.3805249891157896,766.1643180572921,1412.9931483258842,646.8288302685921,0.6346693818096771,1.0666905616188593,0.4320211798091822,2,0.17376841517895814,0.2063058630611248,0.032537447882166684,1105.4223571578225,1420.7798978398037,315.35754068198116,-0.14874778731190763,-0.16536295439739424,0.016615167085486604,0.1047705585442035
3,0.36400256994127433,0.5373226765711003,0.1297324746247426,450.96569880908714,669.4012053410257,196.76478430408164,0.3619780318227101,0.4466222960201526,0.11273653629206272,3,0.20441296252417795,0.36801115639788917,0.11768258216510893,1873.4499859512623,3193.9471649994202,1260.7639162340643,-0.1334364772262829,-0.16536295439739424,0.023827438016043208,0.1106512383676448
3,0.343749429409032,0.5373226765711003,0.13802254542531173,505.3909624947635,832.6769963980548,261.5672362498267,0.31788971709862435,0.4466222960201526,0.17506071223956948,3,0.21356464822638874,0.2993613572245408,0.06073099582604208,465.57854027859213,715.7423993643247,242.35240346791244,-0.1921192994919436,-0.2289780993963032,0.03291677260689406,0.10863659911559816
3,0.32119092375769215,0.5832055696134146,0.1874689238123001,1186.7252118611866,3321.7227590412267,1510.854726329983,0.4498930448942053,0.5191282777123439,0.055243486504711004,3,0.2943720467198259,0.6129066603464225,0.2502600851451971,1904.5918721644648,3235.7339697815496,1369.906622319361,-0.2088563436805663,-0.2289780993963032,0.014233661354225834,0.07721720779570052
2,0.4687472526499512,0.5822424839322197,0.11349523128226849,1675.3871019241224,2476.7590765349883,801.371974610866,0.2751631156904216,0.3839285609501193,0.10876544525969767,2,0.029697654285860742,0.04265365236748722,0.01295599808162648,189.04186217775091,273.99033630781514,84.94847413006423,-0.2140061164707874,-0.21567517046611032,0.001669053995322911,0.0815316099116097
2,0.12934503026336497,0.14303516469376298,0.013690134430398002,543.8851175688162,639.5611550893144,95.6760375204982,-0.0726701301637301,-0.06674778971760276,0.0059223404461273416,2,0.07256308914581763,0.14488985404968982,0.07232676490387219,316.0016287502184,630.0032575004368,314.0016287502184,-0.2268778197319133,-0.23027331480427932,0.003395495072366028,0.12653426499579745
2,0.29094760984315765,0.5561017952371425,0.26515418539398494,469.3545639434385,866.6178005649367,397.2632366214982,0.15059099093913403,0.3621823862448538,0.2115913953057198,2,0.12388067121481244,0.13039307241750114,0.006512401202688693,2180.8546546764273,2462.0118287816426,281.1571741052153,-0.22090508613729642,-0.22162763530362042,0.000722549166324013,0.1063678921636816
2,1.0351592536558831,1.5060862987987225,0.47092704514283934,1232.201357307845,2004.2027533185656,772.0013960107206,0.8569032531721388,1.3516241200994237,0.4947208669272849,2,0.022200804980126665,0.04424036742976495,0.022039562449638284,305.0072776955243,608.0145553910486,303.0072776955243,-0.20530461290683527,-0.2057282310200479,0.00042361811321262044,0.10057724574353369
2,0.29319989418720477,0.2952167705998684,0.0020168764126636263,389.1464716238331,687.717068729605,298.57059710577187,0.7500967066128406,0.9422376857595116,0.192140979146671,2,0.07413501629550687,0.13426826047531396,0.06013324417980709,124.79133636093866,235.58267272187732,110.79133636093866,-0.04851647986692734,-0.05356890502595597,0.00505242515902863,0.07173702985039884
2,0.5185022640633069,0.7549394975968868,0.23643723353357993,195.52107024089014,264.65689594746345,69.13582570657331,1.1826468745090697,1.5420832020511483,0.35943632754207866,2,0.3361435003231108,0.5380187401709077,0.20187523984779687,1428.772484372937,2621.9622960239967,1193.1898116510597,-0.0653625055832615,-0.08726095645862428,0.021898450875362786,0.0850446855069239
2,0.7692880214212225,1.2565110123127181,0.48722299089149557,1237.2807552968845,2209.9046146463056,972.6238593494211,1.1826468745090697,1.5420832020511483,0.35943632754207866,2,0.15441089550909035,0.17806516222603952,0.023654266716949174,493.0365212217335,761.8206040603196,268.78408283858613,-0.0653625055832615,-0.08726095645862428,0.021898450875362786,0.09675069309476692
2,0.7776955289355938,1.2733260273414606,0.4956304984058668,1280.0187999799332,2295.380704012403,1015.3619040324697,1.1826468745090697,1.5420832020511483,0.35943632754207866,2,0.3466767673558331,0.6769040122229176,0.3302272448670845,1327.97161417001,2588.736265197893,1260.7646510278828,-0.010029640010187902,-0.027648340013831263,0.01761870000364336,0.110561690277979
2,0.680824723060923,0.6847454338989284,0.003920710838005381,840.1455568231806,1025.4993294184283,185.35377259524762,0.6683916356610191,0.6844930722163731,0.01610143655535401,2,0.4113822084250626,0.7090674779513765,0.29768526952631386,635.9208890065006,675.4043812349414,39.48349222844081,-0.04461625681948733,-0.05677727884571136,0.01216102202622403,0.08157844461471589
2,0.6811631896332349,0.6847454338989284,0.003582244265693535,844.260418339054,1025.4993294184285,181.23891107937447,0.6683916356610191,0.6844930722163731,0.01610143655535401,2,0.45178885296060073,0.7090674779513765,0.25727862499077575,780.8270938177337,886.2498064005258,105.42271258279209,-0.04461625681948733,-0.05677727884571136,0.01216102202622403,0.08054462257878894
2,0.47381551090971297,0.5090167169970384,0.035201206087325465,374.2805110070717,578.0424083333064,203.7618973262347,0.5970449903478598,0.7084991003891994,0.11145411004133954,2,0.20179422438189198,0.21609298793930648,0.014298763557414496,2437.224792181297,2900.0227633655386,462.797971184242,-0.028947851220589547,-0.0324552347932633,0.003507383572673755,0.05856489557555895
2,0.47959281715743557,0.5090167169970384,0.029423899839602863,536.7138774692394,902.9091412576417,366.19526378840237,0.6854891160137121,0.7084991003891994,0.02300998437548729,2,0.12271905021178411,0.12755798826977635,0.004838938057992244,590.1680846941442,655.7124851480958,65.54440045395148,-0.01655268948326443,-0.025440467647915792,0.008887778164651363,0.08319214925655594
2,0.543730248454851,0.6244637486636382,0.08073350020878717,2904.078086045327,3171.5621156573275,267.4840296120003,0.6854891160137121,0.7084991003891994,0.02300998437548729,2,0.3282405417876326,0.6003312680063099,0.27209072621867725,309.4837587562689,364.6411223247225,55.15736356845363,0.06550596360484698,0.046976575484132796,0.018529388120714183,0.08163475890955267
2,0.30672077725851377,0.44023368868658114,0.1335129114280674,840.0268599729063,1418.8223960670216,578.7955360941153,0.6732535419840984,0.7423210555399657,0.06906751355586732,2,0.297510392673651,0.5048806606186,0.20737026794494903,1322.5648148598996,2065.3605714110045,742.7957565511049,0.151168492779979,0.08403535172556116,0.06713314105441787,0.07180275288363296
2,0.7489917896100025,0.8621209088227803,0.11312911921277774,1291.1494986417836,2099.5184894901145,808.3689908483309,0.950407483799874,1.1584939120597824,0.2080864282599083,2,0.4491146485213765,0.6358626703972248,0.1867480218758483,1316.1851069447055,1674.4704888232704,358.2853818785649,0.09524686843415106,0.08403535172556116,0.011211516708589907,0.0611879867509162
2,0.49924065397228873,0.8621209088227803,0.3628802548504915,291.48233790610385,482.78050779345267,191.29816988734885,0.8813399702440068,1.1584939120597824,0.27715394181577563,2,0.2925848376316331,0.49772764328549013,0.205142805653857,792.6595604137948,1197.370123800091,404.71056338629626,0.1000082903612738,0.09355819557980663,0.006450094781467172,0.05402422449226058
2,0.11999927254899839,0.2387190536986339,0.1187197811496355,493.3005806550175,982.601161310035,489.3005806550175,0.4933193238299949,0.5201325990619025,0.026813275231907574,2,0.2529609945855129,0.26283060994902563,0.009869615363512718,1708.7385396675581,2118.5833752746607,409.8448356071026,0.10132059258313027,0.09355819557980663,0.007762397003323637,0.0454694927943512
2,0.22009239543691547,0.34296126330427146,0.12286886786735599,414.9980533618988,609.6204100817199,194.62235671982108,0.4820006108928055,0.4974951731875237,0.015494562294718184,2,0.30801961612014045,0.3729478530182807,0.06492823689814026,2219.941818787942,3140.9899335154278,921.0481147274861,0.10132059258313027,0.09355819557980663,0.007762397003323637,0.044054862892517345
2,0.08509809461461393,0.11936443328896129,0.03426633867434736,366.25480674585924,568.9407252679284,202.68591852206916,0.46513772026907707,0.47890286475584865,0.013765144486771574,3,0.08926590741208855,0.13299238968116306,0.04973036688831777,304.8335836056134,518.0425949226285,157.37966859679653,0.10751015733257291,0.09655741017009734,0.008598262156876986,0.08583899375957578
2,0.06872852780231567,0.11936443328896129,0.05063590548664562,299.3150419661951,568.9407252679285,269.62568330173343,0.4374140195021839,0.4513725757823055,0.013958556280121603,2,0.05016740263923723,0.06808412966026331,0.01791672702102608,205.1021233577891,267.7492175993696,62.647094241580504,-0.020599918007901074,-0.048917787237092725,0.02831786922919165,0.05907812800540465
