season,month norm,Time of the Day norm,month,Time of the Day,t1,Lahares,magnitude,Number of peaks RSAM VRBA,Avg Prominence RSAM VRBA,Max Prominence RSAM VRBA,Std Prominence RSAM VRBA,Avg h Width RSAM VRBA,Max h Width RSAM VRBA,Std h Width RSAM VRBA,Avg RSAM peak RSAM VRBA,Max RSAM peak RSAM VRBA,Std RSAM peak RSAM VRBA,Number of drops RSAM VRBA,Avg Drop Depth RSAM VRBA,Max Drop Depth RSAM VRBA,Std Drop Depth RSAM VRBA,Avg l Width RSAM VRBA,Max l Width RSAM VRBA,Std l Width RSAM VRBA,Avg RSAM drop RSAM VRBA,Max RSAM drop RSAM VRBA,Std RSAM drop RSAM VRBA,Quantile Changes RSAM VRBA,Avg Value RSAM VRBA,Std Value RSAM VRBA,Median Value RSAM VRBA,Var Value RSAM VRBA,Mean Min Values RSAM VRBA,Number of peaks DSAR VRBA,Avg Prominence DSAR VRBA,Max Prominence DSAR VRBA,Std Prominence DSAR VRBA,Avg h Width DSAR VRBA,Max h Width DSAR VRBA,Std h Width DSAR VRBA,Avg RSAM peak DSAR VRBA,Max RSAM peak DSAR VRBA,Std RSAM peak DSAR VRBA,Number of drops DSAR VRBA,Avg Drop Depth DSAR VRBA,Max Drop Depth DSAR VRBA,Std Drop Depth DSAR VRBA,Avg l Width DSAR VRBA,Max l Width DSAR VRBA,Std l Width DSAR VRBA,Avg RSAM drop DSAR VRBA,Max RSAM drop DSAR VRBA,Std RSAM drop DSAR VRBA,Quantile Changes DSAR VRBA,Avg Value DSAR VRBA,Std Value DSAR VRBA,Median Value DSAR VRBA,Var Value DSAR VRBA,Mean Min Values DSAR VRBA,Number of peaks RSAM VORI,Avg Prominence RSAM VORI,Max Prominence RSAM VORI,Std Prominence RSAM VORI,Avg h Width RSAM VORI,Max h Width RSAM VORI,Std h Width RSAM VORI,Avg RSAM peak RSAM VORI,Max RSAM peak RSAM VORI,Std RSAM peak RSAM VORI,Number of drops RSAM VORI,Avg Drop Depth RSAM VORI,Max Drop Depth RSAM VORI,Std Drop Depth RSAM VORI,Avg l Width RSAM VORI,Max l Width RSAM VORI,Std l Width RSAM VORI,Avg RSAM drop RSAM VORI,Max RSAM drop RSAM VORI,Std RSAM drop RSAM VORI,Quantile Changes RSAM VORI,Avg Value RSAM VORI,Std Value RSAM VORI,Median Value RSAM VORI,Var Value RSAM VORI,Mean Min Values RSAM VORI,Number of peaks DSAR VORI,Avg Prominence DSAR VORI,Max Prominence DSAR VORI,Std Prominence DSAR VORI,Avg h Width DSAR VORI,Max h Width DSAR VORI,Std h Width DSAR VORI,Avg RSAM peak DSAR VORI,Max RSAM peak DSAR VORI,Std RSAM peak DSAR VORI,Number of drops DSAR VORI,Avg Drop Depth DSAR VORI,Max Drop Depth DSAR VORI,Std Drop Depth DSAR VORI,Avg l Width DSAR VORI,Max l Width DSAR VORI,Std l Width DSAR VORI,Avg RSAM drop DSAR VORI,Max RSAM drop DSAR VORI,Std RSAM drop DSAR VORI,Quantile Changes DSAR VORI,Avg Value DSAR VORI,Std Value DSAR VORI,Median Value DSAR VORI,Var Value DSAR VORI,Mean Min Values DSAR VORI,Coverage Percentage VRBA,Coverage Percentage VORI RSAM,Coverage Percentage VORI DSAR,Type,Sum_VT,Last_VT,Max_VT,Sum_LP,Last_LP,Max_LP,Sum_tornillo,Last_tornillo,Max_tornillo,Sum_Precipitations,Last_Precipitations,Max_Precipitations
0,0.0,0.9288095528719242,1,7.45,2019-01-20 07:27:05.050,1,4.866784653389207,1,11.105245708158463,11.105245708158463,0.0,2446.37330389885,2446.37330389885,0.0,48.24541386727296,48.24541386727296,0.0,1,0.014770766539371,0.014770766539371,0.0,2.0,2.0,0.0,34.780842443469524,34.780842443469524,0.0,94.506541704119,53.15541394118527,521.4787916074281,38.89799102904009,271940.1300963434,29.58278988842244,1,0.0001144332025674,0.0001144332025674,0.0,2.0,2.0,0.0,0.7367019089526986,0.7367019089526986,0.0,1,0.00036957694453,0.00036957694453,0.0,4.0,4.0,0.0,0.4329476887675039,0.4329476887675039,0.0,0.0391469122959014,0.551272227955988,0.1769847362317957,0.5459258144695601,0.0313235968590383,0.2984594823435559,1,91.2747744853188,91.2747744853188,0.0,2425.999629505077,2425.999629505077,0.0,414.4835586527556,414.4835586527556,0.0,1,0.2411765447518519,0.2411765447518519,0.0,2.0,2.0,0.0,313.2426920871593,313.2426920871593,0.0,36.58782031539752,360.5155965626706,111.12357485938622,339.9730785299089,12348.448889529613,232.51234206260776,1,0.004894364049151,0.004894364049151,0.0,4.0,4.0,0.0,3.516715747582433,3.516715747582433,0.0,1,0.0222957410537301,0.0222957410537301,0.0,136.0,136.0,0.0,2.1929287559312387,2.1929287559312387,0.0,0.4327102498935811,3.028162134586628,0.7884338941386148,2.9345867449553538,0.6216280054265804,2.055716157776559,88.10572687224669,76.93021099003015,76.93021099003015,1,1.0,0.0,1.0,3.0,1.0,2.0,0.0,0.0,0.0,0.0,0.0,0.0
0,0.0,-0.9914448613738105,1,18.5,2019-01-23 18:30:57.625,0,2.954262175905408,1,8.42630800986143,8.42630800986143,0.0,2886.8842862266324,2886.8842862266324,0.0,41.50527563836198,41.50527563836198,0.0,1,0.0049073265782162,0.0049073265782162,0.0,2.0,2.0,0.0,28.8444684513274,28.8444684513274,0.0,10.051059454465138,43.5697434011502,34.34845751489037,34.01369895279136,1179.8165336522288,28.28420941387329,1,0.0098448356857797,0.0098448356857797,0.0,242.0,242.0,0.0,0.5630873268351586,0.5630873268351586,0.0,1,0.0013646828799244,0.0013646828799244,0.0,20.0,20.0,0.0,0.4617483252435118,0.4617483252435118,0.0,0.0470856502715518,0.5032546871097369,0.1590167371831748,0.508241007113402,0.0252863227043829,0.2806070799110699,1,116.1200894096279,116.1200894096279,0.0,1810.6400018423565,1810.6400018423565,0.0,436.2255223679691,436.2255223679691,0.0,1,0.0010600046365709,0.0010600046365709,0.0,2.0,2.0,0.0,210.5227323834817,210.5227323834817,0.0,48.50097380509653,359.4040489319533,189.5697720605878,309.5568141991403,35936.698479103216,188.42896356175825,1,0.170994231801207,0.170994231801207,0.0,457.5725750475144,457.5725750475144,0.0,5.531346638117021,5.531346638117021,0.0,1,0.897923014778077,0.897923014778077,0.0,1828.8615426861463,1828.8615426861463,0.0,3.5388287282344564,3.5388287282344564,0.0,0.5162824796180762,4.381168730459445,1.2415939261825164,4.3064908386045335,1.5415554775333162,2.6941188648458523,98.9566427080918,99.95362856480408,99.95362856480408,1,0.0,0.0,0.0,2.0,0.0,1.0,0.0,0.0,0.0,0.0,0.0,0.0
0,0.49999999999999994,0.7193398003386512,2,3.066666666666667,2019-02-02 03:04:51.113,0,1.587372137468673,1,19.842652652503048,19.842652652503048,0.0,3371.4400530018006,3371.4400530018006,0.0,63.00191180633385,63.00191180633385,0.0,1,1.8237575169219011,1.8237575169219011,0.0,204.0,204.0,0.0,37.74383253757144,37.74383253757144,0.0,38.79845838980231,62.16552324839739,150.9131527326541,49.75541456340079,22774.77966770939,32.26659402432473,1,0.1954967849219905,0.1954967849219905,0.0,3277.9924652279456,3277.9924652279456,0.0,0.8466378691001578,0.8466378691001578,0.0,1,0.0114020009181052,0.0114020009181052,0.0,112.0,112.0,0.0,0.4580896830953486,0.4580896830953486,0.0,0.0867056498744689,0.7436421753768486,0.3056981318201472,0.7305312129279509,0.093451347798328,0.3370725013509928,1,133.9056711675115,133.9056711675115,0.0,3222.7246435504817,3222.7246435504817,0.0,425.5206510561886,425.5206510561886,0.0,1,0.1639280673430789,0.1639280673430789,0.0,8.0,8.0,0.0,239.2745271626655,239.2745271626655,0.0,85.07420139425845,358.91779713138175,260.5578546256371,333.3660953007094,67890.39560711464,207.536379769584,1,0.0702116878471432,0.0702116878471432,0.0,168.0,168.0,0.0,2.779800230260099,2.779800230260099,0.0,1,0.0839675677225608,0.0839675677225608,0.0,632.0,632.0,0.0,2.2219111842733987,2.2219111842733987,0.0,0.5441152099769533,2.542321832502344,1.93518620734345,2.407362586044669,3.744945657092327,1.8291591279998785,98.88708555529794,99.95362856480408,99.95362856480408,1,0.0,0.0,0.0,99.0,23.0,48.0,0.0,0.0,0.0,0.0,0.0,0.0
0,0.49999999999999994,0.28401534470392265,2,1.1,2019-02-06 01:06:17.275,0,3.1412538258862392,1,0.0044886225412312,0.0044886225412312,0.0,4.0,4.0,0.0,56.251455097540216,56.251455097540216,0.0,1,0.0546805825876646,0.0546805825876646,0.0,74.0,74.0,0.0,32.39369129170393,32.39369129170393,0.0,7.701263720734587,41.69271707451506,17.79581082166717,34.920520935549334,316.69088280056644,28.35036805623888,1,0.2220061585050685,0.2220061585050685,0.0,2044.520049143324,2044.520049143324,0.0,0.8651034026712447,0.8651034026712447,0.0,1,0.0007537638157021,0.0007537638157021,0.0,10.0,10.0,0.0,0.6198306458680966,0.6198306458680966,0.0,0.0660380124467123,0.7518795799561478,0.22964940957311,0.7422791509000538,0.052738851317278,0.4452226947599567,1,0.0282892137457224,0.0282892137457224,0.0,2.0,2.0,0.0,392.5332291221096,392.5332291221096,0.0,1,17.847521599232607,17.847521599232607,0.0,1019.20222297782,1019.20222297782,0.0,213.56006236318484,213.56006236318484,0.0,23.75474804825108,287.0623968119739,79.46124310352266,271.47924922747626,6314.089155557127,197.03124647584116,1,0.0933640868333927,0.0933640868333927,0.0,358.0,358.0,0.0,3.0971464732629927,3.0971464732629927,0.0,2,0.0877799503860079,0.1732522135383236,0.0854722631523157,851.8438595182782,1687.6877190365565,835.8438595182782,2.741274477955501,2.732215280302392,0.0090591976531091,0.3071960335758229,2.892538959771935,0.5434805112910168,2.8396216769443035,0.295371066153145,2.2096019240375324,76.9533967076281,99.95362856480408,99.95362856480408,1,0.0,0.0,0.0,3.0,0.0,3.0,0.0,0.0,0.0,0.0,0.0,0.0
0,0.8660254037844386,0.6527597524627224,3,2.716666666666667,2019-03-30 02:43:59.494,0,2.894721393711892,1,1.639263576523014,1.639263576523014,0.0,2284.6103979174227,2284.6103979174227,0.0,27.776140368141636,27.776140368141636,0.0,1,0.078344286947793,0.078344286947793,0.0,44.56049685694279,44.56049685694279,0.0,23.869708237563888,23.869708237563888,0.0,7.608479200604892,28.75892917602984,13.05925014980593,26.41026759321537,170.54401447520618,21.922194260739765,1,0.060298140935933,0.060298140935933,0.0,3266.5890383230926,3266.5890383230926,0.0,0.4615383168106586,0.4615383168106586,0.0,1,0.0627953365748186,0.0627953365748186,0.0,3267.2108724853592,3267.2108724853592,0.0,0.39874298023584,0.39874298023584,0.0,0.0305493832453816,0.3989616343818216,0.1331124495723507,0.424331030663904,0.0177189242311516,0.1959917450257365,1,1.1766493442331123,1.1766493442331123,0.0,144.0,144.0,0.0,189.31164672613065,189.31164672613065,0.0,1,0.9841539624241592,0.9841539624241592,0.0,63.0,63.0,0.0,116.56097094954032,116.56097094954032,0.0,21.72008232147528,150.60269969464971,58.54131077528876,154.2980001294083,3427.08506728894,69.52097471471393,2,0.1428134334400368,0.252707068078827,0.1098936346387902,893.7877289743296,1555.5754579486593,661.7877289743296,3.897467581031493,3.937887399909081,0.0404198188775886,1,0.000303962544522,0.000303962544522,0.0,2.0,2.0,0.0,3.275287273204774,3.275287273204774,0.0,0.4153223130200123,3.7856587039418503,0.7530981737444561,3.67495592510001,0.567156859297235,2.864971428186315,86.92325527475076,99.95362856480408,99.95362856480408,1,3.0,3.0,3.0,0.0,0.0,0.0,2.0,1.0,1.0,0.0,0.0,0.0
0,1.0,0.6259234721840591,4,2.5833333333333335,2019-04-10 02:35:30.702,0,1.660496444966089,1,1.7759246688723564,1.7759246688723564,0.0,554.0,554.0,0.0,53.02053146371054,53.02053146371054,0.0,1,2.041639751153305,2.041639751153305,0.0,678.0,678.0,0.0,50.62833981408284,50.62833981408284,0.0,9.49679331584287,51.72830179734768,16.501534588702672,51.11918348235639,272.30064378215064,31.41881622323009,1,0.0009966163857176,0.0009966163857176,0.0,4.0,4.0,0.0,0.643655502240094,0.643655502240094,0.0,1,0.0432901555501628,0.0432901555501628,0.0,194.0,194.0,0.0,0.3518126223023503,0.3518126223023503,0.0,0.0313768929324853,0.517336019807601,0.2308144747785191,0.5791867091108829,0.0532753217672836,0.1804427067692615,1,259.5847362244092,259.5847362244092,0.0,2395.716447131055,2395.716447131055,0.0,423.3068975641103,423.3068975641103,0.0,1,10.836573043823975,10.836573043823975,0.0,626.0,626.0,0.0,83.06966291274705,83.06966291274705,0.0,55.46156703442858,234.6730661680578,222.2859370466906,179.42511508573676,49411.037808725305,71.74366883904173,1,0.0030103388748878,0.0030103388748878,0.0,2.0,2.0,0.0,4.394284929339999,4.394284929339999,0.0,2,0.0023299255288229,0.0031507811883897,0.0008208556595667,9.0,14.0,5.0,3.165401007809804,3.1106278409127968,0.0547731668970068,0.4749631059146054,3.7285414634737486,1.3555349488235209,3.475733067217601,1.8374749974819853,2.707797522611992,31.76443310920473,99.95362856480408,99.95362856480408,1,1.0,0.0,1.0,9.0,7.0,7.0,0.0,0.0,0.0,0.0,0.0,0.0
1,0.8660254037844387,-0.3173046564050915,5,13.233333333333333,2019-05-11 13:14:13.274,0,2.38695895078415,1,0.0531925634328658,0.0531925634328658,0.0,2.0,2.0,0.0,44.62284050187443,44.62284050187443,0.0,1,0.1167329380886634,0.1167329380886634,0.0,10.0,10.0,0.0,27.67985893495749,27.67985893495749,0.0,21.445952378699907,41.91862164359586,40.6210919568707,34.59519699433942,1650.0731117685457,21.91628035043493,1,7.854208564939125e-05,7.854208564939125e-05,0.0,8.0,8.0,0.0,0.6657170940488619,0.6657170940488619,0.0,1,0.0007539384107135,0.0007539384107135,0.0,6.0,6.0,0.0,0.342079330747465,0.342079330747465,0.0,0.044167705900995,0.4510283917438989,0.2131294255884071,0.4408537964860756,0.0454241520516443,0.168040824731371,1,0.2070757494086024,0.2070757494086024,0.0,4.0,4.0,0.0,142.92576506398063,142.92576506398063,0.0,1,105.62041378605522,105.62041378605522,0.0,3810.4864678270487,3810.4864678270487,0.0,26.83738406009877,26.83738406009877,0.0,101.80583681917469,117.13636828593036,201.4335639428088,62.20524023349614,40575.48068270165,24.394958702723144,1,0.5042358909480935,0.5042358909480935,0.0,1476.167292917434,1476.167292917434,0.0,3.923060276814776,3.923060276814776,0.0,2,0.1596018446593274,0.313392889050573,0.1537910443912455,728.4354333432307,1446.870866686461,718.4354333432307,3.0619100626539346,2.923830481280539,0.1380795813733955,0.3365740760305658,3.527017190328978,0.8619894934341784,3.4880900665055385,0.7430258867909115,2.5450134949757643,54.97333642476234,93.0442847206121,99.95362856480408,1,3.0,3.0,3.0,65.0,58.0,58.0,0.0,0.0,0.0,12.1694,12.1694,12.1694
1,0.8660254037844387,0.056692787563377506,5,0.21666666666666667,2019-05-21 00:13:37.042,0,2.770101976045712,1,2.9723650327678257,2.9723650327678257,0.0,370.0,370.0,0.0,38.56861392500417,38.56861392500417,0.0,1,0.006241118237849,0.006241118237849,0.0,2.0,2.0,0.0,26.47892916951904,26.47892916951904,0.0,10.01387685164229,38.95146636648239,35.01106545177648,27.818251921605963,1225.7747040685767,21.147006856207582,1,0.2711483917698032,0.2711483917698032,0.0,478.0,478.0,0.0,1.0229454408326004,1.0229454408326004,0.0,1,0.0719816599503289,0.0719816599503289,0.0,240.0,240.0,0.0,0.4971476257141964,0.4971476257141964,0.0,0.0554656906304633,0.6275676542585285,0.4617014658928935,0.4497963476353362,0.2131682436076467,0.1967464023179613,1,9.323110938010856,9.323110938010856,0.0,1485.38916818677,1485.38916818677,0.0,120.52728488144535,120.52728488144535,0.0,1,0.0680623550286867,0.0680623550286867,0.0,4.0,4.0,0.0,45.44316018281336,45.44316018281336,0.0,13.280505473869486,81.87917025078008,48.4797560164246,63.59931836083456,2350.2867434120576,37.87141395568021,2,0.4376345956371295,0.8722909501910765,0.434656354553947,1063.2539917315826,2078.507983463165,1015.2539917315826,5.862757731150843,6.127442516874599,0.2646847857237553,1,0.566735813848751,0.566735813848751,0.0,2004.6215618824451,2004.6215618824451,0.0,3.971101145283733,3.971101145283733,0.0,0.3685844381926949,5.036465706176268,1.4495304269552538,4.810663279193814,2.1011384586690807,3.2877997315787444,38.88244841177834,99.95362856480408,99.95362856480408,1,3.0,0.0,2.0,4.0,0.0,3.0,2.0,0.0,2.0,50.7304,12.6826,31.7065
1,0.5000000000000003,-0.5628049276950696,6,21.716666666666665,2019-06-05 21:43:17.056,0,1.72198360834624,0,0.0,0.0,0.0,0.0,0.0,0.0,0.0,0.0,0.0,0,0.0,0.0,0.0,0.0,0.0,0.0,0.0,0.0,0.0,19.45219553234812,31.24379705081615,22.29085636518891,24.92563673833345,496.8822774934829,20.71208712866473,0,0.0,0.0,0.0,0.0,0.0,0.0,0.0,0.0,0.0,0,0.0,0.0,0.0,0.0,0.0,0.0,0.0,0.0,0.0,0.1252112342739371,0.280572639263667,0.176735582937605,0.2185125555973245,0.031235466276295,0.1457888489434246,1,0.302420822717508,0.302420822717508,0.0,47.83551013989589,47.83551013989589,0.0,85.43341132870687,85.43341132870687,0.0,1,0.4745406662609071,0.4745406662609071,0.0,16.0,16.0,0.0,67.53217880898696,67.53217880898696,0.0,94.33542546862002,114.55226879817018,284.4501156577357,74.72107946313683,80911.86829769923,36.26325156364175,1,0.0073505246493867,0.0073505246493867,0.0,42.0,42.0,0.0,3.3096669965688155,3.3096669965688155,0.0,1,0.0011773435165181,0.0011773435165181,0.0,14.0,14.0,0.0,3.239245828231894,3.239245828231894,0.0,0.7131929829110571,3.356905274389101,1.769719818656256,3.2671780822329626,3.1319082365447315,2.5167111104818827,0.0,29.23718989102713,33.7352191050313,1,0.0,0.0,0.0,3.0,2.0,2.0,0.0,0.0,0.0,4.0142,4.0142,4.0142
1,-0.8660254037844385,-0.6087614290087203,9,14.5,2019-09-12 14:30:20.875,0,3.9246789508282567,1,3.761761447297968,3.761761447297968,0.0,1560.6933631292682,1560.6933631292682,0.0,27.752118101233343,27.752118101233343,0.0,1,0.0010607488177605,0.0010607488177605,0.0,2.0,2.0,0.0,21.795855968045405,21.795855968045405,0.0,20.76592909834757,32.09840144948103,69.47259737117936,24.176554662607405,4826.441785497997,20.587865114211187,1,0.0749401102245845,0.0749401102245845,0.0,2005.9858958464831,2005.9858958464831,0.0,0.5306108632578113,0.5306108632578113,0.0,1,0.0002806260859999,0.0002806260859999,0.0,2.0,2.0,0.0,0.406293908774648,0.406293908774648,0.0,0.0383115474194189,0.4648838090215538,0.1572538033166368,0.452901762670478,0.0247287586575475,0.2721656112330768,1,41.71257115796038,41.71257115796038,0.0,2560.0255072357468,2560.0255072357468,0.0,126.85538070464376,126.85538070464376,0.0,2,0.0875113869885844,0.1124194448020716,0.0249080578134872,8.5,13.0,4.5,55.11535935880667,49.74011811022101,5.375241248585663,30.93495498398308,96.04721495780728,106.39822062845153,81.92844818185625,11320.581352900645,45.375722723448696,2,0.0447695407712394,0.0639467272184681,0.0191771864472287,210.0,296.0,86.0,3.6930104611076944,3.769273898486391,0.076263437378697,1,0.000904403098926,0.000904403098926,0.0,10.0,10.0,0.0,3.115021357308386,3.115021357308386,0.0,0.3954723075439403,3.472182608899132,0.7705151695820364,3.39336125797093,0.5936936265560343,2.606685773251571,65.1750521678646,99.95362856480408,99.95362856480408,1,0.0,0.0,0.0,2.0,0.0,2.0,0.0,0.0,0.0,42.1592,21.869,21.869
1,-0.8660254037844385,-0.9753423205085127,9,18.85,2019-09-16 18:51:06.127,0,2.060621354466739,1,19.567403710560143,19.567403710560143,0.0,1549.422258963505,1549.422258963505,0.0,98.2798177561302,98.2798177561302,0.0,1,0.9865605718926992,0.9865605718926992,0.0,252.0,252.0,0.0,25.53280704596789,25.53280704596789,0.0,18.22559951496953,69.0587134303498,44.6714034291262,56.29770542040285,1995.534284327748,23.30548246559635,1,0.0497730231828855,0.0497730231828855,0.0,2850.081106102361,2850.081106102361,0.0,0.5794361910492548,0.5794361910492548,0.0,1,0.029921967617327,0.029921967617327,0.0,768.1209112601523,768.1209112601523,0.0,0.4849636652463981,0.4849636652463981,0.0,0.0272818423571005,0.5281776915322199,0.1184769667992581,0.5331440668394561,0.0140367916619525,0.3566538598215176,1,2.542202527620816,2.542202527620816,0.0,14.0,14.0,0.0,544.8353740117618,544.8353740117618,0.0,1,4.13572526589104,4.13572526589104,0.0,142.0,142.0,0.0,61.108552961859175,61.108552961859175,0.0,98.82673347695304,319.5732686093772,231.2818817595007,323.6339816117859,53491.30883021566,50.06236731035448,2,0.1752711309939125,0.3251194108616122,0.1498482798676996,161.0,290.0,129.0,4.699623710564179,5.03807453261736,0.3384508220531805,2,0.4608930247854992,0.8648054720943303,0.4039124473088311,2080.5090538824365,3847.4533084699497,1766.9442545875131,3.5764504445017,3.4963674164166685,0.0800830280850317,0.7308536657335427,4.223913064676609,1.5022731503283713,3.8733281193453046,2.256824618197529,2.9025596447831705,87.8738696962671,98.35381405054488,99.95362856480408,1,0.0,0.0,0.0,1.0,1.0,1.0,0.0,0.0,0.0,36.4484,21.869,21.869
1,-0.8660254037844385,-0.8191520442889916,9,15.666666666666666,2019-09-28 15:40:12.162,0,2.495231395772308,1,0.0628340284707604,0.0628340284707604,0.0,2.0,2.0,0.0,48.13805924803282,48.13805924803282,0.0,1,0.7520929538397354,0.7520929538397354,0.0,274.0,274.0,0.0,26.15491065115532,26.15491065115532,0.0,22.09055143196664,44.458920641729485,31.005284880445803,34.157456011263776,961.327690517601,21.674190921031887,1,0.0004817193780294,0.0004817193780294,0.0,2.0,2.0,0.0,0.7715808183018988,0.7715808183018988,0.0,1,0.1690108380542949,0.1690108380542949,0.0,2013.1022884359888,2013.1022884359888,0.0,0.5601951535123497,0.5601951535123497,0.0,0.0576183757875091,0.6350127129824272,0.2429290843137535,0.6797760707963347,0.0590145400055187,0.2982188747417394,2,0.4238266306442568,0.4787393948226679,0.054912764178411,8.5,11.0,2.5,239.0444331752799,255.58278698728756,16.538353812007657,2,5.997697514311529,11.429658718508854,5.431961204197325,927.0431846654678,1803.086369330936,876.0431846654678,60.06209376710929,57.60635424646579,2.455739520643501,86.35647684565676,150.03104610912814,144.8571294163342,100.34449088528658,20983.5879427406,34.80496590250288,1,1.6954606321748091,1.6954606321748091,0.0,2063.252306867529,2063.252306867529,0.0,7.315079333217572,7.315079333217572,0.0,1,0.0676693867343334,0.0676693867343334,0.0,444.0,444.0,0.0,2.9883394638456666,2.9883394638456666,0.0,3.707549008793497,5.878919636504794,36.99913654559059,4.931967381227941,1368.936105119257,2.3667927209248085,82.54115464873638,99.90725712960815,99.95362856480408,1,1.0,1.0,1.0,9.0,4.0,4.0,0.0,0.0,0.0,26.3426,21.0868,21.0868
0,-0.5000000000000004,-0.4344452574044166,12,13.716666666666667,2019-12-05 13:43:11.000,0,3.477376153030644,1,0.0179192566261221,0.0179192566261221,0.0,1.9030618539862016,1.9030618539862016,0.0,41.583387660673125,41.583387660673125,0.0,1,0.6680804453774485,0.6680804453774485,0.0,356.0,356.0,0.0,28.69007759657991,28.69007759657991,0.0,5.377245219807162,41.24460421067267,23.4758647588913,36.30817214936404,551.1162261777545,28.58039192020332,1,0.0126158692092833,0.0126158692092833,0.0,244.0,244.0,0.0,0.8236356590548348,0.8236356590548348,0.0,2,0.0392556733712414,0.078359954298173,0.0391042809269315,1710.672594226657,3417.345188453314,1706.672594226657,0.7212608291895726,0.7061418152690558,0.0151190139205166,0.0465713195368794,0.7645624353051879,0.2459088411968708,0.7747202751039289,0.0604711581787878,0.4257619983542808,1,57.1686416098791,57.1686416098791,0.0,2347.1676061905378,2347.1676061905378,0.0,276.4742700220839,276.4742700220839,0.0,1,3.387932797472942,3.387932797472942,0.0,406.0,406.0,0.0,110.59808804942624,110.59808804942624,0.0,20.819777626197457,217.70125573126745,86.2486191411191,212.2867032235378,7438.824303749814,105.63802530578788,1,0.2647071601170485,0.2647071601170485,0.0,1836.6320285157508,1836.6320285157508,0.0,3.325327933628434,3.325327933628434,0.0,1,0.2430119455550796,0.2430119455550796,0.0,2273.897671646605,2273.897671646605,0.0,2.66764583799395,2.66764583799395,0.0,0.3018729556474268,3.00435156297425,0.6575756014270104,2.954767820154669,0.4324056715920945,2.151837164186691,99.95362856480408,99.95362856480408,99.95362856480408,1,0.0,0.0,0.0,10.0,3.0,4.0,1.0,1.0,1.0,6.3795,0.0,6.3795
0,0.0,0.9832549075639545,1,5.3,2020-01-03 05:18:51.000,0,2.680263564228942,1,5.606923588521617,5.606923588521617,0.0,2512.2420101879597,2512.2420101879597,0.0,38.94758167590536,38.94758167590536,0.0,1,0.9532687560381916,0.9532687560381916,0.0,1493.2062040368214,1493.2062040368214,0.0,32.51324286832023,32.51324286832023,0.0,6.187532100829829,37.27298942426806,15.50936297808712,34.96923302357112,240.5403399860594,30.049251095387657,2,0.0004711569242312,0.0006539547682842,0.0001827978440529,6.5,10.0,3.5,0.8106768001384006,0.8156291358472291,0.0049523357088285,1,0.0946650913681012,0.0946650913681012,0.0,632.0,632.0,0.0,0.5826479455560865,0.5826479455560865,0.0,0.0258047970524182,0.7052747966784096,0.1864118346758424,0.785670354912223,0.0347493721072136,0.4007287130241916,1,67.99651794229219,67.99651794229219,0.0,3660.261765361104,3660.261765361104,0.0,193.97970969334227,193.97970969334227,0.0,1,0.0100543416057945,0.0100543416057945,0.0,2.0,2.0,0.0,84.48085225557654,84.48085225557654,0.0,222.77357984359253,184.78348439537407,1349.9626846914168,151.2499323574473,1822399.2500592575,81.64962814766476,1,0.3171196035581132,0.3171196035581132,0.0,3680.4863280193695,3680.4863280193695,0.0,2.9965511889254763,2.9965511889254763,0.0,1,0.0002122467542369,0.0002122467542369,0.0,2.0,2.0,0.0,2.674974914883154,2.674974914883154,0.0,0.2809708807098989,2.866017705398727,0.5445195107692327,2.833795918841913,0.2965014976083645,2.171123403017378,99.95362856480408,99.86088569441225,99.95362856480408,1,0.0,0.0,0.0,9.0,4.0,5.0,0.0,0.0,0.0,3.862,3.862,3.862
0,0.0,-0.39874906892524664,1,22.433333333333334,2020-01-29 22:26:46.289,0,2.71019618982938,1,0.0612581656934878,0.0612581656934878,0.0,4.0,4.0,0.0,57.3617736014776,57.3617736014776,0.0,1,2.8987578645557903,2.8987578645557903,0.0,2382.8782872861702,2382.8782872861702,0.0,29.835216419782952,29.835216419782952,0.0,25.46344283827361,47.18661292291643,106.77617661058038,34.52936106256766,11401.151891573852,27.89242016195817,1,5.729424255174198e-05,5.729424255174198e-05,0.0,2.0,2.0,0.0,0.8575608499600704,0.8575608499600704,0.0,1,6.856479604233634e-05,6.856479604233634e-05,0.0,2.0,2.0,0.0,0.6670850416222163,0.6670850416222163,0.0,0.035970899736915,0.7005214782591651,0.2024222104727458,0.7424831929437682,0.0409747512926726,0.3916766732202122,2,11.319249482131326,21.163467661259205,9.844218179127878,442.6551488810046,845.3102977620092,402.6551488810046,242.68765606588403,247.73760909332023,5.049953027436231,1,40.408632258343545,40.408632258343545,0.0,2350.6057795985957,2350.6057795985957,0.0,78.9273954880573,78.9273954880573,0.0,61.17098881568928,176.67975228310854,174.44405596917437,136.3077331851871,30430.72866297644,59.15344411557686,1,0.4376791968852744,0.4376791968852744,0.0,488.0,488.0,0.0,6.916223772232611,6.916223772232611,0.0,1,0.6724862143976682,0.6724862143976682,0.0,2619.6802640380947,2619.6802640380947,0.0,1.9599115275952763,1.9599115275952763,0.0,2.076884527313648,4.788333458050652,15.936296959553736,2.675748079912224,253.9655607830816,1.6901165373783775,99.81451425921632,99.90725712960815,99.95362856480408,1,3.0,3.0,3.0,19.0,4.0,10.0,2.0,2.0,2.0,0.0,0.0,0.0
0,0.49999999999999994,0.9896513868196702,2,6.55,2020-02-17 06:33:29.106,0,3.9582707937693713,1,0.0052141789942581,0.0052141789942581,0.0,2.0,2.0,0.0,52.232279135514375,52.232279135514375,0.0,1,0.1252905295464721,0.1252905295464721,0.0,174.0,174.0,0.0,30.109802295342508,30.109802295342508,0.0,4.535428380500237,42.823227241015154,13.608155986108857,42.74798883955339,185.18190934227027,29.883512715278847,1,4.5835093264057214e-05,4.5835093264057214e-05,0.0,2.0,2.0,0.0,0.5667649013152617,0.5667649013152617,0.0,2,0.0290119158441905,0.0504387850101973,0.0214268691660068,1446.9477103321994,2429.895420664399,982.9477103321994,0.4623309949099166,0.4443742255961522,0.0179567693137644,0.0335371776558911,0.4975295219256812,0.1280948564963087,0.4928258002606553,0.0164082922608099,0.3287778759877286,1,0.0597601204572129,0.0597601204572129,0.0,6.0,6.0,0.0,531.2103016288111,531.2103016288111,0.0,1,4.889500154329824,4.889500154329824,0.0,520.0,520.0,0.0,220.18360054546287,220.18360054546287,0.0,176.52980916875305,386.5783790787215,1012.8870037578896,376.4674628232835,1025940.082381635,199.9856360311529,1,0.1654336186962695,0.1654336186962695,0.0,987.432938462176,987.432938462176,0.0,4.185956400422063,4.185956400422063,0.0,1,0.0547957506202707,0.0547957506202707,0.0,392.0,392.0,0.0,3.2132005068077616,3.2132005068077616,0.0,0.4963139892508694,3.6937361497354826,0.8958110382941473,3.577883394327863,0.8024774163296382,2.6041146362007663,99.95362856480408,99.7681428240204,99.95362856480408,1,2.0,1.0,1.0,1.0,1.0,1.0,0.0,0.0,0.0,0.0,0.0,0.0
0,0.49999999999999994,-0.49621650367520886,2,22.016666666666666,2020-02-24 22:01:27.438,0,2.2035228723481097,1,3.658823448043407,3.658823448043407,0.0,1731.7336197859238,1731.7336197859238,0.0,34.88499188654761,34.88499188654761,0.0,1,0.6851558910267137,0.6851558910267137,0.0,648.0,648.0,0.0,29.167139026200346,29.167139026200346,0.0,7.303834773252563,34.3150154494423,20.911653056179585,31.413276417117743,437.297233542025,26.285137800826405,1,0.0076763072610824,0.0076763072610824,0.0,248.0,248.0,0.0,0.4636447568065354,0.4636447568065354,0.0,2,0.0002006556501138,0.0002481994450254,4.754379491156424e-05,4.530908084964494,5.0618161699289885,0.5309080849644943,0.3904537504355536,0.3823277589033129,0.0081259915322406,0.0219288600336752,0.4066025956050097,0.0930474015069434,0.4143808975333368,0.0086578189271943,0.2659627071845751,1,18.21045241048688,18.21045241048688,0.0,592.229008111089,592.229008111089,0.0,287.50590009835287,287.50590009835287,0.0,2,0.6193689646174647,0.894948618677688,0.2755796540602233,35.0,36.0,1.0,185.6855179784501,175.5960335419948,10.089484436455251,29.554720057748646,252.13040248410024,81.87192442294914,237.96752135307705,6703.012008717095,164.58146184565592,2,0.2435254508870323,0.4857177400644468,0.2421922891774144,1418.3628049334577,2834.725609866915,1416.3628049334577,3.3977259395013477,3.7128930321383855,0.3151670926370384,1,0.0564926056617967,0.0564926056617967,0.0,244.0,244.0,0.0,2.5897279066257983,2.5897279066257983,0.0,0.4395158638264048,3.0446463737611844,0.8678849072366759,2.876108406715828,0.7532242122092135,2.095326404508824,99.95362856480408,99.90725712960815,99.95362856480408,1,0.0,0.0,0.0,9.0,5.0,5.0,0.0,0.0,0.0,0.0,0.0,0.0
0,0.8660254037844386,0.9624552364536474,3,7.05,2020-03-17 07:03:25.450,0,3.5018506546178463,1,4.82893240220362,4.82893240220362,0.0,688.7190183648054,688.7190183648054,0.0,52.66907325421876,52.66907325421876,0.0,1,0.0140668328853337,0.0140668328853337,0.0,4.0,4.0,0.0,32.55051868765093,32.55051868765093,0.0,14.924898389592457,59.02840858013533,86.02102674572163,44.28641593368405,7399.617042388157,28.687751530204853,1,0.0025243579733185,0.0025243579733185,0.0,12.0,12.0,0.0,0.5454867252884351,0.5454867252884351,0.0,1,0.0399328116855055,0.0399328116855055,0.0,863.1866021086084,863.1866021086084,0.0,0.4081965802305258,0.4081965802305258,0.0,0.0348039292954237,0.4690673842360062,0.1666523129490783,0.4690076640581618,0.0277729934112775,0.2951496539852687,1,29.351959821356388,29.351959821356388,0.0,705.7194053353437,705.7194053353437,0.0,507.2517982705622,507.2517982705622,0.0,1,59.61396062171866,59.61396062171866,0.0,1916.886237672096,1916.886237672096,0.0,291.5441856905927,291.5441856905927,0.0,61.58750413583736,381.2631143596354,306.1215391609677,327.838047255931,93710.39673827987,170.59564258802797,1,0.0206180710446357,0.0206180710446357,0.0,34.0,34.0,0.0,3.56798015092642,3.56798015092642,0.0,1,0.0800015061534846,0.0800015061534846,0.0,190.0,190.0,0.0,2.11365604041849,2.11365604041849,0.0,65.3286546418062,13.206205153765003,188.8536275421401,3.059372539114229,35665.69263582537,1.8374955049037591,99.95362856480408,79.57338279619755,99.95362856480408,1,0.0,0.0,0.0,8.0,0.0,7.0,0.0,0.0,0.0,0.0,0.0,0.0
0,0.8660254037844386,0.8638355052043957,3,3.9833333333333334,2020-03-29 03:59:37.992,0,3.654751076286602,1,0.0780586112012997,0.0780586112012997,0.0,2.0,2.0,0.0,44.55109692583487,44.55109692583487,0.0,1,2.18397035031424,2.18397035031424,0.0,851.2884319261984,851.2884319261984,0.0,36.24790959135301,36.24790959135301,0.0,6.916458528221017,49.66274188747411,22.032251162441263,42.41803621885772,485.4200912848944,30.06082071657034,1,0.0005793848068391,0.0005793848068391,0.0,6.0,6.0,0.0,0.9121677156911842,0.9121677156911842,0.0,1,0.1112588639804806,0.1112588639804806,0.0,346.0,346.0,0.0,0.4202857991995006,0.4202857991995006,0.0,0.0773891588241032,0.6481105225801197,0.3324676684445731,0.6729328778559884,0.1105347505609706,0.2318411636983795,1,73.60758576172395,73.60758576172395,0.0,2299.0793997350925,2299.0793997350925,0.0,284.5113115581904,284.5113115581904,0.0,1,2.265164588810564,2.265164588810564,0.0,238.0,238.0,0.0,199.89496617126773,199.89496617126773,0.0,20.7862612322132,245.4805016146874,69.76565470344602,229.65856352889003,4867.24657620046,170.828584845956,1,6.206537735753415e-05,6.206537735753415e-05,0.0,2.0,2.0,0.0,3.590281280515145,3.590281280515145,0.0,1,0.3255946444191706,0.3255946444191706,0.0,1767.6549192613163,1767.6549192613163,0.0,2.720513917823516,2.720513917823516,0.0,0.318559757283146,3.0536038326244634,0.717853500939118,2.984088337341233,0.5153136488105484,2.12987861217278,40.06492000927429,72.0148388592627,72.10758172965454,1,1.0,0.0,1.0,4.0,1.0,3.0,1.0,1.0,1.0,0.0,0.0,0.0
0,1.0,-0.386710961636821,4,22.483333333333334,2020-04-14 22:29:41.509,0,4.1820600886343975,1,5.1431151996848,5.1431151996848,0.0,490.0,490.0,0.0,92.62612616750016,92.62612616750016,0.0,1,7.4879310150852945,7.4879310150852945,0.0,1491.5582610268057,1491.5582610268057,0.0,48.77416957848668,48.77416957848668,0.0,8.98754454133894,73.71320068939661,29.756815961527444,67.17121680925442,885.4680961682145,43.51735915628237,1,0.0967872345411084,0.0967872345411084,0.0,1335.9815938244124,1335.9815938244124,0.0,1.280213269493128,1.280213269493128,0.0,1,0.0427228886365026,0.0427228886365026,0.0,260.0,260.0,0.0,0.7143646558232143,0.7143646558232143,0.0,0.0757467968815076,1.0026347452620477,0.3791072799758743,1.0029510622245703,0.1437223297307059,0.4598129271892378,2,38.62096185812345,45.699698110950806,7.078736252827355,1401.5565480229834,1722.036017595746,320.4794695727626,352.8810800733436,354.662231657075,1.781151583731372,1,0.115299131390401,0.115299131390401,0.0,16.0,16.0,0.0,182.43206147973305,182.43206147973305,0.0,22.801988727859207,282.5619122803538,96.06242880126408,268.86076902574735,9227.990227197932,169.13250630548328,1,0.0812595455098605,0.0812595455098605,0.0,268.0,268.0,0.0,3.5168829342186587,3.5168829342186587,0.0,1,0.3337371555720607,0.3337371555720607,0.0,2452.952175434306,2452.952175434306,0.0,2.3424201802055302,2.3424201802055302,0.0,14.89103712922674,4.224079202873121,67.92139719330775,2.6990316115382056,4613.316196691075,1.6971591298193274,99.6522142360306,93.94852770693252,99.95362856480408,1,0.0,0.0,0.0,6.0,2.0,3.0,0.0,0.0,0.0,0.0,0.0,0.0
1,0.8660254037844387,0.9824503977255098,5,6.716666666666667,2020-05-19 06:43:36.338,0,3.246551696218856,2,0.14393908684292,0.1623887864395214,0.0184496995966014,4.0,4.0,0.0,187.5328078154544,193.65866001434944,6.125852198895018,2,40.74664706776826,80.9635825000983,40.21693543233004,1768.2557322947514,3532.511464589503,1764.2557322947514,115.70859911030922,100.63497328191248,15.073625828396736,21.36560715240477,152.02080917938036,79.56573901987159,169.6897219174854,6330.706825778316,32.60712213648663,2,0.0059245597636919,0.0101769742514949,0.004252414487803,24.5,47.0,22.5,1.714311870749622,1.8851759826515184,0.1708641119018962,1,0.3688302866742559,0.3688302866742559,0.0,3154.921228761132,3154.921228761132,0.0,1.0770615649048356,1.0770615649048356,0.0,0.1528679452335024,1.3985884372467288,0.6085056507746447,1.3569725141340947,0.3702791270246738,0.5730444733025807,2,2.3640443006819964,4.233005296814213,1.868960996132216,114.0,226.0,112.0,689.7496805685523,697.6728000344242,7.923119465871878,1,379.09392363183656,379.09392363183656,0.0,3577.7847117564747,3577.7847117564747,0.0,307.8198100520204,307.8198100520204,0.0,84.30002365117987,553.2977535465868,305.9300703199142,627.0527997326694,93593.20792594764,105.8398156839968,2,0.0016466908399841,0.0016868680632891,4.017722330496021e-05,12.0,20.0,8.0,3.284635985500909,3.3452998089333144,0.0606638234324052,2,0.4929615757601919,0.9682881952347268,0.4753266194745349,1989.1969589885716,3968.393917977143,1979.1969589885716,2.3277288910362106,2.255683966833777,0.0720449242024336,0.4873545074842196,3.0458222373712105,1.0357433118127726,2.9967201569234216,1.0727642079648902,1.7311679669557305,98.284256897751,99.95362856480408,99.95362856480408,1,4.0,1.0,2.0,1.0,0.0,1.0,0.0,0.0,0.0,5.022,0.0,5.022
1,0.5000000000000003,-0.25881904510252157,6,23.0,2020-06-01 23:00:57.331,0,4.067278057786187,1,50.16914297065003,50.16914297065003,0.0,3277.8914779891584,3277.8914779891584,0.0,156.3991917912537,156.3991917912537,0.0,2,0.2238020985882869,0.306409985687182,0.0826078870988951,11.5,18.0,6.5,81.75481823180498,63.72685807998894,18.027960151816032,44.70362936210734,129.67647393408018,82.98436751594814,127.4604470404116,6886.405252021948,33.303301985849686,1,0.7936210944884731,0.7936210944884731,0.0,3185.752974538425,3185.752974538425,0.0,1.7669751726788987,1.7669751726788987,0.0,1,0.3088890160471114,0.3088890160471114,0.0,1480.350003687515,1480.350003687515,0.0,0.8908046107596559,0.8908046107596559,0.0,0.1276954649915657,1.3247634125259091,0.5490554334224595,1.328425964864994,0.3014618689707249,0.5676340525459845,1,287.9785641791369,287.9785641791369,0.0,4063.853593439437,4063.853593439437,0.0,502.7969699531232,502.7969699531232,0.0,2,0.1085872173456437,0.1100344971307833,0.0014472797851396,2.0,2.0,0.0,198.68990945864132,182.5614131432964,16.128496315344975,103.0882328422141,400.1800732590541,226.78297281344203,397.8379598982142,51430.51675810239,121.77795899715736,2,0.2842981335894843,0.5677743707388232,0.2834762371493389,1709.9180608515303,3415.8361217030606,1705.9180608515303,3.1904252886007494,3.2300915905810204,0.0396663019802709,2,0.0037280501659916,0.0037440988932329,1.6048727241257943e-05,4.5,5.0,0.5,2.271322107562028,1.9909725805848888,0.2803495269771392,0.4024547863448965,2.9012412301101724,0.9314521859682964,2.91350276563682,0.8676031747451176,1.628922819114109,96.54532807790402,99.95362856480408,99.95362856480408,1,4.0,0.0,3.0,11.0,7.0,7.0,1.0,1.0,1.0,33.1355,24.8516,24.8516
1,0.5000000000000003,0.32556815445715703,6,10.733333333333333,2020-06-11 10:44:59.053,0,3.6506129822326674,1,9.253282728961814,9.253282728961814,0.0,753.5892339079498,753.5892339079498,0.0,51.12163691026549,51.12163691026549,0.0,1,2.6901362394225004,2.6901362394225004,0.0,74.0,74.0,0.0,34.13721672198059,34.13721672198059,0.0,73.95180454217504,115.53405774570024,126.8909369938,42.82982016712006,16101.309891164525,21.415021087500943,1,0.1004835627136697,0.1004835627136697,0.0,1489.060946618081,1489.060946618081,0.0,0.8366315193930073,0.8366315193930073,0.0,1,0.0081351326463795,0.0081351326463795,0.0,20.0,20.0,0.0,0.5799474479371366,0.5799474479371366,0.0,0.3286882585140604,0.842860467341895,0.4915464956564675,0.7643942678497441,0.2416179573921536,0.2817440589189212,1,3.959299846519727,3.959299846519727,0.0,632.5900954060677,632.5900954060677,0.0,123.42479055730564,123.42479055730564,0.0,1,0.0927902537953144,0.0927902537953144,0.0,10.0,10.0,0.0,92.96908285482178,92.96908285482178,0.0,281.88289032934057,247.64418836024808,301.45742520834364,105.87654914766829,90876.57921324408,77.95113438218779,2,0.0024736378753082,0.0044199666548019,0.0019463287794936,5.5,7.0,1.5,2.342136756508081,2.449516989300073,0.1073802327919917,1,0.4748340540402447,0.4748340540402447,0.0,3234.1310002255377,3234.1310002255377,0.0,1.6451514718515048,1.6451514718515048,0.0,0.7899290911351365,2.319017643118962,1.0151840585918612,2.001761142381731,1.0305986728190435,1.4207217956766909,56.66589380941341,99.8840714120102,99.95362856480408,1,0.0,0.0,0.0,8.0,2.0,3.0,1.0,1.0,1.0,28.082700000000003,21.062,21.062
1,0.5000000000000003,0.7518398074789773,6,3.25,2020-06-18 03:15:37.516,0,4.1144391348030815,1,8.530124433322698,8.530124433322698,0.0,844.7013035778537,844.7013035778537,0.0,45.11018419015369,45.11018419015369,0.0,1,1.4025671648155509,1.4025671648155509,0.0,172.0,172.0,0.0,29.944942889643112,29.944942889643112,0.0,64.82020437913071,82.56165756798679,88.78994872970107,35.527279289343795,7883.654995422945,21.678372561814324,1,0.131748556358429,0.131748556358429,0.0,795.922286419197,795.922286419197,0.0,0.8073280721852322,0.8073280721852322,0.0,1,0.1324192052714529,0.1324192052714529,0.0,904.7752056249932,904.7752056249932,0.0,0.55414132009496,0.55414132009496,0.0,0.1355627321404796,0.6976697623224981,0.3338213939403343,0.656021179795995,0.1114367230522678,0.297304412058243,1,3.098243052497807,3.098243052497807,0.0,1779.229354400065,1779.229354400065,0.0,105.81170691639802,105.81170691639802,0.0,1,1.582016421648632,1.582016421648632,0.0,36.0,36.0,0.0,93.145721502376,93.145721502376,0.0,276.32526818967824,215.2668639130773,510.5393365930799,102.71346386390022,260650.41420890213,70.1369814030539,1,0.2388971807064708,0.2388971807064708,0.0,2386.062313545619,2386.062313545619,0.0,2.261029803391372,2.261029803391372,0.0,1,0.1438193990381511,0.1438193990381511,0.0,650.0,650.0,0.0,2.0120344943323065,2.0120344943323065,0.0,33.807713446484605,8.45561599445601,155.1527146360358,1.960324199701977,24072.36485893116,0.8540597346206937,68.21238117319731,63.96939485277069,99.95362856480408,1,3.0,1.0,2.0,4.0,1.0,3.0,1.0,0.0,1.0,45.9223,17.6219,28.3004
1,1.2246467991473532e-16,0.5664062369248332,7,9.7,2020-07-23 09:42:45.703,0,3.8648309915018224,1,22.930943128408224,22.930943128408224,0.0,3033.734368322256,3033.734368322256,0.0,73.11340083708411,73.11340083708411,0.0,1,1.4805240372945292,1.4805240372945292,0.0,492.0,492.0,0.0,29.61223248057426,29.61223248057426,0.0,17.32068318314114,64.32915866317455,36.763211102817465,57.679297852525465,1351.5336905903214,26.53414024302654,1,0.1423645155852011,0.1423645155852011,0.0,2234.242928760665,2234.242928760665,0.0,0.9222851562316424,0.9222851562316424,0.0,1,0.080006988524963,0.080006988524963,0.0,870.6906591975367,870.6906591975367,0.0,0.6656790061897214,0.6656790061897214,0.0,0.0445006148012611,0.7725640285977506,0.2319416578657972,0.7873187277562619,0.0537969326535345,0.4475149852662927,1,21.23171472366215,21.23171472366215,0.0,646.0,646.0,0.0,339.6720069231688,339.6720069231688,0.0,1,2.766429978777481,2.766429978777481,0.0,704.0,704.0,0.0,77.52586026715854,77.52586026715854,0.0,33.38438486287224,260.4201781771412,135.61288674473403,278.38947888790085,18390.855051240054,69.23730256735523,1,0.5317795219269883,0.5317795219269883,0.0,3654.871236580364,3654.871236580364,0.0,2.438083839464035,2.438083839464035,0.0,1,0.0731042089648652,0.0731042089648652,0.0,274.0,274.0,0.0,1.8497580200427988,1.8497580200427988,0.0,0.73071699047021,2.32856478534225,1.2331218637060004,2.125294992783282,1.5205895307497597,1.4853286257812084,96.17435659633664,99.7681428240204,99.95362856480408,1,0.0,0.0,0.0,13.0,4.0,5.0,0.0,0.0,0.0,16.185200000000002,14.5858,14.5858
1,1.2246467991473532e-16,-0.9988483864849507,7,17.816666666666666,2020-07-30 17:49:32.741,0,3.776369107237026,2,1.2367287827615954,2.309461245833589,1.0727324630719934,149.0,296.0,147.0,107.91590820155253,117.2908165214264,9.374908319873882,2,1.2614614471963037,2.216372280555568,0.9549108333592642,211.0,402.0,191.0,40.50382223172575,34.72284683619838,5.780975395527374,18.31365007867096,76.5064118007004,52.93095034359909,70.24935675154356,2801.6855042765533,29.991725791748365,1,0.0107146990234247,0.0107146990234247,0.0,276.2154494122104,276.2154494122104,0.0,0.737743631109813,0.737743631109813,0.0,1,0.0674617890486219,0.0674617890486219,0.0,3667.912446954791,3667.912446954791,0.0,0.6677247487446842,0.6677247487446842,0.0,0.031947662754478,0.6639579211739745,0.1690590396240115,0.7020245696884269,0.0285809588785931,0.3983156463148718,2,4.800013148637788,9.503066592480875,4.703053443843089,292.5,582.0,289.5,303.07474240931765,316.26107281686853,13.186330407550912,2,14.04094356853993,26.89997148958764,12.859027921047712,352.5,646.0,293.5,155.75958301640105,138.75148758576196,17.008095430639088,35.93692697687265,244.50408932268675,122.50323923662,256.6963956716785,15007.043623464557,112.14612762195522,1,0.2564463160969392,0.2564463160969392,0.0,546.0,546.0,0.0,4.511919122569868,4.511919122569868,0.0,2,0.0748339171771865,0.0862051600510045,0.0113712428738179,343.5,438.0,94.5,2.2178023314155606,2.1832618511535835,0.0345404802619768,8.95692163209742,4.903767811717496,75.64591621914157,3.171270901563132,5722.304640633386,1.854761010447252,99.16531416647344,99.23487131926731,99.95362856480408,1,0.0,0.0,0.0,13.0,1.0,6.0,1.0,0.0,1.0,9.5697,3.1899,6.3798
1,-0.8660254037844385,-0.5591929034707467,9,14.266666666666667,2020-09-06 14:16:32.806,0,2.0460038383475494,1,1.745943448383521,1.745943448383521,0.0,292.0,292.0,0.0,39.57252844080071,39.57252844080071,0.0,1,2.0627407913018736,2.0627407913018736,0.0,2642.2731070959107,2642.2731070959107,0.0,22.89614476456149,22.89614476456149,0.0,21.376782985713927,35.09240196126491,90.82027357077877,24.949481566924355,8248.322091471093,20.92851815983116,1,0.1264672117433357,0.1264672117433357,0.0,3180.373550585536,3180.373550585536,0.0,0.8211087695763556,0.8211087695763556,0.0,1,0.0536670389973475,0.0536670389973475,0.0,735.319318532037,735.319318532037,0.0,0.6582655787730219,0.6582655787730219,0.0,0.0440293964757047,0.7336764295798498,0.2059074382721447,0.7643526864108758,0.0423978731357971,0.4377777593307196,1,1.4587051330390182,1.4587051330390182,0.0,92.0,92.0,0.0,124.3338253849528,124.3338253849528,0.0,1,3.38180351216441,3.38180351216441,0.0,893.7082050334261,893.7082050334261,0.0,61.2207844118726,61.2207844118726,0.0,52.526784757491725,101.9928641909185,198.957991609141,71.92846675089899,39584.28242514302,49.246189852170666,1,0.0798982720731023,0.0798982720731023,0.0,933.6231458846552,933.6231458846552,0.0,2.282553997274404,2.282553997274404,0.0,2,0.0008471181805543,0.001621589844984,0.0007744716644296,3.0,4.0,1.0,1.762767122270659,1.6188268018500298,0.1439403204206291,0.4856214041343358,2.2076556353157395,1.4036703331212157,2.087962041646682,1.970290404084624,1.54252159928796,93.11384187340596,99.8840714120102,99.95362856480408,1,0.0,0.0,0.0,16.0,7.0,7.0,1.0,1.0,1.0,99.3791,24.8448,49.6895
1,-0.8660254037844385,-0.9510565162951535,9,16.8,2020-09-16 16:48:48.160,0,4.264665535524605,1,5.969415661086451,5.969415661086451,0.0,3906.177755720044,3906.177755720044,0.0,38.75040722546072,38.75040722546072,0.0,1,0.001353113201592,0.001353113201592,0.0,2.0,2.0,0.0,28.5180567561169,28.5180567561169,0.0,8.008549612913955,43.627421422791,30.987497849802217,35.66350859236158,960.225022991497,28.90505525715736,1,0.1270708435539038,0.1270708435539038,0.0,4031.276090897452,4031.276090897452,0.0,0.9695357816019974,0.9695357816019974,0.0,1,0.0077947961449321,0.0077947961449321,0.0,110.0,110.0,0.0,0.8424649380480935,0.8424649380480935,0.0,0.0423108333342176,0.8581398466307396,0.2008662819490395,0.8860568977670475,0.040347263224031,0.5573676990996589,1,38.79385939314119,38.79385939314119,0.0,3736.94019997876,3736.94019997876,0.0,196.82976594055413,196.82976594055413,0.0,1,0.5020063482676562,0.5020063482676562,0.0,108.0,108.0,0.0,134.36787771838956,134.36787771838956,0.0,17.973270995298456,188.43811593292415,64.03620000877976,178.01021324608345,4100.634911564445,134.02482046685338,1,0.0106136827940401,0.0106136827940401,0.0,186.0,186.0,0.0,1.551115282693344,1.551115282693344,0.0,1,0.1654250402586452,0.1654250402586452,0.0,3121.620266483912,3121.620266483912,0.0,1.132838271938752,1.132838271938752,0.0,0.121679524033684,1.30323608452204,0.2862446413115634,1.2423278133911595,0.0819359946795856,1.0592988410820887,99.95362856480408,99.83769997681428,99.95362856480408,1,0.0,0.0,0.0,77.0,15.0,34.0,12.0,2.0,4.0,50.8591,8.4765,16.953
1,-1.0,0.05233595624294383,10,0.2,2020-10-07 00:12:19.675,0,3.6878015577217913,2,3.4109568859906503,5.809781575871057,2.3988246898804064,421.6893333979933,839.3786667959866,417.6893333979933,70.13398015971383,84.2362696502168,14.102289490502969,1,16.285542919735676,16.285542919735676,0.0,2571.865749901664,2571.865749901664,0.0,39.74614774947519,39.74614774947519,0.0,11.96471304489423,65.13461211983095,50.75742902203422,49.20207925327109,2576.316600926842,34.105851347561895,1,0.0032473937225523,0.0032473937225523,0.0,142.0,142.0,0.0,0.8412680805172262,0.8412680805172262,0.0,1,0.0006436844556318,0.0006436844556318,0.0,2.0,2.0,0.0,0.6744821346774463,0.6744821346774463,0.0,0.0411126004404078,0.7524585645782975,0.2212131796332236,0.7813701117038644,0.0489352708434408,0.4273601351811219,1,13.69732461976443,13.69732461976443,0.0,258.0,258.0,0.0,225.3961691354071,225.3961691354071,0.0,1,3.297634991451304,3.297634991451304,0.0,240.0,240.0,0.0,139.53751934752853,139.53751934752853,0.0,33.87911151027641,230.27908626513505,212.71574767086744,161.45918078529454,45247.98930717615,103.25751358500791,1,0.1406753509208442,0.1406753509208442,0.0,652.5650590574277,652.5650590574277,0.0,4.036339106699188,4.036339106699188,0.0,1,3.1489548403498904,3.1489548403498904,0.0,3325.9338480519154,3325.9338480519154,0.0,0.8540608636720709,0.8540608636720709,0.0,9.624206881834017,4.290606268928307,60.467233427621245,3.5089742317205705,3656.286318390436,0.854060863672071,99.62902851843263,77.11569673081382,99.95362856480408,1,0.0,0.0,0.0,2.0,2.0,2.0,1.0,1.0,1.0,58.482,15.653,21.4145
1,-0.866025403784439,0.9320078692827986,11,7.416666666666667,2020-11-01 07:25:14.413,0,2.042499469542155,1,0.0296170912537618,0.0296170912537618,0.0,4.0,4.0,0.0,29.607984533800312,29.607984533800312,0.0,1,0.911429556812788,0.911429556812788,0.0,931.0700084523774,931.0700084523774,0.0,21.986400605439123,21.986400605439123,0.0,41.759264200620905,37.45102173012607,259.57424154956203,23.95355822424699,67378.78687603038,20.70209467365181,1,0.0538327078319195,0.0538327078319195,0.0,1008.6256496811905,1008.6256496811905,0.0,0.8133558515047965,0.8133558515047965,0.0,1,0.0009483933791274,0.0009483933791274,0.0,34.0,34.0,0.0,0.6181817943052228,0.6181817943052228,0.0,0.0459629949349104,0.7458843485312724,0.2300452518431712,0.7639259236317644,0.052920817895588,0.4586255509900709,1,2.5020960653288284,2.5020960653288284,0.0,525.211082357848,525.211082357848,0.0,107.1583583455304,107.1583583455304,0.0,1,13.966087932085514,13.966087932085514,0.0,2294.298893607569,2294.298893607569,0.0,64.88119931134065,64.88119931134065,0.0,78.38242886141654,103.27719825628904,402.2237108359799,77.60140473788385,161783.91355866595,44.39391916621515,1,0.3604493730192515,0.3604493730192515,0.0,2785.1520634304024,2785.1520634304024,0.0,2.994223374803093,2.994223374803093,0.0,1,0.0006795196775382,0.0006795196775382,0.0,4.0,4.0,0.0,1.717498624349835,1.717498624349835,0.0,0.4219594163745961,2.652444406089193,1.1916108520451572,2.559591250884734,1.4199364227117854,1.6445799096066271,83.7931833990262,99.8840714120102,99.95362856480408,1,3.0,0.0,3.0,4.0,0.0,4.0,1.0,0.0,1.0,84.094,44.7622,44.7622
1,-0.866025403784439,0.9998476951563913,11,5.933333333333334,2020-11-09 05:56:31.017,0,3.901954130208023,1,4.627504841079755,4.627504841079755,0.0,1058.0,1058.0,0.0,76.10877032025068,76.10877032025068,0.0,1,5.108361080643576,5.108361080643576,0.0,2028.1669649259225,2028.1669649259225,0.0,35.309597858240394,35.309597858240394,0.0,11.924180502872886,56.78213721661514,31.003585906934816,43.73407305586447,961.2223390886872,32.620744381852774,1,0.0203460417390601,0.0203460417390601,0.0,492.0,492.0,0.0,1.0742180094145868,1.0742180094145868,0.0,1,0.0143396445697677,0.0143396445697677,0.0,352.0,352.0,0.0,0.9476603100706424,0.9476603100706424,0.0,0.0400089073038806,0.9698432949958136,0.1966412585210233,1.0112529619750736,0.0386677845527319,0.6549374118321555,1,20.72923744344021,20.72923744344021,0.0,1096.1364909650415,1096.1364909650415,0.0,246.40233396490945,246.40233396490945,0.0,1,12.180377610203095,12.180377610203095,0.0,2285.1428355403764,2285.1428355403764,0.0,95.0824581461394,95.0824581461394,0.0,27.37810025055968,159.32505650401572,89.39996636471643,120.95430154347942,7992.35398601243,76.5963126332084,1,0.5794866927283078,0.5794866927283078,0.0,1723.134325091685,1723.134325091685,0.0,4.843546670098524,4.843546670098524,0.0,1,0.0763158873054132,0.0763158873054132,0.0,853.8457384287481,853.8457384287481,0.0,2.638713239276436,2.638713239276436,0.0,0.3908321632858775,3.835881522619945,1.0868998730676118,3.7328030803739214,1.1813513340743909,2.469792652020434,83.81636911662416,99.8840714120102,99.95362856480408,1,1.0,1.0,1.0,11.0,8.0,8.0,1.0,1.0,1.0,7.0256,0.0,7.0256
1,-0.866025403784439,0.9713420698132614,11,6.916666666666667,2020-11-13 06:55:08.072,0,3.637234335262904,1,0.0360452609202042,0.0360452609202042,0.0,6.0,6.0,0.0,40.19848039547534,40.19848039547534,0.0,1,0.2683697179571496,0.2683697179571496,0.0,52.0,52.0,0.0,33.49356403839485,33.49356403839485,0.0,61.13924520755991,55.92132885543588,126.31583666189026,38.2915845488369,15955.690591593338,26.15744669546736,1,0.0117580542697453,0.0117580542697453,0.0,294.0,294.0,0.0,0.9406378861790377,0.9406378861790377,0.0,1,0.0149453315687608,0.0149453315687608,0.0,641.2700904119386,641.2700904119386,0.0,0.9228074626855018,0.9228074626855018,0.0,0.0604432344841399,0.8713344684438575,0.1946533975230343,0.8722474212948205,0.0378899451672604,0.6056254931322154,1,36.94543748193317,36.94543748193317,0.0,1460.2161982818857,1460.2161982818857,0.0,166.47481562824714,166.47481562824714,0.0,1,72.27849748299845,72.27849748299845,0.0,2159.368035381217,2159.368035381217,0.0,52.33535499225566,52.33535499225566,0.0,62.78048861106872,131.96828632916754,182.1597547956929,108.08314318901904,33182.17626722695,44.59206691031807,1,0.5046241475135522,0.5046241475135522,0.0,3017.655046770573,3017.655046770573,0.0,2.9965479696606057,2.9965479696606057,0.0,1,0.1891023432771761,0.1891023432771761,0.0,1194.786276479111,1194.786276479111,0.0,2.2043646135323294,2.2043646135323294,0.0,9.56778837866666,3.69711559659101,60.11592475061504,2.67852686442627,3613.9244086216095,1.7718128774683315,25.11013215859031,84.21052631578947,99.95362856480408,1,0.0,0.0,0.0,12.0,3.0,6.0,1.0,0.0,1.0,0.0,0.0,0.0
1,-0.866025403784439,0.8410390129643925,11,8.183333333333334,2020-11-16 08:11:27.957,0,3.4405735550133043,1,14.719079969429814,14.719079969429814,0.0,975.2499633861404,975.2499633861404,0.0,46.10562739501428,46.10562739501428,0.0,1,10.50723691993305,10.50723691993305,0.0,2406.0997256057267,2406.0997256057267,0.0,25.51470717912724,25.51470717912724,0.0,26.499527932792123,51.557843937297655,52.05854646739671,31.37945372376301,2710.0922602981027,22.41656754635148,2,0.0282146985114574,0.0539760046040631,0.0257613060926056,1970.3970631761624,3887.794126352325,1917.3970631761624,0.8515005857214859,0.8619970924603093,0.0104965067388233,1,0.0335082361908212,0.0335082361908212,0.0,810.8624777946188,810.8624777946188,0.0,0.8059234817172589,0.8059234817172589,0.0,0.045796716363639,0.8114083768399157,0.1451958980884686,0.8309498220593776,0.0210818488217169,0.5881292783018249,1,49.32347967945008,49.32347967945008,0.0,1069.4274747008749,1069.4274747008749,0.0,133.16322019566644,133.16322019566644,0.0,1,39.09580918608914,39.09580918608914,0.0,2400.868645191946,2400.868645191946,0.0,69.20088574849323,69.20088574849323,0.0,58.3716785838894,146.54008753746638,134.8137595451828,90.7741499666581,18174.749762706368,49.02312763000486,2,0.0015103433817329,0.0017473377327172,0.0002369943509843,4.0,6.0,2.0,3.1980605249816585,3.4656824967554742,0.2676219717738157,1,0.327407859091338,0.327407859091338,0.0,2632.9140034518578,2632.9140034518578,0.0,2.307762469304359,2.307762469304359,0.0,0.7411557513461963,2.866100005238636,0.965159995692146,2.604643414123532,0.9315338172844636,2.006262596494839,99.93044284720612,99.8840714120102,99.95362856480408,1,0.0,0.0,0.0,8.0,2.0,4.0,1.0,1.0,1.0,34.7471,34.7471,34.7471
1,-0.866025403784439,-0.6915130557822698,11,21.083333333333332,2020-11-19 21:05:38.532,0,2.2248471141783392,1,68.78731203800558,68.78731203800558,0.0,2553.174901403449,2553.174901403449,0.0,112.24412063159122,112.24412063159122,0.0,1,1.588181553356435,1.588181553356435,0.0,1275.0463220105753,1275.0463220105753,0.0,32.23747490936423,32.23747490936423,0.0,17.583671462119003,76.45110230674456,62.54201939877248,48.23635437409396,3911.504190476433,29.16782548618634,1,0.6867718895150063,0.6867718895150063,0.0,4025.052719601112,4025.052719601112,0.0,1.4398040928388265,1.4398040928388265,0.0,1,0.0012159244020626,0.0012159244020626,0.0,2.0,2.0,0.0,0.6824662282349445,0.6824662282349445,0.0,0.0634569848156397,1.0898938738021289,0.3863226866926177,1.1026844987432125,0.1492452182534025,0.5252967198315384,1,83.51573347385431,83.51573347385431,0.0,1791.5571867143024,1791.5571867143024,0.0,218.53311011958027,218.53311011958027,0.0,1,11.405994545482583,11.405994545482583,0.0,1946.0709804831044,1946.0709804831044,0.0,58.54917014087621,58.54917014087621,0.0,80.73700771618759,164.5476425004636,161.00575114063048,89.50863970925917,25922.85190035863,47.74332309991722,1,2.699565973169595,2.699565973169595,0.0,2499.8367405105746,2499.8367405105746,0.0,6.084144896270801,6.084144896270801,0.0,1,0.0011996262069384,0.0011996262069384,0.0,2.0,2.0,0.0,2.9254765531675253,2.9254765531675253,0.0,0.578882896515724,4.413995641966451,1.7913205775986256,4.218800914328839,3.2088294117282734,2.110763975983766,99.95362856480408,99.8840714120102,99.95362856480408,1,6.0,1.0,3.0,12.0,1.0,9.0,0.0,0.0,0.0,68.2006,0.0,68.2006
1,-0.866025403784439,-0.4539904997395478,11,22.2,2020-11-28 22:12:47.411,0,3.190274611494433,1,3.080866074582474,3.080866074582474,0.0,753.0177178008325,753.0177178008325,0.0,64.79449907091055,64.79449907091055,0.0,1,10.315315519462146,10.315315519462146,0.0,4281.88131810745,4281.88131810745,0.0,55.41429198451418,55.41429198451418,0.0,6.282352057246884,62.10527587156922,24.485467846443377,59.95571646570616,599.5381356592125,51.6388760306498,1,0.0107729229876354,0.0107729229876354,0.0,186.0,186.0,0.0,1.0499715497968398,1.0499715497968398,0.0,1,0.0610575745088166,0.0610575745088166,0.0,1586.5999744565,1586.5999744565,0.0,0.8763429081669489,0.8763429081669489,0.0,0.0373648760818701,0.9038251749377412,0.2102565057358795,0.9415004916970332,0.0442077982042619,0.5810409244694151,1,0.037461899633854,0.037461899633854,0.0,2.0,2.0,0.0,419.0885842392639,419.0885842392639,0.0,1,20.239150602574117,20.239150602574117,0.0,1472.0747693683743,1472.0747693683743,0.0,325.2032451597745,325.2032451597745,0.0,20.63967050870011,383.5838133432128,73.18657929141736,383.6754942610962,5356.275388378921,299.5099752422631,1,0.0007776071686871,0.0007776071686871,0.0,4.0,4.0,0.0,2.850873705706055,2.850873705706055,0.0,1,0.7256245290706294,0.7256245290706294,0.0,4150.722467232076,4150.722467232076,0.0,1.9858800123833644,1.9858800123833644,0.0,0.194461057943696,2.485677101968109,0.5604468470745261,2.45575428815708,0.3141006683957772,1.7888024238677798,99.95362856480408,99.8840714120102,99.95362856480408,1,25.0,1.0,18.0,2.0,0.0,1.0,0.0,0.0,0.0,0.0,0.0,0.0
0,-0.5000000000000004,-0.5372996083468236,12,14.166666666666666,2020-12-13 14:10:15.489,0,3.4057006145343878,1,1.22274484940257,1.22274484940257,0.0,909.8011825452944,909.8011825452944,0.0,32.48091359044706,32.48091359044706,0.0,1,3.898139402207889,3.898139402207889,0.0,3089.873617873888,3089.873617873888,0.0,28.556811611836977,28.556811611836977,0.0,8.63850622535285,33.39450662766499,33.988145024358275,31.41917308968815,1155.19400219681,27.343552277974894,2,0.0488464423340659,0.0959506179949052,0.0471041756608392,1711.5702507006824,3368.109401050941,1656.5391503502583,0.7834918989407812,0.7864798779964441,0.0029879790556629,2,0.0297021049728906,0.0560577494520104,0.0263556444791198,867.1615041750683,1702.323008350137,835.1615041750683,0.6842614351865421,0.6779936103715453,0.0062678248149968,0.0338854529661322,0.7165944307583845,0.1570117653453155,0.7404599957563226,0.0246526944568524,0.4764248745370117,1,1.210774557603429,1.210774557603429,0.0,36.0,36.0,0.0,234.1999763168092,234.1999763168092,0.0,1,0.1564756415002648,0.1564756415002648,0.0,4.0,4.0,0.0,133.8856112236515,133.8856112236515,0.0,25.9461890277888,174.76651380710888,77.25817364603452,161.07289132739095,5968.825395120823,118.79311860555563,1,0.794694876602756,0.794694876602756,0.0,3083.600237402771,3083.600237402771,0.0,3.774821836858573,3.774821836858573,0.0,1,0.0023528765501157,0.0023528765501157,0.0,4.0,4.0,0.0,2.9801269602558165,2.9801269602558165,0.0,0.3755070143671352,2.9667899138784586,1.2166980765194029,3.1989742956610097,1.480354209406015,0.8787230603130107,99.95362856480408,80.26895432413633,99.95362856480408,1,0.0,0.0,0.0,12.0,1.0,7.0,0.0,0.0,0.0,0.0,0.0,0.0
1,0.8660254037844387,-0.8987940462991668,5,16.266666666666666,2021-05-29 16:16:29.258,0,3.647754976859595,1,1.4032121959490098,1.4032121959490098,0.0,1235.6194434478548,1235.6194434478548,0.0,72.97028763646632,72.97028763646632,0.0,2,4.188302161627245,4.548695129882709,0.3603929682554643,506.50195270909273,590.0,83.49804729090727,48.43486009946756,47.01048973635688,1.4243703631106823,7.518200509535532,65.71388959424245,20.41256705512331,65.95242152474306,416.6728937799056,44.35055956389375,1,0.0009377364401821,0.0009377364401821,0.0,8.0,8.0,0.0,1.2206468713951877,1.2206468713951877,0.0,2,0.041540031358124,0.0816556991746819,0.0401156678165579,932.5618651144308,1844.1237302288612,911.5618651144308,0.8175330474287337,0.7929530007050853,0.0245800467236483,0.0444236445961509,0.8713625573231252,0.2820602764196067,0.8846146171880278,0.0795579995339049,0.4565103519893069,1,19.590808358720096,19.590808358720096,0.0,1922.5950729526132,1922.5950729526132,0.0,411.86290063057055,411.86290063057055,0.0,1,17.138172888248732,17.138172888248732,0.0,502.0,502.0,0.0,270.3276244655105,270.3276244655105,0.0,25.79642942416566,365.38824158110816,90.17012250385316,373.0824080269818,8130.650992359886,252.53204951864268,1,0.168399606051055,0.168399606051055,0.0,1867.109273624915,1867.109273624915,0.0,2.343725790000285,2.343725790000285,0.0,1,0.026423606260516,0.026423606260516,0.0,958.5768655278398,958.5768655278398,0.0,1.6164513433445986,1.6164513433445986,0.0,0.2026526974961633,2.043701466669865,0.4982814218174504,1.9315231091846643,0.2482843753284199,1.483310047765083,100.02318571759795,99.95362856480408,99.95362856480408,1,3.0,2.0,2.0,5.0,1.0,2.0,0.0,0.0,0.0,10.4788,0.0,5.2394
1,0.5000000000000003,-0.9920049496797149,6,17.516666666666666,2021-06-06 17:31:25.991,0,3.8851043919468817,1,26.3739959146101,26.3739959146101,0.0,1784.6366503787667,1784.6366503787667,0.0,74.96547553484,74.96547553484,0.0,1,0.1115158851530324,0.1115158851530324,0.0,20.0,20.0,0.0,39.63025021445153,39.63025021445153,0.0,6.13145944668385,52.34086838663177,26.75378155857334,45.41611042778938,715.7648276838589,29.653711373552238,1,0.0002632155006231,0.0002632155006231,0.0,2.0,2.0,0.0,0.9432267967680864,0.9432267967680864,0.0,1,0.0002198067762888,0.0002198067762888,0.0,2.0,2.0,0.0,0.7075885585980399,0.7075885585980399,0.0,0.0397618851057045,0.7553570651151095,0.2365127309652571,0.80088605916607,0.0559382719086441,0.3976811866945378,1,120.11185157427764,120.11185157427764,0.0,3581.3270845439583,3581.3270845439583,0.0,365.71976953056657,365.71976953056657,0.0,1,0.9886573794508706,0.9886573794508706,0.0,24.0,24.0,0.0,146.67013223775658,146.67013223775658,0.0,70.46421964259807,296.788005349013,310.6335213669757,275.99369992402364,96493.18459684734,136.26366621410077,2,0.1737574277438678,0.3451003917661883,0.1713429640223205,976.410739203708,1950.821478407416,974.410739203708,2.90233317233762,2.985621167769402,0.083287995431782,2,0.0087199468831508,0.0167158390839576,0.0079958922008068,105.5,205.0,99.5,1.6703599388795134,1.633618550085286,0.0367413887942273,0.3588883536674284,2.3757285304026583,1.4942738630999095,2.3466376994644023,2.232854377943527,1.524187246349734,90.21562717366103,99.83769997681428,99.95362856480408,1,0.0,0.0,0.0,5.0,2.0,2.0,0.0,0.0,0.0,0.0,0.0,0.0
1,0.5000000000000003,-0.5037739770455262,6,14.016666666666667,2021-06-15 14:01:32.525,0,2.630208295075467,1,58.35480443008845,58.35480443008845,0.0,1965.426958557932,1965.426958557932,0.0,217.05064658388176,217.05064658388176,0.0,1,12.4925096274209,12.4925096274209,0.0,532.1602127407141,532.1602127407141,0.0,83.90828628771729,83.90828628771729,0.0,17.089276813125245,151.0604309448889,74.28817755648909,144.22112491296895,5518.733324664448,71.69756790680059,1,0.3340889874613608,0.3340889874613608,0.0,1417.446240521425,1417.446240521425,0.0,1.909138440514672,1.909138440514672,0.0,2,0.1109195416482147,0.2215988792465617,0.110679337598347,760.7327999243034,1504.4655998486069,743.7327999243034,0.9011099835285936,0.8288464981765358,0.0722634853520577,0.1000176913567574,1.240398080185129,0.5714379665775352,1.1518854125060356,0.3265413496462682,0.5254216041057589,1,78.7905584057346,78.7905584057346,0.0,1289.0096981041568,1289.0096981041568,0.0,1100.6155632968762,1100.6155632968762,0.0,1,32.00307143530762,32.00307143530762,0.0,400.5300984355245,400.5300984355245,0.0,434.3518200476674,434.3518200476674,0.0,72.14998998279822,813.9918394183325,345.66995474593955,811.9190215092597,119487.7176140599,378.67424581879067,1,0.413287833626311,0.413287833626311,0.0,1933.570726405257,1933.570726405257,0.0,2.434135881219538,2.434135881219538,0.0,1,0.0008043527800585,0.0008043527800585,0.0,2.0,2.0,0.0,1.5712822654028007,1.5712822654028007,0.0,0.2047285983416289,2.159793066028312,0.5824494565727175,2.126245111024634,0.3392473694618539,1.4879628505626836,100.02318571759795,99.95362856480408,99.95362856480408,1,0.0,0.0,0.0,1.0,0.0,1.0,1.0,0.0,1.0,20.9016,6.9672,6.9672
1,0.5000000000000003,0.07845909572784551,6,11.7,2021-06-28 11:42:04.132,1,5.431984385624636,1,0.0786114491352165,0.0786114491352165,0.0,4.0,4.0,0.0,28.95436752421432,28.95436752421432,0.0,1,1.248573180123337,1.248573180123337,0.0,1847.3286751531489,1847.3286751531489,0.0,22.79359430124942,22.79359430124942,0.0,8.279955636820661,28.181419862757544,17.928552075188474,23.502211529119293,321.43297951274496,20.851581233737782,1,0.0002923217171063,0.0002923217171063,0.0,4.0,4.0,0.0,0.7639114703474408,0.7639114703474408,0.0,1,0.0002537913752505,0.0002537913752505,0.0,1.3501812176251171,1.3501812176251171,0.0,0.6175717772015301,0.6175717772015301,0.0,0.0373254833132224,0.6452664330257623,0.207935906675364,0.6924926046024507,0.0432373412849057,0.3370097219592208,1,1.041421385397399,1.041421385397399,0.0,580.0,580.0,0.0,95.96715664928932,95.96715664928932,0.0,1,2.9927499140272964,2.9927499140272964,0.0,1083.6427288243026,1083.6427288243026,0.0,25.87112146005532,25.87112146005532,0.0,10.0696420357425,73.92023989550275,48.85185895849445,80.77806585850712,2386.504123700634,23.564592883510446,1,2.5742784569689032,2.5742784569689032,0.0,1542.889751179947,1542.889751179947,0.0,7.815655832832003,7.815655832832003,0.0,1,0.0594340937720809,0.0594340937720809,0.0,834.2747664047438,834.2747664047438,0.0,1.7887882264157031,1.7887882264157031,0.0,0.7374821430657343,4.070865216694945,3.115425896951652,2.360081784520628,9.705878519397007,1.6268670878771758,65.22142360306052,92.37189891027128,99.95362856480408,1,1.0,1.0,1.0,23.0,8.0,9.0,0.0,0.0,0.0,26.5605,15.9363,15.9363
1,1.2246467991473532e-16,-0.5628049276950682,7,14.283333333333333,2021-07-01 14:17:18.530,0,2.968275428105888,0,0.0,0.0,0.0,0.0,0.0,0.0,0.0,0.0,0.0,0,0.0,0.0,0.0,0.0,0.0,0.0,0.0,0.0,0.0,13.863448877177673,37.39916621422677,31.90686420105947,28.415173319713023,1018.0479831448504,20.711062276900098,0,0.0,0.0,0.0,0.0,0.0,0.0,0.0,0.0,0.0,0,0.0,0.0,0.0,0.0,0.0,0.0,0.0,0.0,0.0,0.0627072761808201,0.5329940960642741,0.2550838650440667,0.4913897698139214,0.0650677782058196,0.2697375611098566,1,0.0008894107757129,0.0008894107757129,0.0,2.0,2.0,0.0,126.2419351806212,126.2419351806212,0.0,1,0.0633844916610044,0.0633844916610044,0.0,12.0,12.0,0.0,48.73146105869547,48.73146105869547,0.0,31.55258262282693,94.69392804656005,111.66941561986272,73.64532868369339,12470.05838488164,43.86618115403332,1,0.1035356842687731,0.1035356842687731,0.0,410.0,410.0,0.0,2.781486430913834,2.781486430913834,0.0,1,0.0016013970562402,0.0016013970562402,0.0,12.0,12.0,0.0,1.2652951289405292,1.2652951289405292,0.0,0.233857987178836,2.0017497643418727,0.8403892160583325,1.6897914425075464,0.7062540344671386,1.0803931884195204,0.0,68.86158126594019,68.86158126594019,1,1.0,1.0,1.0,7.0,0.0,4.0,2.0,1.0,1.0,26.5605,10.6242,10.6242
1,1.2246467991473532e-16,-0.386710961636821,7,22.483333333333334,2021-07-04 22:29:30.450,0,3.279114668781568,0,0.0,0.0,0.0,0.0,0.0,0.0,0.0,0.0,0.0,0,0.0,0.0,0.0,0.0,0.0,0.0,0.0,0.0,0.0,8.455714844582236,37.49449545505312,43.97016804339484,23.6907342206483,1933.375677764381,20.50508129498285,0,0.0,0.0,0.0,0.0,0.0,0.0,0.0,0.0,0.0,0,0.0,0.0,0.0,0.0,0.0,0.0,0.0,0.0,0.0,0.0623176932682751,0.4906655863984026,0.324581589753101,0.385460583527965,0.1053532084066503,0.2249481425954258,1,10.4232320549622,10.4232320549622,0.0,850.0,850.0,0.0,82.00199455460884,82.00199455460884,0.0,1,1.6539374657189114,1.6539374657189114,0.0,267.89089459878346,267.89089459878346,0.0,64.78407097839892,64.78407097839892,0.0,10.961587423394546,88.14508081345282,86.03639235333151,70.82145744761829,7402.2608091764,54.94884140737512,1,0.0209239151074069,0.0209239151074069,0.0,106.0,106.0,0.0,2.4840876601208985,2.4840876601208985,0.0,1,0.0266176618004143,0.0266176618004143,0.0,270.0,270.0,0.0,2.322024286510662,2.322024286510662,0.0,0.1776380122798903,2.2923956870384976,0.5320509679807147,2.351801396436163,0.2830782325292155,1.5094219708278562,0.0,55.87757941108278,55.87757941108278,1,0.0,0.0,0.0,14.0,3.0,7.0,4.0,2.0,2.0,17.5539,0.0,13.1654
1,1.2246467991473532e-16,-0.8012538126910612,7,20.45,2021-07-12 20:27:38.397,0,3.5670190197439613,1,6.50468615822507,6.50468615822507,0.0,1407.8800977665996,1407.8800977665996,0.0,43.101440728676735,43.101440728676735,0.0,1,5.8406106828887125,5.8406106828887125,0.0,2338.757342092149,2338.757342092149,0.0,23.06895665823362,23.06895665823362,0.0,4.029360812803724,34.84662725406619,17.0361007373787,28.934156624779177,290.22872833411503,21.46440222602517,1,0.1326364851345891,0.1326364851345891,0.0,2048.556640219803,2048.556640219803,0.0,0.6217821071619675,0.6217821071619675,0.0,1,0.1187987314455336,0.1187987314455336,0.0,2713.35640139508,2713.35640139508,0.0,0.4786563086716464,0.4786563086716464,0.0,0.0404327026516817,0.5441785102392542,0.2079305399802271,0.5259908390218387,0.0432351094564688,0.2780584272424002,1,0.1223388700071836,0.1223388700071836,0.0,2.0,2.0,0.0,148.54613997375668,148.54613997375668,0.0,1,40.8416488342024,40.8416488342024,0.0,2885.708553863888,2885.708553863888,0.0,46.95323437486104,46.95323437486104,0.0,17.721650442635976,88.99634475627239,51.36885102121855,70.57619764880982,2638.758855240146,43.53282531238264,1,1.1907684857641447,1.1907684857641447,0.0,3152.3794143973755,3152.3794143973755,0.0,4.58033362346976,4.58033362346976,0.0,1,0.0005117091621449,0.0005117091621449,0.0,2.0,2.0,0.0,2.449650872387423,2.449650872387423,0.0,0.3950892716374187,3.7391803788240967,1.221515989341894,3.542193073764194,1.492101312217906,2.3194853976644065,97.28727104103872,99.95362856480408,99.95362856480408,1,1.0,0.0,1.0,3.0,1.0,2.0,0.0,0.0,0.0,65.3535,12.8663,26.2436
1,1.2246467991473532e-16,-0.9935718556765875,7,17.566666666666666,2021-07-31 17:34:29.119,0,3.0926978423457867,1,2.242561779694107,2.242561779694107,0.0,2667.943088374246,2667.943088374246,0.0,38.27120137224598,38.27120137224598,0.0,1,0.92652325496978,0.92652325496978,0.0,1485.117268657487,1485.117268657487,0.0,35.85759803165166,35.85759803165166,0.0,37.32422777141359,46.62320315265509,162.23234320841604,36.94065738553785,26319.333182893293,33.11461981799042,1,0.1184291044037691,0.1184291044037691,0.0,2600.913267540829,2600.913267540829,0.0,0.99991472225308,0.99991472225308,0.0,1,0.0218116803861376,0.0218116803861376,0.0,675.1349912263264,675.1349912263264,0.0,0.8759236547118985,0.8759236547118985,0.0,0.0572985811068758,0.8994191748705688,0.219780929316918,0.9219747683606536,0.0483036568914081,0.5895909844504685,2,1.9624710088386053,3.457409142766238,1.4949381339276329,193.39215279436644,370.7843055887329,177.39215279436644,190.4990460892214,197.4743357984597,6.975289709238282,2,0.5777468051492605,1.15147765689602,0.5737308517467596,95.0,188.0,93.0,152.2181123058824,151.87185080500322,0.3462615008791658,71.89654114410904,189.87649405058656,442.0284400197842,170.43941022520858,195389.141786324,143.29517576311233,1,0.0102547483784096,0.0102547483784096,0.0,58.0,58.0,0.0,2.455717755352356,2.455717755352356,0.0,1,0.0747141334091137,0.0747141334091137,0.0,472.0,472.0,0.0,1.740200729064297,1.740200729064297,0.0,18.20481355150779,5.024127906588562,99.31506681378374,2.084481813256597,9863.482496226328,1.3712358703737388,74.35659633665662,94.04127057732435,99.95362856480408,1,1.0,1.0,1.0,3.0,0.0,2.0,4.0,1.0,2.0,2.1713,0.0,2.1713
1,-0.4999999999999997,-0.9523957996432783,8,16.816666666666666,2021-08-12 16:49:17.596,0,3.197275465247458,1,0.5761802717750584,0.5761802717750584,0.0,494.0,494.0,0.0,29.49017298072277,29.49017298072277,0.0,1,2.501355249014061,2.501355249014061,0.0,1744.0446714411098,1744.0446714411098,0.0,26.17860933356542,26.17860933356542,0.0,17.846146857433922,33.849046807155936,46.02084822263024,28.2221405194637,2117.9184711303687,24.647827414846933,1,0.0568309375808833,0.0568309375808833,0.0,814.231285812426,814.231285812426,0.0,0.9028475384904752,0.9028475384904752,0.0,1,0.0830237322478687,0.0830237322478687,0.0,600.0,600.0,0.0,0.7072053783709823,0.7072053783709823,0.0,0.0382977410131937,0.7650139142220499,0.2159315780309015,0.8338366478268737,0.0466264463909153,0.42553645819891,1,3.043804788294324,3.043804788294324,0.0,623.3625185145403,623.3625185145403,0.0,151.87372465041807,151.87372465041807,0.0,1,2.2897098028351195,2.2897098028351195,0.0,1555.7883877992035,1555.7883877992035,0.0,103.7459033253216,103.7459033253216,0.0,23.623985156303892,130.1971145830348,83.68822089210012,122.18239970767412,7003.718316084942,98.19506237156112,1,0.1387479716767363,0.1387479716767363,0.0,572.0234013047624,572.0234013047624,0.0,3.1623234310903574,3.1623234310903574,0.0,2,0.0002207789646468,0.0004189788258837,0.0001981998612368,4.0,6.0,2.0,1.4523143164407646,1.4128843402354776,0.0394299762052869,0.4249263469812763,2.2196102836680427,0.9647117328880084,1.9989885975169928,0.930668727571784,1.3219879157479606,58.68305124043589,99.95362856480408,99.95362856480408,1,0.0,0.0,0.0,4.0,1.0,2.0,5.0,3.0,3.0,43.6801,43.6801,43.6801
1,-0.4999999999999997,0.32143946530316153,8,1.25,2021-08-27 01:15:12.828,0,2.037966845086764,1,6.603216131608459,6.603216131608459,0.0,985.6561810793816,985.6561810793816,0.0,31.91147361649348,31.91147361649348,0.0,1,0.0222266498909888,0.0222266498909888,0.0,62.0,62.0,0.0,23.50613277350537,23.50613277350537,0.0,6.9761705323282905,34.726415550588705,22.311362617747445,26.00514364052419,497.7969018606181,22.374498979613527,1,0.0159480224226422,0.0159480224226422,0.0,242.0,242.0,0.0,0.8401949300521724,0.8401949300521724,0.0,1,0.0264284114733839,0.0264284114733839,0.0,462.0,462.0,0.0,0.7269724163436844,0.7269724163436844,0.0,0.0542236822703379,0.7569207447440857,0.21484754714394,0.781923518720075,0.0461594685137675,0.4411410439952389,1,19.377893366569843,19.377893366569843,0.0,2513.6549367348653,2513.6549367348653,0.0,70.79829247939264,70.79829247939264,0.0,1,0.2160621475749238,0.2160621475749238,0.0,38.0,38.0,0.0,34.863352523941984,34.863352523941984,0.0,9.8965638811378,59.14291927034162,36.67173908047439,51.654849376224846,1344.8164471863925,34.26896509377715,1,0.1567935873938424,0.1567935873938424,0.0,162.0,162.0,0.0,5.228241750459211,5.228241750459211,0.0,1,0.3064280268480241,0.3064280268480241,0.0,2046.5845733275164,2046.5845733275164,0.0,3.412100698443564,3.412100698443564,0.0,2.1261686294588054,4.276263012846515,10.929661530738416,3.81123890223663,119.4575011765032,2.6163151826180724,63.48249478321354,99.83769997681428,99.95362856480408,1,0.0,0.0,0.0,0.0,0.0,0.0,8.0,4.0,4.0,44.7072,0.0,22.3536
1,-0.8660254037844385,0.8746197071393957,9,4.066666666666666,2021-09-02 04:04:49.823,0,1.6155527794790794,1,0.0804142071299622,0.0804142071299622,0.0,18.0,18.0,0.0,52.79383878375752,52.79383878375752,0.0,1,0.0046204607078621,0.0046204607078621,0.0,2.0,2.0,0.0,33.03798688664759,33.03798688664759,0.0,6.377761556420777,47.682950211577385,24.90533319395832,43.354916697002295,620.2756215020819,26.645041137390205,1,0.0744769926821071,0.0744769926821071,0.0,3187.747174443974,3187.747174443974,0.0,0.8803167599852217,0.8803167599852217,0.0,1,0.0850070844719299,0.0850070844719299,0.0,472.0,472.0,0.0,0.7421868117246748,0.7421868117246748,0.0,0.0436896493661147,0.7891691343807189,0.2183083862378271,0.8459762614279891,0.0476585515017643,0.4467654715822334,1,0.3575990728945726,0.3575990728945726,0.0,4.0,4.0,0.0,313.12688982082864,313.12688982082864,0.0,1,0.2574923197099963,0.2574923197099963,0.0,2.0,2.0,0.0,212.5128861364412,212.5128861364412,0.0,26.350603771402827,272.68699701851347,138.660537970142,257.75315782032106,19226.74479016919,129.43548039804398,1,0.3637425519110808,0.3637425519110808,0.0,3063.439606138867,3063.439606138867,0.0,2.0489067066068904,2.0489067066068904,0.0,2,0.0540439442888083,0.1060908453337468,0.0520469010449384,248.86507624430192,463.73015248860384,214.86507624430192,1.27771287331811,1.2432467971677643,0.0344660761503456,9.611904289385995,3.1153477759884023,67.78233469457217,1.7752356107437788,4594.444896647003,1.1045290066991262,100.02318571759795,96.29028518432644,99.95362856480408,1,0.0,0.0,0.0,4.0,1.0,2.0,5.0,1.0,3.0,54.6666,0.0,36.4444
1,-0.8660254037844385,0.9940563382223196,9,6.416666666666667,2021-09-29 06:25:20.722,0,1.6133377217462967,2,0.0148193396469107,0.0204079731478401,0.0055886335009294,14.5,25.0,10.5,28.796457465869658,32.166053266530525,3.369595800660869,1,0.1602924210470604,0.1602924210470604,0.0,747.1258089734,747.1258089734,0.0,22.016206732053547,22.016206732053547,0.0,5.7845390071055816,27.29312327719511,11.541648031716734,23.947349865564945,133.20963928803076,20.933044530655938,1,0.0563279653637512,0.0563279653637512,0.0,1416.96029483462,1416.96029483462,0.0,0.752433373090847,0.752433373090847,0.0,1,0.008258613806122,0.008258613806122,0.0,150.0,150.0,0.0,0.5046901090322716,0.5046901090322716,0.0,0.0316727221264155,0.6287951484946694,0.1858172156625293,0.6537088734231007,0.0345280376365749,0.3476724195079326,1,10.59606324284428,10.59606324284428,0.0,946.3465365103964,946.3465365103964,0.0,133.3078800918984,133.3078800918984,0.0,1,4.184486925380639,4.184486925380639,0.0,444.2889651369451,444.2889651369451,0.0,75.81134364865665,75.81134364865665,0.0,48.48575769023587,95.63626766219988,233.79041318940352,85.81481288285609,54657.95729927202,37.49391756725572,2,0.0020558293387822,0.0038134743432127,0.0017576450044305,5.5,9.0,3.5,3.647990661852454,3.9135901522852494,0.2655994904327956,1,0.0610271581688373,0.0610271581688373,0.0,380.0,380.0,0.0,2.545699109685992,2.545699109685992,0.0,46.77417420009846,11.686199560895933,175.86767905887424,3.029122099820204,30929.44053755519,2.082075375015139,75.23765360537908,97.91328541618364,99.95362856480408,1,22.0,9.0,9.0,8.0,1.0,7.0,0.0,0.0,0.0,28.6047,9.5349,19.0698
1,-1.0,-0.46561452032511097,10,13.85,2021-10-13 13:51:17.077,0,3.60330674116496,0,0.0,0.0,0.0,0.0,0.0,0.0,0.0,0.0,0.0,0,0.0,0.0,0.0,0.0,0.0,0.0,0.0,0.0,0.0,79.99317091432157,42.39078093333902,273.126750123536,22.780995164036543,74598.22163304446,20.35778507701616,0,0.0,0.0,0.0,0.0,0.0,0.0,0.0,0.0,0.0,0,0.0,0.0,0.0,0.0,0.0,0.0,0.0,0.0,0.0,0.0727866317744085,0.5570746109951067,0.2263067217907134,0.529114020793747,0.0512147323276593,0.2895347812595055,1,0.0749642836370441,0.0749642836370441,0.0,4.0,4.0,0.0,50.12503017501771,50.12503017501771,0.0,1,10.353832497151842,10.353832497151842,0.0,3041.6651294162616,3041.6651294162616,0.0,27.723816027430985,27.723816027430985,0.0,53.29191689339329,47.74788931368036,329.1271802688737,34.63670385898643,108324.70079173968,24.76283558396189,1,2.185740189141643,2.185740189141643,0.0,2354.804517620468,2354.804517620468,0.0,6.199906145852948,6.199906145852948,0.0,1,0.00109995023552,0.00109995023552,0.0,2.0,2.0,0.0,3.580244819247264,3.580244819247264,0.0,0.7077888386400188,4.842588023987778,2.037247715627412,4.405912616482671,4.15037825482911,3.1007255376526053,0.0,99.51309993044283,99.95362856480408,1,27.0,9.0,11.0,4.0,0.0,3.0,4.0,2.0,2.0,28.3664,0.0,28.3664
1,-1.0,-0.8386705679454243,10,20.2,2021-10-21 20:12:54.111,0,2.6305628916499915,0,0.0,0.0,0.0,0.0,0.0,0.0,0.0,0.0,0.0,0,0.0,0.0,0.0,0.0,0.0,0.0,0.0,0.0,0.0,46.71968768956218,37.86799145219203,117.35465335496174,25.515902593502293,13772.114664063234,20.75096852532713,0,0.0,0.0,0.0,0.0,0.0,0.0,0.0,0.0,0.0,0,0.0,0.0,0.0,0.0,0.0,0.0,0.0,0.0,0.0,0.0936277987560604,0.4203612159903774,0.2078414945037315,0.3679917307311404,0.0431980868375446,0.226030846984933,1,6.227881607727049,6.227881607727049,0.0,452.0,452.0,0.0,53.83928442263799,53.83928442263799,0.0,1,8.909350517261238,8.909350517261238,0.0,2044.60265498225,2044.60265498225,0.0,27.801163753049053,27.801163753049053,0.0,44.061959557872505,54.59845232949185,152.0054989015187,34.51999697619564,23105.67169629961,22.922333917404156,1,0.00024867003677,0.00024867003677,0.0,2.0,2.0,0.0,6.690104847058787,6.690104847058787,0.0,1,0.1115384732682431,0.1115384732682431,0.0,594.0,594.0,0.0,3.075764058485431,3.075764058485431,0.0,3.832501266220705,5.026769142511318,18.123447254602425,3.789311611974029,328.4593403903562,2.3924177231731174,0.0,83.28309761187109,99.95362856480408,1,4.0,0.0,2.0,13.0,2.0,6.0,3.0,0.0,2.0,14.8413,0.0,9.8942
0,-0.5000000000000004,-0.8987940462991668,12,16.266666666666666,2021-12-25 16:16:05.732,0,4.2744238558036844,1,12.01306517735152,12.01306517735152,0.0,1311.0,1311.0,0.0,69.62434616265182,69.62434616265182,0.0,1,3.4020892622835106,3.4020892622835106,0.0,187.2916616041398,187.2916616041398,0.0,57.6112809853003,57.6112809853003,0.0,13.614579550656448,61.57397044196456,38.45035447167604,48.06410518218839,1478.429758997538,28.648569142561925,1,0.0961970356118571,0.0961970356118571,0.0,1621.7627455826075,1621.7627455826075,0.0,0.8675912855148795,0.8675912855148795,0.0,1,0.05298957143315,0.05298957143315,0.0,550.0,550.0,0.0,0.7173980793977801,0.7173980793977801,0.0,0.0327484406149951,0.733978772745735,0.2293504514353658,0.7962397724980079,0.0526016295736061,0.3719790986795609,1,378.9222993440955,378.9222993440955,0.0,2826.971833101368,2826.971833101368,0.0,622.3047639008712,622.3047639008712,0.0,1,0.0036223249207552,0.0036223249207552,0.0,2.0,2.0,0.0,112.73532135666645,112.73532135666645,0.0,58.27775033351071,431.19424173371647,318.90621932726003,329.9405565409538,101701.17672560646,114.2132125895089,1,0.6803507696840865,0.6803507696840865,0.0,3429.004381871075,3429.004381871075,0.0,3.3820755145676964,3.3820755145676964,0.0,1,0.0002326476778615,0.0002326476778615,0.0,2.0,2.0,0.0,2.0482241542457613,2.0482241542457613,0.0,0.3133442660178618,3.0170609702876185,0.9329880728368428,2.906363875931078,0.8704667440558058,1.965850011995,56.99049385578484,99.95362856480408,99.95362856480408,1,26.0,0.0,26.0,1.0,0.0,1.0,1.0,0.0,1.0,0.0,0.0,0.0
0,-0.5000000000000004,-0.8638355052043962,12,20.016666666666666,2021-12-28 20:01:47.429,0,4.139337980953576,1,0.0964842244502222,0.0964842244502222,0.0,8.0,8.0,0.0,60.349119981200325,60.349119981200325,0.0,1,4.977373182029886,4.977373182029886,0.0,1621.5717444352526,1621.5717444352526,0.0,37.48270200981468,37.48270200981468,0.0,16.803473636834948,67.77002224817046,68.8846725532533,41.57382168339119,4745.098112768927,30.066252077856618,1,0.0001464366619419,0.0001464366619419,0.0,4.0,4.0,0.0,0.8753923570953763,0.8753923570953763,0.0,1,0.0855439429793255,0.0855439429793255,0.0,633.4182009020044,633.4182009020044,0.0,0.674681327486546,0.674681327486546,0.0,0.0336927292149316,0.723983905350796,0.2326291002974834,0.8013296678871833,0.0541162983052166,0.3517501723244902,1,0.0557757068975774,0.0557757068975774,0.0,2.0,2.0,0.0,335.45519728812167,335.45519728812167,0.0,1,106.7439756243764,106.7439756243764,0.0,2510.398841614525,2510.398841614525,0.0,180.13306795227163,180.13306795227163,0.0,41.71216184017676,309.90617721217814,243.97075167063733,218.4812310925992,59521.72767073578,143.20700356044625,1,0.709917495004242,0.709917495004242,0.0,4062.6298937440392,4062.6298937440392,0.0,3.3091818072442623,3.3091818072442623,0.0,1,0.0004539541409673,0.0004539541409673,0.0,2.0,2.0,0.0,2.4420106916957383,2.4420106916957383,0.0,0.3474523752346509,3.1502222684952934,1.1112077339733064,2.890715718486335,1.2347826280420904,2.1435279720386107,60.2828657546951,99.90725712960815,99.95362856480408,1,1.0,0.0,1.0,1.0,0.0,1.0,1.0,0.0,1.0,0.0,0.0,0.0
0,0.0,-0.7743926440821857,1,20.616666666666667,2022-01-01 20:37:47.500,0,3.693841194615533,1,15.415288612784074,15.415288612784074,0.0,1028.6628879576542,1028.6628879576542,0.0,67.82579340873357,67.82579340873357,0.0,1,13.678453342588485,13.678453342588485,0.0,913.9564634201512,913.9564634201512,0.0,44.52291290561055,44.52291290561055,0.0,16.331549554853925,68.28827014350304,41.32344670628455,55.00152137871248,1707.6272476871395,29.306946769055788,1,0.0739039591180342,0.0739039591180342,0.0,1885.306891322501,1885.306891322501,0.0,0.7932680450876153,0.7932680450876153,0.0,1,0.091556350315672,0.091556350315672,0.0,750.8282219037981,750.8282219037981,0.0,0.7017116947719433,0.7017116947719433,0.0,0.0423629230767905,0.7053615208218087,0.2173060009000399,0.7553706226922765,0.0472218980271681,0.3619206594484452,1,63.18187197081198,63.18187197081198,0.0,1038.0,1038.0,0.0,340.20371261952664,340.20371261952664,0.0,1,4.480564271440073,4.480564271440073,0.0,106.0,106.0,0.0,229.27297969988044,229.27297969988044,0.0,42.41928441471475,362.3686805355867,206.76754203815267,308.69472818823215,42752.81644049923,150.39615523895296,1,0.0248845193286051,0.0248845193286051,0.0,74.0,74.0,0.0,3.039768429861482,3.039768429861482,0.0,1,0.0688857409457002,0.0688857409457002,0.0,386.0,386.0,0.0,2.410236404433358,2.410236404433358,0.0,0.3058438051465849,2.780087514996368,0.676498872596756,2.687395466609061,0.4576507246246818,1.9640829547023424,61.25666589380941,66.58938094134014,66.58938094134014,1,1.0,0.0,1.0,2.0,2.0,2.0,1.0,0.0,1.0,0.0,0.0,0.0
0,0.0,0.23768589232617307,1,0.9166666666666666,2022-01-11 00:55:28.464,0,4.05272443159705,1,8.35727729038824,8.35727729038824,0.0,1605.7199083992691,1605.7199083992691,0.0,40.272892429034485,40.272892429034485,0.0,1,0.0606825071219887,0.0606825071219887,0.0,98.0,98.0,0.0,26.08380795571641,26.08380795571641,0.0,27.80850466227278,58.48554715263065,90.997958078983,32.20179179708994,8280.628374544345,25.427210972910203,1,0.032202115521779,0.032202115521779,0.0,461.6861251117193,461.6861251117193,0.0,0.7040697865782226,0.7040697865782226,0.0,1,0.0443887893187393,0.0443887893187393,0.0,1089.7537168747724,1089.7537168747724,0.0,0.6085958466858707,0.6085958466858707,0.0,0.0683134171683308,0.6510718898128633,0.188136538960873,0.6462911061206706,0.0353953572921761,0.4038571836882266,1,74.74308879686919,74.74308879686919,0.0,2704.6693649695208,2704.6693649695208,0.0,348.9480867961853,348.9480867961853,0.0,1,4.327030889951374,4.327030889951374,0.0,837.873661519024,837.873661519024,0.0,146.65458112310114,146.65458112310114,0.0,86.29947600889014,358.62042256713426,346.79089499944314,264.53562517360393,120263.9248545148,139.12755609969636,2,0.1927220899896655,0.3842508726838436,0.191528782694178,1186.7572608040846,2368.514521608169,1181.7572608040846,3.468159892144112,3.521867716976142,0.0537078248320299,1,0.1820787040867344,0.1820787040867344,0.0,1163.470507996315,1163.470507996315,0.0,2.522023652038416,2.522023652038416,0.0,0.3802558991511179,3.2178164826794693,0.8526441068746355,3.1128489096503613,0.7270019729880449,2.2072917033103576,62.48550892650128,99.95362856480408,99.95362856480408,1,1.0,0.0,1.0,2.0,1.0,1.0,0.0,0.0,0.0,0.0,0.0,0.0
0,0.0,-0.9824503977255099,1,18.716666666666665,2022-01-18 18:43:38.188,0,3.113448769145992,1,0.0302387255668747,0.0302387255668747,0.0,4.0,4.0,0.0,73.4330724157049,73.4330724157049,0.0,1,0.1255089273998919,0.1255089273998919,0.0,56.0,56.0,0.0,25.376040020927626,25.376040020927626,0.0,8.043624352385768,48.67445089205594,29.540486942154395,34.554978972190376,872.6403687795944,23.54131072206608,1,0.0476010763333243,0.0476010763333243,0.0,991.308613978588,991.308613978588,0.0,0.7556178421927727,0.7556178421927727,0.0,1,0.002158852460353,0.002158852460353,0.0,46.0,46.0,0.0,0.5392666386145981,0.5392666386145981,0.0,0.0349029647470573,0.6108908466077367,0.1939362197276565,0.6398446582294839,0.0376112573222538,0.3220058487149634,1,173.62046031369172,173.62046031369172,0.0,3977.223422600719,3977.223422600719,0.0,333.9757456494428,333.9757456494428,0.0,1,17.87715215525219,17.87715215525219,0.0,440.3763656478692,440.3763656478692,0.0,149.49156683505723,149.49156683505723,0.0,24.927070064333225,239.2867342435001,99.76671930030328,213.8401034978749,9953.398279945504,133.3811416932847,1,0.0039757141764553,0.0039757141764553,0.0,6.0,6.0,0.0,3.753945617997829,3.753945617997829,0.0,1,0.4485596371206564,0.4485596371206564,0.0,1622.7871412981044,1622.7871412981044,0.0,1.697809555311519,1.697809555311519,0.0,0.3156699560013242,2.772948236401884,0.9872241436137128,2.8832373670811755,0.9746115097338288,1.3528170281205525,76.3273823324832,99.95362856480408,99.95362856480408,1,0.0,0.0,0.0,4.0,0.0,3.0,12.0,0.0,8.0,0.0,0.0,0.0
0,0.8660254037844386,-0.8571673007021121,3,15.933333333333334,2022-03-15 15:56:59.848,0,2.9274995935160355,1,1.255961272991172,1.255961272991172,0.0,2090.699602875809,2090.699602875809,0.0,28.895348531552383,28.895348531552383,0.0,1,0.0009408868167,0.0009408868167,0.0,2.0,2.0,0.0,26.02540444517726,26.02540444517726,0.0,8.261908969682466,30.172593964105577,12.003713114516446,28.008585193119863,144.0891285356141,23.937618528362226,1,0.07612636197531,0.07612636197531,0.0,992.811162703454,992.811162703454,0.0,0.5357655602937514,0.5357655602937514,0.0,1,0.0494409791455879,0.0494409791455879,0.0,1496.0746328888115,1496.0746328888115,0.0,0.4589996747224605,0.4589996747224605,0.0,0.0590438325867256,0.4987652525954083,0.189361061361182,0.4938535098616267,0.0358576115598333,0.2483291529693977,1,65.11146851151386,65.11146851151386,0.0,1611.815036362441,1611.815036362441,0.0,228.25162765142824,228.25162765142824,0.0,1,2.684509115131391,2.684509115131391,0.0,610.2550533733622,610.2550533733622,0.0,141.39648744973294,141.39648744973294,0.0,29.66377376721488,187.1065499727657,64.85116196160263,164.13648744826082,4205.673207770016,128.5340598345139,1,1.1317067418599365,1.1317067418599365,0.0,2165.826964864055,2165.826964864055,0.0,4.041086396239295,4.041086396239295,0.0,1,0.2930079391629796,0.2930079391629796,0.0,1521.5448748682024,1521.5448748682024,0.0,2.909379654379358,2.909379654379358,0.0,0.5721565603877303,2.8180405068315912,1.4660246342812036,2.7572794101541955,2.1492282283193367,0.8672462421812612,58.14977973568281,99.95362856480408,99.95362856480408,1,0.0,0.0,0.0,2.0,1.0,1.0,3.0,0.0,3.0,0.0,0.0,0.0
0,1.0,-0.9426414910921783,4,16.7,2022-04-04 16:42:52.695,0,3.055314656506067,1,0.2719063894302422,0.2719063894302422,0.0,180.0,180.0,0.0,26.76025840340394,26.76025840340394,0.0,1,0.8853788315155455,0.8853788315155455,0.0,278.0,278.0,0.0,23.887237728272304,23.887237728272304,0.0,20.913767703545226,32.18167614750425,59.24599720107539,27.00995346342093,3510.0881843498328,20.7929051771847,1,0.0108837155164336,0.0108837155164336,0.0,28.0,28.0,0.0,0.8935591375456138,0.8935591375456138,0.0,1,0.1161809434128919,0.1161809434128919,0.0,919.7394191637064,919.7394191637064,0.0,0.6123857754981954,0.6123857754981954,0.0,0.0653936693547685,0.655742555921865,0.3181785384477818,0.6352960823488569,0.1012375823287665,0.241199398412275,1,10.97530641060753,10.97530641060753,0.0,160.0,160.0,0.0,136.71865862803884,136.71865862803884,0.0,1,1.5152860718611407,1.5152860718611407,0.0,250.0,250.0,0.0,93.83919175758818,93.83919175758818,0.0,20.759579273395588,122.33871222273903,92.77763244308328,117.98935464688218,8607.689081743858,76.52674265478647,1,0.2232591914504342,0.2232591914504342,0.0,1626.641387507589,1626.641387507589,0.0,2.1466449091311963,2.1466449091311963,0.0,1,0.1751374723113357,0.1751374723113357,0.0,1731.048908814373,1731.048908814373,0.0,1.5491972836322443,1.5491972836322443,0.0,0.3456380467878494,1.9273147859364683,0.7216150240760787,1.802100359604244,0.5207282429723196,1.374858665014736,32.529561789937404,99.95362856480408,99.95362856480408,1,0.0,0.0,0.0,5.0,0.0,4.0,3.0,0.0,3.0,0.0,0.0,0.0
0,1.0,-0.07845909572784482,4,12.3,2022-04-25 12:18:11.550,0,3.2693872044434005,1,1.801267082446195,1.801267082446195,0.0,146.0,146.0,0.0,54.9331566176367,54.9331566176367,0.0,1,1.1206024872760736,1.1206024872760736,0.0,104.0,104.0,0.0,42.61850307417133,42.61850307417133,0.0,121.67520341743138,64.59453227298098,317.6784179569355,42.54579600262712,100919.5772356214,20.81458408843,1,0.1091295964013958,0.1091295964013958,0.0,768.0,768.0,0.0,0.9716881031586382,0.9716881031586382,0.0,1,0.0137604671571924,0.0137604671571924,0.0,100.0,100.0,0.0,0.7628809126591198,0.7628809126591198,0.0,0.0888163998896522,0.8212013492142104,0.3610900104843018,0.8387736647936701,0.1303859956715531,0.3322268390994898,1,0.8726616216300727,0.8726616216300727,0.0,14.0,14.0,0.0,265.8403451503225,265.8403451503225,0.0,1,0.0905074000195327,0.0905074000195327,0.0,20.0,20.0,0.0,64.79572002025054,64.79572002025054,0.0,108.59778983151334,176.92583655227867,546.6593140695941,116.29914514778288,298836.40565903904,65.37670447494278,1,0.3419114305469062,0.3419114305469062,0.0,1634.3324734329644,1634.3324734329644,0.0,2.3721162389537707,2.3721162389537707,0.0,1,0.0023927555838683,0.0023927555838683,0.0,52.0,52.0,0.0,1.3907826162179435,1.3907826162179435,0.0,0.9341983974904788,2.0994407516884617,4.843554647788125,1.7732722547273572,23.460021626109945,1.178930639412882,27.405518200788315,99.95362856480408,99.95362856480408,1,0.0,0.0,0.0,6.0,3.0,3.0,9.0,5.0,5.0,15.5627,0.0,10.3751
1,0.8660254037844387,0.9896513868196701,5,5.45,2022-05-02 05:27:58.025,0,3.3307656865781827,1,6.895319008168286,6.895319008168286,0.0,288.2705391614388,288.2705391614388,0.0,65.53005163734503,65.53005163734503,0.0,1,0.9606472328680198,0.9606472328680198,0.0,480.0,480.0,0.0,49.804504644477305,49.804504644477305,0.0,23.68101228715532,79.37029926527569,57.80611682954662,56.4329255110527,3341.5471429111926,36.13123436273592,1,0.1395233450563109,0.1395233450563109,0.0,840.134436799578,840.134436799578,0.0,0.9728230190354248,0.9728230190354248,0.0,1,0.085699228628067,0.085699228628067,0.0,485.4303947475878,485.4303947475878,0.0,0.8104231432630589,0.8104231432630589,0.0,0.0910044808847732,0.7903485712218288,0.315023819380882,0.8495117255879538,0.0992400067773185,0.3149711454792219,1,51.90693604979418,51.90693604979418,0.0,1444.3238214857502,1444.3238214857502,0.0,368.2967515161336,368.2967515161336,0.0,1,100.82902164022164,100.82902164022164,0.0,908.52063814846,908.52063814846,0.0,238.36632189681572,238.36632189681572,0.0,52.484847033939786,331.2998598830331,213.7370919464324,296.62447180014067,45683.544473717695,119.6826159293409,1,0.2443007397647694,0.2443007397647694,0.0,1381.251412029104,1381.251412029104,0.0,2.929434282528011,2.929434282528011,0.0,2,0.2521335543052598,0.5004217925294259,0.248288238224166,1339.4083600490471,2664.8167200980943,1325.4083600490471,2.127589293131368,1.9829451599402232,0.1446441331911441,0.2938533422145489,2.553129794081815,0.7920027080988578,2.43450866126484,0.6272682896359245,1.6929151168628769,48.82912126130304,99.95362856480408,99.95362856480408,1,0.0,0.0,0.0,12.0,1.0,9.0,13.0,5.0,5.0,20.6156,12.1516,12.1516
1,0.8660254037844387,0.9975640502598243,5,6.266666666666667,2022-05-17 06:16:25.448,0,2.9093714637237285,1,1.159666249647202,1.159666249647202,0.0,685.3894063166645,685.3894063166645,0.0,39.280440635179616,39.280440635179616,0.0,1,3.776351639324567,3.776351639324567,0.0,765.4204548893973,765.4204548893973,0.0,34.59941218881499,34.59941218881499,0.0,7.892617562265837,36.8014236771964,14.636272339661094,36.66834610989463,214.22046800072843,22.89931958257697,1,0.0621112941549387,0.0621112941549387,0.0,821.0,821.0,0.0,0.5350033914730362,0.5350033914730362,0.0,1,3.69021898639077e-05,3.69021898639077e-05,0.0,2.0,2.0,0.0,0.4728551951282336,0.4728551951282336,0.0,0.0529534901803086,0.4931455017384834,0.2224035312358156,0.4831947982542931,0.0494633307061604,0.2411745372860914,1,0.0708376932383316,0.0708376932383316,0.0,2.0,2.0,0.0,165.8922813364665,165.8922813364665,0.0,1,4.905568089636134,4.905568089636134,0.0,388.0,388.0,0.0,82.01949932583446,82.01949932583446,0.0,10.44832699116686,124.6718159695156,52.12989035770804,124.39322190616826,2717.525468706662,77.37604620327416,1,0.0011745047421451,0.0011745047421451,0.0,4.0,4.0,0.0,2.8974796263937628,2.8974796263937628,0.0,1,0.079325847975525,0.079325847975525,0.0,1150.1279377446094,1150.1279377446094,0.0,1.9474376278137489,1.9474376278137489,0.0,0.1991608094131543,2.410707772882125,0.6543573010609238,2.4492243190201832,0.4281834774517364,1.721292131924462,38.99837699976814,99.95362856480408,99.95362856480408,1,0.0,0.0,0.0,7.0,3.0,3.0,9.0,0.0,7.0,0.0,0.0,0.0
1,0.5000000000000003,0.14349262199117932,6,0.55,2022-06-01 00:33:00.000,1,5.0,1,0.0083574682370866,0.0083574682370866,0.0,2.0,2.0,0.0,53.10865546314369,53.10865546314369,0.0,1,1.3815062480481757,1.3815062480481757,0.0,506.0,506.0,0.0,32.755531621484906,32.755531621484906,0.0,17.585145282010018,46.74426391900188,43.012646034069455,34.892646639953284,1850.0877188521504,25.28288909137821,1,0.0292637064366071,0.0292637064366071,0.0,106.0,106.0,0.0,0.7568168873775234,0.7568168873775234,0.0,1,0.0705326063464319,0.0705326063464319,0.0,843.9678267855802,843.9678267855802,0.0,0.6387408464842401,0.6387408464842401,0.0,0.0659945305456012,0.6831025775791841,0.2393754976508238,0.6803690076102004,0.0573006288755795,0.3506419645690176,1,0.8100058337988969,0.8100058337988969,0.0,4.0,4.0,0.0,254.2109274073837,254.2109274073837,0.0,1,31.974822908021764,31.974822908021764,0.0,3656.4748319953887,3656.4748319953887,0.0,158.08660836775826,158.08660836775826,0.0,33.820637623422066,196.29168700126283,97.98629787386312,170.42771951979023,9601.31457102543,139.18261352288553,1,0.3622723778781811,0.3622723778781811,0.0,2979.024255762256,2979.024255762256,0.0,1.55233866084459,1.55233866084459,0.0,1,0.0004045367424942,0.0004045367424942,0.0,4.0,4.0,0.0,1.050279087432907,1.050279087432907,0.0,0.2194112123847652,1.3982757222943885,0.5296980161369712,1.316525030970621,0.280579988299443,0.9387563182188732,54.39369348481336,99.95362856480408,99.95362856480408,1,1.0,0.0,1.0,46.0,20.0,20.0,18.0,15.0,15.0,32.5687,16.2844,16.2844
1,0.5000000000000003,-0.7009092642998506,6,14.966666666666667,2022-06-27 14:58:41.041,0,2.406125403281095,1,0.7721768461831857,0.7721768461831857,0.0,334.0,334.0,0.0,32.90139844665366,32.90139844665366,0.0,1,0.008875236117241,0.008875236117241,0.0,4.0,4.0,0.0,28.10789592192792,28.10789592192792,0.0,4.406326229902124,32.49641910967482,7.548730810885488,30.05115852801493,56.98333685521187,26.791214342481386,1,0.0258739985504077,0.0258739985504077,0.0,178.0,178.0,0.0,0.9044409949001262,0.9044409949001262,0.0,1,0.0432068815719706,0.0432068815719706,0.0,504.0,504.0,0.0,0.7840586479016914,0.7840586479016914,0.0,0.0328800805427622,0.7613101386775251,0.2170401514470144,0.8378770699671032,0.0471064273401429,0.4003963182734333,2,0.1368587829799565,0.2322714889028247,0.0954127059228682,12.5,21.0,8.5,127.5916236388108,132.88857578381644,5.296952145005633,1,3.094944156546348,3.094944156546348,0.0,396.0,396.0,0.0,101.21095409309088,101.21095409309088,0.0,6.666906480239976,116.74404473219133,18.78865532552357,115.00644514607332,353.0135689413252,96.07233715944662,1,0.2532857637177388,0.2532857637177388,0.0,1417.5942387048635,1417.5942387048635,0.0,2.2596375687307666,2.2596375687307666,0.0,1,0.2098256076442928,0.2098256076442928,0.0,2696.5123602517765,2696.5123602517765,0.0,1.673910275625652,1.673910275625652,0.0,0.1721748344217597,1.940629634351499,0.3704895623767633,1.8584097640182569,0.1372625158301255,1.5211149804074318,60.46835149547879,99.95362856480408,99.95362856480408,1,0.0,0.0,0.0,5.0,0.0,4.0,103.0,13.0,52.0,51.6386,12.9257,29.0347
1,1.2246467991473532e-16,0.8594064115014527,7,3.95,2022-07-09 03:57:09.500,0,2.7803019405121154,1,2.7294944137671067,2.7294944137671067,0.0,1833.82611040798,1833.82611040798,0.0,42.03203078744459,42.03203078744459,0.0,1,0.4970160671009154,0.4970160671009154,0.0,877.4303318489251,877.4303318489251,0.0,39.182292091151446,39.182292091151446,0.0,6.815173703499907,44.69047043315658,16.88251532327202,39.80159594296868,285.0193236405146,35.72708014508122,1,0.0575712929275936,0.0575712929275936,0.0,659.7442014201932,659.7442014201932,0.0,1.0460476481185368,1.0460476481185368,0.0,1,0.0692669927747512,0.0692669927747512,0.0,820.7878013716206,820.7878013716206,0.0,0.7799344712489968,0.7799344712489968,0.0,0.0545337564725842,0.840645994001775,0.2518542144178859,0.8687518006604298,0.0634305453200504,0.4627712406551205,1,27.562692711590785,27.562692711590785,0.0,1895.6513824254057,1895.6513824254057,0.0,198.4658271556363,198.4658271556363,0.0,2,0.2210385277161961,0.3498423529891425,0.1288038252729464,27.0,46.0,19.0,129.30417271990748,100.93844953354382,28.365723186363677,19.44284055536772,169.4045398113855,48.612580486980576,168.67886386865632,2363.1829816031645,102.77279040348036,2,0.5282325784619981,1.0562481495265952,0.5280155710645971,1673.737022404618,3340.474044809236,1666.737022404618,3.022194399864245,3.1404229248973303,0.1182285250330852,1,0.0365357070164604,0.0365357070164604,0.0,154.0,154.0,0.0,1.434179745105751,1.434179745105751,0.0,0.4147932204109484,2.6272508004353923,0.981895699211885,2.57578983619592,0.9641191641307968,1.3737309978743752,66.4966380709483,99.95362856480408,99.95362856480408,1,0.0,0.0,0.0,9.0,1.0,5.0,9.0,4.0,4.0,7.1461,0.0,7.1461
1,1.2246467991473532e-16,0.90630778703665,7,7.666666666666667,2022-07-22 07:40:14.000,0,2.4721074365841087,1,7.07625421579133,7.07625421579133,0.0,1904.6265636828,1904.6265636828,0.0,65.66268473620784,65.66268473620784,0.0,1,1.5089579694286996,1.5089579694286996,0.0,618.7086831842134,618.7086831842134,0.0,43.40014637781172,43.40014637781172,0.0,46.208551962356445,67.44835194418923,341.3268763799454,57.26820074414028,116504.03653929054,40.030373139680144,2,0.0955406181635111,0.1853470879910341,0.089806469827523,922.224159871236,1779.448319742472,857.224159871236,1.291069472815825,1.324745827966967,0.033676355151142,1,0.063835117293348,0.063835117293348,0.0,144.0,144.0,0.0,0.8160482314085655,0.8160482314085655,0.0,0.0608309514491529,1.0769450501974818,0.3130916470426186,1.1168895216206058,0.0980263794478597,0.6025368809018954,1,6.773006438251969,6.773006438251969,0.0,600.0,600.0,0.0,409.5911989509839,409.5911989509839,0.0,1,2.568306334281715,2.568306334281715,0.0,202.0,202.0,0.0,204.77733437492216,204.77733437492216,0.0,87.87512559093426,320.37662976706946,686.0715418788183,279.8644171794782,470694.1605759791,189.8518412136402,1,0.0807818907666226,0.0807818907666226,0.0,921.191047807666,921.191047807666,0.0,2.483457962973094,2.483457962973094,0.0,1,0.4494425240481763,0.4494425240481763,0.0,1354.8943406653502,1354.8943406653502,0.0,1.5591139808163097,1.5591139808163097,0.0,0.2609413310784895,2.0603561507464314,0.8033056509398427,2.0737759643889024,0.6452999688318845,1.2528955247813391,90.86482726640388,99.95362856480408,99.95362856480408,1,0.0,0.0,0.0,2.0,2.0,2.0,9.0,0.0,7.0,31.1304,5.3639,15.4599
1,1.2246467991473532e-16,0.25460194820552756,7,0.9833333333333333,2022-07-27 00:59:39.978,0,2.531153020448846,1,2.3226145850113795,2.3226145850113795,0.0,1305.7165789261471,1305.7165789261471,0.0,57.449854225980985,57.449854225980985,0.0,1,0.563068566568603,0.563068566568603,0.0,226.0,226.0,0.0,51.414689682274215,51.414689682274215,0.0,8.629839835678569,56.38497715034384,18.773740511272656,54.55479795226762,352.4533327846001,46.81698474187062,1,0.0801231744422361,0.0801231744422361,0.0,932.2144603364752,932.2144603364752,0.0,1.1748989999180224,1.1748989999180224,0.0,1,0.0372286221462018,0.0372286221462018,0.0,464.0,464.0,0.0,0.991180697098944,0.991180697098944,0.0,0.0439426366013144,1.0006340076131877,0.2660224068020499,1.086679251297198,0.0707679209207553,0.5581080159599359,1,0.0761006884714561,0.0761006884714561,0.0,4.0,4.0,0.0,394.45039278470745,394.45039278470745,0.0,1,11.394323792362854,11.394323792362854,0.0,1334.671007758296,1334.671007758296,0.0,332.19580599326383,332.19580599326383,0.0,19.50452266469081,370.28703477777,54.62186538913899,364.6617202492229,2983.54817858922,316.8886737244108,1,0.007235398190212,0.007235398190212,0.0,130.0,130.0,0.0,2.449666608417873,2.449666608417873,0.0,1,0.4712285663494044,0.4712285663494044,0.0,2309.1323298022444,2309.1323298022444,0.0,1.9020737833036891,1.9020737833036891,0.0,0.1541297708025791,2.2858398015070605,0.4174752732910652,2.241023459426092,0.1742856038094496,1.7666925481596256,57.68606538372363,99.95362856480408,99.95362856480408,1,0.0,0.0,0.0,7.0,2.0,3.0,5.0,1.0,3.0,7.6995,7.6995,7.6995
1,-0.4999999999999997,0.9550199444571866,8,7.15,2022-08-05 07:09:40.528,0,2.2801575627863606,1,9.5248238137642,9.5248238137642,0.0,976.4472525889296,976.4472525889296,0.0,55.83511819509822,55.83511819509822,0.0,1,9.5248238137642,9.5248238137642,0.0,2093.046462813941,2093.046462813941,0.0,46.31029438133402,46.31029438133402,0.0,35.66990454240746,63.13255753286893,129.14244026054703,52.13948705419151,16677.76987644896,35.077628631573944,1,0.0302506293582349,0.0302506293582349,0.0,370.0,370.0,0.0,1.185391825551216,1.185391825551216,0.0,1,0.1014271615799577,0.1014271615799577,0.0,1685.4884339312982,1685.4884339312982,0.0,1.0417776770325753,1.0417776770325753,0.0,0.0598554637781348,1.0516815135453532,0.2948938924698706,1.1170044101956655,0.0869624078160316,0.5837974734791673,1,51.2622398467235,51.2622398467235,0.0,1908.5949918914837,1908.5949918914837,0.0,259.564516545738,259.564516545738,0.0,1,11.004611057237014,11.004611057237014,0.0,434.0,434.0,0.0,102.89043346299349,102.89043346299349,0.0,64.31227191438768,253.06973772572084,294.8207120900089,212.3346356337838,86919.2522772599,106.41018536094175,1,0.6989814469206044,0.6989814469206044,0.0,2664.9453763780048,2664.9453763780048,0.0,3.592156505660036,3.592156505660036,0.0,1,0.0378406097847783,0.0378406097847783,0.0,170.0,170.0,0.0,2.7677953600035754,2.7677953600035754,0.0,0.4158436920185118,3.2986020392523905,1.3273547466438378,3.098543420314757,1.7618706234379269,2.3602730990734884,59.40180848597264,99.95362856480408,99.95362856480408,1,0.0,0.0,0.0,2.0,0.0,1.0,27.0,12.0,12.0,28.4824,0.0,22.7859
1,-0.4999999999999997,0.030538513209823103,8,11.883333333333333,2022-08-09 11:53:50.000,0,2.3441979353920006,1,0.4845352682441586,0.4845352682441586,0.0,118.0,118.0,0.0,70.99894920706059,70.99894920706059,0.0,1,1.2880024405571078,1.2880024405571078,0.0,472.0,472.0,0.0,52.02181295429489,52.02181295429489,0.0,3.824980315267059,63.83826327852214,16.46613671507517,60.740459085679234,271.1336583195465,48.96292596194224,1,0.1732866645745341,0.1732866645745341,0.0,1822.9324786981672,1822.9324786981672,0.0,1.3218811024675716,1.3218811024675716,0.0,1,0.0008198672379025,0.0008198672379025,0.0,4.0,4.0,0.0,1.127861781298682,1.127861781298682,0.0,0.0448376172750356,1.175468192178423,0.2600948542675051,1.239778088490788,0.0676493332164347,0.7569690164075611,1,169.07845504288002,169.07845504288002,0.0,3220.3503522454585,3220.3503522454585,0.0,381.5781128945201,381.5781128945201,0.0,1,5.416941419628699,5.416941419628699,0.0,483.9153431817776,483.9153431817776,0.0,186.3872219388727,186.3872219388727,0.0,24.0319815260776,291.6617054077867,97.72968106603116,286.3482087922607,9551.09056126817,171.04638322561226,1,0.4282074671380438,0.4282074671380438,0.0,3937.9356889778182,3937.9356889778182,0.0,3.664573054658666,3.664573054658666,0.0,2,0.0843848979968104,0.0884284945031184,0.0040435965063079,652.5493686050372,848.1889585521831,195.63958994714585,3.2408406088676864,3.236365587520622,0.0044750213470641,0.2182312256930917,3.431354258593664,0.5771339131225015,3.4306608351187005,0.3330835536760911,2.6351225754821304,70.71643867377695,99.95362856480408,99.95362856480408,1,0.0,0.0,0.0,0.0,0.0,0.0,7.0,7.0,7.0,16.6798,8.3399,8.3399
1,-0.4999999999999997,-0.047978128521344754,8,23.816666666666666,2022-08-13 23:49:59.408,0,2.1868712313832512,1,5.365367248982231,5.365367248982231,0.0,1653.9717594048625,1653.9717594048625,0.0,49.663063624471526,49.663063624471526,0.0,1,0.0241735749940446,0.0241735749940446,0.0,8.0,8.0,0.0,38.33492247703423,38.33492247703423,0.0,7.193232408797736,47.84753838769888,15.285669520753448,44.40287891738181,233.65169269769092,36.45118085975912,1,0.1274315711714895,0.1274315711714895,0.0,1824.3331600963572,1824.3331600963572,0.0,1.148794918221668,1.148794918221668,0.0,1,0.1526292004886006,0.1526292004886006,0.0,624.9174146777293,624.9174146777293,0.0,0.9479310641407585,0.9479310641407585,0.0,0.0356626939587239,0.9924870943131044,0.2553293165371602,1.0762066808767703,0.0651930598833333,0.5846935371509046,1,164.11536692755766,164.11536692755766,0.0,3655.445627144851,3655.445627144851,0.0,304.93287027694663,304.93287027694663,0.0,1,0.4114290252607731,0.4114290252607731,0.0,6.174395702467791,6.174395702467791,0.0,118.94786754500186,118.94786754500186,0.0,19.44890012088296,214.09212977140083,96.9097259779182,186.7996798484463,9391.494989115194,106.20312374947652,1,1.2053874674760303,1.2053874674760303,0.0,3675.233356629636,3675.233356629636,0.0,4.146705534747268,4.146705534747268,0.0,1,0.0002855219332715,0.0002855219332715,0.0,2.0,2.0,0.0,2.740741658454103,2.740741658454103,0.0,0.3155710980807907,3.648894780452129,1.048882268981035,3.434645723005169,1.1001540141828048,2.529084729048632,62.62462323208904,99.95362856480408,99.95362856480408,1,2.0,1.0,1.0,8.0,4.0,4.0,10.0,0.0,10.0,24.4722,12.2361,12.2361
1,-0.4999999999999997,-0.8012538126910612,8,20.45,2022-08-22 20:27:34.686,0,3.012402702186305,1,5.760622976215718,5.760622976215718,0.0,2293.348935748918,2293.348935748918,0.0,35.8884213070345,35.8884213070345,0.0,1,0.959662283152376,0.959662283152376,0.0,146.0,146.0,0.0,28.448411813331404,28.448411813331404,0.0,7.679890138428544,36.68924650167924,14.53794460603739,33.29584898627862,211.3518333682117,26.483840760145053,1,0.0836510019773107,0.0836510019773107,0.0,1755.2177763948607,1755.2177763948607,0.0,0.9654918416011384,0.9654918416011384,0.0,1,0.0731148263161856,0.0731148263161856,0.0,484.0,484.0,0.0,0.8285222204124789,0.8285222204124789,0.0,0.0327522531386945,0.8354770164293845,0.2192478100696662,0.9162767132277558,0.0480696022203444,0.473465250496745,1,108.7628781943216,108.7628781943216,0.0,2818.2503353948537,2818.2503353948537,0.0,218.07706329164856,218.07706329164856,0.0,1,24.611878346051554,24.611878346051554,0.0,996.6583084412824,996.6583084412824,0.0,70.08826938274362,70.08826938274362,0.0,17.314673827773365,147.7010219265667,75.43012716847399,125.02812807765714,5689.704084652159,63.06493020384266,2,0.0839080414497095,0.1668641177124512,0.0829560762627417,284.07166860384007,566.1433372076801,282.07166860384007,3.613898336120416,3.624838781929862,0.0109404458094464,1,0.2403049132253647,0.2403049132253647,0.0,1011.6504666314086,1011.6504666314086,0.0,2.2404003319769323,2.2404003319769323,0.0,0.2629080085825413,2.9445894014723804,0.7551800721124768,2.8131622001744705,0.5702969413158058,2.0064207411834727,58.938094134013454,99.95362856480408,99.95362856480408,1,0.0,0.0,0.0,3.0,0.0,2.0,0.0,0.0,0.0,0.0,0.0,0.0
1,-0.4999999999999997,0.9840406976462908,8,5.316666666666666,2022-08-29 05:19:22.544,0,2.026736889584726,1,0.0075549284507445,0.0075549284507445,0.0,2.0,2.0,0.0,33.91282864752499,33.91282864752499,0.0,1,1.5655633930709811,1.5655633930709811,0.0,1609.6273209372812,1609.6273209372812,0.0,25.360123963675875,25.360123963675875,0.0,9.74524520532293,31.557350489730727,13.845371237310502,26.77283606718108,191.69430469894493,22.910502831999068,1,0.1451919346666891,0.1451919346666891,0.0,857.863558690394,857.863558690394,0.0,0.8920717720909838,0.8920717720909838,0.0,1,0.1647738957392919,0.1647738957392919,0.0,2036.5040551035104,2036.5040551035104,0.0,0.7266221146048206,0.7266221146048206,0.0,0.0432008260127415,0.762464250954726,0.2390120432977941,0.8342835839907545,0.0571267568413866,0.3920399936952545,1,24.491537613538213,24.491537613538213,0.0,674.0,674.0,0.0,193.97863669490943,193.97863669490943,0.0,1,32.19363658702247,32.19363658702247,0.0,1858.2263258213416,1858.2263258213416,0.0,66.59940029152534,66.59940029152534,0.0,10.898838011336991,110.4601674119552,59.43381585711778,87.68525002631772,3532.3784673377845,54.0159130983356,1,0.5589323888418969,0.5589323888418969,0.0,1250.752429272397,1250.752429272397,0.0,3.623496750928597,3.623496750928597,0.0,1,0.5153356693218698,0.5153356693218698,0.0,3070.455180868464,3070.455180868464,0.0,2.7408066255357344,2.7408066255357344,0.0,0.1990626889855437,3.12412065624474,0.7137383793037705,3.004710346531684,0.509422474091173,2.233845790089861,59.86552283793184,99.95362856480408,99.95362856480408,1,0.0,0.0,0.0,2.0,0.0,2.0,9.0,0.0,9.0,22.6945,5.6736,11.3473
1,-0.8660254037844385,0.2630312144579748,9,1.0166666666666666,2022-09-02 01:01:26.514,0,2.731653037793649,1,0.0127369132550896,0.0127369132550896,0.0,2.0,2.0,0.0,27.275067518350973,27.275067518350973,0.0,1,0.0030375962504933,0.0030375962504933,0.0,2.0,2.0,0.0,22.92728421578186,22.92728421578186,0.0,5.709626836476768,28.001471545835045,10.715562531098223,24.293809471047982,114.82328035787616,22.08839073773923,1,0.087154916770511,0.087154916770511,0.0,2359.614962658581,2359.614962658581,0.0,0.9550658638944896,0.9550658638944896,0.0,2,0.002285206957533,0.0040230314924384,0.0017378245349053,47.221999821330655,90.44399964266132,43.221999821330655,0.7320493420476212,0.6184393420457619,0.1136100000018592,0.031047582822783,0.8150237459249644,0.2102377332655259,0.879011957425156,0.0441999044886264,0.4678361149059234,1,0.0041091898707463,0.0041091898707463,0.0,4.0,4.0,0.0,102.28496205975658,102.28496205975658,0.0,1,6.095892366980323,6.095892366980323,0.0,613.5452797670487,613.5452797670487,0.0,79.71604485752462,79.71604485752462,0.0,34.85827205044502,112.40763224218436,234.62303246743,89.22502544081698,55047.96736421272,71.75129355212033,1,0.1274361155078098,0.1274361155078098,0.0,1742.651144786769,1742.651144786769,0.0,2.27851485779477,2.27851485779477,0.0,1,0.0013786942785209,0.0013786942785209,0.0,6.0,6.0,0.0,1.946679093837677,1.946679093837677,0.0,0.5124737213969646,2.147418529745959,2.3498490735477957,2.108716587984065,5.521790668453432,1.5894568273727678,100.02318571759795,99.95362856480408,99.95362856480408,1,0.0,0.0,0.0,3.0,1.0,1.0,21.0,4.0,11.0,39.8106,11.4425,22.6945
1,-0.8660254037844385,0.7853169308807448,9,8.55,2022-09-05 08:33:14.206,0,2.5845504692800025,1,0.0991003871292548,0.0991003871292548,0.0,60.0,60.0,0.0,42.048950943487455,42.048950943487455,0.0,1,0.0009833335817752,0.0009833335817752,0.0,2.0,2.0,0.0,23.81254593746141,23.81254593746141,0.0,12.688491598103266,37.10722388980242,55.08175252569739,27.857082382304835,3033.9994613021704,23.45546275923979,1,0.0629289192719522,0.0629289192719522,0.0,2665.337134018326,2665.337134018326,0.0,0.9615310259758376,0.9615310259758376,0.0,1,0.0432616673598308,0.0432616673598308,0.0,188.0,188.0,0.0,0.6458434916957276,0.6458434916957276,0.0,0.0493937411525433,0.8464606398136475,0.244947049857154,0.9149141389292744,0.059999057233723,0.4583713773112421,1,0.404917913299414,0.404917913299414,0.0,4.0,4.0,0.0,297.72762463889603,297.72762463889603,0.0,1,0.7498924564948624,0.7498924564948624,0.0,206.0,206.0,0.0,79.40029673518355,79.40029673518355,0.0,38.94196300817233,144.04134286371183,132.2522321226344,107.61336068853431,17490.652901419176,77.31540880585119,1,0.0007726415524946,0.0007726415524946,0.0,2.0,2.0,0.0,3.612019457562788,3.612019457562788,0.0,1,0.0169422361711357,0.0169422361711357,0.0,204.0,204.0,0.0,1.636198030909405,1.636198030909405,0.0,0.4100468740307813,2.590302053324412,1.426608322947187,2.3756618979038326,2.035211307102186,1.580226786375219,100.02318571759795,99.95362856480408,99.95362856480408,1,0.0,0.0,0.0,0.0,0.0,0.0,10.0,0.0,8.0,57.212500000000006,0.0,34.3275
1,-0.8660254037844385,0.8910065241883679,9,7.8,2022-09-14 07:48:40.741,0,2.9116931474176173,1,0.0133075516835283,0.0133075516835283,0.0,4.0,4.0,0.0,24.31876681746635,24.31876681746635,0.0,1,1.311810017631899,1.311810017631899,0.0,1510.6385260551024,1510.6385260551024,0.0,22.658592745428912,22.658592745428912,0.0,26.663322081778706,30.136214331076363,50.463516594334166,23.63388633414939,2546.56650706664,21.245624253605083,1,0.08129188806406,0.08129188806406,0.0,532.0,532.0,0.0,0.9064831384599226,0.9064831384599226,0.0,1,0.0745402124276861,0.0745402124276861,0.0,942.1789765715512,942.1789765715512,0.0,0.7846758531734657,0.7846758531734657,0.0,0.0539158082222174,0.780630819274143,0.2232342031972549,0.8297110821521276,0.0498335094771133,0.4403871520865893,1,0.0249151274154542,0.0249151274154542,0.0,2.0,2.0,0.0,96.17605617331742,96.17605617331742,0.0,2,8.220910250105796,14.99518519162227,6.774274941516474,1992.9529389661063,3569.9058779322127,1576.9529389661063,77.54705020477822,77.04305431425288,0.5039958905253314,24.09856491112195,91.16322681580628,71.190064443603,83.30418870918108,5068.02527548435,69.85893283803053,1,0.0710184797686173,0.0710184797686173,0.0,622.2969225284323,622.2969225284323,0.0,2.805083547250365,2.805083547250365,0.0,1,0.2520975903081499,0.2520975903081499,0.0,2659.7037969768685,2659.7037969768685,0.0,2.309020605325985,2.309020605325985,0.0,0.3871090547279088,2.6580358151703343,1.0078466223452387,2.501807609137904,1.0157548141727062,2.018666100594792,55.92395084627869,99.95362856480408,99.95362856480408,1,0.0,0.0,0.0,3.0,0.0,2.0,35.0,16.0,16.0,18.671,10.6691,10.6691
1,-0.8660254037844385,0.8216469379421639,9,8.316666666666666,2022-09-17 08:19:42.569,0,2.026765183613534,1,0.0050202720753027,0.0050202720753027,0.0,10.0,10.0,0.0,26.436653318601724,26.436653318601724,0.0,1,1.3352986239376996,1.3352986239376996,0.0,768.6487000174841,768.6487000174841,0.0,23.98925548269217,23.98925548269217,0.0,34.581823637454455,34.14584688455278,161.58287553616535,24.9083427705654,26109.025666535905,21.501872226038365,1,0.0939948515191532,0.0939948515191532,0.0,764.4222880464943,764.4222880464943,0.0,0.8335829226904274,0.8335829226904274,0.0,1,0.0991258649818502,0.0991258649818502,0.0,765.5013053826481,765.5013053826481,0.0,0.6800539729692807,0.6800539729692807,0.0,0.0490867116667892,0.7105120507082956,0.2529664350609346,0.7493001448158058,0.063992017267438,0.355776536263255,1,1.7003432544878194,1.7003432544878194,0.0,636.8840601689649,636.8840601689649,0.0,86.77506631751567,86.77506631751567,0.0,1,11.402681984062312,11.402681984062312,0.0,2445.2780258008893,2445.2780258008893,0.0,67.89555100137727,67.89555100137727,0.0,91.51188738253153,108.33326533189108,341.7064995035147,79.26382319423936,116763.3318029455,63.04890209102851,1,0.0060965423780441,0.0060965423780441,0.0,14.0,14.0,0.0,2.352711172352695,2.352711172352695,0.0,1,0.0069966838112902,0.0069966838112902,0.0,116.0,116.0,0.0,1.7648289781761166,1.7648289781761166,0.0,0.3692412746187545,2.293553288946932,1.0148505635056746,2.184236103367676,1.0299216662477857,1.6957226749458023,41.57199165314167,99.95362856480408,99.95362856480408,1,0.0,0.0,0.0,2.0,0.0,2.0,9.0,4.0,5.0,17.29,11.9554,11.9554
1,-0.8660254037844385,0.5842496656374347,9,9.616666666666667,2022-09-24 09:37:26.627,0,2.388951153133548,1,1.1352464398320803,1.1352464398320803,0.0,350.0,350.0,0.0,25.85382278288652,25.85382278288652,0.0,1,0.3610486569979869,0.3610486569979869,0.0,446.0,446.0,0.0,21.985806995688563,21.985806995688563,0.0,7.485904695421542,28.28419899470546,11.939939095787423,23.851510226748864,142.56214561111298,21.33182900705771,1,0.0107358884461641,0.0107358884461641,0.0,118.0,118.0,0.0,0.929949654472183,0.929949654472183,0.0,1,0.0001569560889328,0.0001569560889328,0.0,2.0,2.0,0.0,0.6938285592282185,0.6938285592282185,0.0,0.0434582005589539,0.794790822092533,0.218023898438107,0.834586120487775,0.0475344202901499,0.4548106224407247,1,24.235414428697283,24.235414428697283,0.0,560.0,560.0,0.0,149.44885301820776,149.44885301820776,0.0,1,15.703261889007038,15.703261889007038,0.0,1372.2963859758702,1372.2963859758702,0.0,69.40177452873064,69.40177452873064,0.0,9.767397122540748,111.38623805001998,50.754965546989695,101.3068863380214,2576.066527676111,64.77207593491156,1,0.2846468162618705,0.2846468162618705,0.0,2680.508339169499,2680.508339169499,0.0,2.2984884445837865,2.2984884445837865,0.0,1,0.0322457145024519,0.0322457145024519,0.0,182.0,182.0,0.0,1.0981904874579884,1.0981904874579884,0.0,0.2647736755950368,1.9503774720817504,1.2722998633923572,2.000858408687893,1.618746942388211,1.0894247744675696,47.71620681660097,99.95362856480408,99.95362856480408,1,2.0,2.0,2.0,1.0,0.0,1.0,10.0,10.0,10.0,6.9296,3.4648,3.4648
1,-1.0,-0.918791210148898,10,16.45,2022-10-01 16:27:24.986,0,3.398864581554548,2,0.2171578094950135,0.3414609666653803,0.1243031571703667,36.0,54.0,18.0,51.53935233366208,51.92348485703437,0.3841325233722976,1,0.1747680148706614,0.1747680148706614,0.0,737.0,737.0,0.0,24.44503008238669,24.44503008238669,0.0,12.187797102463389,39.0657524116855,36.8895834015271,27.66096757184047,1360.8413635382235,20.971589086392,1,0.0062295871894931,0.0062295871894931,0.0,78.05776678755876,78.05776678755876,0.0,0.9279888556221852,0.9279888556221852,0.0,1,0.005783552098762,0.005783552098762,0.0,724.0,724.0,0.0,0.6424265918885167,0.6424265918885167,0.0,0.0466783689370512,0.7516489346809931,0.2855511550767483,0.7641039281669868,0.0815394621656651,0.3614689705637416,1,0.0404960854071561,0.0404960854071561,0.0,4.0,4.0,0.0,80.77361076349453,80.77361076349453,0.0,1,26.296370534931214,26.296370534931214,0.0,3753.287851330735,3753.287851330735,0.0,42.21182432527114,42.21182432527114,0.0,28.54253280495518,102.88234653317004,123.26759812329271,55.75755613577365,15194.900747085598,38.813583690760574,1,0.0226823858511191,0.0226823858511191,0.0,55.89464691207286,55.89464691207286,0.0,3.518007300289655,3.518007300289655,0.0,1,0.0002520020854679,0.0002520020854679,0.0,2.0,2.0,0.0,2.2215583433682866,2.2215583433682866,0.0,0.4013353383877059,2.692985488750552,1.1061847776514349,2.5881072233756863,1.2236447623077544,1.68499659838982,54.1386505912358,99.95362856480408,99.95362856480408,1,0.0,0.0,0.0,4.0,0.0,3.0,18.0,3.0,15.0,40.3143,19.6013,19.6013
1,-1.0,0.2419218955996677,10,0.9333333333333333,2022-10-09 00:56:27.037,0,2.018815845374086,1,11.212931077644264,11.212931077644264,0.0,1418.5011916467806,1418.5011916467806,0.0,67.2742548180727,67.2742548180727,0.0,1,0.0088717078346221,0.0088717078346221,0.0,2.0,2.0,0.0,32.050639180301644,32.050639180301644,0.0,17.782975758026414,51.139248305319626,61.43104327604349,44.45097105522009,3773.773077983128,27.97454310855075,1,0.2262545428523814,0.2262545428523814,0.0,1468.3229771938104,1468.3229771938104,0.0,1.161188147915221,1.161188147915221,0.0,1,0.0538334030277983,0.0538334030277983,0.0,1300.0746642519491,1300.0746642519491,0.0,0.7336835736366447,0.7336835736366447,0.0,0.0609275024469724,0.8273738096609924,0.2869746419255606,0.8155537183493418,0.0823544451083037,0.4282926334155743,1,93.04224592766496,93.04224592766496,0.0,1104.2662115550588,1104.2662115550588,0.0,560.7568103194458,560.7568103194458,0.0,1,0.0650766996699587,0.0650766996699587,0.0,2.0,2.0,0.0,192.0726082608176,192.0726082608176,0.0,57.57152971736938,327.6128302611156,187.3721662093008,258.56706954661223,35108.32866996583,164.83642053775137,1,0.3833059942513053,0.3833059942513053,0.0,3336.129566209353,3336.129566209353,0.0,2.4318867120638465,2.4318867120638465,0.0,2,0.0010834624945206,0.0016534963058418,0.0005700338113212,6.0,6.0,0.0,1.8770780261161988,1.737714295051401,0.1393637310647977,0.253975537750149,2.208626460684476,0.5323284510708248,2.1745308293498864,0.2833735798194635,1.515696796395913,100.02318571759795,99.95362856480408,99.95362856480408,1,0.0,0.0,0.0,0.0,0.0,0.0,8.0,5.0,5.0,56.9142,28.4571,28.4571
1,-1.0,-0.3665012267242969,10,13.433333333333334,2022-10-20 13:26:26.963,0,2.934107626847491,1,0.6988252315528172,0.6988252315528172,0.0,230.0,230.0,0.0,33.24674277631901,33.24674277631901,0.0,1,7.829100438057964,7.829100438057964,0.0,3973.455279628756,3973.455279628756,0.0,24.504159086311127,24.504159086311127,0.0,33.78947541780831,41.31012163642712,167.6416218705403,29.601438543295476,28103.713383385217,23.53687607836082,1,0.1501096925544978,0.1501096925544978,0.0,2513.9699809318936,2513.9699809318936,0.0,0.9018378603448516,0.9018378603448516,0.0,1,1.3700586574905138e-05,1.3700586574905138e-05,0.0,2.0,2.0,0.0,0.6959320693482147,0.6959320693482147,0.0,0.0384509139616406,0.7625789706640963,0.2183842286269343,0.8313959592577191,0.0476916713129811,0.4107031992224348,1,7.40778735529355,7.40778735529355,0.0,178.0,178.0,0.0,170.66934474491595,170.66934474491595,0.0,1,69.41068075063396,69.41068075063396,0.0,3015.884566696648,3015.884566696648,0.0,75.64908676108848,75.64908676108848,0.0,67.74317874713725,148.2408602798697,314.201874763562,115.94086222828798,98722.81810493708,68.73829416847926,1,0.238810441745719,0.238810441745719,0.0,930.8774620572262,930.8774620572262,0.0,3.4452077313327063,3.4452077313327063,0.0,1,0.7285061981355332,0.7285061981355332,0.0,2733.296376322002,2733.296376322002,0.0,2.4079479586964005,2.4079479586964005,0.0,0.8800961464845914,3.252784205466082,5.186064742135527,2.8962980087942083,26.895267509621235,2.2283652883999707,99.97681428240205,99.95362856480408,99.95362856480408,1,0.0,0.0,0.0,7.0,5.0,5.0,6.0,0.0,6.0,10.7156,0.0,10.7156
1,-0.866025403784439,0.7660444431189783,11,8.666666666666666,2022-11-19 08:40:53.944,0,3.056409535418755,1,2.81373869127242,2.81373869127242,0.0,20.0,20.0,0.0,421.6893563588792,421.6893563588792,0.0,1,9.266034542512344,9.266034542512344,0.0,3222.698521185156,3222.698521185156,0.0,31.63230861758366,31.63230861758366,0.0,32.41884127487935,112.67891030380804,164.86682214580992,37.220422838858426,27181.06904445812,29.090490499727537,2,0.0021835858916882,0.0023820462432593,0.0001984603515711,33.0,40.0,7.0,1.0206610179536435,1.0699092575948992,0.0492482396412556,2,0.031130694733487,0.0335472447987789,0.0024165500652918,430.5,595.0,164.5,0.6508105248044873,0.5925978466676877,0.0582126781367997,0.04429670927456,0.784499940348543,0.2644192226999517,0.8092338707922806,0.0699175253332466,0.3971370268784617,1,6.446880775393993,6.446880775393993,0.0,22.0,22.0,0.0,1420.3846281673002,1420.3846281673002,0.0,1,3.3582466531284467,3.3582466531284467,0.0,676.0,676.0,0.0,158.2965251034044,158.2965251034044,0.0,113.83970827072235,441.418392893177,569.7193590480379,193.04079745344143,324580.1480741071,147.50788674413667,1,0.008009372955839,0.008009372955839,0.0,12.0,12.0,0.0,6.736530056739487,6.736530056739487,0.0,1,1.1828053087427248,1.1828053087427248,0.0,3206.2370346628577,3206.2370346628577,0.0,2.1455918804374976,2.1455918804374976,0.0,0.4454947094154045,3.498700938489564,1.8637368226352613,2.8466058971772195,3.47351494404658,1.7126442230178,100.02318571759795,88.10572687224669,99.95362856480408,1,0.0,0.0,0.0,1.0,0.0,1.0,2.0,0.0,2.0,0.0,0.0,0.0
0,-0.5000000000000004,-0.16934950384902492,12,23.35,2022-12-03 23:21:00.060,0,3.021046481963951,2,0.0179953205777678,0.0287311477561473,0.0107358271783795,2.5,3.0,0.5,64.78457169992878,70.61432607358633,5.829754373657551,2,2.3760082206661366,4.742628696792373,2.3666204761262364,998.6769961401584,1995.3539922803168,996.6769961401584,50.082564074206815,49.57156877515406,0.5109952990527482,11.527211065565378,57.84246126651185,22.956001616438208,54.93807749509871,526.9780102139136,41.94663154748239,2,0.0347807037893956,0.0678967433681455,0.0331160395787499,1137.665395132039,2203.330790264078,1065.665395132039,0.9100243201543056,0.9674496307180438,0.0574253105637381,1,0.0002715431899927,0.0002715431899927,0.0,2.0,2.0,0.0,0.6894020617807426,0.6894020617807426,0.0,0.0459353974025441,0.8009937920465274,0.2197179164867774,0.8283188112129537,0.0482759628252905,0.4672299984490465,1,36.54824279786956,36.54824279786956,0.0,2217.2519423554627,2217.2519423554627,0.0,287.32167467224417,287.32167467224417,0.0,1,0.0970082812218322,0.0970082812218322,0.0,4.0,4.0,0.0,233.00627371688736,233.00627371688736,0.0,30.48532719767547,268.27752212044584,57.61392856933334,264.4805474164378,3319.364765192244,197.94082092303412,1,0.2355687250855984,0.2355687250855984,0.0,2009.5642207444307,2009.5642207444307,0.0,3.463892771372241,3.463892771372241,0.0,1,0.0004431179439117,0.0004431179439117,0.0,2.0,2.0,0.0,2.741801307447937,2.741801307447937,0.0,0.3942188123323913,3.2463047889162504,0.7617968966268844,3.144093353158775,0.5803345117103521,2.329197937143098,100.02318571759795,99.95362856480408,99.95362856480408,1,0.0,0.0,0.0,2.0,1.0,1.0,0.0,0.0,0.0,52.7679,0.0,38.4165
0,-0.5000000000000004,0.949699126201877,12,7.216666666666667,2022-12-11 07:13:36.349,0,3.1007977187381,1,0.018182158140064,0.018182158140064,0.0,4.0,4.0,0.0,175.36298466087538,175.36298466087538,0.0,1,0.0129501356532202,0.0129501356532202,0.0,4.0,4.0,0.0,50.91342773411393,50.91342773411393,0.0,18.265206839658088,100.07925121329971,73.39942844118974,58.17296266702231,5387.476095493333,47.0608599503255,1,0.0879201923066511,0.0879201923066511,0.0,1015.0062461977006,1015.0062461977006,0.0,0.9921278534277248,0.9921278534277248,0.0,1,0.0501285162849011,0.0501285162849011,0.0,648.0,648.0,0.0,0.8725613652239225,0.8725613652239225,0.0,0.0395317978428202,0.8588602874310676,0.2251375791229011,0.9234140386842262,0.0506869295333205,0.4943114912615315,1,0.1515748893170894,0.1515748893170894,0.0,4.0,4.0,0.0,601.9512461919494,601.9512461919494,0.0,1,98.49039312170127,98.49039312170127,0.0,3204.8956523857555,3204.8956523857555,0.0,263.0426335733569,263.0426335733569,0.0,30.466390213456087,362.4147331644025,150.753701233641,292.80935348083807,22726.678435641898,220.64540142719005,1,0.0011636845821794,0.0011636845821794,0.0,6.0,6.0,0.0,4.237034752872348,4.237034752872348,0.0,1,1.1478938311001396,1.1478938311001396,0.0,3832.588915748781,3832.588915748781,0.0,2.85807691958537,2.85807691958537,0.0,0.3276833879603638,3.560716010465826,0.8752012096085751,3.403124889201426,0.765977157300313,2.520811559347893,57.1296081613726,99.95362856480408,99.95362856480408,1,0.0,0.0,0.0,2.0,1.0,1.0,0.0,0.0,0.0,0.0,0.0,0.0
0,0.0,-0.22920039092241387,1,12.883333333333333,2023-01-21 12:53:49.400,0,2.195626498791119,1,5.216170652002383,5.216170652002383,0.0,1695.6784546384554,1695.6784546384554,0.0,38.43883742245932,38.43883742245932,0.0,1,4.170417609341087,4.170417609341087,0.0,811.1452301854347,811.1452301854347,0.0,33.149442050655544,33.149442050655544,0.0,53.167970448740576,54.06305035988016,71.51196539358887,35.214823342282514,5113.961194453851,28.391018816511615,1,0.2652544583339435,0.2652544583339435,0.0,809.0539580598547,809.0539580598547,0.0,0.7693263217019912,0.7693263217019912,0.0,1,0.0969637604313111,0.0969637604313111,0.0,674.813192884545,674.813192884545,0.0,0.4349666612024046,0.4349666612024046,0.0,0.0647976084064446,0.6304762107855578,0.2919276461854208,0.5784053953921208,0.0852217506073602,0.2678853705276914,1,14.1318299349131,14.1318299349131,0.0,1037.668388014171,1037.668388014171,0.0,218.12912856226563,218.12912856226563,0.0,1,10.925145623969769,10.925145623969769,0.0,1256.4412505712576,1256.4412505712576,0.0,165.9849052682088,165.9849052682088,0.0,347.5606922624286,280.27550113633833,1072.953938349118,182.367552200125,1151230.153818883,130.25767273297785,1,0.0037656328143365,0.0037656328143365,0.0,2.0,2.0,0.0,3.5331956436802203,3.5331956436802203,0.0,1,0.0373393938980703,0.0373393938980703,0.0,234.0,234.0,0.0,1.1230151730523912,1.1230151730523912,0.0,132.49753908025284,25.266055420723564,284.7364369553631,2.4397984366008565,81074.83853003546,1.1114889329388264,63.87665198237885,80.33851147693021,99.95362856480408,1,0.0,0.0,0.0,15.0,5.0,6.0,3.0,0.0,3.0,0.0,0.0,0.0
0,0.49999999999999994,-0.7223639620597555,2,15.083333333333334,2023-02-06 15:05:00.000,1,4.7,1,6.250648307661429,6.250648307661429,0.0,1788.4677883853803,1788.4677883853803,0.0,43.82784871202333,43.82784871202333,0.0,1,0.0021051849420459,0.0021051849420459,0.0,2.0,2.0,0.0,33.26791062058478,33.26791062058478,0.0,15.004292839155518,43.03823050703437,25.23292067849433,37.82457141586133,636.7002859671868,31.9673079821602,1,0.0381064297214217,0.0381064297214217,0.0,410.4177369754819,410.4177369754819,0.0,0.8277673561449879,0.8277673561449879,0.0,1,0.1086023450684151,0.1086023450684151,0.0,1677.176279320839,1677.176279320839,0.0,0.7007935274779107,0.7007935274779107,0.0,0.0504501798584498,0.749626638381783,0.1916375180055431,0.7777068764289273,0.0367249383073248,0.4608054408457896,1,52.08527797520384,52.08527797520384,0.0,2551.28689884837,2551.28689884837,0.0,278.0477015677656,278.0477015677656,0.0,1,0.5997527444718287,0.5997527444718287,0.0,14.0,14.0,0.0,168.55504402398486,168.55504402398486,0.0,32.36416678213676,244.8649941883291,78.80661338713705,240.60040288720592,6210.482313549687,161.45172196856836,2,0.2348733307760002,0.4628104105881681,0.2279370798121678,952.588758885316,1893.177517770632,940.588758885316,4.219877143149967,4.468455344643852,0.2485782014938846,2,0.003853211717971,0.0073926395604138,0.0035394278424427,2.0,2.0,0.0,2.9211859388622683,2.397215786224,0.5239701526382685,9.995668026566747,5.003043227562862,67.22740239403028,3.6301495761571294,4519.523632648868,2.181996271176906,67.49362392766056,99.21168560166936,99.95362856480408,1,0.0,0.0,0.0,4.0,1.0,3.0,0.0,0.0,0.0,0.0,0.0,0.0
0,0.49999999999999994,-0.04361938736533708,2,23.833333333333332,2023-02-15 23:50:08.975,0,4.087359730213592,1,38.69433939147017,38.69433939147017,0.0,1999.144269509978,1999.144269509978,0.0,96.15312648843556,96.15312648843556,0.0,1,0.0060189539384793,0.0060189539384793,0.0,4.0,4.0,0.0,50.08271037809162,50.08271037809162,0.0,25.01613003128184,75.25012367818455,54.91486191741362,58.27480570449477,3015.6420594086053,44.04460526939484,1,0.0818989749248535,0.0818989749248535,0.0,1967.3135472528047,1967.3135472528047,0.0,1.014867232740822,1.014867232740822,0.0,1,0.0089550971696046,0.0089550971696046,0.0,142.0,142.0,0.0,0.8879355751684146,0.8879355751684146,0.0,0.0606396389436327,0.9106649337546108,0.2317376513986167,0.9527144731215096,0.0537023390757468,0.5436004433103478,1,87.98899283048752,87.98899283048752,0.0,2022.4210042211585,2022.4210042211585,0.0,337.6233667860649,337.6233667860649,0.0,2,0.1406899151551499,0.275444909905957,0.1347549947508071,9.5,17.0,7.5,210.68852733914173,201.2186169315131,9.469910407628618,82.42217250022503,297.5560334595724,177.6561424279445,255.4505501920666,31561.704942378103,177.18669805696575,2,0.0597011578732546,0.072132308989695,0.0124311511164403,284.5,339.0,54.5,4.068537915010355,4.252689994267801,0.1841520792574458,2,0.0070074895385419,0.0133707187463363,0.0063632292077944,165.0,322.0,157.0,2.787390604852793,2.7143146119895456,0.0730759928632478,0.4648382584555059,3.550611561921218,0.9290538346721992,3.428101468727012,0.863141027719118,2.5435808326103087,66.28796661256666,99.79132854161836,99.95362856480408,1,0.0,0.0,0.0,6.0,1.0,3.0,0.0,0.0,0.0,0.0,0.0,0.0
0,0.49999999999999994,0.7771459614569708,2,3.4,2023-02-22 03:24:00.798,0,2.4520220255747067,1,1.1868760076594356,1.1868760076594356,0.0,690.5030123406318,690.5030123406318,0.0,52.18273782829401,52.18273782829401,0.0,1,0.9377643694261408,0.9377643694261408,0.0,532.0,532.0,0.0,39.380961606447975,39.380961606447975,0.0,28.79782321133386,55.525760480268254,98.37123858977996,46.725860015480336,9676.900581687416,37.72133555514324,1,0.1864848723357561,0.1864848723357561,0.0,2952.9133454969706,2952.9133454969706,0.0,0.9192237519520058,0.9192237519520058,0.0,1,0.0245716618605124,0.0245716618605124,0.0,260.0,260.0,0.0,0.6108441565826525,0.6108441565826525,0.0,0.0651475795412567,0.7846084192077878,0.2642421782609166,0.7742055546868725,0.069823928772074,0.4668749558795859,2,1.1107243821294048,1.5054370662421093,0.3947126841127044,23.5,31.0,7.5,423.9600027238228,426.2487744863666,2.28877176254386,2,0.8442594937083072,1.5569176934146751,0.7126581997063681,58.0,112.0,54.0,175.3907143080687,164.18693327441474,11.203781033653968,106.2407885343429,312.7694227525929,256.05784700106364,260.8790359770037,65565.62101082012,154.07162550877334,1,0.3886869814512002,0.3886869814512002,0.0,1487.3511087486925,1487.3511087486925,0.0,4.935155407626334,4.935155407626334,0.0,2,0.0426649242452279,0.0558525939415535,0.0131876696963255,377.5233522047163,436.2063767031427,58.68302449842645,3.017653928528074,3.005795510085773,0.0118584184423007,10.027706210139296,5.8362384233400215,83.86643650583511,3.7744659490201737,7033.579172187273,2.640253919540873,92.9283561326223,99.6522142360306,99.95362856480408,1,1.0,1.0,1.0,8.0,5.0,5.0,0.0,0.0,0.0,0.0,0.0,0.0
0,0.49999999999999994,-0.473319667184844,2,22.116666666666667,2023-02-25 22:07:38.337,0,3.6916279575649673,1,0.036008562728071,0.036008562728071,0.0,2.0,2.0,0.0,48.84963671519073,48.84963671519073,0.0,1,0.0036254694351498,0.0036254694351498,0.0,4.0,4.0,0.0,32.68898468124861,32.68898468124861,0.0,34.3341545464632,53.29677943278527,36.30363520299977,43.223398043464016,1317.9539289524844,31.107221769721388,1,0.0001654349322908,0.0001654349322908,0.0,2.0,2.0,0.0,0.9426032171134524,0.9426032171134524,0.0,1,0.0007739501660075,0.0007739501660075,0.0,12.0,12.0,0.0,0.5934486948952288,0.5934486948952288,0.0,0.046004768091171,0.7397653996890287,0.2302165469687238,0.752592639373378,0.0529996584982026,0.4060030546394335,1,32.72626478691137,32.72626478691137,0.0,974.3465906722216,974.3465906722216,0.0,397.45625523980095,397.45625523980095,0.0,1,2.944327464273357,2.944327464273357,0.0,180.86817554462664,180.86817554462664,0.0,137.67098251845695,137.67098251845695,0.0,70.28181256840693,278.22408302556926,146.84307368599792,238.146923629884,21562.88828955141,128.136211443824,1,0.4043078522273369,0.4043078522273369,0.0,1194.8041587527568,1194.8041587527568,0.0,4.643623455384569,4.643623455384569,0.0,2,0.1301531409451368,0.2595197831948717,0.1293666422497348,820.1891336991353,1636.3782673982705,816.1891336991353,3.012704300779233,2.952997212390564,0.0597070883886692,0.6832140272374218,3.769438021824018,1.5350215350414629,3.5423267133102394,2.3562911130410487,2.4499795975106817,72.64085323440761,99.7681428240204,99.95362856480408,1,1.0,1.0,1.0,8.0,3.0,3.0,0.0,0.0,0.0,0.0,0.0,0.0
0,0.8660254037844386,-0.9575713608048142,3,16.883333333333333,2023-03-19 16:53:43.612,0,2.539862726327189,1,0.7977409191403098,0.7977409191403098,0.0,394.0,394.0,0.0,35.74472535005259,35.74472535005259,0.0,1,2.2703218042974704,2.2703218042974704,0.0,872.6383639699816,872.6383639699816,0.0,27.70306769050752,27.70306769050752,0.0,28.98688421002378,37.34824602622395,66.11371912865613,31.46824424444955,4371.023857022832,24.72733733642236,1,0.0232961111653725,0.0232961111653725,0.0,234.0,234.0,0.0,0.9053941380571854,0.9053941380571854,0.0,1,0.2379850351109222,0.2379850351109222,0.0,1796.460875183306,1796.460875183306,0.0,0.6405259952409721,0.6405259952409721,0.0,0.0464502231709956,0.7355548294060262,0.2765026315275827,0.7939919004891143,0.0764537052416781,0.3189010223770955,1,9.363988756894344,9.363988756894344,0.0,1249.598034585426,1249.598034585426,0.0,250.43048775757345,250.43048775757345,0.0,1,21.93054958921695,21.93054958921695,0.0,2284.6394606081126,2284.6394606081126,0.0,165.6370237387233,165.6370237387233,0.0,61.86254316285081,215.2191915531089,214.03970118392252,194.99116563034457,45812.99368290286,152.0128803215484,2,0.0249927040193229,0.0491131934258466,0.0241204894065236,754.5988934463421,1503.2946972702748,748.6958038239327,1.3602164422836185,1.4025312401841692,0.0423147979005509,1,0.1660588101361901,0.1660588101361901,0.0,3055.423870809641,3055.423870809641,0.0,1.1518428342468772,1.1518428342468772,0.0,10.167531699633296,2.4944734719958053,65.13467291131106,1.2658554505241932,4242.525615263479,0.9811777373149057,67.67910966844424,99.79132854161836,99.95362856480408,1,0.0,0.0,0.0,9.0,4.0,4.0,17.0,5.0,12.0,22.6937,22.6937,22.6937
0,1.0,-0.2419218955996675,4,12.933333333333334,2023-04-11 12:56:22.951,0,3.828748717405047,1,0.0472843504607851,0.0472843504607851,0.0,2.0,2.0,0.0,133.01127753606258,133.01127753606258,0.0,1,9.65555764336257,9.65555764336257,0.0,1701.8797462768189,1701.8797462768189,0.0,30.23070758789121,30.23070758789121,0.0,18.91960222225225,74.87871271800438,74.31067425146352,42.05438478616616,5522.076307707123,24.80317054432804,1,0.0941828546916561,0.0941828546916561,0.0,596.0,596.0,0.0,0.8704425926023021,0.8704425926023021,0.0,1,0.200827102343547,0.200827102343547,0.0,1530.6697633437957,1530.6697633437957,0.0,0.5484752639384665,0.5484752639384665,0.0,0.085012657737891,0.7078926841775854,0.303563807283906,0.7362447565694025,0.0921509850927004,0.2939249177400834,1,4.673498718324026,4.673498718324026,0.0,74.0,74.0,0.0,995.1939093465847,995.1939093465847,0.0,1,149.80262884154084,149.80262884154084,0.0,3068.4738422385544,3068.4738422385544,0.0,133.58664634232062,133.58664634232062,0.0,53.27316509660795,390.1949616669788,351.5030840635653,243.22524802674027,123554.41810619786,118.92888769899524,1,0.1784096852212982,0.1784096852212982,0.0,1876.627817552592,1876.627817552592,0.0,2.371931303712799,2.371931303712799,0.0,1,0.0894836824723968,0.0894836824723968,0.0,682.0,682.0,0.0,2.104959013790136,2.104959013790136,0.0,0.2391534526297937,2.3202518449114424,0.5060309572163891,2.248945950516969,0.256067329661335,1.7748439460117449,65.47646649663807,99.81451425921632,99.95362856480408,1,0.0,0.0,0.0,9.0,4.0,5.0,0.0,0.0,0.0,0.0,0.0,0.0
1,0.5000000000000003,-0.030538513209822413,6,12.116666666666667,2023-06-22 12:07:31.217,0,2.7870438100517614,1,27.134768414467743,27.134768414467743,0.0,1240.779563775156,1240.779563775156,0.0,116.73736921334849,116.73736921334849,0.0,1,1.4970924986537568,1.4970924986537568,0.0,210.0,210.0,0.0,64.5003720889384,64.5003720889384,0.0,22.196437086387142,102.426400190481,65.08877252211397,94.21278915206476,4236.548308435498,48.34809946146275,1,0.1736681441084933,0.1736681441084933,0.0,196.0,196.0,0.0,2.1527520855096136,2.1527520855096136,0.0,1,0.4619770661837297,0.4619770661837297,0.0,717.4513154059057,717.4513154059057,0.0,1.237929594622689,1.237929594622689,0.0,0.177392126902587,1.89354070065038,0.9685464775074104,1.799503356801578,0.9380822790920124,0.6088426494739435,1,34.615491618037424,34.615491618037424,0.0,2242.2811438875387,2242.2811438875387,0.0,490.1866290499251,490.1866290499251,0.0,1,2.276968684698943,2.276968684698943,0.0,162.0,162.0,0.0,292.8691724673487,292.8691724673487,0.0,59.00690203779215,448.1444103481816,172.7557554851727,443.1401511324309,29844.55105325278,292.902370303769,2,0.419240464076156,0.8329175837274461,0.41367711965129,1654.4940991870103,3298.9881983740206,1644.4940991870103,1.7128594715450212,1.8728285363621493,0.1599690648171282,1,0.0124677627670017,0.0124677627670017,0.0,124.0,124.0,0.0,0.9047063403453316,0.9047063403453316,0.0,19.380109644504223,5.131975335611889,122.80882223113268,1.243666192429669,15082.00681779795,0.6573262400356482,48.89867841409692,99.55947136563876,99.95362856480408,1,0.0,0.0,0.0,10.0,4.0,4.0,0.0,0.0,0.0,13.265,2.9097,10.3553
1,0.5000000000000003,0.6723668074346684,6,9.183333333333334,2023-06-27 09:11:35.011,0,3.268180460809698,0,0.0,0.0,0.0,0.0,0.0,0.0,0.0,0.0,0.0,0,0.0,0.0,0.0,0.0,0.0,0.0,0.0,0.0,0.0,12.103596312670565,153.42102064519062,35.959985071244496,145.10103954217962,1293.1205263241268,119.54430360451634,0,0.0,0.0,0.0,0.0,0.0,0.0,0.0,0.0,0.0,0,0.0,0.0,0.0,0.0,0.0,0.0,0.0,0.0,0.0,0.0875396110883523,2.3363514850387013,0.3663406935581875,2.4087303619150444,0.1342055037566938,1.7770484090872656,1,101.09103774902428,101.09103774902428,0.0,1864.9440884182447,1864.9440884182447,0.0,614.8304544143245,614.8304544143245,0.0,1,71.17568061434577,71.17568061434577,0.0,2130.483716784594,2130.483716784594,0.0,413.02300440637504,413.02300440637504,0.0,40.99133230311748,537.2221336240644,156.03555999726623,503.8339436986819,24347.09598366047,366.0612172669436,1,0.4533289215926548,0.4533289215926548,0.0,2100.0452736540165,2100.0452736540165,0.0,1.918971575324068,1.918971575324068,0.0,1,0.4217615728703774,0.4217615728703774,0.0,2280.563799725292,2280.563799725292,0.0,1.1742960843411696,1.1742960843411696,0.0,16.044517915512504,4.555688016511332,99.6216790798112,1.549114445287146,9924.478942680891,1.012395317576493,0.0,99.11894273127754,99.95362856480408,1,0.0,0.0,0.0,7.0,3.0,3.0,0.0,0.0,0.0,14.8767,6.1475,6.1475
1,1.2246467991473532e-16,-0.3173046564050927,7,22.766666666666666,2023-07-14 22:46:58.708,0,2.580748253472673,1,20.64760802625001,20.64760802625001,0.0,1754.796189731287,1754.796189731287,0.0,98.77562791152218,98.77562791152218,0.0,1,14.828345067238942,14.828345067238942,0.0,810.0,810.0,0.0,61.390741927874686,61.390741927874686,0.0,24.032623400172906,95.99455046802603,56.57795414747637,78.81382483480881,3201.0648955139386,45.57108315612504,1,0.4760710690779934,0.4760710690779934,0.0,717.3453038663379,717.3453038663379,0.0,1.8740713083351943,1.8740713083351943,0.0,1,0.0983633893809516,0.0983633893809516,0.0,284.0,284.0,0.0,1.2387919583956213,1.2387919583956213,0.0,0.1788199919810028,1.53369532338864,0.7086471267117571,1.413494334917716,0.5021807501968292,0.6404805586562755,1,138.71001041051176,138.71001041051176,0.0,1529.1412940172352,1529.1412940172352,0.0,505.0731976331241,505.0731976331241,0.0,2,5.833385557167816,10.433203567026569,4.599818009858751,240.0,426.0,186.0,333.61394392376474,322.4939988168364,11.119945106928384,102.7344809999844,417.8818369867235,309.27832628050487,368.20421736831815,95653.08310687044,278.333781086948,2,0.2129908724795094,0.4143416777001796,0.2013508052206701,915.8737183807898,1821.74743676158,905.8737183807898,1.7807176750807585,1.8765309925421825,0.095813317461424,1,0.0224980212382819,0.0224980212382819,0.0,220.0,220.0,0.0,1.0257173575505592,1.0257173575505592,0.0,19110.55393515477,2746.791225097136,51947.21642887075,1.3854725977018314,2698513294.707939,0.843888028579907,62.85648040806863,97.98284256897752,99.95362856480408,1,0.0,0.0,0.0,7.0,4.0,4.0,0.0,0.0,0.0,12.9104,6.4552,6.4552
1,1.2246467991473532e-16,-0.7163019434246541,7,15.05,2023-07-20 15:03:49.289,0,1.728244357821623,1,26.64236584161779,26.64236584161779,0.0,1621.5606512008208,1621.5606512008208,0.0,134.53132685199176,134.53132685199176,0.0,1,25.89669895397614,25.89669895397614,0.0,1747.9035295688004,1747.9035295688004,0.0,84.79994145375576,84.79994145375576,0.0,75.01028461654067,142.4099252337487,415.2026156214976,109.88170875034186,172393.21201893303,69.60513353015376,1,0.3487210032320518,0.3487210032320518,0.0,1457.5209832717803,1457.5209832717803,0.0,1.9360639400471584,1.9360639400471584,0.0,1,0.6421176770682068,0.6421176770682068,0.0,2658.4629998230243,2658.4629998230243,0.0,0.7794248367232973,0.7794248367232973,0.0,0.1800660482057795,1.3933092894991193,0.6843300510767164,1.3186184312942866,0.4683076188066612,0.5475572585146781,1,71.70540566673628,71.70540566673628,0.0,1571.2672839316087,1571.2672839316087,0.0,583.8446218194156,583.8446218194156,0.0,1,165.22216256272236,165.22216256272236,0.0,1729.3900110892669,1729.3900110892669,0.0,418.6224592566932,418.6224592566932,0.0,144.2063594585075,589.2796566022914,696.1015280286751,535.1797648898012,484557.3373238564,362.85885456853487,1,0.6524393412586951,0.6524393412586951,0.0,2595.606883435901,2595.606883435901,0.0,2.591983310096387,2.591983310096387,0.0,1,0.0180089020492644,0.0180089020492644,0.0,248.0,248.0,0.0,1.1064591955222762,1.1064591955222762,0.0,9.384575950063953,3.799842071465444,78.34335156015752,1.902805305317114,6137.680733678436,1.0125370795245172,100.02318571759795,99.0261998608857,99.95362856480408,1,0.0,0.0,0.0,2.0,1.0,1.0,0.0,0.0,0.0,17.1368,0.0,8.5684
1,-0.4999999999999997,-0.3665012267242981,8,22.566666666666666,2023-08-08 22:34:25.738,0,2.671391960387678,1,0.5759341634581858,0.5759341634581858,0.0,108.27379035476736,108.27379035476736,0.0,123.68335914577536,123.68335914577536,0.0,1,2.733390283425692,2.733390283425692,0.0,336.0,336.0,0.0,78.15243606741993,78.15243606741993,0.0,30.938190614865004,104.63888513659784,71.13003097660747,93.26574141448312,5059.481306733138,72.97351260590904,1,0.0007169685904488,0.0007169685904488,0.0,2.0,2.0,0.0,2.683440596317804,2.683440596317804,0.0,1,0.2703942928105955,0.2703942928105955,0.0,797.616083793067,797.616083793067,0.0,1.421104212400374,1.421104212400374,0.0,0.199699436343351,2.135988235708255,0.8790980256850247,2.127830487806775,0.7728133387633083,0.918275814828616,1,0.1212804080980731,0.1212804080980731,0.0,2.0,2.0,0.0,1219.5103740354614,1219.5103740354614,0.0,1,72.26586187406986,72.26586187406986,0.0,958.3876169141722,958.3876169141722,0.0,595.7357857128633,595.7357857128633,0.0,81.58345442302,858.6627190960442,288.2963784129766,808.1387342384227,83114.80180603819,533.3470038883485,1,0.0578768394020414,0.0578768394020414,0.0,557.3178873219642,557.3178873219642,0.0,0.935340821452196,0.935340821452196,0.0,1,0.2147878167219098,0.2147878167219098,0.0,2962.2731496509373,2962.2731496509373,0.0,0.6102868139361588,0.6102868139361588,0.0,0.1603875706767965,0.8030647580954026,0.3258909258341887,0.7436221554068007,0.1062048955410647,0.4534061219233982,87.47971249710179,99.95362856480408,99.95362856480408,1,0.0,0.0,0.0,14.0,3.0,7.0,0.0,0.0,0.0,10.8836,10.8836,10.8836
1,-0.4999999999999997,0.992546151641322,8,5.533333333333333,2023-08-13 05:32:34.000,0,2.1488558634020585,1,6.917813135896296,6.917813135896296,0.0,573.1310501165062,573.1310501165062,0.0,130.5192925947686,130.5192925947686,0.0,1,0.003287716560095,0.003287716560095,0.0,2.0,2.0,0.0,71.9335020107574,71.9335020107574,0.0,53.69685537378786,116.45170770411715,154.19603999489638,100.72510035423008,23776.41875010768,67.86985393007748,1,0.4133868264152145,0.4133868264152145,0.0,734.0,734.0,0.0,2.7568339062937106,2.7568339062937106,0.0,1,0.0243967501446571,0.0243967501446571,0.0,88.0,88.0,0.0,1.6606245904610564,1.6606245904610564,0.0,0.1686792576796014,2.058643972176992,0.8302260191859056,1.992327071009485,0.6892752429332756,0.9315822899726,1,384.0775560552373,384.0775560552373,0.0,2415.9394295152,2415.9394295152,0.0,1204.1211654826598,1204.1211654826598,0.0,1,0.6837752277283471,0.6837752277283471,0.0,10.0,10.0,0.0,592.8319259156845,592.8319259156845,0.0,97.34432470523808,924.6531436805496,384.07575716608255,822.6773568362697,147514.1872426996,585.7648639924937,1,0.04082359999771,0.04082359999771,0.0,382.0,382.0,0.0,1.1549563622475163,1.1549563622475163,0.0,1,0.3575666134444571,0.3575666134444571,0.0,3438.2554494669057,3438.2554494669057,0.0,0.7361282104076518,0.7361282104076518,0.0,0.1763221626651533,1.0076944146041855,0.4036163152698819,0.9350475063401746,0.1629061299520366,0.6548921795526926,61.650823092974726,99.95362856480408,99.95362856480408,1,0.0,0.0,0.0,8.0,3.0,3.0,0.0,0.0,0.0,5.4293,5.4293,5.4293
1,-1.0,-0.555570233019602,10,14.25,2023-10-20 14:15:20.300,0,2.005535504468177,1,43.208615255537126,43.208615255537126,0.0,3222.544655896153,3222.544655896153,0.0,203.5853779080222,203.5853779080222,0.0,1,0.0570157191825728,0.0570157191825728,0.0,2.0,2.0,0.0,155.48057186189715,155.48057186189715,0.0,46.56138861985487,194.47666550160827,137.71253051615733,173.49140085951797,18964.741061163564,119.54189970305016,1,0.605780524910581,0.605780524910581,0.0,2611.49282478939,2611.49282478939,0.0,2.9494045244884024,2.9494045244884024,0.0,1,0.001040680733372,0.001040680733372,0.0,6.0,6.0,0.0,1.7319668894521432,1.7319668894521432,0.0,0.2617030473635469,2.4476739665483462,0.9417570996544484,2.431643629638211,0.8869064347495587,1.2633096949064522,1,427.4985843706754,427.4985843706754,0.0,4164.025861342435,4164.025861342435,0.0,1568.9766750416652,1568.9766750416652,0.0,1,0.0906852719019752,0.0906852719019752,0.0,2.0,2.0,0.0,1173.1775124442077,1173.1775124442077,0.0,207.28264516058087,1414.4603874025734,633.1139623668148,1295.1446592087975,400833.2893438085,945.5263231378648,1,0.0493977062563726,0.0493977062563726,0.0,1767.4042863850707,1767.4042863850707,0.0,1.2113153473651106,1.2113153473651106,0.0,2,0.0264898379321758,0.0521049542421034,0.0256151163099276,810.0112291322096,1614.0224582644191,804.0112291322096,1.1206470262178287,1.1064276903920942,0.0142193358257345,0.0817302590838051,1.1783535799994802,0.2020559376451972,1.1694018754879076,0.0408266019376798,0.9777185345423482,85.74078367725481,99.8840714120102,99.95362856480408,1,0.0,0.0,0.0,181.0,144.0,144.0,0.0,0.0,0.0,75.4575,0.0,50.305
1,-0.866025403784439,-0.37460659341591235,11,22.533333333333335,2023-11-19 22:32:53.600,0,1.3553666983562338,1,57.15928303017739,57.15928303017739,0.0,1988.063000116531,1988.063000116531,0.0,131.67624852540823,131.67624852540823,0.0,1,0.4823153553102202,0.4823153553102202,0.0,112.0,112.0,0.0,34.396115253358005,34.396115253358005,0.0,37.00435226975872,109.62779617340064,84.19683885630319,98.37911607963171,7089.1076733942855,31.871561306036703,1,0.7600088998382,0.7600088998382,0.0,1941.7154642820344,1941.7154642820344,0.0,2.0196374686129417,2.0196374686129417,0.0,1,0.0014317432682947,0.0014317432682947,0.0,2.0,2.0,0.0,0.8130564301838684,0.8130564301838684,0.0,0.198786348842849,1.5014508006851273,0.7116893184604378,1.3413499602447716,0.5065016860106825,0.6129150000701081,1,751.1876944389678,751.1876944389678,0.0,3208.7486710190933,3208.7486710190933,0.0,1229.320295233354,1229.320295233354,0.0,1,0.0160331212342725,0.0160331212342725,0.0,2.0,2.0,0.0,248.23634315133816,248.23634315133816,0.0,204.6687355965487,938.6499436313547,673.4420372444517,913.4675967670224,453524.1775279575,231.63634573356444,1,0.0440671413128715,0.0440671413128715,0.0,804.0,804.0,0.0,0.9078196696553712,0.9078196696553712,0.0,1,0.0073620195403935,0.0073620195403935,0.0,208.0,208.0,0.0,0.7290911406400327,0.7290911406400327,0.0,0.1606138441367814,0.8862815573190906,0.3470190173989444,0.8192652898232756,0.1204221984365288,0.6976447732900174,65.26779503825644,99.7217713888245,99.95362856480408,1,0.0,0.0,0.0,24.0,4.0,15.0,0.0,0.0,0.0,78.1429,11.1633,33.4898
0,-0.5000000000000004,-0.688354575693754,12,21.1,2023-12-02 21:06:44.317,0,2.426512597204171,1,0.0762935657027128,0.0762935657027128,0.0,12.0,12.0,0.0,54.6212168423168,54.6212168423168,0.0,1,8.368452312380533,8.368452312380533,0.0,3091.979770874766,3091.979770874766,0.0,46.40954245257313,46.40954245257313,0.0,45.23185029830484,60.18278141324675,92.67276221364548,50.28141660539091,8588.240856306875,44.109216737226994,1,0.0007204340001247,0.0007204340001247,0.0,4.0,4.0,0.0,1.1346143397095798,1.1346143397095798,0.0,1,0.0708827795643908,0.0708827795643908,0.0,820.0,820.0,0.0,0.8929859329824591,0.8929859329824591,0.0,0.0805015934582742,0.936716584528676,0.2634783311378268,0.9862454932330352,0.0694208309791743,0.5395968742017022,1,0.0370001895028053,0.0370001895028053,0.0,4.0,4.0,0.0,573.9764011462316,573.9764011462316,0.0,1,88.74737778154594,88.74737778154594,0.0,3790.798390679772,3790.798390679772,0.0,403.5979780246721,403.5979780246721,0.0,216.37432843405784,500.35611709822376,526.5615158995412,436.00776319743215,277267.0300264228,367.0882463768283,1,0.3544161624326907,0.3544161624326907,0.0,3890.608046531851,3890.608046531851,0.0,1.4652229013729805,1.4652229013729805,0.0,2,0.0051637198029486,0.0101701387825829,0.0050064189796343,82.0,162.0,80.0,1.0857516665609035,1.060696594181517,0.0250550723793864,0.2287951540390015,1.3301470400850484,0.407250233506347,1.2697758715816063,0.1658527526909741,0.8734651633849376,73.54509622072804,99.83769997681428,99.95362856480408,1,0.0,0.0,0.0,12.0,6.0,6.0,0.0,0.0,0.0,0.0,0.0,0.0
0,-0.5000000000000004,-0.10886687485196514,12,23.583333333333332,2023-12-09 23:35:15.796,0,2.692555559901685,1,6.411088220128704,6.411088220128704,0.0,1814.5446021542664,1814.5446021542664,0.0,86.5165349385978,86.5165349385978,0.0,1,6.286052976962253,6.286052976962253,0.0,1635.7411915040902,1635.7411915040902,0.0,53.51582341369761,53.51582341369761,0.0,8.920216071545962,72.85680178120539,29.262675134070022,72.01255727394361,856.3041560021203,47.49568433177076,1,0.2542672948801215,0.2542672948801215,0.0,3168.222489354983,3168.222489354983,0.0,1.230749251712557,1.230749251712557,0.0,2,0.0930474136781592,0.1836675095077921,0.0906200958296328,1054.998337875452,2103.996675750904,1048.998337875452,0.9405574808332832,0.9046330048341312,0.0359244759991521,0.0709237878990509,1.086663288205761,0.2860306096519523,1.093416073775411,0.0818135096578675,0.6851054274875468,1,88.4853390212619,88.4853390212619,0.0,1618.888144296739,1618.888144296739,0.0,929.8483061591448,929.8483061591448,0.0,1,85.35723315738551,85.35723315738551,0.0,1351.2092099814206,1351.2092099814206,0.0,494.4882347568654,494.4882347568654,0.0,43.32543291366224,715.2370855372028,213.57776805396344,712.970298837593,45615.4630069126,432.0574086744274,1,0.1862814409405038,0.1862814409405038,0.0,1667.3363909454786,1667.3363909454786,0.0,1.55091414772455,1.55091414772455,0.0,1,0.1984275717631225,0.1984275717631225,0.0,1695.0762510159752,1695.0762510159752,0.0,1.0343408584457268,1.0343408584457268,0.0,0.2932225090386365,1.3776744452590557,0.5283371525618825,1.2602631512781957,0.2791401467771979,0.827635037078471,99.83769997681428,99.8840714120102,99.95362856480408,1,0.0,0.0,0.0,15.0,2.0,9.0,0.0,0.0,0.0,0.0,0.0,0.0
0,-0.5000000000000004,0.7880107536067222,12,8.533333333333333,2023-12-19 08:32:53.445,0,2.745148953148748,1,6.796298953119752,6.796298953119752,0.0,2937.329509113327,2937.329509113327,0.0,63.480922747054585,63.480922747054585,0.0,1,7.002132185931686,7.002132185931686,0.0,1634.1723397109056,1634.1723397109056,0.0,53.857061421983616,53.857061421983616,0.0,11.584377729580233,65.06645261685557,31.851571032819813,60.00842002569872,1014.5225772587662,49.92636166740901,2,0.0860475213489847,0.1706175140965011,0.0845699927475164,1860.2131672141809,3663.426334428361,1803.2131672141809,1.0857535099929096,1.0956588244631984,0.0099053144702887,1,0.0897024924969069,0.0897024924969069,0.0,574.0,574.0,0.0,0.8725296290798726,0.8725296290798726,0.0,0.0387258736858402,0.9614204050257532,0.2121977533226171,1.0147523738711786,0.0450278865151662,0.6187035058434471,1,0.1856516212338874,0.1856516212338874,0.0,14.0,14.0,0.0,525.06016586096,525.06016586096,0.0,1,0.402382715469912,0.402382715469912,0.0,26.0,26.0,0.0,515.9365538164482,515.9365538164482,0.0,43.51028398454045,522.9812015445635,105.42812890796974,519.7829796161226,11115.090365035485,466.4359340940506,1,0.0007105173672818,0.0007105173672818,0.0,2.0,2.0,0.0,1.206227131153793,1.206227131153793,0.0,1,0.0066465737527994,0.0066465737527994,0.0,106.0,106.0,0.0,1.1620202752739632,1.1620202752739632,0.0,10.31792448272363,3.074678399308925,88.8440525609226,0.8540608636720709,7893.265675447978,0.8489154170731604,94.92232784604684,21.261303037329004,45.07303501043357,1,0.0,0.0,0.0,18.0,6.0,7.0,0.0,0.0,0.0,0.0,0.0,0.0
0,0.0,-0.21217767215644653,1,23.183333333333334,2024-01-11 23:11:19.184,0,2.20124725052444,1,114.10893270732824,114.10893270732824,0.0,2244.5822645035746,2244.5822645035746,0.0,201.9318768560308,201.9318768560308,0.0,1,0.1187337559000525,0.1187337559000525,0.0,4.0,4.0,0.0,67.02916557219163,67.02916557219163,0.0,18.35882305356689,139.7974658491013,78.06006965241451,108.13124155579192,6093.374474139805,54.81447635335911,1,0.0613810352643389,0.0613810352643389,0.0,536.0,536.0,0.0,1.194811545828113,1.194811545828113,0.0,1,0.0755599170553736,0.0755599170553736,0.0,1390.5362745657123,1390.5362745657123,0.0,0.9909846343134012,0.9909846343134012,0.0,0.0611198877952043,1.0230712607214667,0.2760789162964676,1.0774210642854012,0.076219568023432,0.5862769535086997,2,0.7211775018754452,1.2086471566294676,0.4874696547540225,9.0,16.0,7.0,649.0791205634372,661.9516400114926,12.872519448055414,1,0.0258304037738525,0.0258304037738525,0.0,2.0,2.0,0.0,423.204774842283,423.204774842283,0.0,39.724629182561074,535.956801697785,125.03280299602392,521.5082355368819,15633.201825042528,393.02721289287206,1,0.0018920547455212,0.0018920547455212,0.0,6.0,6.0,0.0,2.517817750830337,2.517817750830337,0.0,1,0.0134793061310829,0.0134793061310829,0.0,284.0,284.0,0.0,0.970745428253703,0.970745428253703,0.0,0.167024666454249,1.5352443474130466,0.7112936320813523,1.3174066183073914,0.5059386310394822,0.7950079481435773,63.552051936007416,87.38696962670994,87.38696962670994,1,5.0,1.0,3.0,7.0,0.0,7.0,0.0,0.0,0.0,5.3746,0.0,5.3746
0,0.0,-0.2249510543438662,1,23.133333333333333,2024-01-23 23:08:24.198,0,2.786853652267896,1,16.589379826808482,16.589379826808482,0.0,1873.751002016445,1873.751002016445,0.0,78.4914021304833,78.4914021304833,0.0,1,0.5566901718021029,0.5566901718021029,0.0,168.0,168.0,0.0,41.29711171594404,41.29711171594404,0.0,16.80537340486337,71.3484370482023,39.21986298696547,57.88994514603085,1538.1976527163438,39.64613973743562,1,0.0008216786083328,0.0008216786083328,0.0,8.0,8.0,0.0,0.9354050944383244,0.9354050944383244,0.0,1,0.0640685911315882,0.0640685911315882,0.0,2120.8871946400413,2120.8871946400413,0.0,0.7317048388732116,0.7317048388732116,0.0,0.065664029810903,0.7940412439013469,0.2085421725352239,0.7917718000306333,0.0434898377257111,0.5046697493348339,1,1.5619842264949284,1.5619842264949284,0.0,10.0,10.0,0.0,446.8824311869336,446.8824311869336,0.0,1,10.248378709015752,10.248378709015752,0.0,432.0,432.0,0.0,384.3395101702337,384.3395101702337,0.0,37.31478532930416,427.8439622500047,87.58271728017674,409.82985123989647,7670.732366179369,341.1866569850412,1,0.4029284344523285,0.4029284344523285,0.0,1997.0494242595448,1997.0494242595448,0.0,2.307700709227127,2.307700709227127,0.0,1,0.0024218920458749,0.0024218920458749,0.0,4.0,4.0,0.0,1.2190358698554118,1.2190358698554118,0.0,0.3438771784367943,1.9016677397378128,0.7119150495675918,1.792386182884902,0.5068230378008266,1.0491795148167815,81.68328309761186,87.89705541386506,87.89705541386506,1,0.0,0.0,0.0,0.0,0.0,0.0,0.0,0.0,0.0,0.0,0.0,0.0
0,0.0,0.06975647374412529,1,0.26666666666666666,2024-01-27 00:16:57.801,0,2.0600870888396376,1,0.2008897528551543,0.2008897528551543,0.0,82.0,82.0,0.0,48.30531816352102,48.30531816352102,0.0,1,1.6558703745540768,1.6558703745540768,0.0,804.5004660867467,804.5004660867467,0.0,40.32921286416098,40.32921286416098,0.0,26.65137954155763,50.27164958439553,66.08657637089938,44.99440443317849,4367.435576426716,37.63824138935369,1,0.0523136624357762,0.0523136624357762,0.0,262.2660008246868,262.2660008246868,0.0,1.0242848437082943,1.0242848437082943,0.0,1,0.0027146684344818,0.0027146684344818,0.0,4.0,4.0,0.0,0.7309531620828781,0.7309531620828781,0.0,0.0643175592722171,0.8221897580264538,0.2743169499825371,0.8464543567278977,0.0752497890477217,0.4192283568290591,2,3.2467379912377794,5.578238632162595,2.331500640924816,395.0,678.0,283.0,443.9693912364074,450.2333210745496,6.263929838142246,2,1.3569668598629503,2.711699318091348,1.3547324582283975,148.04074144961464,294.0,145.95925855038536,351.91893266543457,344.8031165514085,7.1158161140260745,57.93688408599076,416.48126169693353,141.21414522323943,404.9734495425308,19941.43481113015,328.02651224927945,1,0.1903209833062137,0.1903209833062137,0.0,3889.787162707461,3889.787162707461,0.0,1.1261314658784345,1.1261314658784345,0.0,1,7.651358481819415e-05,7.651358481819415e-05,0.0,2.0,2.0,0.0,0.8576419229380909,0.8576419229380909,0.0,0.2462568060619603,1.117687113720807,0.4253730517096799,1.0061045748301458,0.180942233120806,0.7331661223369833,67.51680964525852,99.95362856480408,99.95362856480408,1,23.0,3.0,20.0,14.0,5.0,7.0,2.0,0.0,2.0,0.0,0.0,0.0
0,0.49999999999999994,-0.7431448254773946,2,20.8,2024-02-04 20:48:23.334,0,1.994523887777138,1,2.991762969929177,2.991762969929177,0.0,709.9225700517436,709.9225700517436,0.0,35.49031081583938,35.49031081583938,0.0,1,3.0839229948710383,3.0839229948710383,0.0,1813.7868846504732,1813.7868846504732,0.0,32.27382028527137,32.27382028527137,0.0,12.515645848485626,42.82930489722042,25.287082357456907,33.72426074107916,639.4365341528083,24.809700463755533,1,0.00166343674144,0.00166343674144,0.0,28.0,28.0,0.0,1.0245064039455194,1.0245064039455194,0.0,1,0.0532189962215949,0.0532189962215949,0.0,554.0,554.0,0.0,0.8130534372060965,0.8130534372060965,0.0,0.0555677656328841,0.8603824221230788,0.2408555914315458,0.9007061590199599,0.0580114159238397,0.4797296811532199,1,2.0392480330988576,2.0392480330988576,0.0,156.0,156.0,0.0,222.798638799946,222.798638799946,0.0,1,40.21727252809097,40.21727252809097,0.0,1942.051666280723,1942.051666280723,0.0,166.01879796638815,166.01879796638815,0.0,20.02854769249533,205.01116739732117,51.02491679944189,202.8581927482159,2603.542134389967,144.1242141113052,1,0.0023988400958612,0.0023988400958612,0.0,10.0,10.0,0.0,1.6655771456232251,1.6655771456232251,0.0,1,0.2809360498774181,0.2809360498774181,0.0,1595.586109325026,1595.586109325026,0.0,0.7425417445120249,0.7425417445120249,0.0,0.1970177308991542,1.2417840031225809,0.6163459293674518,1.1420565360234547,0.3798823046478278,0.5955061431246259,54.34732204961743,75.26083932297705,75.26083932297705,1,1.0,1.0,1.0,8.0,5.0,5.0,1.0,1.0,1.0,0.0,0.0,0.0
0,0.49999999999999994,0.9965655024977614,2,6.316666666666666,2024-02-19 06:19:34.579,0,2.3854699888315127,1,0.1811865338362892,0.1811865338362892,0.0,38.0,38.0,0.0,34.05302318032688,34.05302318032688,0.0,1,2.203988205135144,2.203988205135144,0.0,1388.920509045496,1388.920509045496,0.0,27.604820266472547,27.604820266472547,0.0,13.94077983110977,34.55199007839425,24.99947041907509,30.1355908095632,624.9735212342106,23.72040233549209,1,0.0324615135280557,0.0324615135280557,0.0,358.0,358.0,0.0,1.015626620900805,1.015626620900805,0.0,1,0.0551216161083785,0.0551216161083785,0.0,736.5075023534096,736.5075023534096,0.0,0.739547049299238,0.739547049299238,0.0,0.056865568813905,0.8047916556775129,0.2407460617159822,0.8244990497389981,0.0579586662317555,0.4463409428722421,1,5.2475799976118935,5.2475799976118935,0.0,822.0831993491972,822.0831993491972,0.0,218.1439741010872,218.1439741010872,0.0,1,0.1572271404284606,0.1572271404284606,0.0,6.0,6.0,0.0,201.52509702792247,201.52509702792247,0.0,27.72385447772073,205.52242225118871,70.60453827550651,201.2899256250184,4985.000825097465,150.28387779239063,1,0.0058290229874746,0.0058290229874746,0.0,54.0,54.0,0.0,0.7881359904784029,0.7881359904784029,0.0,1,0.0316371977175524,0.0316371977175524,0.0,897.267646337564,897.267646337564,0.0,0.6461473863578968,0.6461473863578968,0.0,0.2717009921110106,1.1392196253874023,0.6110790502570418,0.9164741815842284,0.3734176056630482,0.5499647047669401,57.40783677254812,40.64456294922328,40.64456294922328,1,2.0,0.0,2.0,11.0,5.0,5.0,2.0,2.0,2.0,0.0,0.0,0.0
0,0.49999999999999994,0.9537169507482269,2,7.166666666666667,2024-02-23 07:10:01.958,0,2.23653030404423,1,2.9826147478072755,2.9826147478072755,0.0,1939.891587021476,1939.891587021476,0.0,35.540337846161805,35.540337846161805,0.0,1,0.010027250382997,0.010027250382997,0.0,4.0,4.0,0.0,25.85978649641158,25.85978649641158,0.0,8.489732619723222,35.30774653426331,13.148628244139676,32.42219028332614,172.88642470258762,25.594792258767683,1,0.073230227647449,0.073230227647449,0.0,737.6632194137295,737.6632194137295,0.0,0.8532974917296069,0.8532974917296069,0.0,1,0.1903126731724469,0.1903126731724469,0.0,2914.469048971779,2914.469048971779,0.0,0.6581959720480274,0.6581959720480274,0.0,0.047109330285028,0.7285930213722269,0.2325288260321594,0.7713758877837704,0.0540696549358942,0.369441683878479,0,0.0,0.0,0.0,0.0,0.0,0.0,0.0,0.0,0.0,0,0.0,0.0,0.0,0.0,0.0,0.0,0.0,0.0,0.0,31.59605839294485,226.1008114945772,49.80626736498448,215.8490156508984,2480.664268832318,195.91981699369663,0,0.0,0.0,0.0,0.0,0.0,0.0,0.0,0.0,0.0,0,0.0,0.0,0.0,0.0,0.0,0.0,0.0,0.0,0.0,0.2833714292200915,2.146549101222744,0.551154162306144,2.12690502193255,0.3037709106273873,1.4470730923580604,78.94736842105263,0.0,0.0,1,0.0,0.0,0.0,9.0,1.0,5.0,1.0,1.0,1.0,0.0,0.0,0.0
0,0.49999999999999994,-0.945518575599317,2,19.266666666666666,2024-02-29 19:16:40.176,0,2.8864274963621512,1,0.3416263344584962,0.3416263344584962,0.0,86.0,86.0,0.0,32.468944085513165,32.468944085513165,0.0,1,3.362142620731131,3.362142620731131,0.0,2935.3608305324824,2935.3608305324824,0.0,27.192373808612512,27.192373808612512,0.0,11.006174348655817,32.78128664718512,20.486454410130808,28.77498822784865,419.694814298368,24.94416822935036,1,0.0001983816991503,0.0001983816991503,0.0,2.0,2.0,0.0,0.7259246954824821,0.7259246954824821,0.0,1,0.0594665902639128,0.0594665902639128,0.0,2241.8198644431377,2241.8198644431377,0.0,0.5784499088523105,0.5784499088523105,0.0,0.0462707086850417,0.6073655645234632,0.1723062208499497,0.6242073292870374,0.0296894337435916,0.351146025807985,0,0.0,0.0,0.0,0.0,0.0,0.0,0.0,0.0,0.0,0,0.0,0.0,0.0,0.0,0.0,0.0,0.0,0.0,0.0,0.0,0.0,0.0,0.0,0.0,0.0,0,0.0,0.0,0.0,0.0,0.0,0.0,0.0,0.0,0.0,0,0.0,0.0,0.0,0.0,0.0,0.0,0.0,0.0,0.0,0.0,0.0,0.0,0.0,0.0,0.0,82.65708323672618,0.0,0.0,1,2.0,0.0,1.0,10.0,7.0,7.0,3.0,2.0,2.0,0.0,0.0,0.0
0,0.8660254037844386,0.8549118706729467,3,8.083333333333334,2024-03-05 08:05:20.800,0,2.497907225044295,1,0.0187503321126278,0.0187503321126278,0.0,6.0,6.0,0.0,28.507139482798948,28.507139482798948,0.0,1,0.3253810084175299,0.3253810084175299,0.0,386.0,386.0,0.0,25.56948832600516,25.56948832600516,0.0,10.340108530934224,30.67142033623506,14.424713809349733,26.694030018556944,208.0723684816448,23.147068736942398,1,0.1281864373305947,0.1281864373305947,0.0,1929.0875734226024,1929.0875734226024,0.0,1.12047775130059,1.12047775130059,0.0,1,0.0824497695606194,0.0824497695606194,0.0,979.9691455953276,979.9691455953276,0.0,0.9494347852197552,0.9494347852197552,0.0,0.0510962980528021,0.9493856035380304,0.2825048273064867,1.0120626224590117,0.0798089774514679,0.4893492522731041,0,0.0,0.0,0.0,0.0,0.0,0.0,0.0,0.0,0.0,0,0.0,0.0,0.0,0.0,0.0,0.0,0.0,0.0,0.0,0.0,0.0,0.0,0.0,0.0,0.0,0,0.0,0.0,0.0,0.0,0.0,0.0,0.0,0.0,0.0,0,0.0,0.0,0.0,0.0,0.0,0.0,0.0,0.0,0.0,0.0,0.0,0.0,0.0,0.0,0.0,66.3807094829585,0.0,0.0,1,4.0,3.0,3.0,3.0,3.0,3.0,2.0,1.0,1.0,0.0,0.0,0.0
0,0.8660254037844386,0.017452406437283883,3,11.933333333333334,2024-03-15 11:56:03.498,0,2.648689215791036,1,0.1724170365005193,0.1724170365005193,0.0,180.0,180.0,0.0,33.64675024126578,33.64675024126578,0.0,1,1.9090181970815576,1.9090181970815576,0.0,1893.1709539736376,1893.1709539736376,0.0,31.269621704386445,31.269621704386445,0.0,11.738704023936137,35.92462722050679,23.62509623246604,32.49501067760759,558.1451719932812,28.90273455519695,1,0.0571961956983249,0.0571961956983249,0.0,738.3587472469401,738.3587472469401,0.0,0.9000493814591413,0.9000493814591413,0.0,1,0.0003238335170255,0.0003238335170255,0.0,2.0,2.0,0.0,0.7009307551131516,0.7009307551131516,0.0,0.0671361838616925,0.7924706652021715,0.2586247468932122,0.8294290760529812,0.0668867597055781,0.4007844773606982,0,0.0,0.0,0.0,0.0,0.0,0.0,0.0,0.0,0.0,0,0.0,0.0,0.0,0.0,0.0,0.0,0.0,0.0,0.0,0.0,0.0,0.0,0.0,0.0,0.0,0,0.0,0.0,0.0,0.0,0.0,0.0,0.0,0.0,0.0,0,0.0,0.0,0.0,0.0,0.0,0.0,0.0,0.0,0.0,0.0,0.0,0.0,0.0,0.0,0.0,58.8453512636216,0.0,0.0,1,6.0,5.0,5.0,2.0,1.0,1.0,0.0,0.0,0.0,0.0,0.0,0.0
0,1.0,0.30486429902801077,4,1.1833333333333333,2024-04-01 01:11:07.408,0,2.1782668304219053,1,0.0122912900430058,0.0122912900430058,0.0,6.0,6.0,0.0,29.92621465176948,29.92621465176948,0.0,1,0.0072666202785924,0.0072666202785924,0.0,2.0,2.0,0.0,23.007610979121672,23.007610979121672,0.0,30.511255132457997,31.336266209695008,67.74870583344871,25.489931836017877,4589.887142107168,21.118646587454208,1,0.0324551256237822,0.0324551256237822,0.0,589.3110118406821,589.3110118406821,0.0,0.577301952493161,0.577301952493161,0.0,1,0.0006997376811626,0.0006997376811626,0.0,4.0,4.0,0.0,0.5035662947746975,0.5035662947746975,0.0,0.1288500175567962,0.6244282341085794,0.3571292700608789,0.5528944168172837,0.1275413155342162,0.3093776497080544,0,0.0,0.0,0.0,0.0,0.0,0.0,0.0,0.0,0.0,0,0.0,0.0,0.0,0.0,0.0,0.0,0.0,0.0,0.0,0.0,0.0,0.0,0.0,0.0,0.0,0,0.0,0.0,0.0,0.0,0.0,0.0,0.0,0.0,0.0,0,0.0,0.0,0.0,0.0,0.0,0.0,0.0,0.0,0.0,0.0,0.0,0.0,0.0,0.0,0.0,45.490377927196846,0.0,0.0,1,4.0,3.0,3.0,7.0,3.0,3.0,3.0,2.0,2.0,0.0,0.0,0.0
0,1.0,-0.03489949670250171,4,23.866666666666667,2024-04-08 23:52:46.621,0,3.252907946352458,1,1.3249708361782029,1.3249708361782029,0.0,829.3580657511884,829.3580657511884,0.0,37.35615334209416,37.35615334209416,0.0,1,1.7070797592389937,1.7070797592389937,0.0,418.0,418.0,0.0,26.86301691502318,26.86301691502318,0.0,27.353664350048835,41.44765182304347,47.43292453373234,34.8170129169415,2249.882329822748,23.658666509094346,1,0.0030112320267658,0.0030112320267658,0.0,6.0,6.0,0.0,0.9383491720557512,0.9383491720557512,0.0,1,0.0862562040327055,0.0862562040327055,0.0,1718.7708867874253,1718.7708867874253,0.0,0.7786139970199328,0.7786139970199328,0.0,0.1690074032725076,0.9065539552274297,0.4623455361184299,0.8391788612503424,0.2137633947686383,0.4247340642605715,0,0.0,0.0,0.0,0.0,0.0,0.0,0.0,0.0,0.0,0,0.0,0.0,0.0,0.0,0.0,0.0,0.0,0.0,0.0,0.0,0.0,0.0,0.0,0.0,0.0,0,0.0,0.0,0.0,0.0,0.0,0.0,0.0,0.0,0.0,0,0.0,0.0,0.0,0.0,0.0,0.0,0.0,0.0,0.0,0.0,0.0,0.0,0.0,0.0,0.0,60.02782286111755,0.0,0.0,1,0.0,0.0,0.0,3.0,1.0,2.0,0.0,0.0,0.0,1.6762,0.0,1.6762
0,1.0,0.10018806161207638,4,11.616666666666667,2024-04-28 11:37:41.279,0,2.0879131034928697,1,4.601229193732138,4.601229193732138,0.0,242.0,242.0,0.0,487.3349688320634,487.3349688320634,0.0,1,37.151585909369885,37.151585909369885,0.0,1308.1453104405502,1308.1453104405502,0.0,368.89060219787774,368.89060219787774,0.0,43.28947006231744,425.29131057529736,122.30376902305534,424.2866634737821,14958.21191724487,252.2345199541167,1,0.0966884820687816,0.0966884820687816,0.0,414.0,414.0,0.0,4.5294152271250745,4.5294152271250745,0.0,1,0.0041334716925161,0.0041334716925161,0.0,2.0,2.0,0.0,3.5987156990415645,3.5987156990415645,0.0,0.269893645399597,3.979031419400033,1.145352328400456,4.1551195105454255,1.311831956172346,2.1759026007050224,1,1.0652751132925005,1.0652751132925005,0.0,4.0,4.0,0.0,4013.209334728726,4013.209334728726,0.0,1,275.18433135951364,275.18433135951364,0.0,1354.375551901313,1354.375551901313,0.0,2815.6066303769458,2815.6066303769458,0.0,232.5319289542463,3466.0913459773847,773.2785373701032,3448.24926921145,597959.6963572461,2397.229578351882,1,1.4458635438252545e-05,1.4458635438252545e-05,0.0,4.0,4.0,0.0,1.8399120255839123,1.8399120255839123,0.0,1,0.0839144849679129,0.0839144849679129,0.0,1995.090261642228,1995.090261642228,0.0,1.703082804550499,1.703082804550499,0.0,0.121590574818642,1.768084943700302,0.2204773208482918,1.7371193988193658,0.0486102490084406,1.518013104207525,54.64873637839092,79.78205425457918,79.78205425457918,1,0.0,0.0,0.0,6.0,3.0,3.0,4.0,0.0,4.0,0.0,0.0,0.0
1,0.8660254037844387,0.9999904807207345,5,6.016666666666667,2024-05-09 06:01:44.955,0,1.5747934470145792,1,0.6681089349502827,0.6681089349502827,0.0,10.0,10.0,0.0,683.0797472577243,683.0797472577243,0.0,1,98.00605714163136,98.00605714163136,0.0,1646.0498273765254,1646.0498273765254,0.0,570.126535926767,570.126535926767,0.0,68.81176118080309,652.3146352248176,245.5662478010784,645.4947307102285,60302.78205910063,328.4084527414844,1,0.0797858888918883,0.0797858888918883,0.0,90.0,90.0,0.0,7.007890387233954,7.007890387233954,0.0,1,0.3375839473327389,0.3375839473327389,0.0,688.1032705220973,688.1032705220973,0.0,3.719559359490047,3.719559359490047,0.0,0.4448931699083136,4.84060281135515,2.035193522258996,4.622988270640348,4.142012673044979,2.1068310254683107,0,0.0,0.0,0.0,0.0,0.0,0.0,0.0,0.0,0.0,0,0.0,0.0,0.0,0.0,0.0,0.0,0.0,0.0,0.0,343.95864240375704,3452.6835059712203,805.4547221985036,3502.240151295395,648757.3095118687,2280.525956789834,0,0.0,0.0,0.0,0.0,0.0,0.0,0.0,0.0,0.0,0,0.0,0.0,0.0,0.0,0.0,0.0,0.0,0.0,0.0,0.3141940457028403,2.3765677736161943,0.6372084375277234,2.252255554217284,0.4060345928565226,1.6762529958329313,51.91282170183167,0.0,0.0,1,0.0,0.0,0.0,0.0,0.0,0.0,0.0,0.0,0.0,28.461,28.461,28.461
1,0.8660254037844387,0.9081431738250815,5,7.65,2024-05-14 07:39:27.660,0,2.571439888349195,1,3.1817689509740603,3.1817689509740603,0.0,18.0,18.0,0.0,848.6197844908315,848.6197844908315,0.0,1,11.628881648946532,11.628881648946532,0.0,85.40537356293726,85.40537356293726,0.0,246.41616101793224,246.41616101793224,0.0,87.86194993891787,567.7303964661596,279.78376133926923,592.3221921546394,78278.95310914918,149.94090351899774,1,0.152084732653642,0.152084732653642,0.0,430.0,430.0,0.0,3.4402071548492783,3.4402071548492783,0.0,1,2.1314378729098135e-05,2.1314378729098135e-05,0.0,4.0,4.0,0.0,2.0831049160489536,2.0831049160489536,0.0,0.1954062413646188,2.8103863383321017,1.0882089238577444,2.8910580868367908,1.18419866196363,1.246214342014039,2,8.753081045803128,14.60185063621384,5.848769590410711,21.9545028421897,41.9090056843794,19.9545028421897,4034.090377130699,4105.7797983041,71.68942117340112,2,26.26537116130908,51.71160481700554,25.44623365569646,78.0,150.0,72.0,1932.1092444807337,625.0372134819689,1307.0720309987646,299.89752438961443,2796.949595652248,1454.6083967384368,3115.8575830634945,2115885.5878619654,600.6206279865056,2,0.0227568186446187,0.0411969079901748,0.018440089345556,95.0,172.0,77.0,2.797733917987374,2.926423656086881,0.1286897380995073,1,0.0404747024535034,0.0404747024535034,0.0,344.0,344.0,0.0,1.9945724633341,1.9945724633341,0.0,0.3114166063789317,2.418989916390816,0.6460982747838336,2.310997661215933,0.4174429806786462,1.6508057735891146,59.77277996753999,86.87688383955484,91.00394157199165,1,0.0,0.0,0.0,5.0,5.0,5.0,0.0,0.0,0.0,24.6635,0.0,18.4976
1,0.8660254037844387,0.5519369853120583,5,9.766666666666667,2024-05-19 09:46:20.235,0,2.464695813718543,1,0.0576843078021909,0.0576843078021909,0.0,4.0,4.0,0.0,117.29736604432308,117.29736604432308,0.0,1,0.0333007749042906,0.0333007749042906,0.0,2.0,2.0,0.0,89.17805582892998,89.17805582892998,0.0,11.130688900004644,110.9033785637068,31.14063048784217,103.93296928529256,969.7388671803252,75.86349052231904,1,0.2903403271138269,0.2903403271138269,0.0,380.0,380.0,0.0,2.0432415279886227,2.0432415279886227,0.0,1,0.1169885464736869,0.1169885464736869,0.0,404.0,404.0,0.0,0.8234619225254602,0.8234619225254602,0.0,0.1664061881277113,1.4783777326442131,0.950194310930336,1.2752935288475595,0.9028692285243765,0.3793544112244416,1,4.358338571287732,4.358338571287732,0.0,266.0,266.0,0.0,761.4572119530173,761.4572119530173,0.0,1,0.9458908014703412,0.9458908014703412,0.0,62.0,62.0,0.0,377.4503188988712,377.4503188988712,0.0,23.3665573212544,593.7997383772723,162.55849430830875,620.7443210776555,26425.264071784448,371.85783898901855,2,0.0205688147945379,0.0405222692607329,0.019953454466195,460.5475396605304,919.0950793210608,458.5475396605304,1.5576352700997609,1.5749764175530006,0.0173411474532396,1,0.166318444805386,0.166318444805386,0.0,3468.223327706003,3468.223327706003,0.0,1.3739756778411352,1.3739756778411352,0.0,0.0745879971248662,1.4790705076780737,0.1716960224881657,1.463361396121152,0.0294795241382567,1.25983475393831,34.56990493855785,99.95362856480408,99.95362856480408,1,3.0,2.0,2.0,2.0,2.0,2.0,3.0,2.0,2.0,51.704,6.2854,26.2866
1,0.5000000000000003,0.9978589232386035,6,5.75,2024-06-16 05:45:56.505,0,1.4572819586825323,1,39.842188878918165,39.842188878918165,0.0,1325.0495605886172,1325.0495605886172,0.0,236.38562169689868,236.38562169689868,0.0,1,2.755505178776275,2.755505178776275,0.0,248.0,248.0,0.0,138.00673805771152,138.00673805771152,0.0,20.40039978863061,200.30908281736745,75.03580318901004,182.0552985039613,5630.3717602198485,122.45670806528877,1,0.1621913718541234,0.1621913718541234,0.0,197.4529448687761,197.4529448687761,0.0,2.10252952054902,2.10252952054902,0.0,1,0.3099597309351909,0.3099597309351909,0.0,1916.106490920285,1916.106490920285,0.0,1.7588417745305136,1.7588417745305136,0.0,0.1712156723416055,1.9096871063762608,0.8055476774790072,1.9265085674971247,0.6489070606918226,0.8328235430988781,1,85.75132739018181,85.75132739018181,0.0,1951.6674242877991,1951.6674242877991,0.0,1308.010220785563,1308.010220785563,0.0,1,37.30913904408885,37.30913904408885,0.0,100.0,100.0,0.0,1036.62972518189,1036.62972518189,0.0,84.73632529218754,1211.0226560076424,321.70332177362724,1169.0227664395238,103493.02724018594,823.9487839977214,1,0.087890452851747,0.087890452851747,0.0,476.0,476.0,0.0,2.78061111695263,2.78061111695263,0.0,1,0.2212090424874935,0.2212090424874935,0.0,1202.1184874975231,1202.1184874975231,0.0,2.1175444699145265,2.1175444699145265,0.0,0.2629603852678877,2.3504987186704644,0.95172452216776,2.311791346259652,0.9057795660954512,1.2354266915540646,59.26269418038488,74.56526779503825,74.56526779503825,1,3.0,0.0,3.0,1.0,0.0,1.0,0.0,0.0,0.0,71.256,28.0246,34.05
1,1.2246467991473532e-16,0.1607425656038261,7,0.6166666666666667,2024-07-01 00:37:32.450,0,2.016119911202107,1,8.370299243752783,8.370299243752783,0.0,346.0,346.0,0.0,54.381553353579065,54.381553353579065,0.0,1,1.6886855818184152,1.6886855818184152,0.0,298.0,298.0,0.0,26.51178242289961,26.51178242289961,0.0,23.153312309554043,58.77352281174097,57.71443930215301,36.63684670813239,3330.956503961904,21.70524435064282,1,0.0932189799160113,0.0932189799160113,0.0,797.0,797.0,0.0,0.803977710872668,0.803977710872668,0.0,1,0.0018090194558236,0.0018090194558236,0.0,34.0,34.0,0.0,0.5218520429659451,0.5218520429659451,0.0,0.0889634886808386,0.7056212892374576,0.3492729156201227,0.6521738282702704,0.1219915695857813,0.3310134005744852,1,0.7791220320345076,0.7791220320345076,0.0,18.0,18.0,0.0,158.04053550739212,158.04053550739212,0.0,2,5.337728385713191,8.940113435483624,3.602385049770433,389.5720355024816,671.1440710049633,281.57203550248164,90.76001870165756,88.31463898874844,2.445379712909116,59.346965241607705,162.80492001567356,194.33420980715744,120.20311497936628,37765.7851013723,74.38574682943161,1,0.344990371953739,0.344990371953739,0.0,336.0,336.0,0.0,3.6175503915354055,3.6175503915354055,0.0,2,0.0060310773807737,0.0083751410257917,0.0023440636450179,104.0,124.0,20.0,2.031801468373017,1.963325339289037,0.0684761290839799,0.4134660680235598,2.6645912982104285,1.26155734276124,2.31094277679777,1.5915269290748013,1.7192396478401055,48.71319267331324,91.65314166473452,91.65314166473452,1,0.0,0.0,0.0,5.0,2.0,3.0,7.0,4.0,4.0,117.5825,0.0,94.066
1,1.2246467991473532e-16,0.6225146366376196,7,9.433333333333334,2024-07-06 09:26:20.466,0,1.5708573484542538,1,3.29456959178566,3.29456959178566,0.0,148.0,148.0,0.0,42.71551825089722,42.71551825089722,0.0,1,0.0021573674861308,0.0021573674861308,0.0,2.0,2.0,0.0,24.144759175661694,24.144759175661694,0.0,5.568988025423048,38.22091785354725,28.211940809246453,29.058714003821137,795.9136042244254,22.93984181005466,1,0.1973953643820243,0.1973953643820243,0.0,1685.4716294625273,1685.4716294625273,0.0,1.05012047214803,1.05012047214803,0.0,1,7.642874589408599e-05,7.642874589408599e-05,0.0,8.0,8.0,0.0,0.8065105946960486,0.8065105946960486,0.0,0.050822042670825,0.8671919189108769,0.3138978472700437,0.8796274761232243,0.0985318585207677,0.4240607593574925,1,35.67143170845942,35.67143170845942,0.0,2998.5578867797044,2998.5578867797044,0.0,100.69549538212294,100.69549538212294,0.0,1,4.34283909724936,4.34283909724936,0.0,638.0,638.0,0.0,53.54506031753901,53.54506031753901,0.0,12.34255958703677,89.34050059748222,63.59195872686284,75.12698876174608,4043.9372147190265,50.780391533512784,1,0.0744033094517337,0.0744033094517337,0.0,188.0,188.0,0.0,2.3133168358347467,2.3133168358347467,0.0,1,0.4087914618938693,0.4087914618938693,0.0,3469.0097405925053,3469.0097405925053,0.0,1.768671662160482,1.768671662160482,0.0,0.1930218294545517,2.018867952002471,0.488809890072939,1.984427427619294,0.2389351086331187,1.3761086804556095,62.11453744493392,99.95362856480408,99.93044284720612,1,0.0,0.0,0.0,0.0,0.0,0.0,9.0,3.0,6.0,50.094100000000005,6.2618,25.047
1,1.2246467991473532e-16,-0.9965655024977614,7,17.683333333333334,2024-07-09 17:41:02.544,0,2.78774395235001,1,1.168691519965659,1.168691519965659,0.0,326.0,326.0,0.0,29.38558325970792,29.38558325970792,0.0,1,0.0930146951739168,0.0930146951739168,0.0,24.0,24.0,0.0,25.287381247183266,25.287381247183266,0.0,25.41157146508481,34.05522142555257,90.895788437039,27.185559809564445,8262.044355590953,22.295404080520616,1,0.0002552535560973,0.0002552535560973,0.0,10.622334682026889,10.622334682026889,0.0,0.7569924054358041,0.7569924054358041,0.0,1,8.109692155811032e-06,8.109692155811032e-06,0.0,4.0,4.0,0.0,0.6107577047193724,0.6107577047193724,0.0,0.0559013979063535,0.6520349232522011,0.216466600650774,0.6758549654369274,0.0468577891973017,0.3483327896910657,1,28.086994134904373,28.086994134904373,0.0,1720.488397200874,1720.488397200874,0.0,145.27184546302595,145.27184546302595,0.0,1,1.3538595253371994,1.3538595253371994,0.0,251.49638457694527,251.49638457694527,0.0,69.40796918167904,69.40796918167904,0.0,31.953835767365817,119.97965368011864,165.32838233027636,106.96019254947544,27333.474003946038,64.78779176344568,1,0.1262801363927148,0.1262801363927148,0.0,666.0,666.0,0.0,2.2688888326745627,2.2688888326745627,0.0,1,0.0639827930306966,0.0639827930306966,0.0,1072.9155732563836,1072.9155732563836,0.0,1.336183751450545,1.336183751450545,0.0,0.4467191589536278,1.8514479597739115,1.7150576499065324,1.7173484129418752,2.9414227425029176,1.1890782014246033,53.46626478089497,91.16624159517735,91.16624159517735,1,1.0,0.0,1.0,14.0,0.0,13.0,10.0,6.0,6.0,18.2821,12.1881,12.1881
1,1.2246467991473532e-16,-0.5037739770455265,7,21.983333333333334,2024-07-25 21:59:56.579,0,1.2426819781745848,1,28.702732026221668,28.702732026221668,0.0,484.0,484.0,0.0,323.62961224661177,323.62961224661177,0.0,1,7.489143589506256,7.489143589506256,0.0,332.0,332.0,0.0,123.66876767742872,123.66876767742872,0.0,56.58745213130803,269.7396137226712,203.03500899321543,210.65765188552552,41223.21487687507,91.86072100295362,1,0.1417438759656717,0.1417438759656717,0.0,748.3369002438785,748.3369002438785,0.0,1.309966665340719,1.309966665340719,0.0,1,0.0655880700105849,0.0655880700105849,0.0,534.0,534.0,0.0,0.852969431931921,0.852969431931921,0.0,0.163439924054565,1.1285681911860974,0.4905304515960651,1.0366766974400343,0.2406201239430396,0.55946989419275,1,315.85925278553486,315.85925278553486,0.0,2221.146757177581,2221.146757177581,0.0,1292.9496930476134,1292.9496930476134,0.0,1,0.3323658125932525,0.3323658125932525,0.0,2.0,2.0,0.0,381.9089137995014,381.9089137995014,0.0,162.3781923699424,1057.281596456585,763.3219796510685,848.5633768147429,582660.4446184263,348.28087158582696,2,0.0028629300596543,0.0034396350084051,0.0005767049487508,6.0,8.0,2.0,3.741244228581286,3.85052366904468,0.1092794404633941,2,0.040072843923425,0.0736577296387732,0.0335848857153482,152.0,292.0,140.0,2.608327985175376,2.472719874123464,0.1356081110519122,0.2840002020734519,3.1598844447519974,0.9483006353957744,3.134393546150669,0.8992740950920296,1.863687308883591,53.16485045212149,95.96568513795502,95.96568513795502,1,1.0,0.0,1.0,0.0,0.0,0.0,0.0,0.0,0.0,13.4728,0.0,6.7364
1,-0.4999999999999997,-0.9832549075639547,8,18.7,2024-08-09 18:42:16.286,0,2.430006765729764,1,17.61996235548827,17.61996235548827,0.0,140.0,140.0,0.0,200.09283696943373,200.09283696943373,0.0,1,25.74180055507388,25.74180055507388,0.0,1979.136244825469,1979.136244825469,0.0,122.0301984688151,122.0301984688151,0.0,72.2064533608321,176.13052649413532,155.03308121051228,133.26877319852923,24035.256269625297,43.46290458978071,1,0.004268703858398,0.004268703858398,0.0,28.0,28.0,0.0,0.9816944853279992,0.9816944853279992,0.0,1,0.0747753549249879,0.0747753549249879,0.0,691.1482109321291,691.1482109321291,0.0,0.858486351644573,0.858486351644573,0.0,0.2492363578950467,1.0024707898880096,0.5327971664757364,0.9061129369322094,0.2838728206045736,0.5030609063945947,1,0.4587484676031863,0.4587484676031863,0.0,2.0,2.0,0.0,879.330650491822,879.330650491822,0.0,1,40.90583518156393,40.90583518156393,0.0,534.0,534.0,0.0,283.56362441573947,283.56362441573947,0.0,226.47296383472337,589.0516859023597,543.044366733709,403.71437667429336,294897.18424121506,170.74634376023107,2,0.0133142949513687,0.0259806097772332,0.0126663148258645,419.3021432269262,828.6042864538524,409.3021432269262,2.821483132127041,2.8361922430843185,0.0147091109572772,1,0.0044096571573852,0.0044096571573852,0.0,22.0,22.0,0.0,2.365269825746275,2.365269825746275,0.0,0.2217493240368738,2.5965414935667,0.5239205745315068,2.5708546417525824,0.2744927684174241,2.106212599506682,56.61952237421748,82.56434036633435,82.56434036633435,1,4.0,3.0,3.0,1.0,0.0,1.0,4.0,2.0,2.0,52.5751,5.2575,31.5451
1,-0.8660254037844385,0.6788007455329417,9,2.85,2024-09-05 02:51:57.293,0,1.7634355727251314,1,31.208504719315044,31.208504719315044,0.0,144.0,144.0,0.0,379.7323784303264,379.7323784303264,0.0,1,22.04374809564932,22.04374809564932,0.0,1586.8601431252102,1586.8601431252102,0.0,63.63366943554496,63.63366943554496,0.0,54.013728175704735,175.90676253904456,189.49623886002027,83.81793753757856,35908.824542093855,41.76163465583112,1,0.1126696791040018,0.1126696791040018,0.0,146.0,146.0,0.0,2.2508309338350774,2.2508309338350774,0.0,1,0.0864192679397921,0.0864192679397921,0.0,1334.5834434050453,1334.5834434050453,0.0,0.7660117825859976,0.7660117825859976,0.0,0.2166172357932574,1.2084679917934371,0.8276582857967932,0.8719969425221452,0.6850182380480863,0.4610200183751088,1,60.02462827779368,60.02462827779368,0.0,156.0120140099165,156.0120140099165,0.0,1731.3324372838115,1731.3324372838115,0.0,1,115.87612073592376,115.87612073592376,0.0,2241.407794509686,2241.407794509686,0.0,173.721356582372,173.721356582372,0.0,123.755079736119,682.490372761718,760.1211514490811,288.7794415089699,577784.164880277,122.94234822449168,1,0.0011860537664114,0.0011860537664114,0.0,2.0,2.0,0.0,3.310576756109135,3.310576756109135,0.0,1,0.3845238439220804,0.3845238439220804,0.0,1355.566493480132,1355.566493480132,0.0,1.9339147324668675,1.9339147324668675,0.0,0.2280005674996739,2.3445987499265786,0.7230034017555149,2.197228553711301,0.5227339189500465,1.5031339030070858,54.62555066079295,99.95362856480408,99.95362856480408,1,2.0,0.0,1.0,1.0,0.0,1.0,2.0,0.0,2.0,27.9654,13.9827,13.9827
1,-0.8660254037844385,0.9351352096860117,9,7.383333333333334,2024-09-16 07:23:31.088,0,2.021700374164284,1,0.2668449011407858,0.2668449011407858,0.0,38.0,38.0,0.0,67.91922321470001,67.91922321470001,0.0,1,2.0889774813706765,2.0889774813706765,0.0,877.4188103846786,877.4188103846786,0.0,55.44852668095827,55.44852668095827,0.0,24.80113746837996,67.3126317063991,50.13771760298744,58.770065311826215,2513.790726436917,45.96910298255047,1,0.0053680762419726,0.0053680762419726,0.0,62.0,62.0,0.0,0.8372176127294473,0.8372176127294473,0.0,1,0.0557267101168602,0.0557267101168602,0.0,2379.767983972941,2379.767983972941,0.0,0.7779229138675903,0.7779229138675903,0.0,0.0720996101646012,0.8147386512269789,0.2002008738335116,0.8122703850719806,0.0400803898837016,0.5654821377364145,1,18.850816223830293,18.850816223830293,0.0,254.0,254.0,0.0,317.8900029549395,317.8900029549395,0.0,1,6.719125267562816,6.719125267562816,0.0,973.8485876397084,973.8485876397084,0.0,212.07946582213373,212.07946582213373,0.0,55.53313424120846,277.16960304637723,183.0675953946273,223.5572712242729,33513.74448357096,182.7264186217372,1,0.501441291057469,0.501441291057469,0.0,1201.992924504808,1201.992924504808,0.0,2.9747724465667758,2.9747724465667758,0.0,1,0.0987116357563511,0.0987116357563511,0.0,374.0,374.0,0.0,1.3734887350137528,1.3734887350137528,0.0,0.3109365629769732,2.455051562760471,1.1565429111848942,2.4983427650950505,1.3375915054120298,1.1959397796990603,69.1398098771157,99.95362856480408,99.95362856480408,1,24.0,0.0,16.0,0.0,0.0,0.0,4.0,3.0,3.0,7.3677,3.3785,3.3785
1,-0.8660254037844385,0.8141155183563191,9,3.6333333333333333,2024-09-21 03:38:19.486,0,1.5394496982264776,1,0.2353546332657785,0.2353546332657785,0.0,24.0,24.0,0.0,39.92171381114234,39.92171381114234,0.0,1,0.0616418591198311,0.0616418591198311,0.0,12.0,12.0,0.0,33.148753629618554,33.148753629618554,0.0,15.624020606468916,43.42397887413804,26.913222089425872,36.839365658033714,724.3215232347608,26.680976042626305,1,0.0318638514689216,0.0318638514689216,0.0,262.0,262.0,0.0,0.7504162429968437,0.7504162429968437,0.0,1,0.1320987068712245,0.1320987068712245,0.0,1947.7626170619435,1947.7626170619435,0.0,0.5967484298615933,0.5967484298615933,0.0,0.0511122987940213,0.6511194396927116,0.2529223371799569,0.7002667958054098,0.0639697086445718,0.2970158542309396,1,0.0089097374622184,0.0089097374622184,0.0,2.0,2.0,0.0,121.1332994252218,121.1332994252218,0.0,1,0.0415641146318463,0.0415641146318463,0.0,2.0,2.0,0.0,63.86593997797464,63.86593997797464,0.0,42.84296378568354,122.29887112924082,106.80070633969068,100.04291004404502,11406.390874656843,58.86844311455308,1,0.0183855831715016,0.0183855831715016,0.0,103.56552759809802,103.56552759809802,0.0,4.923489432393493,4.923489432393493,0.0,1,0.1572757951554471,0.1572757951554471,0.0,330.0,330.0,0.0,3.207348535357573,3.207348535357573,0.0,0.3468028269918753,3.9121515359938734,1.170395759851185,3.8753154825497376,1.3698262346776326,2.3202734623640136,65.9169951309993,55.41386505912358,69.81219568745652,1,5.0,4.0,4.0,1.0,1.0,1.0,4.0,2.0,2.0,45.1822,25.1012,25.1012
1,-0.8660254037844385,0.8788171126619653,9,4.1,2024-09-30 04:06:11.575,0,0.7846253268295424,1,3.3298344223488527,3.3298344223488527,0.0,894.7638761333369,894.7638761333369,0.0,33.48714817202123,33.48714817202123,0.0,1,4.075658338499629,4.075658338499629,0.0,528.7622370080494,528.7622370080494,0.0,25.73580228301792,25.73580228301792,0.0,18.2752316922242,45.377512441174034,38.011615053843,30.095939944004563,1444.8828790015434,21.01814704852996,1,0.0420304762137659,0.0420304762137659,0.0,288.0,288.0,0.0,0.8800293711536048,0.8800293711536048,0.0,1,0.1199896210460078,0.1199896210460078,0.0,1700.3345806073596,1700.3345806073596,0.0,0.7263284920657398,0.7263284920657398,0.0,0.0401626621005218,0.7182076802851018,0.2651367442395527,0.8209193345531599,0.0702974931459499,0.2889167284144086,1,20.592905306589188,20.592905306589188,0.0,1092.2579208836785,1092.2579208836785,0.0,128.36158269802831,128.36158269802831,0.0,1,69.04219701798469,69.04219701798469,0.0,3601.438898664897,3601.438898664897,0.0,55.34769900468108,55.34769900468108,0.0,21.298289313616788,118.21778305739764,101.32492232302612,87.54301260321354,10266.739883767275,46.91124743453184,1,1.727195272952834,1.727195272952834,0.0,2594.2416939931413,2594.2416939931413,0.0,4.163563453202011,4.163563453202011,0.0,1,0.6332705387120008,0.6332705387120008,0.0,2016.5056527017105,2016.5056527017105,0.0,2.3438594924879457,2.3438594924879457,0.0,0.3112876833250387,3.1581684863707484,1.0751199870605814,2.8893930694330376,1.1558829865771447,1.999130886436928,45.81497797356828,99.95362856480408,99.95362856480408,1,0.0,0.0,0.0,0.0,0.0,0.0,12.0,1.0,8.0,37.272,9.318,18.636
1,-1.0,-0.1434926219911791,10,12.55,2024-10-10 12:33:10.724,0,1.903532598468412,1,3.0910430595942096,3.0910430595942096,0.0,1124.0,1124.0,0.0,30.930283379776085,30.930283379776085,0.0,1,0.1635839417611322,0.1635839417611322,0.0,26.0,26.0,0.0,26.05041366979983,26.05041366979983,0.0,43.24552716622493,47.991485302037546,81.13173217267357,28.13661745820534,6582.357965338434,21.9992062456508,1,0.2769234614543263,0.2769234614543263,0.0,1738.7003655942726,1738.7003655942726,0.0,0.8598897391498374,0.8598897391498374,0.0,1,0.3099822592536998,0.3099822592536998,0.0,665.7860640581978,665.7860640581978,0.0,0.5285753234785754,0.5285753234785754,0.0,0.0582614570311748,0.6546897130607673,0.3641677808420486,0.7221396582504402,0.1326181726034223,0.1887779233496183,1,0.329967757143919,0.329967757143919,0.0,4.0,4.0,0.0,162.72268814421875,162.72268814421875,0.0,1,0.0164388040887928,0.0164388040887928,0.0,2.0,2.0,0.0,84.81771518478223,84.81771518478223,0.0,10.599560039679478,127.5669350119726,57.88295841590888,102.89339658191004,3350.436874977836,78.516846982025,1,0.000664819826718,0.000664819826718,0.0,2.0,2.0,0.0,2.0524734010279646,2.0524734010279646,0.0,1,0.0045700759308011,0.0045700759308011,0.0,2.0,2.0,0.0,1.1930621685655407,1.1930621685655407,0.0,0.1386860551951176,1.5942926895578076,0.4874984593402632,1.6185078718654986,0.2376547478591302,0.8985444728704238,48.5045212149316,75.26083932297705,75.26083932297705,1,10.0,6.0,6.0,7.0,0.0,5.0,3.0,0.0,3.0,33.1055,8.2764,24.8291
1,-1.0,0.9483236552061994,10,7.233333333333333,2024-10-22 07:14:17.340,0,1.152816943655589,1,0.0292629799960799,0.0292629799960799,0.0,2.0,2.0,0.0,29.156603228462995,29.156603228462995,0.0,1,0.7650004068077365,0.7650004068077365,0.0,822.2767750554078,822.2767750554078,0.0,22.30448677953533,22.30448677953533,0.0,31.39877317721271,38.20813994820507,39.03058295463784,24.532171035280815,1523.3864057788655,20.646471152560952,1,0.0003920246579415,0.0003920246579415,0.0,4.0,4.0,0.0,0.826971429449603,0.826971429449603,0.0,1,0.0904738964501551,0.0904738964501551,0.0,1619.3500850800256,1619.3500850800256,0.0,0.6715649687485625,0.6715649687485625,0.0,0.0626444576795253,0.665830308147274,0.2856916558158282,0.7393062689606096,0.0816197222027896,0.2576464848059576,1,0.8016563520012312,0.8016563520012312,0.0,34.0,34.0,0.0,76.90270798993924,76.90270798993924,0.0,1,0.0377549717862777,0.0377549717862777,0.0,30.0,30.0,0.0,52.52738952413,52.52738952413,0.0,48.96681480562082,87.63872711623941,311.8849721907974,66.73571502581883,97272.23587845443,50.00617008704698,1,0.0009027498907725,0.0009027498907725,0.0,10.0,10.0,0.0,2.5697346019685865,2.5697346019685865,0.0,1,0.4001063519135732,0.4001063519135732,0.0,3398.9655169872644,3398.9655169872644,0.0,1.7043972429357994,1.7043972429357994,0.0,0.2748164712405668,2.047794646785704,0.6720757643727244,1.9273486062049767,0.4516858330571818,1.3334006707460933,48.92186413169488,76.62879666125667,99.93044284720612,1,2.0,1.0,1.0,2.0,0.0,1.0,33.0,5.0,21.0,24.977,5.1462,14.8731
1,-1.0,-0.6626200482157372,10,14.766666666666667,2024-10-30 14:46:40.243,0,1.996313880998988,1,0.8748555850660296,0.8748555850660296,0.0,100.0,100.0,0.0,44.5129966047044,44.5129966047044,0.0,1,4.549614814878851,4.549614814878851,0.0,839.7380270068654,839.7380270068654,0.0,33.27806141292825,33.27806141292825,0.0,20.383759605969097,53.922072401509325,63.33217751111031,37.37798979009737,4010.9647082987863,27.587005464595464,1,0.0001233339815073,0.0001233339815073,0.0,2.0,2.0,0.0,0.912906438501586,0.912906438501586,0.0,1,0.0752366620658225,0.0752366620658225,0.0,1457.7140648482912,1457.7140648482912,0.0,0.7342654503879439,0.7342654503879439,0.0,0.0738206546766398,0.8674691155837481,0.4370085695997079,0.8132161700953857,0.1909764899035828,0.3037611844631818,1,20.949686274015704,20.949686274015704,0.0,2044.813357644549,2044.813357644549,0.0,166.74744107943786,166.74744107943786,0.0,1,0.0211270400133045,0.0211270400133045,0.0,2.0,2.0,0.0,53.131061399912575,53.131061399912575,0.0,55.48552948825206,136.25498474370815,256.4750181831591,134.20744537521293,65779.43495205177,52.190576036231725,1,0.0161987577210789,0.0161987577210789,0.0,68.0,68.0,0.0,3.618943666877071,3.618943666877071,0.0,2,0.0012979802607246,0.0015198829180036,0.0002219026572789,7.0,12.0,5.0,3.074564714455944,2.9895214764899904,0.0850432379659529,0.2996471167031841,3.36755074560776,0.7315902461391374,3.317141709885898,0.5352242882459236,2.694983798037649,54.67192209598887,86.73776953396708,86.73776953396708,1,0.0,0.0,0.0,0.0,0.0,0.0,4.0,4.0,4.0,14.6909,0.0,14.6909
1,-0.866025403784439,-0.5735764363510465,11,21.666666666666668,2024-11-20 21:40:05.448,0,0.9424617860517246,0,0.0,0.0,0.0,0.0,0.0,0.0,0.0,0.0,0.0,0,0.0,0.0,0.0,0.0,0.0,0.0,0.0,0.0,0.0,18.3482568034384,145.4284559401686,27.299571735211337,137.11680512547173,745.2666169259497,116.92890122314658,0,0.0,0.0,0.0,0.0,0.0,0.0,0.0,0.0,0.0,0,0.0,0.0,0.0,0.0,0.0,0.0,0.0,0.0,0.0,0.0622066082768766,0.5334998391845203,0.2106501502850117,0.4869708603490028,0.044373485815098,0.2818798128862246,1,0.2240486554527478,0.2240486554527478,0.0,10.0,10.0,0.0,564.8056692379786,564.8056692379786,0.0,1,0.0108535858268794,0.0108535858268794,0.0,4.0,4.0,0.0,170.23719043389718,170.23719043389718,0.0,45.56709668453576,335.8452759946303,181.59216863983403,267.27441444485976,32975.71571131792,135.66455950993836,1,0.2490924210644358,0.2490924210644358,0.0,1160.1303272159375,1160.1303272159375,0.0,4.648385416409059,4.648385416409059,0.0,1,0.392658986966935,0.392658986966935,0.0,1853.5508684811207,1853.5508684811207,0.0,1.516227100534384,1.516227100534384,0.0,0.3924472093943147,2.905600399161355,1.4478408828814948,2.3454042489491584,2.0962432221430665,1.359359538471836,0.0,99.95362856480408,99.93044284720612,1,0.0,0.0,0.0,2.0,1.0,1.0,1.0,0.0,1.0,0.0,0.0,0.0
0,-0.5000000000000004,0.9222009716704519,12,7.516666666666667,2024-12-26 07:31:43.958,0,1.8098966326209125,1,7.3758732626779135,7.3758732626779135,0.0,1209.5270958504498,1209.5270958504498,0.0,130.52489658092924,130.52489658092924,0.0,1,0.0107423869904863,0.0107423869904863,0.0,2.0,2.0,0.0,112.66030871984948,112.66030871984948,0.0,23.636653729736217,123.40902120931317,71.20854446289682,119.4263169792207,5070.656804524355,95.16325894861042,1,0.0370451902004143,0.0370451902004143,0.0,538.0,538.0,0.0,1.7158716476115283,1.7158716476115283,0.0,1,0.0781347902033484,0.0781347902033484,0.0,326.0,326.0,0.0,1.4891423464013878,1.4891423464013878,0.0,0.0632233663799184,1.4840007922860914,0.4255624996931145,1.647452743296562,0.1811034411450521,0.7560329628983562,1,41.65176466206594,41.65176466206594,0.0,2216.492746724007,2216.492746724007,0.0,543.9157989609314,543.9157989609314,0.0,2,0.0588169897896193,0.1009869790037214,0.042169989214102,3.5,4.0,0.5,480.6537722795864,465.3700548807783,15.28371739880808,40.62975129016128,526.6065246668471,130.98189971765603,517.2810796100572,17156.2580536461,430.4257436204115,2,0.0981899541114148,0.1961563203890532,0.0979663662776384,798.7314562204936,1593.462912440987,794.7314562204936,3.564821402488773,3.674694138870849,0.1098727363820761,1,0.0125924780355561,0.0125924780355561,0.0,166.0,166.0,0.0,2.5136292065202577,2.5136292065202577,0.0,0.2260405827250054,3.229764010891412,0.6501415204997263,3.222895280966437,0.422683996677696,2.369244863548304,45.88453512636216,99.95362856480408,99.95362856480408,1,1.0,0.0,1.0,0.0,0.0,0.0,0.0,0.0,0.0,0.0,0.0,0.0
0,0.0,0.00436330928474657,1,0.016666666666666666,2019-01-04 00:01:00.000,0,0.0,1,0.093627576983593,0.093627576983593,0.0,2.0,2.0,0.0,103.25882474163232,103.25882474163232,0.0,1,17.39259670776316,17.39259670776316,0.0,2274.193614752766,2274.193614752766,0.0,61.04085981817657,61.04085981817657,0.0,10.544625365807342,86.80669686350082,36.439732144769465,75.80378436847523,1327.8540787825452,48.75256646660483,1,0.000495472872056,0.000495472872056,0.0,2.0,2.0,0.0,0.7819663378576516,0.7819663378576516,0.0,1,0.2754988988400966,0.2754988988400966,0.0,3186.8583295816893,3186.8583295816893,0.0,0.506467439017555,0.506467439017555,0.0,0.0547776829054386,0.6463693942463352,0.2162586678605264,0.6599996858573971,0.0467678114248094,0.3310646821992537,1,47.583920096768566,47.583920096768566,0.0,479.86848018748606,479.86848018748606,0.0,896.2323732030355,896.2323732030355,0.0,1,115.44973990908989,115.44973990908989,0.0,2464.31007598216,2464.31007598216,0.0,412.63472400137766,412.63472400137766,0.0,67.11459608354207,623.3185637466521,263.66350497764813,549.2463625968301,69518.44385709827,335.5882614894797,1,0.8931536678946808,0.8931536678946808,0.0,3516.246528380206,3516.246528380206,0.0,3.887419938374718,3.887419938374718,0.0,2,0.0019039321225027,0.0029199326901809,0.0010160005676782,4.0,4.0,0.0,2.8666269838584872,2.767892502943111,0.0987344809153762,0.3638958364669105,3.4302957746128544,0.721826875987652,3.3225941992463337,0.5210340388980932,2.5411414186515056,78.20542545791793,99.97681428240205,99.97681428240205,0,0.0,0.0,0.0,0.0,0.0,0.0,0.0,0.0,0.0,0.0,0.0,0.0
0,0.0,0.00436330928474657,1,0.016666666666666666,2019-01-14 00:01:00.000,0,0.0,1,0.200387255348744,0.200387255348744,0.0,14.0,14.0,0.0,46.93571486744203,46.93571486744203,0.0,1,16.09502418050489,16.09502418050489,0.0,2948.4142327959385,2948.4142327959385,0.0,26.654988527498904,26.654988527498904,0.0,4.963846139905434,41.62603068765712,16.82664117551565,39.72398834802995,283.13585324955875,24.626088071852383,2,0.0389411890915626,0.0775955219980653,0.0386543329065026,1007.8393008373064,2007.6786016746128,999.8393008373064,0.6993760148704065,0.7276472772862098,0.0282712624158033,1,0.0003032186024304,0.0003032186024304,0.0,2.0,2.0,0.0,0.5454153434006608,0.5454153434006608,0.0,0.0285839121099957,0.5842375190946171,0.1892433093841603,0.6341881053239615,0.035813030146669,0.2829417871394503,1,1.8727720583797804,1.8727720583797804,0.0,84.0,84.0,0.0,403.1518052246691,403.1518052246691,0.0,1,214.31795957873464,214.31795957873464,0.0,3131.178082565211,3131.178082565211,0.0,171.1169561078636,171.1169561078636,0.0,30.121363497724307,318.1398181724637,134.17248638124747,330.47632537405366,18002.256101726038,140.67873265944132,1,0.2040188620358103,0.2040188620358103,0.0,2102.9034318305485,2102.9034318305485,0.0,3.1563133748059067,3.1563133748059067,0.0,2,0.0019185068412095,0.0021355389521766,0.0002170321109671,15.0,18.0,3.0,2.5785006754336504,2.561874403624469,0.0166262718091814,0.299633528085019,2.93298434974512,0.5660349653785501,2.8880833134849784,0.3203955820310964,2.203695347036014,99.90725712960815,99.97681428240205,99.97681428240205,0,0.0,0.0,0.0,0.0,0.0,0.0,0.0,0.0,0.0,0.0,0.0,0.0
0,0.0,-0.3786486173524339,1,22.516666666666666,2019-01-26 22:31:00.000,0,0.0,1,13.734229937662455,13.734229937662455,0.0,1748.0076361907925,1748.0076361907925,0.0,64.36792153330096,64.36792153330096,0.0,1,0.2885486915058983,0.2885486915058983,0.0,210.0,210.0,0.0,24.64408321322021,24.64408321322021,0.0,7.130101029351505,47.21162959709995,23.17214168461867,41.26491735199283,536.9481502520421,24.60818228544884,1,0.0217955971751854,0.0217955971751854,0.0,244.0,244.0,0.0,1.0084322389361329,1.0084322389361329,0.0,1,0.0914605450639948,0.0914605450639948,0.0,1813.1163994335527,1813.1163994335527,0.0,0.4882362236406063,0.4882362236406063,0.0,0.0808835224246992,0.6620698828134913,0.2671877668307871,0.6305479441558757,0.071389302744023,0.3300246184207305,1,206.8267838500338,206.8267838500338,0.0,2391.247763390193,2391.247763390193,0.0,610.074643886494,610.074643886494,0.0,1,19.922260667183394,19.922260667183394,0.0,1369.1680729859236,1369.1680729859236,0.0,175.35449448529127,175.35449448529127,0.0,38.49317396560873,395.9752324321793,204.4057071637238,365.5258861287911,41781.69312110201,161.76902314106877,1,0.003936272152162,0.003936272152162,0.0,4.0,4.0,0.0,3.466364909802932,3.466364909802932,0.0,1,0.0158184854783691,0.0158184854783691,0.0,34.0,34.0,0.0,1.9814080080930925,1.9814080080930925,0.0,0.3746223698165051,2.6202239769833864,0.7399859236613321,2.4780723461672767,0.5475791672169148,1.7750157741160182,86.57546951078136,99.95362856480408,99.95362856480408,0,0.0,0.0,0.0,5.0,1.0,3.0,0.0,0.0,0.0,0.0,0.0,0.0
0,0.49999999999999994,0.9733792584604484,2,5.116666666666666,2019-02-09 05:07:00.000,0,0.0,1,10.872211240298682,10.872211240298682,0.0,2038.115177935761,2038.115177935761,0.0,59.69579762009985,59.69579762009985,0.0,2,2.1198232348598154,4.105822018497719,1.9859987836379036,1009.4388949191164,1860.8777898382327,851.4388949191164,41.81962773996468,40.59569029547448,1.223937444490197,20.51804777362337,54.34124635729108,45.40652172011053,46.43471596690439,2061.7522147188693,30.659442656702517,1,0.201381467798306,0.201381467798306,0.0,2764.499174620696,2764.499174620696,0.0,0.7130776932875051,0.7130776932875051,0.0,1,0.0669365142834865,0.0669365142834865,0.0,2199.078787470927,2199.078787470927,0.0,0.5108476632992685,0.5108476632992685,0.0,0.0716238604855808,0.5851273376856215,0.2149044898694372,0.5800955022368499,0.046183939766043,0.2871184056764697,1,0.6657080913436175,0.6657080913436175,0.0,6.0,6.0,0.0,365.0279970064977,365.0279970064977,0.0,2,34.1061524678594,63.02729674535681,28.921144277497405,1437.7243277174157,2769.4486554348314,1331.7243277174157,302.87845184388874,298.1788378491998,4.699613994688946,54.540377350845006,344.7053789467837,131.5940207898956,332.3267279968008,17316.98630765148,225.6104284650117,1,0.0012416554345726,0.0012416554345726,0.0,4.0,4.0,0.0,4.068861447382215,4.068861447382215,0.0,1,0.7259052477807937,0.7259052477807937,0.0,3983.4338979101663,3983.4338979101663,0.0,3.237447874809764,3.237447874809764,0.0,0.3907983616218669,3.781059266130389,0.8208080972750643,3.74429180929648,0.6737259325523115,2.682304291480885,99.74495710642243,99.95362856480408,99.95362856480408,0,0.0,0.0,0.0,34.0,10.0,24.0,0.0,0.0,0.0,0.0,0.0,0.0
0,0.49999999999999994,0.9733792584604484,2,5.116666666666666,2019-02-19 05:07:00.000,0,0.0,1,9.229466103121917,9.229466103121917,0.0,1838.430004168142,1838.430004168142,0.0,70.37265177938212,70.37265177938212,0.0,1,0.0296760812604475,0.0296760812604475,0.0,2.0,2.0,0.0,38.97119148497348,38.97119148497348,0.0,7.907573709067935,57.47125004417268,22.76514883168146,55.67868026021817,518.2520013286078,29.63272802539091,1,0.4530159434064863,0.4530159434064863,0.0,3273.903873481707,3273.903873481707,0.0,0.887468950070629,0.887468950070629,0.0,1,0.0402541216228507,0.0402541216228507,0.0,460.0,460.0,0.0,0.4344530066641426,0.4344530066641426,0.0,0.0732537273773971,0.6206797301414492,0.2975739540966587,0.6163965619097123,0.0885502581567203,0.2223297724808223,1,53.17029163251459,53.17029163251459,0.0,3009.608012903458,3009.608012903458,0.0,329.2281912120484,329.2281912120484,0.0,1,2.2751630011707675,2.2751630011707675,0.0,202.0,202.0,0.0,102.7455303378172,102.7455303378172,0.0,25.359549736824924,263.92423648787394,105.71221618985533,277.48877379319697,11175.072651770706,102.78825332720672,1,0.2162144071445775,0.2162144071445775,0.0,1579.1294684718823,1579.1294684718823,0.0,3.890616856667544,3.890616856667544,0.0,1,0.000700824948185,0.000700824948185,0.0,2.0,2.0,0.0,2.178632331724621,2.178632331724621,0.0,0.2940613007169653,3.3057667922240523,0.8119893883410779,3.396541194550713,0.6593267667785179,2.1079538791402714,88.29121261303038,99.95362856480408,99.95362856480408,0,1.0,0.0,1.0,4.0,0.0,2.0,1.0,0.0,1.0,0.0,0.0,0.0
0,0.8660254037844386,0.9733792584604484,3,5.116666666666666,2019-03-01 05:07:00.000,0,0.0,1,0.0280948440704307,0.0280948440704307,0.0,28.0,28.0,0.0,49.77875983855209,49.77875983855209,0.0,1,0.8407966865465148,0.8407966865465148,0.0,196.0,196.0,0.0,25.575927607354352,25.575927607354352,0.0,12.774504168729091,39.48266078276711,46.081623752252376,35.51428387242686,2123.51604764415,23.650355363101752,1,0.0756976296854777,0.0756976296854777,0.0,2960.35309346023,2960.35309346023,0.0,0.4874545396907487,0.4874545396907487,0.0,1,0.0149383195667922,0.0149383195667922,0.0,220.0,220.0,0.0,0.2886367815217691,0.2886367815217691,0.0,0.0356782495025252,0.4218346263110096,0.1580488082646934,0.4268353645189202,0.0249794257938898,0.2104931302501189,1,0.3691843750514181,0.3691843750514181,0.0,2.0,2.0,0.0,319.6796904426427,319.6796904426427,0.0,1,0.0008495240712136,0.0008495240712136,0.0,2.0,2.0,0.0,114.63679278053549,114.63679278053549,0.0,37.44019077714986,236.92470772192885,130.5817520997205,216.60817287383816,17051.593981432856,117.0302869136504,2,0.0225836031945556,0.0430646789626765,0.0204810757681208,99.49259640020044,196.9851928004009,97.49259640020044,4.166236373113952,4.357772911378261,0.1915365382643092,2,0.0027089095044821,0.0053549315411616,0.0026460220366795,6.0,6.0,0.0,2.804337654567105,2.69708563814693,0.1072520164201746,0.4404842946606984,3.519785407416264,0.8893048783967262,3.3910171857751847,0.7908631667402161,2.4872027650653847,97.26408532344075,99.95362856480408,99.95362856480408,0,0.0,0.0,0.0,0.0,0.0,0.0,0.0,0.0,0.0,0.0,0.0,0.0
0,0.8660254037844386,0.9733792584604484,3,5.116666666666666,2019-03-11 05:07:00.000,0,0.0,2,0.2075078311475273,0.4149220417217734,0.207414210574246,167.8716735716971,333.7433471433942,165.8716735716971,37.67626288737979,38.325990001147815,0.6497271137680194,1,0.0076873230103444,0.0076873230103444,0.0,14.0,14.0,0.0,24.07148388428837,24.07148388428837,0.0,5.010414246367969,32.266877286253006,10.6198183990504,29.92692843384508,112.78054282880942,23.127141082806165,1,0.0470840843486614,0.0470840843486614,0.0,3384.699213032947,3384.699213032947,0.0,0.4816704676009665,0.4816704676009665,0.0,1,0.0201373487807501,0.0201373487807501,0.0,390.0,390.0,0.0,0.3937829735966451,0.3937829735966451,0.0,0.0334562706858349,0.4422475481979419,0.1300763650587424,0.4576222050609655,0.0169198607468952,0.2442614120471284,1,32.619711021722054,32.619711021722054,0.0,1637.5330435101607,1637.5330435101607,0.0,275.6557462087819,275.6557462087819,0.0,1,0.9109117666487236,0.9109117666487236,0.0,38.0,38.0,0.0,176.8682250740043,176.8682250740043,0.0,32.1313478082833,245.43806488341957,75.6862456093997,233.31362427878628,5728.407774446377,157.39822758770887,1,0.4917020727545083,0.4917020727545083,0.0,3841.70849063008,3841.70849063008,0.0,4.59043953034611,4.59043953034611,0.0,1,0.1646590875474736,0.1646590875474736,0.0,717.1322508167418,717.1322508167418,0.0,4.061789499375882,4.061789499375882,0.0,0.4421740068474825,4.397248117889612,0.8807008944339446,4.33977424259991,0.7756340654567501,3.241449621375595,98.60885694412242,99.95362856480408,99.95362856480408,0,0.0,0.0,0.0,2.0,1.0,1.0,0.0,0.0,0.0,0.0,0.0,0.0
0,0.8660254037844386,0.9733792584604484,3,5.116666666666666,2019-03-21 05:07:00.000,0,0.0,1,1.2027662106866757,1.2027662106866757,0.0,360.0,360.0,0.0,32.59816030703719,32.59816030703719,0.0,1,0.094505834785167,0.094505834785167,0.0,152.0,152.0,0.0,23.66412155696359,23.66412155696359,0.0,6.672369947512136,29.833910819595204,10.979771124174617,26.878751687012787,120.55537393925869,21.060020315845488,1,0.2664487323686951,0.2664487323686951,0.0,1957.275585823332,1957.275585823332,0.0,0.5627898222073936,0.5627898222073936,0.0,1,0.001093134862513,0.001093134862513,0.0,6.0,6.0,0.0,0.2609134935984962,0.2609134935984962,0.0,0.0309528458676917,0.4150586685057278,0.1939520566470028,0.3982313363864612,0.0376174002776022,0.1717102763798949,1,79.05996694426457,79.05996694426457,0.0,2533.8039333110924,2533.8039333110924,0.0,179.02509308775865,179.02509308775865,0.0,1,4.482429659931427,4.482429659931427,0.0,318.0,318.0,0.0,95.05254646821928,95.05254646821928,0.0,18.404690305398823,139.22225937524087,60.68179659501878,126.34607749943667,3682.280437999233,72.49913925716744,1,0.0001704214789484,0.0001704214789484,0.0,2.0,2.0,0.0,3.734185306045936,3.734185306045936,0.0,1,0.614784319161588,0.614784319161588,0.0,3062.89601533274,3062.89601533274,0.0,3.0030051194675904,3.0030051194675904,0.0,0.3201675898475133,3.452979293670192,0.7430888927627012,3.330782346795364,0.5521811025472972,2.563755302421736,72.77996753999535,99.95362856480408,99.95362856480408,0,1.0,1.0,1.0,6.0,2.0,3.0,1.0,1.0,1.0,0.0,0.0,0.0
0,1.0,0.4694715627858911,4,10.133333333333333,2019-04-16 10:08:00.000,0,0.0,1,0.2343369108215682,0.2343369108215682,0.0,52.0,52.0,0.0,63.46818467080417,63.46818467080417,0.0,2,4.181565014386518,7.5018707596055165,3.320305745218999,1914.170355113228,3372.7739825952613,1458.6036274820333,44.30437568084904,43.0074503272307,1.2969253536183416,6.101175613566432,51.37515610657984,15.846090765029876,48.1189056849876,251.09859253356512,36.0257596539123,1,0.3390191417346873,0.3390191417346873,0.0,3633.887703272596,3633.887703272596,0.0,0.8813408760072694,0.8813408760072694,0.0,1,0.0887152827283928,0.0887152827283928,0.0,991.0470047476902,991.0470047476902,0.0,0.5251581988251701,0.5251581988251701,0.0,0.052041966455443,0.6925884372331232,0.2838597567568707,0.6992981814483091,0.0805763615060698,0.2929690058125783,1,3.5253669776420797,3.5253669776420797,0.0,94.0,94.0,0.0,616.2024207558957,616.2024207558957,0.0,1,45.90484980660915,45.90484980660915,0.0,1433.593649984181,1433.593649984181,0.0,435.1306402665398,435.1306402665398,0.0,37.9690285891157,508.102593452596,133.20903378786687,495.8361520821509,17744.646682697057,345.2184764663676,1,0.0049679559416846,0.0049679559416846,0.0,4.0,4.0,0.0,3.2596811981060902,3.2596811981060902,0.0,1,0.4503794689807003,0.4503794689807003,0.0,2897.49092319088,2897.49092319088,0.0,2.370972781059602,2.370972781059602,0.0,0.3254794513910354,2.814202316599051,0.7608280521781353,2.698850182428847,0.5788593249811753,1.9309185397648612,99.95362856480408,99.95362856480408,99.95362856480408,0,0.0,0.0,0.0,7.0,0.0,5.0,1.0,1.0,1.0,0.0,0.0,0.0
0,1.0,0.4694715627858911,4,10.133333333333333,2019-04-26 10:08:00.000,0,0.0,1,1.471861328800756,1.471861328800756,0.0,1257.1869707052476,1257.1869707052476,0.0,33.81550119315816,33.81550119315816,0.0,1,1.3627038819452435,1.3627038819452435,0.0,829.2202784089679,829.2202784089679,0.0,30.22732207741071,30.22732207741071,0.0,21.663485875828137,40.964320141499606,28.78176319692073,32.03666905326392,828.3898927236206,22.0149214189235,1,0.0776479704687747,0.0776479704687747,0.0,630.2830560742102,630.2830560742102,0.0,0.6725515252198668,0.6725515252198668,0.0,1,0.1314396457215973,0.1314396457215973,0.0,869.0,869.0,0.0,0.2797681948477285,0.2797681948477285,0.0,0.0511076329954425,0.4706136925341556,0.2470608791306758,0.4449086840168383,0.0610390779968224,0.1682066662008799,1,10.745177377097876,10.745177377097876,0.0,510.8661259641499,510.8661259641499,0.0,129.98967491123193,129.98967491123193,0.0,2,18.21098270045723,30.135029252751067,11.924046552293838,2271.069238334696,3408.236710403014,1137.167472068318,88.62113417412291,84.33771183053894,4.283422343583986,69.36529260750017,134.81214623618746,113.17266717106747,106.07545313470789,12808.052594613217,49.255593097726965,1,0.1746661907540176,0.1746661907540176,0.0,2301.9027620743245,2301.9027620743245,0.0,3.171511511555964,3.171511511555964,0.0,1,0.2242039970528444,0.2242039970528444,0.0,2565.5841541628542,2565.5841541628542,0.0,2.847420510744186,2.847420510744186,0.0,0.3596554507482265,3.1238213676497,0.7107811884488694,3.0258423261820893,0.5052098978527872,2.3276435271547324,63.25063760723394,99.95362856480408,99.95362856480408,0,0.0,0.0,0.0,2.0,0.0,1.0,0.0,0.0,0.0,0.1775,0.0233,0.1542
1,0.8660254037844387,0.4694715627858911,5,10.133333333333333,2019-05-06 10:08:00.000,0,0.0,1,6.4204150732759615,6.4204150732759615,0.0,2639.436555379922,2639.436555379922,0.0,75.24897111686874,75.24897111686874,0.0,2,0.2795059458253526,0.4072288681869693,0.1277229223616167,28.5,42.0,13.5,48.88209513486712,43.37718377256311,5.504911362304011,21.81759263885059,71.93131342256191,39.78324800920382,65.04980106149745,1582.7068221618194,30.73687272384847,1,0.0059540702423973,0.0059540702423973,0.0,52.0,52.0,0.0,0.7854450242747232,0.7854450242747232,0.0,1,0.0141659824754978,0.0141659824754978,0.0,88.0,88.0,0.0,0.2589071255323532,0.2589071255323532,0.0,0.1269023093704569,0.6645079853885606,0.3005749811002279,0.6848376962449716,0.0903453192634023,0.2396360819776085,1,138.42296130796137,138.42296130796137,0.0,3030.1745764544103,3030.1745764544103,0.0,426.1255276948106,426.1255276948106,0.0,2,0.6730465118839533,1.1799302846739297,0.5068837727899762,6.5,8.0,1.5,190.63686330385417,162.1441166390479,28.49274666480629,98.0390999227966,345.00916071606537,201.8070326396357,307.81689203738955,40726.078422815,117.61410075041512,2,0.4346256353866886,0.8679025955822373,0.4332769601955486,1259.5259319775264,2517.051863955053,1257.5259319775264,4.11537751885969,4.309568222116326,0.1941907032566363,2,0.0787832302086293,0.1483333306603653,0.069550100451736,639.5634840461444,1225.1269680922887,585.5634840461444,2.8466578456609595,2.7988763383227373,0.0477815073382219,0.3040092388808375,3.5818870063665416,0.806900362331719,3.4822036095207154,0.6510881947310594,2.565514596529937,97.75098539299792,99.95362856480408,99.95362856480408,0,0.0,0.0,0.0,0.0,0.0,0.0,0.0,0.0,0.0,38.5448,12.8483,25.6965
1,0.8660254037844387,-0.16504760586067824,5,23.366666666666667,2019-05-28 23:22:00.000,0,0.0,0,0.0,0.0,0.0,0.0,0.0,0.0,0.0,0.0,0.0,0,0.0,0.0,0.0,0.0,0.0,0.0,0.0,0.0,0.0,37.91087995671397,39.97584438495148,149.3270980263463,26.50406743484729,22298.58220497005,21.12321436080766,0,0.0,0.0,0.0,0.0,0.0,0.0,0.0,0.0,0.0,0,0.0,0.0,0.0,0.0,0.0,0.0,0.0,0.0,0.0,0.0593950255543523,0.3971695917680221,0.2586898357300032,0.2839960414838882,0.066920431110016,0.1663950591701718,1,0.0153278228124804,0.0153278228124804,0.0,6.0,6.0,0.0,30.98437333010309,30.98437333010309,0.0,1,2.7320011925977816,2.7320011925977816,0.0,1176.143190370116,1176.143190370116,0.0,25.34598653223501,25.34598653223501,0.0,27.127543445949364,36.68125858409138,167.6609889857742,27.396261620484267,28110.2072276879,22.79365732271016,1,0.0047804561538526,0.0047804561538526,0.0,2.0,2.0,0.0,9.927474004302692,9.927474004302692,0.0,1,0.0044341768086511,0.0044341768086511,0.0,4.0,4.0,0.0,5.874817627923124,5.874817627923124,0.0,1.9479832446570984,8.787794201328577,12.120871077942311,7.359344488880801,146.91551568809842,4.60209171883136,0.0,86.06538372362624,86.57546951078136,0,0.0,0.0,0.0,11.0,4.0,4.0,0.0,0.0,0.0,56.5221,32.2983,32.2983
1,0.5000000000000003,-0.4383711467890767,6,13.733333333333333,2019-06-14 13:44:00.000,0,0.0,0,0.0,0.0,0.0,0.0,0.0,0.0,0.0,0.0,0.0,0,0.0,0.0,0.0,0.0,0.0,0.0,0.0,0.0,0.0,15.275055710968433,46.66452495477933,44.68846165058766,27.548659497789927,1997.058604696044,20.859579615607014,0,0.0,0.0,0.0,0.0,0.0,0.0,0.0,0.0,0.0,0,0.0,0.0,0.0,0.0,0.0,0.0,0.0,0.0,0.0,0.0736200304454015,0.4814230804555096,0.322398946489657,0.3701065535744777,0.1039410806976407,0.1718152974174622,1,0.5031750952112333,0.5031750952112333,0.0,46.0,46.0,0.0,94.91940704859596,94.91940704859596,0.0,1,5.812087660633516,5.812087660633516,0.0,1494.9845689816889,1494.9845689816889,0.0,45.9988899103496,45.9988899103496,0.0,13.711592236007949,69.42667925839916,48.25604381190941,58.24930597574341,2328.6457643769204,39.61274759933269,1,0.1674105773634724,0.1674105773634724,0.0,1079.1849826299162,1079.1849826299162,0.0,3.293949555237235,3.293949555237235,0.0,1,0.8289022234190431,0.8289022234190431,0.0,3301.793368524459,3301.793368524459,0.0,2.3219646512504317,2.3219646512504317,0.0,0.3253869379295983,2.8568183182017126,0.7881232561216523,2.791205346054845,0.6211382668397956,1.956137560906493,0.0,99.95362856480408,99.95362856480408,0,0.0,0.0,0.0,5.0,3.0,3.0,0.0,0.0,0.0,37.1709,5.3144,23.2234
1,0.5000000000000003,-0.4383711467890767,6,13.733333333333333,2019-06-24 13:44:00.000,0,0.0,1,9.076558376483703,9.076558376483703,0.0,2312.994858017285,2312.994858017285,0.0,35.53979971558889,35.53979971558889,0.0,1,11.267301415784267,11.267301415784267,0.0,2508.1347451407405,2508.1347451407405,0.0,23.56230627862459,23.56230627862459,0.0,6.492458627800561,34.925118626464425,24.85407022929523,28.054871624933117,617.7248069627394,21.766744249019048,1,0.1142747500177863,0.1142747500177863,0.0,3955.2750499833865,3955.2750499833865,0.0,0.499179265593047,0.499179265593047,0.0,1,0.0002988021379615,0.0002988021379615,0.0,10.0,10.0,0.0,0.3860340662744863,0.3860340662744863,0.0,0.0428882379425777,0.4324843496536704,0.1791715677927765,0.4090353908922229,0.0321024507053215,0.23952124811249,1,43.78055348703813,43.78055348703813,0.0,1799.0392870465676,1799.0392870465676,0.0,245.24092601560807,245.24092601560807,0.0,1,81.03302512074282,81.03302512074282,0.0,3126.745347619425,3126.745347619425,0.0,164.2079008948653,164.2079008948653,0.0,19.25994542816083,212.27905474319832,69.87218440344027,198.9592410628404,4882.122153308363,135.06928638399162,2,0.0084973342261127,0.0127247557362761,0.0042274215101634,72.63546779250919,139.27093558501838,66.63546779250919,3.6037429331444506,3.6565792746585526,0.0528363415141019,1,0.428419558789737,0.428419558789737,0.0,2238.138680259436,2238.138680259436,0.0,2.364416064624025,2.364416064624025,0.0,0.3721035014092063,3.027839372036499,1.3579891888799391,2.9555124808281814,1.8441346371147949,2.095735528738392,96.82355668907952,99.95362856480408,99.95362856480408,0,0.0,0.0,0.0,2.0,0.0,1.0,0.0,0.0,0.0,10.169,3.3897,6.7793
1,1.2246467991473532e-16,-0.4383711467890767,7,13.733333333333333,2019-07-04 13:44:00.000,0,0.0,1,3.4659281627737077,3.4659281627737077,0.0,939.5229930739224,939.5229930739224,0.0,39.22653175213439,39.22653175213439,0.0,1,3.579676339417176,3.579676339417176,0.0,1803.6509010338805,1803.6509010338805,0.0,30.54723302250423,30.54723302250423,0.0,6.40561196544368,36.755830204572135,16.09940217004656,34.062207004552214,259.1907502328999,27.676561554324824,1,0.034678348426971,0.034678348426971,0.0,1649.0340977279898,1649.0340977279898,0.0,0.4804100223917707,0.4804100223917707,0.0,2,0.0219709158481601,0.0327432224895126,0.0107723066413525,1734.5272667773793,2940.1117838393784,1205.5845170619991,0.4368090582598058,0.4353284060546954,0.0014806522051103,0.0325243787888168,0.4564944300793278,0.1144217801081693,0.4535250716072303,0.0130923437631222,0.3092159342169855,1,25.037106481484443,25.037106481484443,0.0,1416.1041841060132,1416.1041841060132,0.0,241.29760027552013,241.29760027552013,0.0,1,29.866662713060748,29.866662713060748,0.0,1635.997919906235,1635.997919906235,0.0,177.31229466242678,177.31229466242678,0.0,30.89688950374904,216.5528697616342,64.78055523281171,202.44527997953568,4196.520336271369,146.31257427182317,2,0.1597566916042214,0.3056741549186021,0.1459174633143807,610.9390578119458,1199.8781156238915,588.9390578119458,3.757474260977982,3.844027071209292,0.0865528102313102,1,0.4251149104606755,0.4251149104606755,0.0,1855.531172085188,1855.531172085188,0.0,2.6858382991444807,2.6858382991444807,0.0,0.5133352974398032,3.3506181083108983,0.962290541143072,3.146625438618457,0.926003085573426,2.2821164618497303,99.95362856480408,99.95362856480408,99.95362856480408,0,0.0,0.0,0.0,1.0,1.0,1.0,0.0,0.0,0.0,8.936,2.234,6.702
1,1.2246467991473532e-16,-0.4383711467890767,7,13.733333333333333,2019-07-14 13:44:00.000,0,0.0,1,10.31997828392025,10.31997828392025,0.0,3364.8143714080347,3364.8143714080347,0.0,37.40494377839437,37.40494377839437,0.0,1,0.1595148111865256,0.1595148111865256,0.0,170.0,170.0,0.0,26.49747867516105,26.49747867516105,0.0,16.406620490608635,36.999809700450434,66.76886203602436,30.388862177833737,4458.080937585654,25.37337247434497,1,0.0001740845068448,0.0001740845068448,0.0,6.0,6.0,0.0,0.5226837456892062,0.5226837456892062,0.0,1,0.0002554116425257,0.0002554116425257,0.0,4.0,4.0,0.0,0.4185565590259773,0.4185565590259773,0.0,0.0315599081788922,0.491200491011818,0.1342135046278439,0.4942025230400695,0.0180132648244882,0.3183700498922012,1,17.967183386327633,17.967183386327633,0.0,2321.5465684677465,2321.5465684677465,0.0,99.87300252403016,99.87300252403016,0.0,1,1.3193257562265472,1.3193257562265472,0.0,269.77270911651,269.77270911651,0.0,66.21280130560032,66.21280130560032,0.0,75.16257056312148,118.61244430876012,301.1077991588314,83.47794488009353,90665.90671427516,61.54102780402955,1,0.0614412778465807,0.0614412778465807,0.0,1272.467305501145,1272.467305501145,0.0,2.94129231044003,2.94129231044003,0.0,1,0.265490726311548,0.265490726311548,0.0,2221.522465527066,2221.522465527066,0.0,2.5196844627696526,2.5196844627696526,0.0,0.5006727170349834,2.8815246204884075,1.2753832928246167,2.7767559865833475,1.6266025436161615,1.965617241923998,99.95362856480408,92.51101321585902,99.95362856480408,0,3.0,0.0,3.0,1.0,0.0,1.0,0.0,0.0,0.0,6.5888,0.0,3.2944
1,1.2246467991473532e-16,-0.4383711467890767,7,13.733333333333333,2019-07-24 13:44:00.000,0,0.0,1,2.8764082077682644,2.8764082077682644,0.0,1186.9085166531845,1186.9085166531845,0.0,44.12552501836139,44.12552501836139,0.0,1,3.793728748166473,3.793728748166473,0.0,1544.5376473443362,1544.5376473443362,0.0,32.04748582784168,32.04748582784168,0.0,7.7026954668608445,40.4090718715061,28.33150520294468,36.6623848190124,802.6741870644813,30.13165203267856,2,0.0385981584782675,0.0767415367492239,0.0381433782709563,1683.306629126443,3356.6132582528867,1673.306629126443,0.60117893961864,0.6102393663122168,0.0090604266935767,1,0.0008077962878214,0.0008077962878214,0.0,14.0,14.0,0.0,0.516549737569765,0.516549737569765,0.0,0.0304186597062871,0.5561164290110999,0.1170341248678653,0.5657606006609083,0.0136969863835871,0.3853050966707623,1,29.572645424566872,29.572645424566872,0.0,862.4708053872141,862.4708053872141,0.0,375.6688385399976,375.6688385399976,0.0,1,54.763044489442336,54.763044489442336,0.0,2615.5897560245053,2615.5897560245053,0.0,112.26098891037545,112.26098891037545,0.0,26.66957557305922,211.89824452136963,128.18149352303695,159.95576191574753,16430.495281796364,95.1639386141596,1,0.0792728309189221,0.0792728309189221,0.0,212.28935826364773,212.28935826364773,0.0,3.896734678097364,3.896734678097364,0.0,2,0.0186652115942638,0.0367653350312084,0.0181001234369446,63.0,124.0,61.0,2.9424300093794065,2.748942632868872,0.1934873765105345,0.3756978269997766,3.4387371786361483,0.7754407346004208,3.40330374321592,0.6013083328776403,2.5059526317041807,99.95362856480408,99.95362856480408,99.95362856480408,0,0.0,0.0,0.0,1.0,1.0,1.0,0.0,0.0,0.0,14.8629,0.0,14.8629
1,-0.4999999999999997,-0.4383711467890767,8,13.733333333333333,2019-08-03 13:44:00.000,0,0.0,2,0.0715077747502661,0.1325714884750297,0.0610637137247636,25.5,49.0,23.5,33.9057434650729,35.14018260367399,1.2344391386010931,1,0.0048601458524686,0.0048601458524686,0.0,4.0,4.0,0.0,26.786855071992413,26.786855071992413,0.0,5.240557827858163,32.855258047242714,13.632722586947768,30.985150634778293,185.85112513267583,26.38700159715209,1,0.2105979749442466,0.2105979749442466,0.0,2822.1433617220428,2822.1433617220428,0.0,0.7811435477831759,0.7811435477831759,0.0,2,0.0356779381507162,0.06957976526474,0.0339018271140238,721.5791720113111,1435.1583440226225,713.5791720113111,0.498778779793545,0.4676896542067061,0.0310891255868388,0.0262225682142964,0.6092941349617379,0.2039897370225694,0.6084877754984162,0.041611812810537,0.3196004386537387,1,14.79403531990704,14.79403531990704,0.0,680.0,680.0,0.0,370.4241119714345,370.4241119714345,0.0,2,0.0723233196740551,0.1176460897548281,0.045322770080773,5.0,6.0,1.0,267.7058717761033,237.67459048765863,30.03128128844469,31.84724961876651,324.9459903355416,82.70987179036229,318.594735263818,6840.922891578168,227.0455774792418,2,0.0010182043327395,0.0016818537780363,0.0006636494452967,3.5,5.0,1.5,2.5424431315610354,2.8697076225039058,0.3272644909428701,2,0.0898063531979718,0.1791040405279742,0.0892976873300024,1047.4043224390086,2091.8086448780173,1044.4043224390086,1.6036101673523828,1.5611958549970824,0.0424143123553003,0.2538983693818365,2.019369582834049,0.6782256181480034,1.845234829496943,0.4599899891122413,1.3886407274997632,99.95362856480408,99.95362856480408,99.95362856480408,0,0.0,0.0,0.0,9.0,2.0,5.0,0.0,0.0,0.0,0.0,0.0,0.0
1,-0.4999999999999997,-0.4383711467890767,8,13.733333333333333,2019-08-13 13:44:00.000,0,0.0,1,4.006661491400244,4.006661491400244,0.0,2308.796281354484,2308.796281354484,0.0,47.78075086428364,47.78075086428364,0.0,1,1.3967503126160707,1.3967503126160707,0.0,907.129438776636,907.129438776636,0.0,36.11553036906455,36.11553036906455,0.0,16.28001940955697,55.13854598918852,83.3716847595099,43.24615311150185,6950.837819639097,34.046579667137465,2,0.084584597276889,0.1690496136385022,0.0844650163616131,1402.319671149848,2800.639342299696,1398.319671149848,0.7044502772309721,0.7613066551731287,0.0568563779421565,1,0.0006449425966962,0.0006449425966962,0.0,16.0,16.0,0.0,0.5577503375752525,0.5577503375752525,0.0,0.050220604811198,0.6532108507373404,0.2141067118400725,0.6222025432765618,0.0458416840549678,0.4228699810095982,2,1.7824006550656577,2.260884394939353,0.4784837398736954,22.675422252708582,33.35084450541717,10.675422252708586,529.9713286738468,551.9253060752433,21.95397740139657,1,43.0921870443018,43.0921870443018,0.0,1840.382948244163,1840.382948244163,0.0,338.6916232240966,338.6916232240966,0.0,50.03947096185328,423.3158163634548,178.7368513351865,394.31253990250207,31946.86202521656,302.17977585536823,1,0.0271230562689659,0.0271230562689659,0.0,82.0,82.0,0.0,4.5066454450838185,4.5066454450838185,0.0,1,0.1979502882892534,0.1979502882892534,0.0,1776.2072836919058,1776.2072836919058,0.0,2.470561252309769,2.470561252309769,0.0,0.3637569713058838,3.266167727604007,1.021413642822378,3.067521871235848,1.0432858297436802,2.0563239817056345,99.95362856480408,99.95362856480408,99.95362856480408,0,0.0,0.0,0.0,2.0,0.0,1.0,0.0,0.0,0.0,24.8864,10.3739,10.3739
1,-0.4999999999999997,-0.4383711467890767,8,13.733333333333333,2019-08-23 13:44:00.000,0,0.0,1,6.003355709378219,6.003355709378219,0.0,1897.5466944427624,1897.5466944427624,0.0,42.48781724880832,42.48781724880832,0.0,1,0.903316892006714,0.903316892006714,0.0,861.0,861.0,0.0,28.833909553503062,28.833909553503062,0.0,6.619466594940655,38.971621300055055,18.752208225515584,35.18299484181941,351.6453133330943,27.091342425794668,1,0.0370936195743749,0.0370936195743749,0.0,1651.8766964645993,1651.8766964645993,0.0,0.6458299106779695,0.6458299106779695,0.0,1,0.0330407259926743,0.0330407259926743,0.0,1346.4140761648505,1346.4140761648505,0.0,0.5556458732430233,0.5556458732430233,0.0,0.0427505103655865,0.608664696433283,0.1584412735892716,0.6078582288932554,0.0251036371765904,0.4116405697448104,1,122.4378594523534,122.4378594523534,0.0,1604.9064781884845,1604.9064781884845,0.0,435.9320623896955,435.9320623896955,0.0,1,71.36792384104339,71.36792384104339,0.0,1720.836335893718,1720.836335893718,0.0,160.45010912784275,160.45010912784275,0.0,61.84338830548665,320.2534440907026,176.07027291950698,291.4951632263077,31000.741005949672,137.79829428728812,1,0.3848363335186304,0.3848363335186304,0.0,2735.7876860828064,2735.7876860828064,0.0,2.7925733302566806,2.7925733302566806,0.0,1,0.1567456831960485,0.1567456831960485,0.0,1353.35433671225,1353.35433671225,0.0,2.2243652598193835,2.2243652598193835,0.0,1.8071136729056505,2.750044542560091,7.695215649920523,2.474862750789008,59.21634389878173,1.89725535101795,99.95362856480408,99.93044284720612,99.95362856480408,0,0.0,0.0,0.0,1.0,1.0,1.0,0.0,0.0,0.0,42.3748,2.4336,32.6403
1,-0.8660254037844385,-0.4383711467890767,9,13.733333333333333,2019-09-02 13:44:00.000,0,0.0,1,0.0254413288364006,0.0254413288364006,0.0,16.0,16.0,0.0,29.18736946498098,29.18736946498098,0.0,1,0.6078884414678356,0.6078884414678356,0.0,784.0893483391442,784.0893483391442,0.0,22.016279052597746,22.016279052597746,0.0,7.5660158024111555,27.030298745969887,10.938666799663032,23.55481835630167,119.65443135405027,20.785237009273512,1,0.0392822314968689,0.0392822314968689,0.0,1688.547107037506,1688.547107037506,0.0,0.5225748089489426,0.5225748089489426,0.0,1,0.0004645935387223,0.0004645935387223,0.0,4.0,4.0,0.0,0.445553416014625,0.445553416014625,0.0,0.0233483695988187,0.4735977610296293,0.10581173959418,0.4976782524575698,0.0111961242359465,0.3014946548940402,1,0.924447250161876,0.924447250161876,0.0,22.0,22.0,0.0,159.68699143955183,159.68699143955183,0.0,1,36.99900921199007,36.99900921199007,0.0,2230.808592940637,2230.808592940637,0.0,58.15672528681328,58.15672528681328,0.0,52.96543474124067,114.54587887777168,89.75165984086618,91.36063225783369,8055.360444190552,47.14754866315547,1,0.0026215317120819,0.0026215317120819,0.0,6.0,6.0,0.0,2.5241173950726346,2.5241173950726346,0.0,1,0.2489170203789545,0.2489170203789545,0.0,2329.845077397714,2329.845077397714,0.0,2.1850774751744835,2.1850774751744835,0.0,0.2934715715723657,2.4158501441229525,0.5855241791581698,2.357880715834459,0.3428385643788486,1.697453680600372,94.22675631810804,99.95362856480408,99.95362856480408,0,0.0,0.0,0.0,23.0,12.0,12.0,0.0,0.0,0.0,0.0,0.0,0.0
1,-0.8660254037844385,-0.29237170472273716,9,22.866666666666667,2019-09-19 22:52:00.000,0,0.0,1,0.8595058522532817,0.8595058522532817,0.0,1242.6100087733298,1242.6100087733298,0.0,25.509985751512996,25.509985751512996,0.0,1,0.8685515946580757,0.8685515946580757,0.0,1035.2622449145829,1035.2622449145829,0.0,24.606793715342544,24.606793715342544,0.0,27.11743614761879,33.08567516147977,99.85700383914872,25.14421276247591,9971.421215731763,20.860132485894567,1,0.083109251339551,0.083109251339551,0.0,3112.1526764558257,3112.1526764558257,0.0,0.5143316154966744,0.5143316154966744,0.0,1,0.083109251339551,0.083109251339551,0.0,772.0309107908635,772.0309107908635,0.0,0.4312223641571234,0.4312223641571234,0.0,0.0392563205203759,0.4542572300506475,0.1441127153998981,0.4662265436439829,0.020768474739932,0.2686667503601785,2,11.344965526001118,16.643364761101964,5.298399235100845,2168.250783925004,3457.501567850008,1289.250783925004,116.19343572530978,116.80175617221504,0.6083204469052674,1,0.0329001860682538,0.0329001860682538,0.0,2.0,2.0,0.0,63.39990413878939,63.39990413878939,0.0,76.2334973260919,125.17263388245244,174.68295945621833,106.09545741870636,30514.136324382813,48.61081000859515,2,0.0023446493067158,0.0028149469859632,0.0004702976792474,5.0,8.0,3.0,4.935509488811606,5.467706396264255,0.5321969074526489,2,0.1560544486972157,0.311622245671562,0.1555677969743463,1441.0123642018098,2878.0247284036195,1437.0123642018098,3.2299122698183744,3.130027846168236,0.0998844236501383,0.9237333612739308,3.89805291727096,1.470414227934456,3.4867737217516632,2.1621180017120825,2.7537454137117887,78.36772548110365,99.00301414328774,99.95362856480408,0,0.0,0.0,0.0,13.0,3.0,7.0,0.0,0.0,0.0,31.7076,0.0,15.8538
1,-1.0,0.4186597375374284,10,10.35,2019-10-07 10:21:00.000,0,0.0,1,0.7293701669381996,0.7293701669381996,0.0,754.444181029917,754.444181029917,0.0,28.53349511949186,28.53349511949186,0.0,1,0.5214174396363696,0.5214174396363696,0.0,102.0,102.0,0.0,27.68901838897888,27.68901838897888,0.0,41.61735420449829,44.24043633626455,86.38484481317295,27.88702294442592,7462.341413395972,21.015122841187186,1,0.0234308595892606,0.0234308595892606,0.0,805.4097454482354,805.4097454482354,0.0,0.4816714519969295,0.4816714519969295,0.0,1,0.0197766312826482,0.0197766312826482,0.0,164.0,164.0,0.0,0.4555794412500286,0.4555794412500286,0.0,0.0552095397521949,0.5220416115268082,0.2269635043613208,0.4919545508642135,0.0515124323119713,0.240910462542188,1,0.006333359549913,0.006333359549913,0.0,2.0,2.0,0.0,100.32071052342384,100.32071052342384,0.0,1,0.6054830267306528,0.6054830267306528,0.0,790.0,790.0,0.0,26.40263339628833,26.40263339628833,0.0,55.59674548086182,65.46063447980133,141.0528779532983,42.719797189733015,19895.914378908063,22.97705562049123,1,0.0136323653506549,0.0136323653506549,0.0,2.0,2.0,0.0,7.950995776713157,7.950995776713157,0.0,1,0.4040554438410186,0.4040554438410186,0.0,1678.478578150336,1678.478578150336,0.0,3.4695860820365576,3.4695860820365576,0.0,0.7091056861050108,5.420670606476596,2.600685428534673,4.607755545596461,6.763564698192578,2.563101160231611,20.93670299095757,73.86969626709947,99.95362856480408,0,3.0,2.0,2.0,12.0,4.0,5.0,0.0,0.0,0.0,36.2283,18.3999,18.3999
1,-1.0,0.4186597375374284,10,10.35,2019-10-17 10:21:00.000,0,0.0,1,1.1240771541818084,1.1240771541818084,0.0,170.0,170.0,0.0,27.59713845475176,27.59713845475176,0.0,1,1.0761620092885202,1.0761620092885202,0.0,795.204431534406,795.204431534406,0.0,21.819019989376216,21.819019989376216,0.0,8.915793295841928,28.248110134598583,19.502919036008056,23.38729143135986,380.3638509250853,20.581080204814437,1,0.1984396870914277,0.1984396870914277,0.0,1564.5043698084255,1564.5043698084255,0.0,0.8582021797250705,0.8582021797250705,0.0,1,0.001382841696763,0.001382841696763,0.0,2.0,2.0,0.0,0.4010327771302495,0.4010327771302495,0.0,0.0457013012458029,0.6191594734773165,0.2707740945476798,0.5721753147311314,0.0733186102781158,0.2725409150687913,1,1.2525130316136384,1.2525130316136384,0.0,396.0,396.0,0.0,47.16819501643616,47.16819501643616,0.0,1,16.365605255185336,16.365605255185336,0.0,3378.630485674771,3378.630485674771,0.0,27.03733340945568,27.03733340945568,0.0,9.095688146380308,40.05012455586528,31.93268399336652,36.35875621942528,1019.6963070202062,25.33062858783193,1,4.766247021580854,4.766247021580854,0.0,2649.6762299212264,2649.6762299212264,0.0,11.017826316048144,11.017826316048144,0.0,1,0.1742195677418685,0.1742195677418685,0.0,845.0007630499426,845.0007630499426,0.0,4.064175094043966,4.064175094043966,0.0,1.027702089009582,7.289277116485134,3.4309533600012263,6.653597298722906,11.771440958503703,3.54007116463207,66.65893809413402,99.95362856480408,99.95362856480408,0,0.0,0.0,0.0,34.0,7.0,24.0,0.0,0.0,0.0,40.7646,0.0,20.3823
1,-1.0,0.4186597375374284,10,10.35,2019-10-27 10:21:00.000,0,0.0,1,2.0804767872872283,2.0804767872872283,0.0,3162.1692313157714,3162.1692313157714,0.0,29.56243304315361,29.56243304315361,0.0,1,0.0042102070168787,0.0042102070168787,0.0,2.0,2.0,0.0,23.95300929531978,23.95300929531978,0.0,7.97657281755879,30.247136932158654,25.07324280244862,27.699562774442864,628.6675046305414,23.974121860567333,1,0.1483340505012009,0.1483340505012009,0.0,3669.245482750479,3669.245482750479,0.0,0.820818447762128,0.820818447762128,0.0,1,0.0009158663168913,0.0009158663168913,0.0,6.0,6.0,0.0,0.6460918612859874,0.6460918612859874,0.0,0.0391182470557946,0.7067636080783053,0.2051867748368561,0.7518570888722078,0.0421016125679507,0.3910512131313416,1,30.796252411684293,30.796252411684293,0.0,2151.543819979704,2151.543819979704,0.0,246.8405565307956,246.8405565307956,0.0,1,0.4123792186673825,0.4123792186673825,0.0,28.0,28.0,0.0,173.03428901347672,173.03428901347672,0.0,20.138471581104888,221.81899162469333,67.00805733796808,220.92899883919367,4490.079748208419,171.72207166799694,1,0.7092508828975452,0.7092508828975452,0.0,2632.3352188635245,2632.3352188635245,0.0,3.2094927844541963,3.2094927844541963,0.0,1,0.0051187920784947,0.0051187920784947,0.0,50.0,50.0,0.0,2.4097258989262382,2.4097258989262382,0.0,0.1980558174756828,2.774487161266581,0.5493761639548558,2.770447418076998,0.3018141695217526,2.060653802474723,99.95362856480408,99.95362856480408,99.95362856480408,0,0.0,0.0,0.0,16.0,8.0,8.0,0.0,0.0,0.0,91.2525,16.5089,59.7949
1,-0.866025403784439,0.4186597375374284,11,10.35,2019-11-06 10:21:00.000,0,0.0,1,0.4380733704982553,0.4380733704982553,0.0,884.0,884.0,0.0,26.52583952003165,26.52583952003165,0.0,2,1.0690807885923643,2.094710220851102,1.0256294322587376,1559.895433554796,3081.790867109592,1521.895433554796,23.895776394141365,23.492096321887324,0.4036800722540405,7.601645075290879,27.1677785810258,19.61694022282601,25.16521758625973,384.824343705929,22.73685576600565,1,0.04568441981938,0.04568441981938,0.0,1442.342430850749,1442.342430850749,0.0,0.6563474159883905,0.6563474159883905,0.0,1,0.0136335738506388,0.0136335738506388,0.0,861.7492498828187,861.7492498828187,0.0,0.4413589234840097,0.4413589234840097,0.0,0.0297557039679738,0.512664251758916,0.131561552749843,0.4894011952233187,0.0173084421619497,0.3397835102902968,1,0.0257703324001852,0.0257703324001852,0.0,2.0,2.0,0.0,185.4799464072035,185.4799464072035,0.0,2,8.61573881860393,13.780663703290884,5.164924884686954,1796.729787347095,3027.3027449780566,1230.5729576309616,147.24953260134907,145.5562577657962,1.6932748355528844,23.959337788938974,164.73546025975847,51.72809447021397,157.12582997564422,2675.795757519381,125.2397422421561,1,0.3063336411913719,0.3063336411913719,0.0,1994.7140353806797,1994.7140353806797,0.0,3.668926240956909,3.668926240956909,0.0,1,0.3352167422420331,0.3352167422420331,0.0,1953.769423343592,1953.769423343592,0.0,2.946353935459212,2.946353935459212,0.0,0.4271167704764759,3.4348938838665184,0.7878835932265006,3.305838060712571,0.6207605564755019,2.5227455650851827,99.95362856480408,99.95362856480408,99.95362856480408,0,1.0,0.0,1.0,8.0,1.0,5.0,0.0,0.0,0.0,0.0,0.0,0.0
1,-0.866025403784439,0.4186597375374284,11,10.35,2019-11-16 10:21:00.000,0,0.0,1,0.7826350091942516,0.7826350091942516,0.0,412.0,412.0,0.0,23.545932282534288,23.545932282534288,0.0,1,0.8462489971522622,0.8462489971522622,0.0,766.8509508094011,766.8509508094011,0.0,21.37504775834112,21.37504775834112,0.0,12.40465165953723,26.42133867673446,40.94858829901235,22.357468734807128,1676.7868836820112,20.32962390555761,1,5.262439038977718e-07,5.262439038977718e-07,0.0,2.0,2.0,0.0,0.5454389473330493,0.5454389473330493,0.0,1,0.0001281872822087,0.0001281872822087,0.0,2.0,2.0,0.0,0.4473141038392819,0.4473141038392819,0.0,0.0405862455443174,0.4916134699301805,0.1454571264079164,0.5025563176068422,0.0211577756228485,0.2905458529630536,1,0.0595777323078152,0.0595777323078152,0.0,4.0,4.0,0.0,68.38614578243505,68.38614578243505,0.0,1,22.373219843825535,22.373219843825535,0.0,2814.945603908039,2814.945603908039,0.0,35.12609403829305,35.12609403829305,0.0,40.29688341347903,70.44371624289668,166.32613935416848,51.01107056070265,27664.38463246227,31.836875951502314,1,0.4580697383423375,0.4580697383423375,0.0,2033.618694232856,2033.618694232856,0.0,3.588795460922716,3.588795460922716,0.0,2,0.0293521594012504,0.0538217525263009,0.0244695931250504,377.2379777345677,729.4759554691354,352.2379777345677,2.940237592034346,2.853155964762072,0.0870816272722745,0.830628824681354,3.4117524490072078,3.065280977848947,3.162016608066724,9.395947473162597,2.538452580329297,66.17203802457686,99.95362856480408,99.95362856480408,0,0.0,0.0,0.0,23.0,5.0,11.0,0.0,0.0,0.0,5.634399999999999,3.1723,3.1723
1,-0.866025403784439,0.4186597375374284,11,10.35,2019-11-26 10:21:00.000,0,0.0,1,1.2984105886451438,1.2984105886451438,0.0,2432.81680223324,2432.81680223324,0.0,24.836026326022875,24.836026326022875,0.0,1,0.0042243067782656,0.0042243067782656,0.0,2.0,2.0,0.0,21.641750112535213,21.641750112535213,0.0,19.616158583691117,28.69976932233641,125.9133161255024,23.95982671704345,15854.1631777207,21.026724644351404,1,0.028644346881398,0.028644346881398,0.0,1500.87371025437,1500.87371025437,0.0,0.6482688448611409,0.6482688448611409,0.0,1,0.0543264469161949,0.0543264469161949,0.0,1634.292270345204,1634.292270345204,0.0,0.5789058551184084,0.5789058551184084,0.0,0.0380733618417583,0.5808028017991029,0.1653010173433902,0.6075051288561335,0.0273244263347597,0.3510608254399067,1,26.564912214394184,26.564912214394184,0.0,1915.8498454591268,1915.8498454591268,0.0,159.39567932721965,159.39567932721965,0.0,1,0.0276699696844175,0.0276699696844175,0.0,6.0,6.0,0.0,41.31754473351332,41.31754473351332,0.0,38.65874353377013,118.6380502666004,225.14087466203137,115.59776085485804,50688.41344358451,42.564599415402654,2,0.1665720686047809,0.3274758863775604,0.1609038177727795,950.2658408469224,1881.5316816938448,931.2658408469224,3.6984052377255896,3.767992690663027,0.0695874529374371,2,0.0184336650779513,0.0280382467113895,0.0096045816334382,190.53831879160575,324.07663758321155,133.53831879160578,2.3321112485205053,2.258800527476672,0.0733107210438333,0.4130296675558046,3.187101546482165,0.9085739939329938,3.07914226318356,0.8255067024513517,2.1134376198849445,75.35358219336888,99.95362856480408,99.95362856480408,0,0.0,0.0,0.0,14.0,2.0,8.0,5.0,0.0,4.0,0.0,0.0,0.0
0,-0.5000000000000004,-0.9975640502598242,12,17.733333333333334,2019-12-08 17:44:00.000,0,0.0,1,0.0022657069077496,0.0022657069077496,0.0,2.0,2.0,0.0,59.95418797435674,59.95418797435674,0.0,1,5.369953220186865,5.369953220186865,0.0,2865.758271242474,2865.758271242474,0.0,37.58552244661382,37.58552244661382,0.0,3.493389831353141,48.14985554647411,16.008570361767614,42.76604422446026,256.2743250276645,35.323688672519054,1,0.000183022440233,0.000183022440233,0.0,2.0,2.0,0.0,0.9976016201136844,0.9976016201136844,0.0,1,0.2292432450246744,0.2292432450246744,0.0,3905.7760784233615,3905.7760784233615,0.0,0.7492778373142975,0.7492778373142975,0.0,0.0478671608027092,0.8796402312078503,0.2184895302378326,0.8674465725715579,0.0477376748235487,0.584967579300196,1,0.0302958463284142,0.0302958463284142,0.0,16.0,16.0,0.0,203.7050559959901,203.7050559959901,0.0,1,24.549304654894826,24.549304654894826,0.0,1213.8916288499315,1213.8916288499315,0.0,110.81307536772756,110.81307536772756,0.0,23.682404065922565,162.05371057588792,56.62545698741784,154.9179134233495,3206.442379033908,93.0951030407084,1,0.0666961503531085,0.0666961503531085,0.0,634.6631156631097,634.6631156631097,0.0,3.784389751502239,3.784389751502239,0.0,2,0.2133160583746924,0.4029832991936941,0.1896672408190016,1214.2535754978671,2352.5071509957343,1138.2535754978671,2.8741021251992542,2.84284972242807,0.031252402771184,0.4593717283199163,3.408839853990858,0.8912298658632842,3.2613166284055533,0.7942906738066876,2.373220733345572,99.95362856480408,99.95362856480408,99.95362856480408,0,0.0,0.0,0.0,12.0,3.0,5.0,0.0,0.0,0.0,8.8505,0.0,8.8505
0,-0.5000000000000004,-0.9975640502598242,12,17.733333333333334,2019-12-18 17:44:00.000,0,0.0,1,0.0818083819324968,0.0818083819324968,0.0,22.0,22.0,0.0,33.775434477098855,33.775434477098855,0.0,1,1.2318533251389925,1.2318533251389925,0.0,2705.9032584225915,2705.9032584225915,0.0,29.88923094153077,29.88923094153077,0.0,8.555437710593015,35.367341955930385,22.0680227248165,31.672846621885096,486.9976269830176,28.905196308347666,1,0.015729132209891,0.015729132209891,0.0,618.0,618.0,0.0,0.7081606746953794,0.7081606746953794,0.0,2,0.0269229420442789,0.0275877238818655,0.0006647818375866,1363.5298133670542,1457.7714641887828,94.24165082172864,0.6667941291613986,0.6597266175176859,0.0070675116437126,0.0275543111473558,0.639984455495236,0.129478969192184,0.6823353054324961,0.0167648034630705,0.429799329889925,1,2.060446261992709,2.060446261992709,0.0,266.0,266.0,0.0,127.79678104608328,127.79678104608328,0.0,1,52.33318101965804,52.33318101965804,0.0,4068.618611546409,4068.618611546409,0.0,75.46360002642524,75.46360002642524,0.0,27.002621241236085,127.3022118604723,124.7176804576477,98.92655166221832,15554.49981873592,61.42646042488035,1,0.0428641606325443,0.0428641606325443,0.0,312.0,312.0,0.0,2.887099980344461,2.887099980344461,0.0,2,0.0022430983607153,0.0035522863396346,0.0013091879789193,37.0,68.0,31.0,2.3137498356832413,2.250625276854018,0.0631245588292233,0.2852036627351176,2.699804637571368,0.5291500980614204,2.6370945133274875,0.2799998262784108,2.084595826358077,99.95362856480408,99.95362856480408,99.95362856480408,0,1.0,0.0,1.0,25.0,4.0,13.0,3.0,3.0,3.0,0.0,0.0,0.0
0,-0.5000000000000004,-0.9975640502598242,12,17.733333333333334,2019-12-28 17:44:00.000,0,0.0,1,0.8237466337788888,0.8237466337788888,0.0,262.0,262.0,0.0,43.38240206830904,43.38240206830904,0.0,1,0.4809963873303644,0.4809963873303644,0.0,1481.9667304611396,1481.9667304611396,0.0,36.60302303721585,36.60302303721585,0.0,4.422799737215854,42.62117858165958,10.747466117788488,39.18928896744348,115.50802795301156,35.13341321375646,1,0.0182078689317808,0.0182078689317808,0.0,382.0,382.0,0.0,0.910924715957118,0.910924715957118,0.0,1,0.128661618976885,0.128661618976885,0.0,3348.4578483165656,3348.4578483165656,0.0,0.7309480082298205,0.7309480082298205,0.0,0.0279514479240928,0.7199502319539769,0.2062740664835755,0.7797338835709602,0.0425489905036705,0.3846012030073014,1,1.125572642422469,1.125572642422469,0.0,4.0,4.0,0.0,183.7590432188716,183.7590432188716,0.0,1,30.852835763090127,30.852835763090127,0.0,3765.731895310714,3765.731895310714,0.0,123.19941178904784,123.19941178904784,0.0,21.26817877334868,166.65232557559685,74.52388833088509,141.363673244572,5553.809931954231,101.00185464155363,2,0.1306332325561061,0.2595807995377508,0.1289475669816446,962.8074144794156,1923.614828958831,960.8074144794156,3.2442023819841643,3.248756756549631,0.0045543745654668,1,0.3007511570561743,0.3007511570561743,0.0,3295.2062259356694,3295.2062259356694,0.0,2.9388968503625232,2.9388968503625232,0.0,0.2659503659152383,3.1103651797550294,0.5197814738445273,3.0745287251651665,0.270172780551989,2.425734615208711,99.95362856480408,99.95362856480408,99.95362856480408,0,1.0,1.0,1.0,11.0,6.0,6.0,1.0,0.0,1.0,0.0,0.0,0.0
0,0.0,0.6461239796429641,1,9.316666666666666,2020-01-06 09:19:00.000,0,0.0,1,0.0643583966650638,0.0643583966650638,0.0,6.0,6.0,0.0,51.09001390991499,51.09001390991499,0.0,1,5.272376878203101,5.272376878203101,0.0,2280.1163229442864,2280.1163229442864,0.0,28.45742603443393,28.45742603443393,0.0,54.88103606394102,49.34068050318488,423.151498807082,36.25330252704856,179057.19094267994,27.714143904505804,1,0.0004893882238073,0.0004893882238073,0.0,2.0,2.0,0.0,0.7485675254904396,0.7485675254904396,0.0,1,8.98961535208409e-05,8.98961535208409e-05,0.0,2.0,2.0,0.0,0.4321721541522381,0.4321721541522381,0.0,0.0417917383282714,0.631111929362722,0.1940765658417561,0.6358025022766765,0.0376657134089295,0.3597972344348711,1,27.465144450413845,27.465144450413845,0.0,1175.7782250017167,1175.7782250017167,0.0,380.0001827312415,380.0001827312415,0.0,1,4.255312298452509,4.255312298452509,0.0,592.0,592.0,0.0,62.14985722648044,62.14985722648044,0.0,104.3787499664493,223.0020535996124,698.4648788644422,103.31750195806892,487853.18700712,51.65126449560159,1,0.4608387790627786,0.4608387790627786,0.0,1526.1025367715642,1526.1025367715642,0.0,5.132736178296555,5.132736178296555,0.0,1,0.0005188345359221,0.0005188345359221,0.0,6.0,6.0,0.0,2.101341360199088,2.101341360199088,0.0,0.647695539465453,3.877268200362878,1.573901001536625,3.671149125562106,2.477164362637992,2.0921680843928137,99.95362856480408,99.8840714120102,99.95362856480408,0,0.0,0.0,0.0,11.0,3.0,6.0,0.0,0.0,0.0,0.0,0.0,0.0
0,0.0,0.6461239796429641,1,9.316666666666666,2020-01-16 09:19:00.000,0,0.0,1,4.760944652685964,4.760944652685964,0.0,3343.6538303190205,3343.6538303190205,0.0,44.41241476481196,44.41241476481196,0.0,1,0.0704526102978633,0.0704526102978633,0.0,132.0,132.0,0.0,39.03015463502496,39.03015463502496,0.0,7.175771858879959,43.47986140365063,14.719987026884729,40.88807275809176,216.6780180716547,37.18765637203527,1,0.0120957075858182,0.0120957075858182,0.0,198.0,198.0,0.0,0.821662350330159,0.821662350330159,0.0,1,0.0049474465855602,0.0049474465855602,0.0,36.0,36.0,0.0,0.6111344250792524,0.6111344250792524,0.0,0.0425290635480534,0.7150255784393924,0.1800736911310656,0.7288493915296637,0.0324265342375664,0.4530849011055927,2,16.3163650452573,32.54843152337219,16.232066478114888,1106.068855934284,2210.137711868568,1104.068855934284,261.7077836006158,264.393585738365,2.6858021377492207,1,6.148726061066753,6.148726061066753,0.0,348.0,348.0,0.0,216.87614785801384,216.87614785801384,0.0,36.68083265718949,249.3351525620963,68.42627687579706,240.15079546018995,4682.15536708324,171.98407812600823,2,0.0709443152694069,0.1334694102088716,0.0625250949394646,907.4048588255988,1725.8097176511974,818.4048588255987,3.901660388239308,3.9200277308409386,0.018367342601631,2,0.0120341100132999,0.0138483049582616,0.0018141949449617,89.5,109.0,19.5,3.538950168647082,3.508922268790118,0.0300278998569638,0.5244294627469648,3.8394407803054698,1.0268356010558286,3.744084799488452,1.0543913515956849,2.8494566177168457,99.95362856480408,99.86088569441225,99.95362856480408,0,0.0,0.0,0.0,9.0,5.0,5.0,0.0,0.0,0.0,0.0,0.0,0.0
0,0.0,0.6461239796429641,1,9.316666666666666,2020-01-26 09:19:00.000,0,0.0,1,1.1964459682482629,1.1964459682482629,0.0,803.0414858760091,803.0414858760091,0.0,35.28746463967797,35.28746463967797,0.0,1,1.89164900022908,1.89164900022908,0.0,3687.1610385980175,3687.1610385980175,0.0,33.335077575716774,33.335077575716774,0.0,53.65226406222757,47.57842159546074,262.1782603535247,34.193388495833304,68737.44020200058,31.553245855398117,1,0.1414927881275683,0.1414927881275683,0.0,1936.7297558908745,1936.7297558908745,0.0,0.9648457012158794,0.9648457012158794,0.0,2,0.0435541439428582,0.0657942010386899,0.0222400570958317,1406.9883058373885,2402.41673047333,995.4284246359416,0.7915193057436845,0.7830773960425365,0.0084419097011479,0.0417405086312356,0.8099494506189427,0.2077153795235096,0.8416228254026545,0.0431456788905956,0.4847968521794196,1,30.61000034733513,30.61000034733513,0.0,767.8318920318056,767.8318920318056,0.0,141.8327821607614,141.8327821607614,0.0,1,2.348348032888857,2.348348032888857,0.0,692.5314127577248,692.5314127577248,0.0,60.57136050083731,60.57136050083731,0.0,122.2597698034118,122.87006344436864,481.7121716656576,76.95414155464488,232046.616330844,46.10573921797205,2,0.0012614314609467,0.0018053172802132,0.0005438858192665,3.0,4.0,1.0,3.265072747564869,3.3216798934639025,0.0566071458990333,2,0.1736740717845086,0.3470562013515796,0.173382129567071,1204.5211322332573,2405.0422644665146,1200.5211322332573,2.562324744552765,2.465527239338153,0.0967975052146117,1.2005832399128535,3.0843282565579844,4.786748892317408,2.8351818581908024,22.91296495810193,2.074105018654044,99.81451425921632,99.67539995362856,99.95362856480408,0,0.0,0.0,0.0,13.0,3.0,6.0,2.0,0.0,1.0,0.0,0.0,0.0
0,0.49999999999999994,-0.4461978131098095,2,22.233333333333334,2020-02-02 22:14:00.000,0,0.0,1,0.0747019153035069,0.0747019153035069,0.0,6.0,6.0,0.0,90.18203467581628,90.18203467581628,0.0,1,1.1940822617997142,1.1940822617997142,0.0,126.0,126.0,0.0,34.31154385786039,34.31154385786039,0.0,298.3879951961352,82.51213283902145,1478.626064924753,41.64680772124237,2186335.039874861,31.184731871666173,1,0.0005766731254217,0.0005766731254217,0.0,4.0,4.0,0.0,1.0641435522937188,1.0641435522937188,0.0,2,0.0011097428249767,0.0020970615854221,0.0009873187604453,7.0,12.0,5.0,0.6345695207970707,0.5939616173397242,0.0406079034573466,0.0471496666972801,0.733615921955043,0.2322808284297617,0.7569719847804376,0.0539543832560163,0.4024640623038508,1,458.7181519415661,458.7181519415661,0.0,2002.668691494572,2002.668691494572,0.0,779.5256842776944,779.5256842776944,0.0,1,51.8626892457109,51.8626892457109,0.0,1636.0743410327036,1636.0743410327036,0.0,268.8764867255593,268.8764867255593,0.0,57.3571356666288,454.822017593482,320.66211224270074,341.2650595378645,102824.1902279504,168.11690703096602,1,0.0202211828328096,0.0202211828328096,0.0,52.0,52.0,0.0,4.207890581445763,4.207890581445763,0.0,2,0.0119627707961936,0.0234829462538297,0.011520175457636,37.0,64.0,27.0,1.613241513924065,1.5437588662924584,0.0694826476316067,0.475018441923576,2.628120320416324,1.172220180621922,2.3767380884481053,1.374100151857292,1.356256008215959,95.82657083236728,99.90725712960815,99.95362856480408,0,0.0,0.0,0.0,10.0,0.0,8.0,1.0,0.0,1.0,0.0,0.0,0.0
0,0.49999999999999994,-0.4461978131098095,2,22.233333333333334,2020-02-12 22:14:00.000,0,0.0,2,3.621868169909593,7.190322517448671,3.568454347539077,1194.686911509379,2384.373823018758,1189.686911509379,60.60773569590983,62.2645941307142,1.65685843480437,2,1.9089145397396368,3.556165700581332,1.6472511608416944,1098.12336548646,1916.24673097292,818.12336548646,52.99272457344488,51.42082544018865,1.5718991332562204,6.74898267886227,58.236372425031846,22.13710360228566,56.38899865563064,490.0513558983288,46.39176014234881,2,0.0338108036078352,0.0655959761911784,0.0317851725833431,735.86753732495,1443.7350746499,707.86753732495,0.6264430073752201,0.6555208805229222,0.0290778731477021,2,0.048495119338379,0.0927716626238046,0.0442765432854256,1774.652513625956,3362.488102929951,1587.8355893039948,0.5186872551514827,0.5045934716037134,0.0140937835477693,0.0362221510395508,0.5453291519344946,0.1403638037562098,0.5518901186838371,0.0197019974049117,0.3376779754765067,1,21.177133798011027,21.177133798011027,0.0,775.6583124285789,775.6583124285789,0.0,707.4028785394964,707.4028785394964,0.0,1,94.95427412691538,94.95427412691538,0.0,1663.9374103797586,1663.9374103797586,0.0,579.5608330663877,579.5608330663877,0.0,33.73747662920208,643.3657393464194,111.22055731214434,640.3052167867427,12370.012368823984,494.448874170191,1,0.4413105230469183,0.4413105230469183,0.0,1758.8626535915305,1758.8626535915305,0.0,2.685364093879753,2.685364093879753,0.0,1,0.0525203690686448,0.0525203690686448,0.0,680.0,680.0,0.0,1.1904779473828515,1.1904779473828515,0.0,0.2872153536985377,2.0140630263570283,0.7846390901454314,1.8981012963071613,0.6156585017842504,1.0903431916644657,99.95362856480408,99.95362856480408,99.95362856480408,0,0.0,0.0,0.0,5.0,2.0,3.0,0.0,0.0,0.0,0.0,0.0,0.0
0,0.49999999999999994,0.3665012267242976,2,10.566666666666666,2020-02-20 10:34:00.000,0,0.0,1,1.8420899023570456,1.8420899023570456,0.0,811.9670042002258,811.9670042002258,0.0,43.59778272219159,43.59778272219159,0.0,1,0.5449397795095408,0.5449397795095408,0.0,684.0,684.0,0.0,34.113957164959984,34.113957164959984,0.0,3.8615904949884174,41.61220390770247,9.364310490763474,39.74635375286741,87.69031096742286,31.744838204781,2,0.0001207337674754,0.0001802860485947,5.955228111934052e-05,2.5,3.0,0.5,0.4621363893910745,0.4912056205241251,0.0290692311330506,1,0.0462675772029432,0.0462675772029432,0.0,2588.181323278277,2588.181323278277,0.0,0.3850213809353646,0.3850213809353646,0.0,0.022866659564028,0.4140450424480968,0.0949275059873833,0.4199875592293247,0.0090112313929847,0.2744310571156803,1,108.1502250263764,108.1502250263764,0.0,2111.741089865829,2111.741089865829,0.0,404.4047000176421,404.4047000176421,0.0,1,4.781556171805164,4.781556171805164,0.0,238.0,238.0,0.0,257.2100931711834,257.2100931711834,0.0,78.10739532495077,362.57109914439,366.9341522906918,350.01931920157216,134640.6721172886,225.90967206281772,2,0.1612773267460505,0.3223616683144947,0.1610843415684442,477.8999241020366,953.7998482040732,475.8999241020366,3.821734460095669,3.928152960269422,0.1064185001737536,1,0.6138108732285352,0.6138108732285352,0.0,3559.63936370925,3559.63936370925,0.0,3.1015050866933795,3.1015050866933795,0.0,10599.93037312748,1232.5202931118508,40100.19661803416,3.486138213146368,1608025768.8049977,2.254348688391434,99.53628564804082,96.42939948991422,99.95362856480408,0,0.0,0.0,0.0,6.0,3.0,3.0,0.0,0.0,0.0,0.0,0.0,0.0
0,0.8660254037844386,0.21217767215644623,3,0.8166666666666667,2020-03-01 00:49:00.000,0,0.0,1,0.016011865699852,0.016011865699852,0.0,2.0,2.0,0.0,49.02205109770299,49.02205109770299,0.0,1,0.0004091917698119,0.0004091917698119,0.0,4.0,4.0,0.0,24.08350614160782,24.08350614160782,0.0,9.36514743023867,42.30025083371273,21.173542510189225,37.74786807607715,448.3189024307901,24.40369010611381,2,0.0063957588617319,0.0123591280326713,0.0059633691709394,350.5,697.0,346.5,0.4461188234998817,0.4514768672686554,0.0053580437687736,1,0.0002083204331046,0.0002083204331046,0.0,14.0,14.0,0.0,0.373036965225841,0.373036965225841,0.0,0.0346542373325877,0.4173689040018153,0.1206852923235236,0.4284206223090974,0.0145649397832143,0.2506631886385091,1,65.5802891594563,65.5802891594563,0.0,2164.84237525434,2164.84237525434,0.0,428.3403507158432,428.3403507158432,0.0,1,10.359555887651908,10.359555887651908,0.0,552.0,552.0,0.0,156.77178779151072,156.77178779151072,0.0,46.36420301677073,326.33258239664434,142.90036996452014,325.28838074890643,20420.515735996727,143.6936941531399,1,1.2159339019414004,1.2159339019414004,0.0,2717.283534346107,2717.283534346107,0.0,5.435702172463593,5.435702172463593,0.0,1,0.0004256987774788,0.0004256987774788,0.0,2.0,2.0,0.0,2.0984395169073915,2.0984395169073915,0.0,9.82996766957029,5.834238682963812,80.79200211889427,4.035696721157717,6527.347606379417,1.969809176919264,95.59471365638768,98.86389983769998,99.95362856480408,0,0.0,0.0,0.0,3.0,2.0,2.0,1.0,0.0,1.0,0.0,0.0,0.0
0,0.8660254037844386,0.21217767215644623,3,0.8166666666666667,2020-03-11 00:49:00.000,0,0.0,1,0.0201045388237872,0.0201045388237872,0.0,4.0,4.0,0.0,82.4640847726276,82.4640847726276,0.0,1,0.0109118381006183,0.0109118381006183,0.0,4.0,4.0,0.0,31.5544987699844,31.5544987699844,0.0,5.171268492452648,60.28655770413018,24.57732002701205,59.43061241122958,604.0446597101676,30.743559454663195,1,0.0706815431888082,0.0706815431888082,0.0,2096.860325020033,2096.860325020033,0.0,0.497452389695502,0.497452389695502,0.0,1,0.0003721588064446,0.0003721588064446,0.0,2.0,2.0,0.0,0.3773892451033026,0.3773892451033026,0.0,0.0289932931165785,0.4508958081662606,0.1134524629756473,0.4618650765477505,0.0128714613552406,0.2775375417640077,1,0.352972019571439,0.352972019571439,0.0,6.0,6.0,0.0,693.9709596464332,693.9709596464332,0.0,1,0.6779052155950467,0.6779052155950467,0.0,20.0,20.0,0.0,184.255633685706,184.255633685706,0.0,27.32303228781307,477.2247155706446,208.33613043127792,463.3784807526719,43403.94324307845,190.31083998157465,1,0.0613641489336238,0.0613641489336238,0.0,154.0,154.0,0.0,3.3423215885129025,3.3423215885129025,0.0,1,0.1059575672766941,0.1059575672766941,0.0,905.3307265765015,905.3307265765015,0.0,2.778893476421894,2.778893476421894,0.0,7.6532389593448835,3.829041865316784,47.36214696560348,2.97100266062115,2243.172965191423,2.356432642357718,99.95362856480408,99.7681428240204,99.95362856480408,0,0.0,0.0,0.0,6.0,3.0,3.0,0.0,0.0,0.0,0.0,0.0,0.0
0,0.8660254037844386,0.9702957262759965,3,6.933333333333334,2020-03-24 06:56:00.000,0,0.0,1,19.803684695085693,19.803684695085693,0.0,1779.866720988382,1779.866720988382,0.0,73.90803236416986,73.90803236416986,0.0,1,0.0110770741189867,0.0110770741189867,0.0,2.0,2.0,0.0,23.42969324826477,23.42969324826477,0.0,9.660055238952223,51.08308571435616,35.89259965849598,37.979201475764334,1288.278710245066,24.62221335620788,2,0.000330239810619,0.000340635869527,1.0396058908013206e-05,7.0,10.0,3.0,0.5323253057624948,0.6066556740717237,0.0743303683092289,1,0.0463773159211283,0.0463773159211283,0.0,3267.26577102637,3267.26577102637,0.0,0.4075078182632758,0.4075078182632758,0.0,0.0387666136391577,0.4556808675630697,0.1270415656258796,0.439077730654191,0.0161395593966746,0.3098191701719517,1,110.8656191306062,110.8656191306062,0.0,2998.340358102192,2998.340358102192,0.0,358.34112429140487,358.34112429140487,0.0,1,2.1360861749812727,2.1360861749812727,0.0,138.0,138.0,0.0,219.92698630089257,219.92698630089257,0.0,26.474224402127792,275.0164773588983,105.34409908824482,264.57304940296893,11097.379212713942,140.36572141153965,1,1.1131349837089508,1.1131349837089508,0.0,2825.0239197434094,2825.0239197434094,0.0,4.28003068676464,4.28003068676464,0.0,1,0.2841555501340322,0.2841555501340322,0.0,442.0,442.0,0.0,2.215302741351302,2.215302741351302,0.0,32.469632321660924,9.196294757810664,144.68207744905362,3.345405776537636,20932.90353497395,1.6377234898680693,99.95362856480408,78.69232552747508,99.95362856480408,0,3.0,0.0,2.0,2.0,0.0,1.0,0.0,0.0,0.0,0.0,0.0,0.0
1,0.5000000000000003,0.5519369853120583,6,9.766666666666667,2020-06-08 09:46:00.000,0,0.0,1,40.069421658946176,40.069421658946176,0.0,3528.9515278506306,3528.9515278506306,0.0,75.25985732534463,75.25985732534463,0.0,1,2.976072523092803,2.976072523092803,0.0,134.0,134.0,0.0,35.19043566639845,35.19043566639845,0.0,71.98849556833154,93.632399534006,99.0239142875202,44.426385916461946,9805.735600822149,23.312086804061764,1,0.0017995671245851,0.0017995671245851,0.0,8.0,8.0,0.0,0.9020453592958444,0.9020453592958444,0.0,1,0.2257273919611683,0.2257273919611683,0.0,2343.120954771201,2343.120954771201,0.0,0.6290453544857726,0.6290453544857726,0.0,0.2237537812953651,0.8514885903786599,0.4305970196949805,0.7884620202519161,0.1854137933701994,0.3498928848334517,2,60.42277972200709,114.43264998253647,54.00987026052938,852.2967953588377,1554.5935907176754,702.2967953588377,265.85575621064044,301.29354207422426,35.43778586358381,1,8.213896004019475,8.213896004019475,0.0,1750.2373633281118,1750.2373633281118,0.0,109.80041553460796,109.80041553460796,0.0,190.87677777409425,285.861092449926,277.57945016049194,149.10557870686128,77050.35115140103,87.17765048169575,2,0.4064948000673292,0.8099131368973933,0.4034183368300641,1996.7892669613668,3980.5785339227336,1983.7892669613668,2.5722697766070644,2.731492099519128,0.1592223229120635,2,0.0035102257402456,0.0044769688039092,0.0009667430636636,21.870851489713004,27.74170297942601,5.870851489713004,1.922385914019768,1.7833856780491768,0.139000235970591,10.491147043981092,4.560110771265891,87.85634711862662,2.273403475652168,7718.73772902861,1.618464229445982,84.51194064456294,99.79132854161836,99.95362856480408,0,0.0,0.0,0.0,10.0,5.0,5.0,0.0,0.0,0.0,26.2087,7.0207,12.1673
1,0.5000000000000003,-0.6593458151000685,6,14.75,2020-06-14 14:45:00.000,0,0.0,1,20.28390447963389,20.28390447963389,0.0,1299.8413283003397,1299.8413283003397,0.0,81.11468259091018,81.11468259091018,0.0,1,4.829820543374403,4.829820543374403,0.0,823.7030121367354,823.7030121367354,0.0,34.32949616536035,34.32949616536035,0.0,74.98600788605937,102.66514236317144,109.21021968706006,50.84027344929622,11926.87208409592,21.350935077343028,1,0.0818540339197564,0.0818540339197564,0.0,759.0,759.0,0.0,0.8605555631092489,0.8605555631092489,0.0,1,0.1420579021582466,0.1420579021582466,0.0,989.5558611340762,989.5558611340762,0.0,0.5528360586812054,0.5528360586812054,0.0,0.316249122277989,0.862033261384476,0.5641084905881224,0.7211096227185777,0.3182183891536098,0.311579149035187,1,4.951333323623175,4.951333323623175,0.0,1010.2266437828158,1010.2266437828158,0.0,121.22272219200988,121.22272219200988,0.0,1,0.1750208141160101,0.1750208141160101,0.0,8.0,8.0,0.0,107.61878633841108,107.61878633841108,0.0,264.8320733347886,237.9096944471524,272.75552702687315,114.78813164584808,74395.57752370734,87.53885872862386,1,0.1469428080888599,0.1469428080888599,0.0,1593.257377071738,1593.257377071738,0.0,2.6231127240879526,2.6231127240879526,0.0,1,0.0063058612924846,0.0063058612924846,0.0,54.0,54.0,0.0,2.4795239905984023,2.4795239905984023,0.0,6.364988136585382,3.170176780320266,65.89136591290428,2.167849978176648,4341.672101868243,0.8540608636720711,60.30605147229306,47.90169255738465,79.5965685137955,0,1.0,0.0,1.0,7.0,3.0,3.0,0.0,0.0,0.0,86.27879999999999,45.7268,45.7268
1,0.5000000000000003,-0.5187732581605214,6,21.916666666666668,2020-06-23 21:55:00.000,0,0.0,1,16.93823480821348,16.93823480821348,0.0,1755.3417598337787,1755.3417598337787,0.0,65.01215231355778,65.01215231355778,0.0,1,14.358711215899788,14.358711215899788,0.0,2589.161600820293,2589.161600820293,0.0,40.56140571952668,40.56140571952668,0.0,32.44189991497843,60.95585008186238,155.6567005549819,49.303025552517134,24229.008427663302,33.250188000036374,1,0.0907426400653328,0.0907426400653328,0.0,1769.2209322274337,1769.2209322274337,0.0,0.9285552698689848,0.9285552698689848,0.0,1,0.0611245643876232,0.0611245643876232,0.0,735.8382585252934,735.8382585252934,0.0,0.6500318283091606,0.6500318283091606,0.0,0.0573353966775241,0.7690223255386912,0.2387464229656201,0.7769897465907418,0.0569998544788788,0.4301426370175232,0,0.0,0.0,0.0,0.0,0.0,0.0,0.0,0.0,0.0,0,0.0,0.0,0.0,0.0,0.0,0.0,0.0,0.0,0.0,102.49885778359528,221.23700489914245,392.9031965159727,200.94330207636835,154372.92183246906,150.16335400994436,1,2.06435641281276,2.06435641281276,0.0,248.0,248.0,0.0,2.9184172764848304,2.9184172764848304,0.0,4,1.5252442487704387,1.9393491324737944,0.2579047736198793,1062.3034116699305,1421.6391080545145,382.5429247046953,0.8540608636720709,0.8540608636720709,0.0,68.63824151864536,12.452425367632552,191.5880357643512,0.8540608636720709,36705.97544804232,0.854060863672071,99.95362856480408,0.0,99.95362856480408,0,2.0,0.0,1.0,3.0,0.0,2.0,0.0,0.0,0.0,0.0,0.0,0.0
1,1.2246467991473532e-16,-0.5187732581605214,7,21.916666666666668,2020-07-03 21:55:00.000,0,0.0,1,6.553180026380545,6.553180026380545,0.0,1371.6300130219342,1371.6300130219342,0.0,71.60679070821297,71.60679070821297,0.0,2,0.1703870181995377,0.2470723036859183,0.0766852854863806,101.0,158.0,57.0,40.0809463340578,38.0756464693949,2.0052998646628986,12.350231771626447,61.72191600509004,26.490871349199324,55.10869369320217,701.7662648398297,35.82302485681836,1,0.1371206546899227,0.1371206546899227,0.0,3333.8527487550245,3333.8527487550245,0.0,0.7691094174375921,0.7691094174375921,0.0,1,0.0017733637471194,0.0017733637471194,0.0,18.0,18.0,0.0,0.6271980421606168,0.6271980421606168,0.0,0.0340312707758231,0.6717626078994312,0.2003218642821606,0.6927960837433561,0.0401288493094804,0.3774309645329096,1,11.803010652964588,11.803010652964588,0.0,1372.093113576103,1372.093113576103,0.0,227.5627642862176,227.5627642862176,0.0,1,23.776689535747607,23.776689535747607,0.0,1717.0552400081376,1717.0552400081376,0.0,186.8934586328225,186.8934586328225,0.0,27.128608387673744,209.67441410788817,54.650930325901705,205.5909964483081,2986.7241854865624,144.32418998834012,1,0.3600402969916936,0.3600402969916936,0.0,2889.592369001393,2889.592369001393,0.0,3.479595588796939,3.479595588796939,0.0,2,0.8435075244397578,1.671116898763101,0.8276093743233435,317.0,608.0,291.0,1.7769775369563805,0.8540608636720709,0.9229166732843094,28.35262461451996,8.045134860434302,135.17595714735265,3.1063726711565978,18272.53939070292,1.3201706732867111,99.95362856480408,75.9795965685138,99.95362856480408,0,0.0,0.0,0.0,5.0,2.0,3.0,1.0,1.0,1.0,16.8597,7.8176,9.0421
1,1.2246467991473532e-16,-0.5187732581605214,7,21.916666666666668,2020-07-13 21:55:00.000,0,0.0,2,3.3872317338557245,6.583316911659992,3.196085177804268,471.6391025890839,915.2782051781678,443.6391025890839,66.8966429144276,70.02813835897982,3.131495444552211,1,7.805988280722566,7.805988280722566,0.0,2727.0281186628035,2727.0281186628035,0.0,43.579005499400665,43.579005499400665,0.0,39.55196307773063,67.58521909405701,97.66759752305356,50.02562226828786,9538.959605925176,29.60909113901173,1,0.0247764969651562,0.0247764969651562,0.0,764.3053059913544,764.3053059913544,0.0,0.8556353775582818,0.8556353775582818,0.0,1,0.000691684251148,0.000691684251148,0.0,2.0,2.0,0.0,0.496446458167961,0.496446458167961,0.0,0.0435143965926431,0.739363553881701,0.1940684704034353,0.773274369695875,0.037662571204729,0.4412748434129383,1,39.55240008662514,39.55240008662514,0.0,2297.3988945349456,2297.3988945349456,0.0,244.14889776910007,244.14889776910007,0.0,2,9.092681425456334,16.9406992036333,7.848017778176967,764.4745125567265,1506.949025113453,742.4745125567265,176.49744463088942,175.14122256231047,1.356222068578944,94.54569792354596,228.9945567610586,209.80287353840325,205.79780877931532,44017.24574497122,103.0261242270955,2,0.1614608551825558,0.2340168408839416,0.0725559857013857,1385.922334331358,2004.2168430485776,618.2945087172199,3.1753147313034185,3.214514723768552,0.0391999924651336,1,0.1707394859412621,0.1707394859412621,0.0,613.9207763561309,613.9207763561309,0.0,2.894307882610649,2.894307882610649,0.0,0.9446855801440146,3.268559774607249,1.1327119135342532,3.029689311190184,1.2830362790624292,2.212008308974664,99.95362856480408,99.8840714120102,99.95362856480408,0,0.0,0.0,0.0,10.0,2.0,5.0,0.0,0.0,0.0,28.6839,9.1886,10.3067
0,-0.5000000000000004,-0.992004949679715,12,18.483333333333334,2020-12-02 18:29:00.000,0,0.0,1,15.06789193439274,15.06789193439274,0.0,3897.568276089175,3897.568276089175,0.0,50.16192994442366,50.16192994442366,0.0,1,1.6727613094446738,1.6727613094446738,0.0,716.0,716.0,0.0,35.02080244699197,35.02080244699197,0.0,3.163494788194301,45.55383089541083,21.47665681871697,39.4108501538211,461.24678810894216,32.55689883588065,1,0.1747570277531142,0.1747570277531142,0.0,2792.703509593967,2792.703509593967,0.0,1.058128987780344,1.058128987780344,0.0,1,0.0006534266581528,0.0006534266581528,0.0,4.0,4.0,0.0,0.8220106646363431,0.8220106646363431,0.0,0.0521621221365175,0.9346761165193166,0.2241935123208998,0.9435082336831896,0.0502627309667814,0.617548650347521,1,113.36964108955408,113.36964108955408,0.0,3868.230915982542,3868.230915982542,0.0,240.83402748407232,240.83402748407232,0.0,1,10.102703122250574,10.102703122250574,0.0,1037.3728464622031,1037.3728464622031,0.0,127.46438639451824,127.46438639451824,0.0,14.75053712837444,180.6131036715988,70.53755577417566,168.94544292183883,4975.546774594941,93.25804176571678,1,0.4274764593427931,0.4274764593427931,0.0,2154.167367333954,2154.167367333954,0.0,3.145372222570378,3.145372222570378,0.0,2,0.1214974755002002,0.2425717137932053,0.121074238293005,548.6988369197157,1095.3976738394315,546.6988369197157,2.188872368112744,2.188366864656212,0.0005055034565322,0.3734656519707001,2.759460977567082,0.7666815153228236,2.6491656562792065,0.587800545937701,1.8309451331980244,99.95362856480408,99.8840714120102,99.95362856480408,0,3.0,1.0,2.0,2.0,0.0,1.0,0.0,0.0,0.0,0.0,0.0,0.0
0,-0.5000000000000004,-0.9975640502598243,12,18.266666666666666,2020-12-16 18:16:00.000,0,0.0,1,0.1400900996005418,0.1400900996005418,0.0,10.0,10.0,0.0,54.91407855499669,54.91407855499669,0.0,1,3.1653691625297142,3.1653691625297142,0.0,1830.049128647656,1830.049128647656,0.0,27.55986668905484,27.55986668905484,0.0,7.529637432563293,39.1400453976866,25.77080652949763,32.10671761009252,664.1344691807977,26.32371938367619,1,0.0082447037624411,0.0082447037624411,0.0,208.0,208.0,0.0,1.1145967585021928,1.1145967585021928,0.0,1,0.0381376779083801,0.0381376779083801,0.0,2410.0465295466493,2410.0465295466493,0.0,0.7801070241664161,0.7801070241664161,0.0,0.047366893227116,0.829768373056054,0.2034676379625548,0.8228432835126649,0.0413990796980612,0.5574544167879153,1,3.388710034611961,3.388710034611961,0.0,154.0,154.0,0.0,393.4048050184074,393.4048050184074,0.0,1,46.3049881120204,46.3049881120204,0.0,2891.921586361825,2891.921586361825,0.0,140.85507134809055,140.85507134809055,0.0,21.29600063413539,228.9943993415607,119.92299278282334,177.3878861061866,14381.524197989098,118.42508713621382,1,0.0002756718569583,0.0002756718569583,0.0,2.0,2.0,0.0,3.429462395993293,3.429462395993293,0.0,1,0.0270457760225542,0.0270457760225542,0.0,64.0,64.0,0.0,0.9576561947372682,0.9576561947372682,0.0,7.834886749915781,4.0433409641199765,67.07801736336057,2.7588592613629297,4499.460413399303,0.9449477783831252,99.95362856480408,99.7217713888245,99.95362856480408,0,11.0,4.0,5.0,26.0,19.0,19.0,1.0,0.0,1.0,0.0,0.0,0.0
0,-0.5000000000000004,-0.9975640502598243,12,18.266666666666666,2020-12-26 18:16:00.000,0,0.0,1,23.539323788909982,23.539323788909982,0.0,3191.344110530841,3191.344110530841,0.0,137.93413063420104,137.93413063420104,0.0,1,2.605858294663946,2.605858294663946,0.0,490.0,490.0,0.0,85.26370522310795,85.26370522310795,0.0,5.097589886266412,117.74440508859848,23.45456323034695,121.75012385555942,550.1165363263432,80.3418646768763,1,0.3235076053600481,0.3235076053600481,0.0,2422.7426252707205,2422.7426252707205,0.0,1.4478130023316522,1.4478130023316522,0.0,1,0.0309580721333131,0.0309580721333131,0.0,311.6523310881587,311.6523310881587,0.0,1.0516395036953123,1.0516395036953123,0.0,0.0589672204297488,1.2026940759262756,0.297552643006037,1.188914577153458,0.0885375753598781,0.7986279857950235,1,125.59798393060088,125.59798393060088,0.0,3200.2251366878418,3200.2251366878418,0.0,845.0535828717213,845.0535828717213,0.0,1,21.200032719432443,21.200032719432443,0.0,502.0,502.0,0.0,555.9035860076713,555.9035860076713,0.0,29.72252603947463,736.5503866488143,129.36311460428152,752.7545418606994,16734.815420120474,532.4579806991758,1,0.1829521866557053,0.1829521866557053,0.0,1422.343694625983,1422.343694625983,0.0,2.6581888186621025,2.6581888186621025,0.0,2,0.1349005084285459,0.2675601652311039,0.1326596568025579,814.233701885049,1616.467403770098,802.233701885049,1.991190939297616,1.9799093438740736,0.0112815954235426,0.2929874068297058,2.348114978412863,0.6259577860705278,2.2930261305553765,0.3918231499423166,1.568144267676564,99.95362856480408,99.8840714120102,99.95362856480408,0,2.0,0.0,2.0,5.0,1.0,3.0,0.0,0.0,0.0,0.0,0.0,0.0
0,0.0,-0.9975640502598243,1,18.266666666666666,2021-01-05 18:16:00.000,0,0.0,1,38.453496404676414,38.453496404676414,0.0,3838.307499953648,3838.307499953648,0.0,96.1881350420567,96.1881350420567,0.0,1,0.9461444196110804,0.9461444196110804,0.0,356.0,356.0,0.0,57.734638637380286,57.734638637380286,0.0,8.137713223669069,77.99405863494131,31.45943164185976,79.63464680036854,989.6958392288471,49.514534811154846,1,0.080642780726742,0.080642780726742,0.0,1812.6212309881423,1812.6212309881423,0.0,1.176634946320791,1.176634946320791,0.0,1,0.000853492027099,0.000853492027099,0.0,6.0,6.0,0.0,0.8885605601624722,0.8885605601624722,0.0,0.048225416918892,1.0179333414717393,0.2533306156111554,1.051653521636581,0.0641764008059269,0.630235165567558,1,230.8168006434076,230.8168006434076,0.0,3767.3410487824,3767.3410487824,0.0,554.7990472142878,554.7990472142878,0.0,1,10.127191144420692,10.127191144420692,0.0,406.0,406.0,0.0,323.98224657088025,323.98224657088025,0.0,25.551792904344843,440.0903158524395,137.86710452943444,450.2655911104808,19007.33851133,260.45808353157884,1,0.0024235709119999,0.0024235709119999,0.0,4.0,4.0,0.0,1.965048983003932,1.965048983003932,0.0,2,0.2231555557526664,0.4456256602796065,0.22247010452694,1481.3886113659682,2949.7772227319365,1468.3886113659682,1.509526596709601,1.446591020818689,0.0629355758909121,0.2420888482640258,1.7932214103663884,0.5006003901561795,1.6672415976979231,0.2506007506245192,1.3262270017517122,100.02318571759795,99.8840714120102,99.95362856480408,0,0.0,0.0,0.0,2.0,2.0,2.0,3.0,0.0,2.0,0.0,0.0,0.0
0,0.0,-0.9975640502598243,1,18.266666666666666,2021-01-15 18:16:00.000,0,0.0,1,4.132239439148108,4.132239439148108,0.0,1126.2409938372675,1126.2409938372675,0.0,39.99340313617836,39.99340313617836,0.0,1,0.0367346336713367,0.0367346336713367,0.0,6.0,6.0,0.0,32.291781744077085,32.291781744077085,0.0,13.18511082588843,41.29539938155957,55.279811605303415,37.7478569427591,3055.8575711178382,30.34845810715223,2,0.0688619457496929,0.1307529189028521,0.0618909731531591,1470.0509040382672,2782.785216274181,1312.734312235914,1.0181998010108506,1.0330721729537573,0.0148723719429066,2,0.0017396711276573,0.0031013300614255,0.0013616589337681,34.0,66.0,32.0,0.7309771374625482,0.718264061304786,0.0127130761577621,0.0449562994920624,0.8840742980181587,0.2040205902639999,0.8913755298489261,0.0416244012516709,0.5943672812050814,2,20.81227729124328,40.07641762067277,19.26414032942949,593.3446407924462,1164.6892815848923,571.3446407924462,297.0401415612288,311.6483560624538,14.608214501225037,1,1.052354473390949,1.052354473390949,0.0,142.0,142.0,0.0,172.86604122437626,172.86604122437626,0.0,41.64758949392868,257.64741817249734,104.63023021841816,243.88754674274145,10947.48507555918,161.17183874034666,1,0.4171278420332274,0.4171278420332274,0.0,1354.316235534891,1354.316235534891,0.0,3.723532599583437,3.723532599583437,0.0,1,0.7527080768671939,0.7527080768671939,0.0,2397.34901493683,2397.34901493683,0.0,1.4108040990493194,1.4108040990493194,0.0,9.727930560912007,4.101108330219733,75.88237795018726,2.181663684341497,5758.135283375067,1.1468930805301412,100.02318571759795,99.42035706005102,99.95362856480408,0,0.0,0.0,0.0,5.0,3.0,3.0,0.0,0.0,0.0,0.0,0.0,0.0
0,0.0,-0.9975640502598243,1,18.266666666666666,2021-01-25 18:16:00.000,0,0.0,0,0.0,0.0,0.0,0.0,0.0,0.0,0.0,0.0,0.0,0,0.0,0.0,0.0,0.0,0.0,0.0,0.0,0.0,0.0,12.680764978847082,71.17329388909641,38.44806752927516,61.58902019082295,1478.2538967357027,46.86744095972339,0,0.0,0.0,0.0,0.0,0.0,0.0,0.0,0.0,0.0,0,0.0,0.0,0.0,0.0,0.0,0.0,0.0,0.0,0.0,0.093082079320887,1.1443597395963778,0.2819215757648598,1.1138360632064457,0.0794797748817415,0.7916598802197456,1,276.88315976568333,276.88315976568333,0.0,2642.118655731937,2642.118655731937,0.0,646.6297030832113,646.6297030832113,0.0,1,1.1291235416157406,1.1291235416157406,0.0,100.0,100.0,0.0,323.6513395282957,323.6513395282957,0.0,68.70302067740866,514.8155049812249,310.6276454599812,401.457717144365,96489.5341240118,281.2355776491214,1,0.0009778050210731,0.0009778050210731,0.0,2.0,2.0,0.0,2.8528336169160955,2.8528336169160955,0.0,1,0.3557558127673248,0.3557558127673248,0.0,3059.033483302367,3059.033483302367,0.0,1.3986280621714022,1.3986280621714022,0.0,0.2908265332981804,1.8992644219111077,0.7420681150388482,1.7622665512634128,0.5506650873573092,1.0220896434421312,0.0,99.83769997681428,99.95362856480408,0,0.0,0.0,0.0,9.0,0.0,6.0,0.0,0.0,0.0,0.0,0.0,0.0
0,0.49999999999999994,-0.9975640502598243,2,18.266666666666666,2021-02-04 18:16:00.000,0,0.0,1,0.8107172410736609,0.8107172410736609,0.0,567.0,567.0,0.0,47.88329157563592,47.88329157563592,0.0,1,0.0477933192021211,0.0477933192021211,0.0,126.0,126.0,0.0,34.23837652338449,34.23837652338449,0.0,7.499967591108584,45.266402050746144,14.329592502239311,42.89986335671881,205.33722128023317,33.898791615671435,1,0.000280050215469,0.000280050215469,0.0,6.0,6.0,0.0,1.0002608103278614,1.0002608103278614,0.0,1,0.0144354570270224,0.0144354570270224,0.0,230.0,230.0,0.0,0.7774588537155962,0.7774588537155962,0.0,0.0456274937762297,0.7985454633166575,0.2307520501024997,0.8142722635543904,0.0532465086265065,0.4551258870972776,1,68.14921605142672,68.14921605142672,0.0,2985.659468003892,2985.659468003892,0.0,368.43913777398313,368.43913777398313,0.0,2,0.1523629051665409,0.2169395426602705,0.0645766374937295,11.0,18.0,7.0,248.97801983967517,237.8751404749583,11.10287936471684,20.17601170182535,317.2157774822442,61.74272662456585,317.8387547161359,3812.164291035872,235.99702160563336,1,0.4560892345741942,0.4560892345741942,0.0,3441.3689347133104,3441.3689347133104,0.0,2.8823651846976404,2.8823651846976404,0.0,1,0.3607401633215472,0.3607401633215472,0.0,1549.0574425457562,1549.0574425457562,0.0,2.3067238462958244,2.3067238462958244,0.0,0.3912030158585034,2.724482302602963,0.7645173387471329,2.63113065940559,0.5844867612449983,1.794041758601438,68.88476698353814,99.8840714120102,99.95362856480408,0,10.0,10.0,10.0,3.0,0.0,3.0,3.0,1.0,2.0,0.0,0.0,0.0
0,0.49999999999999994,-0.9975640502598243,2,18.266666666666666,2021-02-14 18:16:00.000,0,0.0,1,0.0002467516759168,0.0002467516759168,0.0,2.0,2.0,0.0,39.92555462964822,39.92555462964822,0.0,1,0.0476227415874745,0.0476227415874745,0.0,34.0,34.0,0.0,34.979203553511624,34.979203553511624,0.0,2.7819847775576525,37.242919711510346,6.439608900206032,36.83376192610751,41.46856278761274,30.372563223155023,1,0.0003403926231557,0.0003403926231557,0.0,2.0,2.0,0.0,1.2039355323385217,1.2039355323385217,0.0,1,0.0004352864242622,0.0004352864242622,0.0,4.0,4.0,0.0,1.0048240409084186,1.0048240409084186,0.0,0.1984982697035515,1.064392922715626,0.4300467098129388,1.0716300488974628,0.1849401726209339,0.7447378825387636,1,0.0055220388553607,0.0055220388553607,0.0,2.0,2.0,0.0,336.32697504298574,336.32697504298574,0.0,1,0.1844201007785955,0.1844201007785955,0.0,2.0,2.0,0.0,321.61320091853634,321.61320091853634,0.0,13.745474765442507,318.2033950916045,35.87833916825259,315.52532193318814,1287.2552214721677,271.54875241741814,1,0.0005140822790173,0.0005140822790173,0.0,2.0,2.0,0.0,0.8447117177760933,0.8447117177760933,0.0,1,0.0042066223929622,0.0042066223929622,0.0,136.0,136.0,0.0,0.8068544765086268,0.8068544765086268,0.0,29.26515596842522,6.520291953095221,150.32855498546883,0.8540608636720709,22598.674444019125,0.7446437277418049,37.83909111987016,22.026431718061676,25.249246464178064,0,1.0,0.0,1.0,4.0,1.0,3.0,5.0,1.0,3.0,0.0,0.0,0.0
0,0.49999999999999994,-0.9975640502598243,2,18.266666666666666,2021-02-24 18:16:00.000,0,0.0,1,0.010088868496922,0.010088868496922,0.0,4.0,4.0,0.0,71.28004500110643,71.28004500110643,0.0,1,0.0058473059140169,0.0058473059140169,0.0,4.0,4.0,0.0,65.2841226217711,65.2841226217711,0.0,10.63787780866379,63.60716446887505,36.94795815390543,58.2408220753035,1365.1516117427468,50.35753596807678,1,0.001031096252877,0.001031096252877,0.0,2.0,2.0,0.0,0.9923620728361564,0.9923620728361564,0.0,1,0.0073634529134382,0.0073634529134382,0.0,26.0,26.0,0.0,0.8338766413611496,0.8338766413611496,0.0,0.091127231807652,0.992071391034974,0.3625763349384632,0.9179877180473136,0.1314615986574086,0.5810622482863954,1,71.99122557426477,71.99122557426477,0.0,2969.018009596064,2969.018009596064,0.0,556.8119835737256,556.8119835737256,0.0,1,0.1298992965051866,0.1298992965051866,0.0,8.0,8.0,0.0,475.2499445294642,475.2499445294642,0.0,36.69213653921851,509.8074133337591,107.19388215309768,502.6133241965736,11490.528371052193,391.3253263554549,1,0.4500133469002774,0.4500133469002774,0.0,3680.989886323288,3680.989886323288,0.0,1.9831486477442437,1.9831486477442437,0.0,2,0.0054882953149197,0.0108114256534401,0.0053231303385203,82.0,162.0,80.0,1.4664001857693414,1.39211604750805,0.0742841382612914,0.2685636468689948,1.746546262095195,0.535167697777867,1.6662584547756254,0.2864044647448623,1.1029898223229724,25.411546487363783,99.8840714120102,99.95362856480408,0,0.0,0.0,0.0,1.0,0.0,1.0,0.0,0.0,0.0,0.0,0.0,0.0
0,0.8660254037844386,-0.9975640502598243,3,18.266666666666666,2021-03-06 18:16:00.000,0,0.0,1,0.0088482872683357,0.0088482872683357,0.0,4.0,4.0,0.0,87.05915216982126,87.05915216982126,0.0,2,0.1923771551660209,0.3150714900469609,0.1226943348809399,45.0,74.0,29.0,65.00015038471076,64.71430460675725,0.2858457779535044,11.841031785539071,76.66386477740733,62.86183912699338,73.73082046015817,3951.610818427996,61.17147140676318,2,0.0057705816756121,0.0063797653387192,0.000609183663107,33.0,50.0,17.0,1.3999693586902944,1.405220315112973,0.0052509564226784,2,0.0354008351710897,0.0553052571816606,0.0199044220105709,460.5,787.0,326.5,0.9452624233332354,0.9149947016614,0.0302677216718355,0.0761392593642771,1.0271964530311366,0.2977640760184828,1.0388990024049076,0.0886634449671408,0.6079301073745593,1,42.90455383112487,42.90455383112487,0.0,1487.1753835249142,1487.1753835249142,0.0,673.6364733734731,673.6364733734731,0.0,1,0.1317336818174226,0.1317336818174226,0.0,2.0,2.0,0.0,481.7524478373506,481.7524478373506,0.0,32.389684323156104,576.4472186381213,127.13893584063705,560.3001729115736,16164.309006689622,451.1125384682409,1,0.1660753925531919,0.1660753925531919,0.0,2748.1957549199137,2748.1957549199137,0.0,1.959857335002661,1.959857335002661,0.0,1,0.0033363953529979,0.0033363953529979,0.0,48.0,48.0,0.0,1.5318182700483374,1.5318182700483374,0.0,0.149660367896906,1.8373993140802716,0.2917220719706295,1.821300053241876,0.0851017672748371,1.4679985172657863,75.9795965685138,99.83769997681428,99.95362856480408,0,1.0,0.0,1.0,0.0,0.0,0.0,3.0,1.0,2.0,0.0,0.0,0.0
0,0.8660254037844386,-0.9975640502598243,3,18.266666666666666,2021-03-16 18:16:00.000,0,0.0,1,0.0095522801504515,0.0095522801504515,0.0,2.0,2.0,0.0,52.4379411445066,52.4379411445066,0.0,1,0.0044875453568025,0.0044875453568025,0.0,2.0,2.0,0.0,39.18617236229098,39.18617236229098,0.0,7.602018525315626,50.93605150143786,15.300330643398876,49.37753149638097,234.10011779733068,38.62408347054794,1,0.0015773171078898,0.0015773171078898,0.0,8.0,8.0,0.0,0.9086857590646368,0.9086857590646368,0.0,1,0.0622173713489641,0.0622173713489641,0.0,1653.974833339003,1653.974833339003,0.0,0.5866242935393249,0.5866242935393249,0.0,0.0486872997489138,0.7193438610766523,0.2309288688879218,0.7340008645638261,0.0533281424858549,0.3782151651759579,1,17.898777109979676,17.898777109979676,0.0,1493.359137823833,1493.359137823833,0.0,366.304331323336,366.304331323336,0.0,1,0.1385439084169775,0.1385439084169775,0.0,10.0,10.0,0.0,259.89325087247323,259.89325087247323,0.0,17.179176915131197,335.73674279374075,76.02733434774589,335.6350187738193,5780.155568023943,248.400678152477,1,0.0220956376861352,0.0220956376861352,0.0,153.80120752322455,153.80120752322455,0.0,2.3093272804096614,2.3093272804096614,0.0,1,0.1867769385092816,0.1867769385092816,0.0,2026.558869658818,2026.558869658818,0.0,1.6842092800358244,1.6842092800358244,0.0,0.2029236348105546,1.9474246305286165,0.3762541910291923,1.8941446366318009,0.1415672162670319,1.4925078473164974,100.02318571759795,99.8840714120102,99.95362856480408,0,2.0,1.0,1.0,0.0,0.0,0.0,1.0,0.0,1.0,0.0,0.0,0.0
0,0.8660254037844386,-0.9975640502598243,3,18.266666666666666,2021-03-26 18:16:00.000,0,0.0,1,13.881378962510546,13.881378962510546,0.0,3767.957486054489,3767.957486054489,0.0,65.90464619970658,65.90464619970658,0.0,2,0.2084697096582424,0.395052314175615,0.1865826045173726,82.0,160.0,78.0,50.8582318969984,49.65946980272423,1.1987620942741763,12.215214881453788,65.26731213006063,33.44434408572141,57.03933303395462,1118.524151324129,46.20446466180003,1,0.0010564498278731,0.0010564498278731,0.0,38.0,38.0,0.0,0.8246594413918618,0.8246594413918618,0.0,2,0.034001612373692,0.067956288724681,0.0339546763509889,946.4801779158744,1888.9603558317483,942.4801779158744,0.6817822792802652,0.6621847573593304,0.0195975219209349,0.0603706232273291,0.7091448021851331,0.2189409054647966,0.7436444959724882,0.047935120085745,0.3856589380080945,1,50.16411776422825,50.16411776422825,0.0,1914.9576875150483,1914.9576875150483,0.0,429.062452397565,429.062452397565,0.0,2,0.3025946498790972,0.603740532501547,0.3011458826224498,41.780621265693696,81.56124253138739,39.780621265693696,335.148658012253,330.2182093208974,4.930448691355622,59.99444308044788,436.4026772932138,222.1540684689612,360.31161171816655,49352.43013731188,310.5206003212737,1,0.5551282744451678,0.5551282744451678,0.0,3116.478153160536,3116.478153160536,0.0,2.928686121122831,2.928686121122831,0.0,2,0.0954063498053487,0.1903234949346197,0.0949171451292709,341.6747922236884,681.3495844473769,339.6747922236884,2.055545414622828,2.005811614613396,0.0497338000094313,0.2007817186789335,2.5265882048099786,0.609097201459252,2.6252679841236795,0.3709994008254925,1.628183727721285,100.02318571759795,99.8840714120102,99.95362856480408,0,0.0,0.0,0.0,7.0,0.0,4.0,0.0,0.0,0.0,0.0,0.0,0.0
0,1.0,-0.9975640502598243,4,18.266666666666666,2021-04-05 18:16:00.000,0,0.0,1,1.1771451179363197,1.1771451179363197,0.0,68.0,68.0,0.0,124.4923752789644,124.4923752789644,0.0,1,15.637911089274567,15.637911089274567,0.0,3387.5219479085868,3387.5219479085868,0.0,52.240340055346806,52.240340055346806,0.0,8.901947976948348,76.81535679292031,37.10077874035703,65.35243881284929,1376.4677831409278,48.47807364336174,1,0.0356514292868421,0.0356514292868421,0.0,158.0,158.0,0.0,1.2980787218330403,1.2980787218330403,0.0,1,0.1902408436984491,0.1902408436984491,0.0,3151.255456917274,3151.255456917274,0.0,0.640476616443977,0.640476616443977,0.0,0.1095533605186856,0.8079547242247657,0.3382083012327432,0.755920622038862,0.114384855022738,0.4095967118876749,0,0.0,0.0,0.0,0.0,0.0,0.0,0.0,0.0,0.0,0,0.0,0.0,0.0,0.0,0.0,0.0,0.0,0.0,0.0,79.63017814913496,982.7674104319734,406.3784241444138,1119.586854301614,165143.4236100971,140.39188851983525,0,0.0,0.0,0.0,0.0,0.0,0.0,0.0,0.0,0.0,0,0.0,0.0,0.0,0.0,0.0,0.0,0.0,0.0,0.0,32.44920302472387,17.131148391696943,243.348116546936,0.8540608636720709,59218.305826941134,0.8540608636720711,100.02318571759795,0.0,41.34013447716207,0,0.0,0.0,0.0,2.0,1.0,1.0,0.0,0.0,0.0,0.0,0.0,0.0
0,1.0,-0.9975640502598243,4,18.266666666666666,2021-04-15 18:16:00.000,0,0.0,1,28.17709400236741,28.17709400236741,0.0,2758.1488023806364,2758.1488023806364,0.0,92.52242835101002,92.52242835101002,0.0,1,0.1410092927879205,0.1410092927879205,0.0,118.0,118.0,0.0,42.80397578748712,42.80397578748712,0.0,9.40270644796332,74.4458037810276,32.16665174934531,68.84210469797783,1034.69348476366,42.82533239495791,1,0.3118176985777956,0.3118176985777956,0.0,2259.891532386183,2259.891532386183,0.0,1.372614933395941,1.372614933395941,0.0,1,0.0004589011712526,0.0004589011712526,0.0,2.0,2.0,0.0,0.92758299753102,0.92758299753102,0.0,0.1112387972113491,1.1227447256149274,0.4319378154009673,1.109644253212429,0.1865702763733601,0.5497527825582851,1,125.20474791727838,125.20474791727838,0.0,1517.3795313112462,1517.3795313112462,0.0,704.1555706228107,704.1555706228107,0.0,1,0.7151505914950462,0.7151505914950462,0.0,70.0,70.0,0.0,266.9903275207116,266.9903275207116,0.0,66.4813119281892,573.4792824330127,305.3748948577374,537.3113836804783,93253.82640937416,260.99870863303283,1,0.2794964097042454,0.2794964097042454,0.0,1810.5772557941443,1810.5772557941443,0.0,1.8488234450572767,1.8488234450572767,0.0,1,0.000497147290611,0.000497147290611,0.0,9.0,9.0,0.0,1.5239573722611237,1.5239573722611237,0.0,4.986566940293828,2.4524632622580937,60.729305355190704,1.4706324280813767,3688.048528923994,0.8540608636720711,100.02318571759795,67.818223974032,91.97774171110596,0,1.0,0.0,1.0,0.0,0.0,0.0,0.0,0.0,0.0,18.849,12.566,12.566
0,1.0,-0.9975640502598243,4,18.266666666666666,2021-04-25 18:16:00.000,0,0.0,1,0.0395215081508197,0.0395215081508197,0.0,16.0,16.0,0.0,41.54405519371242,41.54405519371242,0.0,1,0.0105117562342371,0.0105117562342371,0.0,8.0,8.0,0.0,33.90127247332641,33.90127247332641,0.0,9.839718993909642,47.12644202970676,27.64201029782523,37.93478625923946,764.0807333050761,31.70705245985087,1,0.053384887176656,0.053384887176656,0.0,1463.198516540475,1463.198516540475,0.0,0.8301867073904396,0.8301867073904396,0.0,1,0.0002026022042785,0.0002026022042785,0.0,4.0,4.0,0.0,0.7532963052535186,0.7532963052535186,0.0,0.0338167488437427,0.7241196468139173,0.1959480101637712,0.7770167402819821,0.0383956226871414,0.4067872812276637,1,0.0488636166051037,0.0488636166051037,0.0,4.0,4.0,0.0,581.1903136726874,581.1903136726874,0.0,1,40.26685741773412,40.26685741773412,0.0,1881.781421501516,1881.781421501516,0.0,213.80188308242973,213.80188308242973,0.0,49.98218134761116,341.22696346079465,193.7974999899693,281.4376963509927,37557.47100236215,193.0533353915196,2,0.0007541750757067,0.0013162038989067,0.0005620288232,8.0,14.0,6.0,2.261980056557898,2.270437194770251,0.008457138212353,1,0.6330062054539067,0.6330062054539067,0.0,4263.979921802245,4263.979921802245,0.0,1.620516712891638,1.620516712891638,0.0,9.88136753502939,3.317304524609858,68.00486232238802,1.890674241987691,4624.661299486949,1.4021916977366569,36.33201947600278,98.53929979132856,99.95362856480408,0,6.0,1.0,4.0,2.0,0.0,2.0,2.0,2.0,2.0,0.0,0.0,0.0
1,0.8660254037844387,-0.9975640502598243,5,18.266666666666666,2021-05-05 18:16:00.000,0,0.0,1,14.153278669725715,14.153278669725715,0.0,1841.8671353349653,1841.8671353349653,0.0,77.0222663127326,77.0222663127326,0.0,1,0.2780276991470565,0.2780276991470565,0.0,300.0,300.0,0.0,29.34270257629253,29.34270257629253,0.0,4.077828870402202,53.416220092137415,22.872914937352174,50.78002917858154,523.1702377313484,28.5137099225986,1,0.1138698610971049,0.1138698610971049,0.0,1617.697684862274,1617.697684862274,0.0,1.0048373122861942,1.0048373122861942,0.0,1,0.0005342306193563,0.0005342306193563,0.0,6.0,6.0,0.0,0.6071224592286015,0.6071224592286015,0.0,0.0449106698028321,0.7584632092602579,0.2646190743445943,0.7508826251693659,0.0700232545069899,0.387339067303061,1,72.35917042196297,72.35917042196297,0.0,2183.1688120729877,2183.1688120729877,0.0,425.0647725640106,425.0647725640106,0.0,2,0.9904215712721368,1.3353986414405483,0.3449770701684116,169.0,204.0,35.0,167.41606373720228,165.3060738876341,2.1099898495681657,17.21311511579398,297.78898500473105,125.63662026285442,295.3672821934783,15784.56035107268,157.34890959674698,2,0.0188923022106459,0.036745272488472,0.017852970277826,394.5234331156262,785.0468662312524,390.5234331156262,2.0233474762176646,2.053885658874943,0.0305381826572781,1,0.227552208069949,0.227552208069949,0.0,2134.6947623864853,2134.6947623864853,0.0,1.451963669266908,1.451963669266908,0.0,7.02417103742447,3.01739950479816,59.4572990599308,1.7715947048866143,3535.1704115020475,1.1811839865284397,100.02318571759795,93.67029909575702,99.95362856480408,0,1.0,0.0,1.0,6.0,1.0,4.0,4.0,2.0,2.0,61.9894,41.3263,41.3263
1,0.8660254037844387,-0.9975640502598243,5,18.266666666666666,2021-05-15 18:16:00.000,0,0.0,1,2.337848318342239,2.337848318342239,0.0,1297.99567264191,1297.99567264191,0.0,41.269959536031045,41.269959536031045,0.0,1,2.2812942832192142,2.2812942832192142,0.0,1622.6905654219745,1622.6905654219745,0.0,22.85886231899029,22.85886231899029,0.0,10.090937048748458,37.98066575756599,37.25510526160134,33.24784449314945,1387.9428680529954,21.608046858244368,1,0.0658113730989411,0.0658113730989411,0.0,674.0,674.0,0.0,0.7321371961733075,0.7321371961733075,0.0,1,0.0628075595671338,0.0628075595671338,0.0,1534.8748772243794,1534.8748772243794,0.0,0.6268536513586729,0.6268536513586729,0.0,0.0498696848288916,0.6477553274324721,0.1918553551986949,0.6618949449706584,0.0368084773184173,0.3738182043564035,1,18.959032299001933,18.959032299001933,0.0,926.5025765480876,926.5025765480876,0.0,281.2020370410785,281.2020370410785,0.0,1,28.773899977816484,28.773899977816484,0.0,1962.044162811159,1962.044162811159,0.0,139.407694590354,139.407694590354,0.0,31.64495271598765,239.06001567243453,148.5493764343003,208.68015721123416,22066.917239019454,119.51833599844367,1,0.0371837245272534,0.0371837245272534,0.0,174.0,174.0,0.0,3.5516945719211046,3.5516945719211046,0.0,1,1.457348008456095,1.457348008456095,0.0,3754.1883203212656,3754.1883203212656,0.0,2.025989799346761,2.025989799346761,0.0,0.423539860859607,2.99114133065107,1.0503440122245284,2.9440484293685074,1.1032225440159202,1.75876791990426,95.73382796197542,99.95362856480408,99.95362856480408,0,0.0,0.0,0.0,0.0,0.0,0.0,1.0,0.0,1.0,0.0,0.0,0.0
1,0.8660254037844387,-0.9975640502598243,5,18.266666666666666,2021-05-25 18:16:00.000,0,0.0,1,17.797791225201976,17.797791225201976,0.0,1470.2886976341074,1470.2886976341074,0.0,91.42640910625546,91.42640910625546,0.0,1,0.6668882055077603,0.6668882055077603,0.0,426.0,426.0,0.0,40.72899860717075,40.72899860717075,0.0,23.904555736347383,72.57479702840847,119.12438191034286,63.92327865033057,14190.618365521224,40.37754506770426,1,0.0985980660629366,0.0985980660629366,0.0,490.0,490.0,0.0,0.9676809490830588,0.9676809490830588,0.0,2,0.0464269906281502,0.0909553169396809,0.0445283263115307,387.5,771.0,383.5,0.6950689652104631,0.6919192767484488,0.0031496884620143,0.0532070505569468,0.7678551115426123,0.2837701524751261,0.7816473246942235,0.0805254994357563,0.3713371568553728,1,134.12554345432142,134.12554345432142,0.0,1283.5223171497637,1283.5223171497637,0.0,602.3831436899206,602.3831436899206,0.0,1,0.8476575479369899,0.8476575479369899,0.0,76.0,76.0,0.0,275.65735473167484,275.65735473167484,0.0,63.15520231763027,457.88692964592417,271.3804557385809,414.12224700653695,73647.35175687989,272.5161041188756,1,0.1763288908327598,0.1763288908327598,0.0,1169.4578741806768,1169.4578741806768,0.0,2.693118415034694,2.693118415034694,0.0,1,0.0212311489218934,0.0212311489218934,0.0,126.0,126.0,0.0,1.7145733437366566,1.7145733437366566,0.0,0.2127141500685424,2.185038809504539,0.6206487539963909,2.088915727127663,0.3852048758372725,1.509432542204494,100.02318571759795,99.95362856480408,99.95362856480408,0,0.0,0.0,0.0,1.0,0.0,1.0,0.0,0.0,0.0,0.0,0.0,0.0
1,0.5000000000000003,-0.6018150231520483,6,21.533333333333335,2021-06-09 21:32:00.000,0,0.0,1,28.356498651033853,28.356498651033853,0.0,3043.2475148178955,3043.2475148178955,0.0,86.39998704240863,86.39998704240863,0.0,1,15.063425763548976,15.063425763548976,0.0,900.5218322280994,900.5218322280994,0.0,59.17153191463888,59.17153191463888,0.0,18.243664592158837,72.13401982662491,107.32667468176544,56.59830908644052,11519.01509824551,27.093497048112702,1,0.5564913128861961,0.5564913128861961,0.0,3512.463960432068,3512.463960432068,0.0,1.1792928599854655,1.1792928599854655,0.0,1,0.01441668928815,0.01441668928815,0.0,204.2228441473281,204.2228441473281,0.0,0.6228015470992696,0.6228015470992696,0.0,0.0609947190911005,0.8955954320436077,0.4424442184026056,0.7723094130127517,0.1957568863978926,0.3659637818143527,1,159.6840721872557,159.6840721872557,0.0,3027.660396621398,3027.660396621398,0.0,443.42895420130174,443.42895420130174,0.0,1,0.0181741059754614,0.0181741059754614,0.0,2.0,2.0,0.0,109.99857032423458,109.99857032423458,0.0,53.5760139958689,364.4480613787202,300.2599945620702,323.5355911697702,90156.0643344144,95.69108376826296,1,0.0287283281016437,0.0287283281016437,0.0,81.49005817140353,81.49005817140353,0.0,2.8228476558203783,2.8228476558203783,0.0,1,0.1454533814132681,0.1454533814132681,0.0,2026.8603410367743,2026.8603410367743,0.0,1.6070471225642071,1.6070471225642071,0.0,0.3704078469305007,1.9991253720341595,1.3679644879823405,1.8255630603199844,1.8713268403807863,1.3277847308058195,86.52909807558544,99.8840714120102,99.95362856480408,0,1.0,0.0,1.0,5.0,0.0,4.0,1.0,0.0,1.0,13.9878,13.9878,13.9878
1,0.5000000000000003,-0.9999619230641713,6,18.033333333333335,2021-06-18 18:02:00.000,0,0.0,1,2.621209994548224,2.621209994548224,0.0,162.0,162.0,0.0,150.02155505435934,150.02155505435934,0.0,1,7.651418962891853,7.651418962891853,0.0,1104.1479408339312,1104.1479408339312,0.0,79.91757596210824,79.91757596210824,0.0,9.752821175046568,106.28757833244477,46.32832672727443,101.85492376418,2146.31385734909,52.70780088095811,1,0.1025876944169605,0.1025876944169605,0.0,562.0,562.0,0.0,1.4376746534266172,1.4376746534266172,0.0,1,0.1113152190650638,0.1113152190650638,0.0,838.3226878109454,838.3226878109454,0.0,0.6614672542496454,0.6614672542496454,0.0,0.0751917924734881,0.9949857445723208,0.4498167550840634,0.9727607970872147,0.2023351131543563,0.4005639412561599,1,3.1626995906003685,3.1626995906003685,0.0,36.0,36.0,0.0,834.9796787229579,834.9796787229579,0.0,1,35.78769427113872,35.78769427113872,0.0,675.6498207090705,675.6498207090705,0.0,462.5667337683368,462.5667337683368,0.0,43.53264489388437,590.6204713670578,216.20754580259265,574.5318894438873,46745.7028619802,307.8865842827167,2,0.018755937630686,0.0224282773722768,0.0036723397415907,123.0,162.0,39.0,1.9399648335564896,1.98382822007048,0.04386338651399,2,0.2153554773024334,0.4304554408261316,0.2150999635236982,1056.3454706120008,2110.6909412240016,1054.3454706120008,1.4891888773342523,1.3637526358477183,0.1254362414865338,0.1746024176436143,1.7440674656096296,0.4855426171556103,1.7041068837955828,0.2357516330743196,1.1232179114364638,100.02318571759795,89.49686992812428,89.49686992812428,0,1.0,0.0,1.0,1.0,0.0,1.0,0.0,0.0,0.0,62.7504,10.4622,31.3866
1,1.2246467991473532e-16,0.6293203910498374,7,2.6,2021-07-08 02:36:00.000,0,0.0,1,0.6671922648165385,0.6671922648165385,0.0,156.0,156.0,0.0,30.86922526087256,30.86922526087256,0.0,1,0.1775774821748328,0.1775774821748328,0.0,116.0,116.0,0.0,21.750999466722625,21.750999466722625,0.0,8.410472645520489,29.34642065316864,17.018877570240768,24.08046639130599,289.64219375084434,20.657164320179103,1,0.0004939600594171,0.0004939600594171,0.0,4.0,4.0,0.0,0.7379331427347766,0.7379331427347766,0.0,1,0.0076285855232338,0.0076285855232338,0.0,34.0,34.0,0.0,0.4535360503870979,0.4535360503870979,0.0,0.0324514917419724,0.5579876946607514,0.1778800525525425,0.5756768127463111,0.0316413130960952,0.2910605998416593,1,9.148063818752547,9.148063818752547,0.0,441.0,441.0,0.0,190.4780909534123,190.4780909534123,0.0,1,33.68116399226004,33.68116399226004,0.0,1677.0193769411226,1677.0193769411226,0.0,84.08320459549077,84.08320459549077,0.0,12.525816899891636,131.01320815436452,58.442097206964704,120.03394695195588,3415.478725948312,66.72319451375377,1,0.0936083619890619,0.0936083619890619,0.0,850.0148357675898,850.0148357675898,0.0,3.3692647176706965,3.3692647176706965,0.0,1,0.9258090821979716,0.9258090821979716,0.0,2801.911823331317,2801.911823331317,0.0,2.3483839151942707,2.3483839151942707,0.0,0.2835012910221414,3.072680853814907,0.7949658126531347,2.9605425820927223,0.6319706432872588,2.1228378922768014,71.06422443774635,99.95362856480408,99.95362856480408,0,0.0,0.0,0.0,3.0,2.0,2.0,3.0,1.0,2.0,24.0712,6.5609,13.1218
1,1.2246467991473532e-16,0.12186934340514746,7,0.4666666666666667,2021-07-16 00:28:00.000,0,0.0,1,0.8114864135025996,0.8114864135025996,0.0,630.0,630.0,0.0,36.17623800744816,36.17623800744816,0.0,1,0.0324412199040224,0.0324412199040224,0.0,44.0,44.0,0.0,27.180194519619413,27.180194519619413,0.0,4.268857129636165,32.45129805406271,9.589716891582071,30.91484484001589,91.9626700606945,26.16552272549251,1,0.0015972912046496,0.0015972912046496,0.0,52.0,52.0,0.0,0.8044028724265434,0.8044028724265434,0.0,2,0.0003546539481573,0.000515610136072,0.0001609561879147,19.5,37.0,17.5,0.4741401866471053,0.4425687118501681,0.0315714747969372,0.030248777093077,0.6311332066124298,0.1813625668467779,0.6370687810338169,0.0328923806532519,0.3692557803503554,1,0.0584430877096906,0.0584430877096906,0.0,4.0,4.0,0.0,234.18759396526136,234.18759396526136,0.0,1,1.6172864888098104,1.6172864888098104,0.0,146.0,146.0,0.0,150.26019959125983,150.26019959125983,0.0,17.30578891009042,192.15966196977945,42.36563894432612,187.4077151843426,1794.8473631610016,140.8017665698343,1,0.001976070241191,0.001976070241191,0.0,4.0,4.0,0.0,2.910214760131045,2.910214760131045,0.0,1,0.2395538954340783,0.2395538954340783,0.0,1957.1178877620027,1957.1178877620027,0.0,1.5591991016194109,1.5591991016194109,0.0,0.3509101982224188,2.164696884529864,0.7604632225543355,1.9306740016519528,0.5783043128577248,1.3540881135213416,100.02318571759795,86.52909807558544,86.52909807558544,0,1.0,0.0,1.0,0.0,0.0,0.0,1.0,1.0,1.0,6.4332,0.0,6.4332
1,1.2246467991473532e-16,0.12186934340514746,7,0.4666666666666667,2021-07-26 00:28:00.000,0,0.0,1,0.0272188465698235,0.0272188465698235,0.0,2.0,2.0,0.0,67.80784436787332,67.80784436787332,0.0,1,0.3916219558837923,0.3916219558837923,0.0,306.0,306.0,0.0,38.25012562884976,38.25012562884976,0.0,8.140812781367458,58.92556581675517,35.911821135666834,44.126432585092495,1289.6588972801271,35.66337863567568,1,0.0002899109166907,0.0002899109166907,0.0,2.0,2.0,0.0,0.6839253164703851,0.6839253164703851,0.0,1,0.0233638959976698,0.0233638959976698,0.0,498.0,498.0,0.0,0.5760945787954901,0.5760945787954901,0.0,0.055711099042085,0.7789973962593834,0.3467910911225585,0.6747002191972806,0.1202640608819747,0.3828024014520047,1,0.3129627729871345,0.3129627729871345,0.0,8.0,8.0,0.0,318.33297853109445,318.33297853109445,0.0,1,0.1901363507868154,0.1901363507868154,0.0,4.0,4.0,0.0,269.2884688036549,269.2884688036549,0.0,33.552584718702256,287.14432062381906,75.55376066828805,278.0876844392211,5708.3707511209495,192.8053638018771,1,0.0066120918709797,0.0066120918709797,0.0,12.0,12.0,0.0,4.284021395274805,4.284021395274805,0.0,1,0.0914214015500505,0.0914214015500505,0.0,134.0,134.0,0.0,3.665142257484225,3.665142257484225,0.0,0.4547630570731658,3.508921743396112,1.3963492485773592,3.57432121161644,1.949791224002556,1.4329718044308333,36.63343380477625,25.11013215859031,25.11013215859031,0,0.0,0.0,0.0,0.0,0.0,0.0,0.0,0.0,0.0,46.5423,4.2311,25.3867
1,-0.4999999999999997,-0.591309648363583,8,21.583333333333332,2021-08-03 21:35:00.000,0,0.0,1,1.1791335190319856,1.1791335190319856,0.0,324.0,324.0,0.0,41.87659443012642,41.87659443012642,0.0,1,3.518692480042411,3.518692480042411,0.0,840.6865091897164,840.6865091897164,0.0,37.61069239772723,37.61069239772723,0.0,5.058610392408944,40.497859242620194,15.089559012217643,36.96145943744662,227.6947911831988,29.43434793627955,1,0.0091952116724791,0.0091952116724791,0.0,470.5034438002596,470.5034438002596,0.0,0.9568379730994148,0.9568379730994148,0.0,1,0.0002275246631642,0.0002275246631642,0.0,2.0,2.0,0.0,0.8293343649840175,0.8293343649840175,0.0,0.0416504374636783,0.8604510601077833,0.1973289585885876,0.8871795322020151,0.0389387178976565,0.5602785037467641,1,73.0088900748024,73.0088900748024,0.0,2355.785015946366,2355.785015946366,0.0,146.3258768015062,146.3258768015062,0.0,1,1.2580415571275625,1.2580415571275625,0.0,1077.3946412781816,1077.3946412781816,0.0,28.9769437060269,28.9769437060269,0.0,23.417443498896983,86.24664130961216,68.20693345102384,65.83852229689386,4652.185770792396,27.18363034567228,1,1.1441615377279015,1.1441615377279015,0.0,1843.4989476380456,1843.4989476380456,0.0,5.525181956294134,5.525181956294134,0.0,1,0.00510219460245,0.00510219460245,0.0,20.0,20.0,0.0,3.0229693904712285,3.0229693904712285,0.0,9.669208189530812,5.937975037575344,75.4153980821915,3.954891560619255,5687.482267895413,2.6516187033089684,51.10132158590308,99.81451425921632,99.95362856480408,0,0.0,0.0,0.0,1.0,1.0,1.0,6.0,2.0,3.0,27.3652,9.1217,18.2435
1,-0.4999999999999997,0.8703556959398997,8,7.966666666666667,2021-08-18 07:58:00.000,0,0.0,1,1.1177089236348756,1.1177089236348756,0.0,1538.6932123321164,1538.6932123321164,0.0,23.462598672544765,23.462598672544765,0.0,1,0.5804022397178983,0.5804022397178983,0.0,654.0,654.0,0.0,21.5552108146402,21.5552108146402,0.0,10.409089427057737,25.379723174274307,13.75641268975112,22.46206943172774,189.23889009074568,20.647702034737183,1,0.0860181086643588,0.0860181086643588,0.0,768.7734089422182,768.7734089422182,0.0,0.8564600175881485,0.8564600175881485,0.0,1,0.1013746525381473,0.1013746525381473,0.0,843.8449460650784,843.8449460650784,0.0,0.7169166757751912,0.7169166757751912,0.0,0.0322958895472877,0.7313804363997252,0.2076085279604834,0.8023834158210101,0.0431013008819188,0.3941892374198741,1,30.350160675845643,30.350160675845643,0.0,1953.79009335998,1953.79009335998,0.0,115.3569869580488,115.3569869580488,0.0,1,18.39337740378015,18.39337740378015,0.0,2480.8146922023284,2480.8146922023284,0.0,78.52855355207792,78.52855355207792,0.0,9.95357175303471,96.25915544326094,31.65439324144042,93.52516280163468,1002.0006114837488,68.73865964686308,1,0.4305262405441983,0.4305262405441983,0.0,2622.66567230021,2622.66567230021,0.0,1.6170305952084745,1.6170305952084745,0.0,2,0.1176387560821604,0.2348041756774501,0.1171654195952897,852.524588541121,1703.049177082242,850.524588541121,1.0487692028133098,0.9838454654834144,0.0649237373298955,0.1910339949777514,1.3343295628512848,0.4803631651562592,1.230105460427369,0.2307487704389396,0.8839369770138121,60.792951541850215,99.95362856480408,99.95362856480408,0,0.0,0.0,0.0,3.0,0.0,2.0,5.0,2.0,2.0,51.7689,0.0,43.6801
1,-0.8660254037844385,0.8549118706729467,9,8.083333333333334,2021-09-05 08:05:00.000,0,0.0,1,3.030132992614597,3.030132992614597,0.0,1501.340938606072,1501.340938606072,0.0,35.218351489463686,35.218351489463686,0.0,1,0.4222395490604782,0.4222395490604782,0.0,348.9124742034104,348.9124742034104,0.0,28.83738675755548,28.83738675755548,0.0,5.618096490378335,34.19437258248764,10.461613772973186,31.77711263498823,109.44536273486224,26.112227942697743,1,0.0853411571160815,0.0853411571160815,0.0,1828.887338337836,1828.887338337836,0.0,0.8339623285471827,0.8339623285471827,0.0,1,0.1573060261956236,0.1573060261956236,0.0,1029.768895843271,1029.768895843271,0.0,0.6103593451028881,0.6103593451028881,0.0,0.0313131143305762,0.706250218300643,0.2185401271345818,0.7739072246057319,0.0477597871679991,0.3630150272491659,1,1.8816790088604023,1.8816790088604023,0.0,264.0,264.0,0.0,193.92410931204725,193.92410931204725,0.0,1,5.652696512803402,5.652696512803402,0.0,284.0,284.0,0.0,146.69117015207377,146.69117015207377,0.0,7.487200820194808,174.97200013155364,29.18388172824314,179.34386325151917,851.6989527280838,131.4939108503867,1,1.1474989718501698,1.1474989718501698,0.0,4006.765060762296,4006.765060762296,0.0,2.755852852244973,2.755852852244973,0.0,1,1.6644665719518854,1.6644665719518854,0.0,698.0,698.0,0.0,0.8540608636720709,0.8540608636720709,0.0,7.895158678475637,3.667405657654444,63.65731589658774,2.4773732605357486,4052.2538671579614,1.1092743599811574,77.90401112914445,76.58242522606075,99.95362856480408,0,1.0,0.0,1.0,2.0,1.0,1.0,1.0,0.0,1.0,13.3908,13.3908,13.3908
1,-0.8660254037844385,0.8549118706729467,9,8.083333333333334,2021-09-15 08:05:00.000,0,0.0,1,1.9346725944379808,1.9346725944379808,0.0,2238.893914420812,2238.893914420812,0.0,24.67012801674262,24.67012801674262,0.0,1,1.0445273290167272,1.0445273290167272,0.0,374.0,374.0,0.0,22.560341750473142,22.560341750473142,0.0,10.819691888792455,29.39321229442092,42.80419613041063,23.55455648502361,1832.1992063706605,20.894308749775146,1,0.0952024091488564,0.0952024091488564,0.0,1602.226761860514,1602.226761860514,0.0,0.8416965117442614,0.8416965117442614,0.0,1,0.0017665258279624,0.0017665258279624,0.0,6.0,6.0,0.0,0.6183371616920537,0.6183371616920537,0.0,0.0471151921984541,0.7294061678245969,0.2134647132592755,0.7725638417230123,0.0455671838068647,0.4103590154715512,1,0.999159267360774,0.999159267360774,0.0,164.0,164.0,0.0,38.99530593691821,38.99530593691821,0.0,1,1.6089836871263223,1.6089836871263223,0.0,1009.6068423168372,1009.6068423168372,0.0,28.00250636656463,28.00250636656463,0.0,22.699093052186864,40.66621476423628,113.98989498021074,31.35698609387311,12993.696157599472,23.813373984414085,1,0.6444744099534523,0.6444744099534523,0.0,1145.056684978934,1145.056684978934,0.0,6.2385334551157365,6.2385334551157365,0.0,2,0.1345722430873956,0.2304159911500258,0.0958437480626301,566.3185869786212,1046.6371739572423,480.3185869786212,3.785370060218069,3.769740799505047,0.0156292607130223,0.6714015889677106,4.852766946523463,1.8454486508610024,4.564765799698713,3.405680722964693,2.792850949161759,61.14073730581961,99.95362856480408,99.95362856480408,0,3.0,2.0,2.0,3.0,1.0,1.0,4.0,1.0,2.0,72.141,24.047,24.047
1,-0.8660254037844385,0.8549118706729467,9,8.083333333333334,2021-09-25 08:05:00.000,0,0.0,1,0.0010958181625397,0.0010958181625397,0.0,2.0,2.0,0.0,22.25539835258474,22.25539835258474,0.0,1,0.0344763166722614,0.0344763166722614,0.0,82.0,82.0,0.0,21.826184639966197,21.826184639966197,0.0,189.57723057018447,69.9289294850322,893.9698365538849,22.591986264022527,799182.0686681796,20.38364000740241,1,0.0098360450477246,0.0098360450477246,0.0,114.0,114.0,0.0,0.6555533331760597,0.6555533331760597,0.0,1,0.0002942495347035,0.0002942495347035,0.0,1.3404577089863343,1.3404577089863343,0.0,0.6138316747210153,0.6138316747210153,0.0,0.0932751951105536,0.6810984780053198,0.2635554352633656,0.6883836030091578,0.069461467456862,0.3924143859713964,1,0.3839438311336494,0.3839438311336494,0.0,4.0,4.0,0.0,65.32204774955721,65.32204774955721,0.0,1,20.60094485878684,20.60094485878684,0.0,3308.446372017319,3308.446372017319,0.0,32.35985726527427,32.35985726527427,0.0,209.18006034270607,97.682166854971,1068.0075542475872,40.69711827342066,1140640.1359299128,26.498119454769807,1,0.5603452580673434,0.5603452580673434,0.0,3820.7570714647054,3820.7570714647054,0.0,3.5139456215752656,3.5139456215752656,0.0,1,0.0449207733616705,0.0449207733616705,0.0,354.0,354.0,0.0,2.953600363507922,2.953600363507922,0.0,11.56951970916403,5.251451144810241,68.2121379640291,3.223930701478961,4652.895765623739,2.1982810477012964,20.4034314862045,99.44354277764896,99.95362856480408,0,4.0,0.0,4.0,9.0,1.0,6.0,6.0,2.0,3.0,22.935,22.935,22.935
1,-1.0,0.030538513209823103,10,11.883333333333333,2021-10-02 11:53:00.000,0,0.0,1,0.0242933313657935,0.0242933313657935,0.0,14.0,14.0,0.0,25.405388716509,25.405388716509,0.0,1,0.0267467386627551,0.0267467386627551,0.0,8.0,8.0,0.0,22.61225359195165,22.61225359195165,0.0,6.933078590865325,27.01382144335807,10.211980660456405,23.262251775613333,104.28454900953558,20.501745350854108,1,8.330296565883799e-06,8.330296565883799e-06,0.0,2.0,2.0,0.0,0.7378545198672994,0.7378545198672994,0.0,1,0.0007012405433782,0.0007012405433782,0.0,2.0,2.0,0.0,0.4715787161747805,0.4715787161747805,0.0,0.0382450290114497,0.5485636634453395,0.2053699939589975,0.5444393528135894,0.0421768344187186,0.2761303127171061,1,2.469304305378003,2.469304305378003,0.0,42.0,42.0,0.0,87.29367430827394,87.29367430827394,0.0,1,9.82935603056238,9.82935603056238,0.0,1928.3039826185764,1928.3039826185764,0.0,35.89712331706937,35.89712331706937,0.0,8.445937252245896,55.97930276131832,30.465374730848744,46.982596297156704,928.1390574910372,27.621361507345185,1,0.0005540513976161,0.0005540513976161,0.0,2.0,2.0,0.0,5.211826392308259,5.211826392308259,0.0,2,0.310092017513399,0.3458813976003108,0.0357893800869117,1607.4900608721011,1812.7637734590207,205.27371258692008,3.043190432453424,2.980712761651584,0.0624776708018395,0.8011508473403728,3.6897725185218295,3.7067826039145135,3.2852911236532294,13.74023727268326,2.5281144294520344,30.605147229306745,83.4453976350568,99.95362856480408,0,8.0,2.0,4.0,9.0,4.0,5.0,4.0,2.0,2.0,38.0904,19.0206,19.0206
1,-1.0,-0.9993908270190957,10,17.866666666666667,2021-10-16 17:52:00.000,0,0.0,1,0.159761187734631,0.159761187734631,0.0,34.0,34.0,0.0,29.740019418806632,29.740019418806632,0.0,1,0.6894154892022648,0.6894154892022648,0.0,775.0,775.0,0.0,29.050603929604367,29.050603929604367,0.0,12.779251222673269,32.19836720353663,18.759394604578503,26.620653952349866,351.914885930289,20.807027442579532,1,0.0335682348889241,0.0335682348889241,0.0,793.0,793.0,0.0,0.5599491993032241,0.5599491993032241,0.0,1,0.007678351436119,0.007678351436119,0.0,30.255355382978117,30.255355382978117,0.0,0.5263809644142999,0.5263809644142999,0.0,0.0420531980323199,0.5360618033652857,0.2303416352559462,0.4865265028276328,0.0530572689323834,0.2515365057026157,1,0.5582700961584806,0.5582700961584806,0.0,4.0,4.0,0.0,112.841545961048,112.841545961048,0.0,1,0.1825138260759189,0.1825138260759189,0.0,18.0,18.0,0.0,33.622908832147374,33.622908832147374,0.0,33.130411172674535,83.80432727874255,90.10113174457236,45.53337253779972,8118.213941652786,22.528561614373952,1,0.2763307605732814,0.2763307605732814,0.0,486.0,486.0,0.0,6.078394987940947,6.078394987940947,0.0,1,2.2248580756208742,2.2248580756208742,0.0,3032.678041275005,3032.678041275005,0.0,2.119379145183464,2.119379145183464,0.0,0.8768939732325276,4.498819967616224,2.969770087432536,3.831211121654186,8.819534372209052,1.4013678897015367,19.0818455831208,71.71342453048922,99.95362856480408,0,6.0,0.0,5.0,10.0,6.0,6.0,3.0,0.0,2.0,56.7329,0.0,56.7329
1,-1.0,0.3583679495453002,10,1.4,2021-10-25 01:24:00.000,0,0.0,0,0.0,0.0,0.0,0.0,0.0,0.0,0.0,0.0,0.0,0,0.0,0.0,0.0,0.0,0.0,0.0,0.0,0.0,0.0,27.50270964658504,32.54278332102382,71.9444401629918,24.487834256556788,5176.002470366308,20.66476481278632,0,0.0,0.0,0.0,0.0,0.0,0.0,0.0,0.0,0.0,0,0.0,0.0,0.0,0.0,0.0,0.0,0.0,0.0,0.0,0.0850343616437754,0.3856741389461187,0.2078232726304778,0.3150748319142523,0.0431905126468419,0.2072411807666067,1,2.0503483817915797,2.0503483817915797,0.0,296.0,296.0,0.0,49.44275877394726,49.44275877394726,0.0,1,0.2462965788329896,0.2462965788329896,0.0,16.0,16.0,0.0,39.20466599264823,39.20466599264823,0.0,28.900365966064573,44.50627888983382,115.4634117251478,35.80355340912182,13331.799447211,21.782901181557,1,0.2696147238745503,0.2696147238745503,0.0,749.5622618674747,749.5622618674747,0.0,8.247503371771428,8.247503371771428,0.0,1,0.007176824830696,0.007176824830696,0.0,46.0,46.0,0.0,3.061784268121449,3.061784268121449,0.0,0.6296552428737389,5.986612368433447,2.4672282674017616,6.032502643524556,6.087215323466298,2.8092421235602263,0.0,31.04567586366798,99.95362856480408,0,3.0,2.0,2.0,14.0,1.0,7.0,4.0,3.0,3.0,81.4978,81.4978,81.4978
1,-0.866025403784439,0.3583679495453002,11,1.4,2021-11-04 01:24:00.000,0,0.0,1,8.182999995897063,8.182999995897063,0.0,2697.811216883496,2697.811216883496,0.0,30.864496700780634,30.864496700780634,0.0,1,0.1812817172862466,0.1812817172862466,0.0,92.0,92.0,0.0,22.34100726863054,22.34100726863054,0.0,7.867942497251683,36.32469788572048,31.439264565715185,25.73798809197988,988.4273564330344,20.972948209004173,1,0.0944727651382406,0.0944727651382406,0.0,2654.109378107716,2654.109378107716,0.0,0.6926113142495024,0.6926113142495024,0.0,1,0.0013848360799003,0.0013848360799003,0.0,18.0,18.0,0.0,0.5934173270865948,0.5934173270865948,0.0,0.0710085820628369,0.6653559977937417,0.2441924172085419,0.6374007315083534,0.0596299366221506,0.3996571712005776,1,83.14804740741243,83.14804740741243,0.0,3909.108972637019,3909.108972637019,0.0,161.49101658433943,161.49101658433943,0.0,1,1.957686426630886,1.957686426630886,0.0,132.4581047504721,132.4581047504721,0.0,88.16667907230465,88.16667907230465,0.0,23.28133702224295,120.08893922603316,62.46474489656924,109.16485064674868,3901.844354993473,53.189604902151736,2,0.003194421869801,0.0045962262250744,0.0014018043552734,2.5,3.0,0.5,3.97883618060108,4.441099870768663,0.4622636901675832,2,0.198079758852919,0.3832645579007234,0.1851847990478043,832.0853160738225,1628.170632147645,796.0853160738225,2.9041169515841023,2.885274949895296,0.0188420016888066,0.4218385791201688,3.366710935043742,0.9635956851118466,3.1797037566720907,0.9285166443661688,2.324305257521901,66.00973800139114,99.95362856480408,99.95362856480408,0,0.0,0.0,0.0,5.0,1.0,3.0,1.0,1.0,1.0,7.2817,0.0,7.2817
1,-0.866025403784439,0.3583679495453002,11,1.4,2021-11-14 01:24:00.000,0,0.0,1,0.6029987433702964,0.6029987433702964,0.0,236.0,236.0,0.0,28.042664803353784,28.042664803353784,0.0,1,2.107290658745182,2.107290658745182,0.0,878.9226874800218,878.9226874800218,0.0,23.97406936494069,23.97406936494069,0.0,7.3836471395068255,27.99573890300886,11.617955502337894,25.905152491052423,134.97689005430334,21.61268521348251,1,0.0271033008947847,0.0271033008947847,0.0,769.8325299645044,769.8325299645044,0.0,0.8728104074416232,0.8728104074416232,0.0,1,0.0798061166044482,0.0798061166044482,0.0,635.1969956411053,635.1969956411053,0.0,0.5683444055462717,0.5683444055462717,0.0,0.0558366283522685,0.7114151307208575,0.243208907039541,0.7444667293220104,0.0591505724633681,0.3437242232823881,1,15.248287366677658,15.248287366677658,0.0,532.0,532.0,0.0,169.52067965969758,169.52067965969758,0.0,1,0.3444367303859081,0.3444367303859081,0.0,16.0,16.0,0.0,106.70022429589092,106.70022429589092,0.0,20.42870865117357,129.63715458693852,54.62574034688844,117.59455182866088,2983.971508445676,76.76148470350928,1,0.2228037151555635,0.2228037151555635,0.0,1667.6197273555383,1667.6197273555383,0.0,3.1545834516074005,3.1545834516074005,0.0,1,0.1182982462192743,0.1182982462192743,0.0,1035.224763520532,1035.224763520532,0.0,1.5517551826876297,1.5517551826876297,0.0,0.3361803875468659,2.5177031970249057,0.8448292323444885,2.5692134733462795,0.7137364318237778,1.3616571825885662,64.03895200556458,99.95362856480408,99.95362856480408,0,0.0,0.0,0.0,7.0,0.0,5.0,2.0,0.0,2.0,0.0,0.0,0.0
1,-0.866025403784439,0.3583679495453002,11,1.4,2021-11-24 01:24:00.000,0,0.0,1,0.003490982162468,0.003490982162468,0.0,4.0,4.0,0.0,38.88423940016267,38.88423940016267,0.0,1,0.6415295850886302,0.6415295850886302,0.0,412.0,412.0,0.0,28.58967589367861,28.58967589367861,0.0,5.069223818458765,35.61135609028982,15.731441349618198,30.745855226264577,247.47824693647723,25.919237269898616,1,0.0003058172588349,0.0003058172588349,0.0,2.0,2.0,0.0,0.9260940477331148,0.9260940477331148,0.0,1,0.0863546722181534,0.0863546722181534,0.0,885.6408615108895,885.6408615108895,0.0,0.7406455220851758,0.7406455220851758,0.0,0.0564487447939487,0.8003468553714335,0.260853728266316,0.7967687076138671,0.068044667550437,0.4469169524617548,1,26.00709188155645,26.00709188155645,0.0,1859.3637116883945,1859.3637116883945,0.0,144.96166661585448,144.96166661585448,0.0,1,9.414929686720823,9.414929686720823,0.0,1568.4260950025584,1568.4260950025584,0.0,84.73278518476164,84.73278518476164,0.0,14.811360263326211,119.52796049057372,58.566629760716765,111.67730347500182,3430.0501215288746,64.36410505647603,1,0.1167565045869691,0.1167565045869691,0.0,1024.1245544378037,1024.1245544378037,0.0,3.556068635852551,3.556068635852551,0.0,1,0.1849565036286278,0.1849565036286278,0.0,1701.1469905478516,1701.1469905478516,0.0,2.701865967257883,2.701865967257883,0.0,0.3254120455113776,3.1934724862719026,0.7140141489354721,3.140958571352117,0.5098162048800465,2.298530780417867,69.07025272432182,99.95362856480408,99.95362856480408,0,11.0,11.0,11.0,4.0,0.0,2.0,1.0,1.0,1.0,0.0,0.0,0.0
0,-0.5000000000000004,0.3583679495453002,12,1.4,2021-12-04 01:24:00.000,0,0.0,1,0.1356652622289189,0.1356652622289189,0.0,4.0,4.0,0.0,41.27306438996556,41.27306438996556,0.0,1,0.5559703222042636,0.5559703222042636,0.0,500.0,500.0,0.0,28.739278363228056,28.739278363228056,0.0,7.859636509010162,38.679773429253736,20.785000242010128,33.24806903006852,432.0162350603611,26.23725676911652,1,0.0071153311289191,0.0071153311289191,0.0,56.0,56.0,0.0,0.7849628720052064,0.7849628720052064,0.0,1,0.0456405792953755,0.0456405792953755,0.0,302.0,302.0,0.0,0.631514504492635,0.631514504492635,0.0,0.0602274016976097,0.6804106523879118,0.2142406302770756,0.6985792241850796,0.0458990476615186,0.3721516887249173,1,79.74147977560312,79.74147977560312,0.0,2361.778904743393,2361.778904743393,0.0,264.79015058190294,264.79015058190294,0.0,1,11.861970003533642,11.861970003533642,0.0,1117.0153249847997,1117.0153249847997,0.0,109.01884054726123,109.01884054726123,0.0,37.642580571155726,202.19061420705455,93.66653612151572,180.90873888192093,8773.41998900321,96.42385136686524,2,0.7144038309332803,1.4259992618430726,0.7115954309097923,1791.3318781996236,3573.663756399247,1782.3318781996236,4.210448474354818,4.468443067910486,0.2579945935556673,2,0.0178144715072943,0.0314108263035999,0.0135963547963056,100.00035639592905,198.0007127918581,98.00035639592905,2.6958834879207427,2.349323169774072,0.3465603181466705,5.250243518380293,4.589890867416013,61.81708516724032,3.5241788066839588,3821.352018573843,1.94136498630279,63.59842337120334,91.35172733596106,98.1683283097612,0,1.0,0.0,1.0,1.0,1.0,1.0,1.0,0.0,1.0,3.5168,3.5168,3.5168
0,-0.5000000000000004,0.3583679495453002,12,1.4,2021-12-14 01:24:00.000,0,0.0,1,4.970996800087796,4.970996800087796,0.0,1560.831666758842,1560.831666758842,0.0,37.09494873292137,37.09494873292137,0.0,1,0.0008164036201065,0.0008164036201065,0.0,2.0,2.0,0.0,26.269292227043344,26.269292227043344,0.0,16.741408724297987,44.17334994880292,42.30363582614034,32.5981907190767,1789.5976041107042,24.967720587912915,1,0.0001693841042195,0.0001693841042195,0.0,2.0,2.0,0.0,0.7648699815400194,0.7648699815400194,0.0,1,0.0863899290648045,0.0863899290648045,0.0,1606.2870003602163,1606.2870003602163,0.0,0.6009412100700864,0.6009412100700864,0.0,0.036926777839681,0.664053815050638,0.1918279299603075,0.6866231705970263,0.0367979547128566,0.3753011034219844,1,329.01973245089323,329.01973245089323,0.0,2313.7308221550834,2313.7308221550834,0.0,491.9807649245748,491.9807649245748,0.0,1,0.024914051977106,0.024914051977106,0.0,2.0,2.0,0.0,137.79111372362863,137.79111372362863,0.0,89.37639520149163,308.0155603300047,293.34275864678364,205.0561943183102,86049.97405050514,111.49967642307412,2,0.0450435978528191,0.0672252063108516,0.0221816084580324,179.5,324.0,144.5,3.861188068564812,4.0184770808409525,0.1572890122761401,1,0.3090093977762307,0.3090093977762307,0.0,2252.954418223461,2252.954418223461,0.0,2.9842982159738054,2.9842982159738054,0.0,0.4765146210683447,3.5399479171618524,0.9534149448297504,3.4053652366687337,0.9090000570247158,2.380785147498621,63.41293763041966,99.95362856480408,99.95362856480408,0,24.0,0.0,23.0,3.0,1.0,1.0,4.0,0.0,2.0,0.0,0.0,0.0
0,0.49999999999999994,0.9600498543859286,2,4.916666666666667,2022-02-06 04:55:00.000,0,0.0,1,6.608578540487159,6.608578540487159,0.0,912.1206676510848,912.1206676510848,0.0,56.21747772649261,56.21747772649261,0.0,1,4.927115462658463,4.927115462658463,0.0,966.3655152924496,966.3655152924496,0.0,33.49526116204817,33.49526116204817,0.0,13.62092752042265,50.86212179459513,52.27337694517261,43.77183716544141,2732.5059372521027,27.720835031652616,1,0.0466316014767712,0.0466316014767712,0.0,704.7056994049728,704.7056994049728,0.0,0.7593463237940618,0.7593463237940618,0.0,1,0.0663845474391793,0.0663845474391793,0.0,842.4778942842145,842.4778942842145,0.0,0.6758532793755232,0.6758532793755232,0.0,0.0417009598373349,0.6836135980422626,0.1793232834435548,0.7075057935983676,0.0321568399849774,0.4064735995706763,1,0.0334280077341873,0.0334280077341873,0.0,2.0,2.0,0.0,306.88968007751384,306.88968007751384,0.0,1,12.252800871757344,12.252800871757344,0.0,970.038039429211,970.038039429211,0.0,121.7407669050722,121.7407669050722,0.0,29.508643232220912,190.47369671774103,99.8710214734496,165.2400442994879,9974.22093015023,109.29342131442782,1,0.0057979803679879,0.0057979803679879,0.0,6.0,6.0,0.0,4.422867364577963,4.422867364577963,0.0,2,0.125162417209701,0.2173891047806968,0.0922266875709958,468.7045186855969,865.4090373711938,396.7045186855969,2.247016214321696,2.243412079702807,0.0036041346188886,0.6129378521133843,3.1491408825904204,1.5402301556850042,2.9010390656603566,2.3723089324814524,1.9568774327563905,60.908880129840014,99.95362856480408,99.95362856480408,0,0.0,0.0,0.0,6.0,2.0,4.0,17.0,5.0,12.0,0.0,0.0,0.0
0,0.49999999999999994,0.9600498543859286,2,4.916666666666667,2022-02-16 04:55:00.000,0,0.0,1,5.875669438214473,5.875669438214473,0.0,905.8830734404156,905.8830734404156,0.0,79.94945193573933,79.94945193573933,0.0,1,0.0773385291563713,0.0773385291563713,0.0,18.0,18.0,0.0,61.792607698265805,61.792607698265805,0.0,6.445330311563806,72.2369516924709,14.429671259931126,70.02267954315491,208.21541266968237,56.41903783257216,1,0.036534229928797,0.036534229928797,0.0,810.0,810.0,0.0,0.8981725521843925,0.8981725521843925,0.0,1,0.0869939955900489,0.0869939955900489,0.0,1624.4659119226417,1624.4659119226417,0.0,0.7410648890098144,0.7410648890098144,0.0,0.0770990222633393,0.8228182584801538,0.2517516380180815,0.8210387956489293,0.0633788872447871,0.4701341172559011,1,34.987934100845,34.987934100845,0.0,1976.6836450818123,1976.6836450818123,0.0,444.01057783209137,444.01057783209137,0.0,1,0.0400565146473468,0.0400565146473468,0.0,2.0,2.0,0.0,316.31385446369273,316.31385446369273,0.0,33.5381858237884,410.664495260143,85.08836304116618,400.4746382784215,7240.029525025295,309.4308548128958,1,0.3647816909567498,0.3647816909567498,0.0,1984.2535599465896,1984.2535599465896,0.0,3.716242465075152,3.716242465075152,0.0,2,0.0013677228446906,0.0022768709352609,0.0009091480905702,5.0,8.0,3.0,2.7326229598769807,2.575366485737271,0.1572564741397097,0.4655494790603788,3.346677405402056,0.9895962853446942,3.243152773175607,0.9793008079680176,2.1274042727884974,58.49756549965222,99.95362856480408,99.95362856480408,0,1.0,0.0,1.0,5.0,4.0,4.0,3.0,3.0,3.0,0.0,0.0,0.0
0,0.49999999999999994,0.9600498543859286,2,4.916666666666667,2022-02-26 04:55:00.000,0,0.0,1,0.8575491349565922,0.8575491349565922,0.0,438.0,438.0,0.0,58.644426305517385,58.644426305517385,0.0,1,1.051100461279887,1.051100461279887,0.0,480.0,480.0,0.0,45.88236880569839,45.88236880569839,0.0,12.983852910858838,55.91936694110232,21.742390297302386,52.3172301462777,472.73153584022873,41.64717296829806,1,0.0814383533560965,0.0814383533560965,0.0,1280.572521081579,1280.572521081579,0.0,0.7378106429734258,0.7378106429734258,0.0,1,6.028659964640859e-05,6.028659964640859e-05,0.0,2.0,2.0,0.0,0.4783099940047192,0.4783099940047192,0.0,0.0620802660793424,0.6301169106887701,0.2484737076877977,0.65443271565368,0.0617391834121211,0.2710324977725799,1,23.157672890313226,23.157672890313226,0.0,1411.7920044366538,1411.7920044366538,0.0,373.104313731401,373.104313731401,0.0,1,21.378776892299527,21.378776892299527,0.0,2222.0559764029254,2222.0559764029254,0.0,268.41548543734166,268.41548543734166,0.0,20.575981541796438,319.16158380422775,63.99036864047339,303.85137302278355,4094.767278743681,250.1332574822783,2,0.1618399042674139,0.3229434666316875,0.1611035623642736,1033.1483263917842,2064.2966527835683,1031.1483263917842,2.9338269378138966,3.02209248005394,0.0882655422400431,2,0.2539660038548226,0.5027966029615141,0.2488305991066914,1500.0530816744754,2971.1061633489508,1471.0530816744754,2.4867918461815526,2.435536928021001,0.0512549181605515,0.3477119949133202,2.80024303019027,0.6847649515491421,2.72582481599134,0.4689030388700989,1.938489681452522,57.54695107813587,99.95362856480408,99.95362856480408,0,0.0,0.0,0.0,2.0,1.0,1.0,4.0,0.0,4.0,0.0,0.0,0.0
0,0.8660254037844386,0.9600498543859286,3,4.916666666666667,2022-03-08 04:55:00.000,0,0.0,1,0.0716761845522668,0.0716761845522668,0.0,2.0,2.0,0.0,50.37029853042597,50.37029853042597,0.0,1,9.385739894559933,9.385739894559933,0.0,1889.5984628238027,1889.5984628238027,0.0,36.68070549370151,36.68070549370151,0.0,8.016880934519946,47.09893474851077,18.62563120676463,42.72356669570228,346.9141378504044,33.07084589523477,1,0.0811681584469099,0.0811681584469099,0.0,464.0,464.0,0.0,0.9366279347544784,0.9366279347544784,0.0,1,0.0001493848815925,0.0001493848815925,0.0,2.0,2.0,0.0,0.6452770391571916,0.6452770391571916,0.0,0.0696438579061032,0.7361099734061266,0.303553444761261,0.7375658304738028,0.0921446938264279,0.3135898944768028,1,0.1269703178072063,0.1269703178072063,0.0,4.0,4.0,0.0,359.26506375132703,359.26506375132703,0.0,1,87.95689904057429,87.95689904057429,0.0,3447.585745102705,3447.585745102705,0.0,235.83234555714432,235.83234555714432,0.0,18.61545028468692,293.41136774233547,59.74148879925213,282.91682057460423,3569.0454839511667,224.4201529833884,2,0.0037821757134812,0.0060677164058589,0.0022855406923776,11.5,20.0,8.5,2.7694492033236706,3.003474963576956,0.2340257602532851,2,0.1914820545867944,0.3813632841731791,0.1898812295863846,1163.3176794043711,2320.6353588087422,1157.3176794043711,1.7197294495315985,1.5918265376541976,0.1279029118774008,0.406774752810504,2.124486755868088,0.7508023555993157,1.9744571901983288,0.5637041771734813,1.339679366456633,54.99652214236031,99.95362856480408,99.95362856480408,0,0.0,0.0,0.0,8.0,5.0,5.0,2.0,2.0,2.0,6.858,0.0,6.858
0,0.8660254037844386,0.9550199444571865,3,4.85,2022-03-30 04:51:00.000,0,0.0,1,0.0992234499950086,0.0992234499950086,0.0,22.0,22.0,0.0,58.59047221580905,58.59047221580905,0.0,1,7.361033929913447,7.361033929913447,0.0,1654.5998300714336,1654.5998300714336,0.0,39.607798509089214,39.607798509089214,0.0,12.26810028002179,48.41327087879474,23.36155791310441,46.30260943552119,545.7623881273313,31.611522133627812,1,0.0266550391294461,0.0266550391294461,0.0,311.64286145622475,311.64286145622475,0.0,0.8692981230742971,0.8692981230742971,0.0,1,0.0005323106983055,0.0005323106983055,0.0,2.0,2.0,0.0,0.3687164986197995,0.3687164986197995,0.0,0.0640451515193351,0.6281747836649826,0.3163770495374641,0.6611437983206618,0.100094437474031,0.2152303318006596,1,1.3705411013718845,1.3705411013718845,0.0,64.0,64.0,0.0,312.23540333634475,312.23540333634475,0.0,1,94.0499586412796,94.0499586412796,0.0,3307.2532497429493,3307.2532497429493,0.0,161.9939981058156,161.9939981058156,0.0,20.06358820555096,237.26851404320075,77.51990294937912,241.2444250292242,6009.335353281158,148.19147575706427,2,0.0011832051266027,0.0012726445655442,8.943943894146322e-05,5.5,9.0,3.5,2.891376148789504,3.1593014157660897,0.2679252669765859,2,0.2141039016929364,0.4271477655382991,0.2130438638453626,1497.7385679796462,2991.4771359592924,1493.7385679796462,2.2365936149568144,2.1672216881528232,0.0693719268039911,0.2621563007823425,2.540571441458997,0.5994605411912243,2.458823443667712,0.3593529404452754,1.913122398255706,57.45420820774403,99.95362856480408,99.95362856480408,0,0.0,0.0,0.0,26.0,7.0,15.0,1.0,0.0,1.0,5.3681,5.3681,5.3681
0,1.0,-0.126198969135831,4,23.516666666666666,2022-04-10 23:31:00.000,0,0.0,1,3.6230430314301,3.6230430314301,0.0,570.0,570.0,0.0,32.55253931461326,32.55253931461326,0.0,1,1.5897523243429212,1.5897523243429212,0.0,747.4204100448513,747.4204100448513,0.0,26.447696088149943,26.447696088149943,0.0,7.262917017114265,33.86225941423928,15.422779018527777,27.996590815377097,237.8621126543406,21.910621375164517,1,0.0040573165994871,0.0040573165994871,0.0,80.0,80.0,0.0,0.612534236356777,0.612534236356777,0.0,1,0.0429680053966275,0.0429680053966275,0.0,624.0,624.0,0.0,0.4703108120926689,0.4703108120926689,0.0,0.0544264329536473,0.5494157378755599,0.230897876263208,0.5528359935201624,0.0533138292628597,0.2412364227240998,1,45.24386926174,45.24386926174,0.0,1630.676313612853,1630.676313612853,0.0,207.59479724694657,207.59479724694657,0.0,1,5.803203174834664,5.803203174834664,0.0,282.0,282.0,0.0,70.28262369467599,70.28262369467599,0.0,22.543489218349887,162.54117313276186,75.42091539441218,151.54293414132314,5688.31447893108,70.34202577191907,1,0.5859522570245046,0.5859522570245046,0.0,1744.8453626003677,1744.8453626003677,0.0,3.890135867094084,3.890135867094084,0.0,2,0.0274353649817848,0.0539850852676524,0.0265497202858675,121.0,238.0,117.0,2.249074300480721,2.0018262816685777,0.2472480188121437,0.4262023697013215,3.19695350218036,1.0323490418176833,3.045653049821772,1.065744544141889,1.921874946423414,44.168792024113145,99.95362856480408,99.95362856480408,0,0.0,0.0,0.0,5.0,1.0,3.0,11.0,3.0,6.0,3.8748,0.0,1.9374
0,1.0,-0.126198969135831,4,23.516666666666666,2022-04-20 23:31:00.000,0,0.0,0,0.0,0.0,0.0,0.0,0.0,0.0,0.0,0.0,0.0,0,0.0,0.0,0.0,0.0,0.0,0.0,0.0,0.0,0.0,18.0878337463435,36.24647218879635,26.100432550209835,25.432358084007483,681.2325793080531,20.692634334661182,0,0.0,0.0,0.0,0.0,0.0,0.0,0.0,0.0,0.0,0,0.0,0.0,0.0,0.0,0.0,0.0,0.0,0.0,0.0,0.0843899318311485,0.4160990475551758,0.2442546636779725,0.3261100756680083,0.0596603407284394,0.1827192177846184,1,0.7904089992339891,0.7904089992339891,0.0,358.0,358.0,0.0,107.80075677805851,107.80075677805851,0.0,1,7.974249657455871,7.974249657455871,0.0,2903.1675294096485,2903.1675294096485,0.0,76.80252250916585,76.80252250916585,0.0,55.64569907678414,113.88667262997278,204.79749947547245,85.02097160918001,41942.01579140614,70.27900034421181,1,0.4491188124542626,0.4491188124542626,0.0,3277.3167286327152,3277.3167286327152,0.0,2.0793947994396698,2.0793947994396698,0.0,1,0.0003506818737011,0.0003506818737011,0.0,4.0,4.0,0.0,1.4441022859362524,1.4441022859362524,0.0,0.3052494905831555,1.8739644935056157,0.5777983500919927,1.7657526018026704,0.3338509333690289,1.3151510375734927,0.0,99.93044284720612,99.95362856480408,0,0.0,0.0,0.0,9.0,3.0,4.0,6.0,2.0,4.0,0.0,0.0,0.0
1,0.5000000000000003,-0.694658370458997,6,14.933333333333334,2022-06-18 14:56:00.000,0,0.0,1,0.822341031921983,0.822341031921983,0.0,403.7445545723881,403.7445545723881,0.0,30.666176277141485,30.666176277141485,0.0,1,0.1040432074496813,0.1040432074496813,0.0,200.0,200.0,0.0,23.378570179250527,23.378570179250527,0.0,13.342889972057588,29.60706743484397,18.148575649087388,25.903999531227303,329.37079809064767,22.14362593030804,1,0.1986500661064115,0.1986500661064115,0.0,1065.1709314730886,1065.1709314730886,0.0,0.9336241118209068,0.9336241118209068,0.0,1,0.0799304659327184,0.0799304659327184,0.0,550.0,550.0,0.0,0.722313016369995,0.722313016369995,0.0,0.0603754471430715,0.7983387643001538,0.2934286797673654,0.803076469687042,0.086100390110019,0.3984318857186277,1,23.04527055180624,23.04527055180624,0.0,2461.4038363572336,2461.4038363572336,0.0,145.38530936643164,145.38530936643164,0.0,1,0.1035110455459289,0.1035110455459289,0.0,24.0,24.0,0.0,106.51925297660507,106.51925297660507,0.0,22.07313956725336,131.3783602697309,64.04371146621635,124.16336397907642,4101.596978367972,103.9754040572376,1,0.0401900341505698,0.0401900341505698,0.0,969.9903761276382,969.9903761276382,0.0,1.9544011945842887,1.9544011945842887,0.0,1,0.1500611056314513,0.1500611056314513,0.0,2173.7501711269774,2173.7501711269774,0.0,1.2837927085277103,1.2837927085277103,0.0,0.1576179637802226,1.595791986446389,0.4478225381478553,1.5007757647828772,0.2005450256731872,1.1622439991395157,63.48249478321354,99.95362856480408,99.95362856480408,0,0.0,0.0,0.0,14.0,5.0,5.0,58.0,13.0,24.0,35.6729,6.5228,18.4029
1,0.5000000000000003,-0.9659258262890684,6,19.0,2022-06-30 19:00:00.000,0,0.0,1,1.3461981741949174,1.3461981741949174,0.0,316.0,316.0,0.0,36.6728431954756,36.6728431954756,0.0,1,0.0715407419140774,0.0715407419140774,0.0,62.0,62.0,0.0,25.439647809209887,25.439647809209887,0.0,13.138596252648655,38.628459020331725,28.71694401394244,30.025818630875623,824.6628734999045,24.29494668471409,1,0.0495186266339814,0.0495186266339814,0.0,841.4870911007631,841.4870911007631,0.0,0.8611682356309609,0.8611682356309609,0.0,1,0.0759384659182528,0.0759384659182528,0.0,748.9777867466648,748.9777867466648,0.0,0.6143546141892432,0.6143546141892432,0.0,0.0352093574768588,0.7154738788940803,0.2396876783854583,0.7477287623218849,0.0574501831698108,0.3617770019840893,1,7.372783897191596,7.372783897191596,0.0,525.4948525056516,525.4948525056516,0.0,150.25402218337027,150.25402218337027,0.0,1,5.218803827298075,5.218803827298075,0.0,1560.64393043951,1560.64393043951,0.0,83.49669249947604,83.49669249947604,0.0,15.987006984037018,109.3284702685036,37.91392956329096,98.0514969014754,1437.4660549301886,74.65540689565255,1,0.4337189397377221,0.4337189397377221,0.0,2214.6389649104945,2214.6389649104945,0.0,2.469863642666523,2.469863642666523,0.0,2,0.0514217506132946,0.0604694308923028,0.0090476802790081,755.1760706237134,992.3521412474267,237.17607062371337,1.7917827210439043,1.7799877363766967,0.0117949846672076,0.3284568569678439,2.1163948209479253,0.568821116865472,2.02461961852424,0.3235574629920829,1.4595331775380818,59.51773707396244,99.95362856480408,99.95362856480408,0,3.0,3.0,3.0,18.0,6.0,9.0,25.0,0.0,22.0,6.4628,3.2314,3.2314
1,1.2246467991473532e-16,0.8638355052043957,7,8.016666666666667,2022-07-12 08:01:00.000,0,0.0,1,0.0496577552604335,0.0496577552604335,0.0,2.0,2.0,0.0,48.013835475478125,48.013835475478125,0.0,1,0.5529282569264353,0.5529282569264353,0.0,164.0,164.0,0.0,37.69779662641979,37.69779662641979,0.0,11.755170677791195,48.34355697964028,28.981230235591124,42.48196922129593,839.911705968341,34.85228034146166,1,0.0001734662755852,0.0001734662755852,0.0,2.0,2.0,0.0,1.2408047489630143,1.2408047489630143,0.0,1,0.0273276480471118,0.0273276480471118,0.0,530.0,530.0,0.0,1.1737643776420963,1.1737643776420963,0.0,0.0545358311295767,1.1217594949697025,0.2420749974785081,1.1492030290184465,0.0586003044042197,0.7525564982826242,1,2.208206693288105,2.208206693288105,0.0,104.0,104.0,0.0,211.50522632992727,211.50522632992727,0.0,1,96.50937100860686,96.50937100860686,0.0,3362.88739911461,3362.88739911461,0.0,80.96644656182958,80.96644656182958,0.0,25.4767590574092,142.32846376603186,86.82340549022605,110.99648756803344,7538.303740920216,73.66816583632219,1,0.0819171251916199,0.0819171251916199,0.0,506.0,506.0,0.0,2.578640589193153,2.578640589193153,0.0,1,0.7307899840599146,0.7307899840599146,0.0,3325.058683523368,3325.058683523368,0.0,1.5641961197723142,1.5641961197723142,0.0,0.2799426083777351,2.0369437543474325,0.7525738673096428,1.812667072534272,0.5663674257573919,1.2690365190752175,33.92070484581498,99.95362856480408,99.95362856480408,0,0.0,0.0,0.0,6.0,3.0,3.0,5.0,2.0,3.0,7.1461,0.0,7.1461
1,-0.4999999999999997,0.8362861558477594,8,3.783333333333333,2022-08-02 03:47:00.000,0,0.0,1,0.8596951735118239,0.8596951735118239,0.0,88.0,88.0,0.0,87.69268024218368,87.69268024218368,0.0,1,0.0116687580573113,0.0116687580573113,0.0,4.0,4.0,0.0,48.89930286834362,48.89930286834362,0.0,19.445545611265445,66.51884821957707,44.562210024857386,53.554548447728834,1985.7905622995,38.942208580075445,1,0.0692585743597412,0.0692585743597412,0.0,824.5219413185715,824.5219413185715,0.0,1.0014095848658624,1.0014095848658624,0.0,1,0.0893878508584755,0.0893878508584755,0.0,879.0,879.0,0.0,0.9082736667456572,0.9082736667456572,0.0,0.0486108910045272,0.9007858562735012,0.2466843248969215,0.9620377912075824,0.0608531561498499,0.5066445068166021,1,1.0651777257899653,1.0651777257899653,0.0,106.0,106.0,0.0,295.4894104513493,295.4894104513493,0.0,2,0.1629329504489476,0.3190993485457625,0.1561663980968148,16.181334855730256,30.362669711460512,14.181334855730256,197.2161383210976,180.8362567574012,16.379881563696387,37.69519721661089,255.25448474532837,121.04686519443806,247.6555787389208,14652.34357340046,172.583258393913,2,0.0397241418209015,0.0789727354512788,0.0392485936303772,248.37976702291056,494.7595340458212,246.37976702291056,3.040700456093264,3.1203372532270124,0.0796367971337486,1,0.0011661292038693,0.0011661292038693,0.0,2.0,2.0,0.0,1.5186970530309587,1.5186970530309587,0.0,0.361345822370872,2.341186299952124,0.8839662071148567,2.1984488086244585,0.7813962553210259,1.3461895318321877,32.90053327150475,99.95362856480408,99.95362856480408,0,0.0,0.0,0.0,2.0,1.0,1.0,19.0,12.0,12.0,7.6995,0.0,7.6995
1,-0.4999999999999997,-0.7489557207890016,8,15.233333333333333,2022-08-19 15:14:00.000,0,0.0,1,0.1651411640569691,0.1651411640569691,0.0,44.0,44.0,0.0,37.36859846891564,37.36859846891564,0.0,1,0.0372745460696748,0.0372745460696748,0.0,4.0,4.0,0.0,31.88521078443829,31.88521078443829,0.0,15.6569322333071,46.70864979579827,51.436156728919,35.30272140627589,2645.6782190419194,29.107716563053355,1,2.1925331412653293e-05,2.1925331412653293e-05,0.0,2.0,2.0,0.0,1.0981418116737682,1.0981418116737682,0.0,1,0.0561268214648225,0.0561268214648225,0.0,376.0,376.0,0.0,0.7120050985212695,0.7120050985212695,0.0,0.0376673921798607,0.872676784127288,0.2569808728538786,0.9186358299682476,0.0660391690127413,0.4689579789900864,1,0.6966798417044799,0.6966798417044799,0.0,22.0,22.0,0.0,247.63419970141751,247.63419970141751,0.0,1,14.698522420107691,14.698522420107691,0.0,1313.8845800960676,1313.8845800960676,0.0,58.05018509744319,58.05018509744319,0.0,58.6475319009549,172.89338684597155,216.52317649081888,109.0220495137554,46882.285957674285,48.05439265103978,2,0.0027171551717211,0.0041193844969664,0.0014022293252453,7.0,8.0,1.0,3.755175294512064,4.085880133937689,0.3307048394256251,1,0.0027435178623176,0.0027435178623176,0.0,34.0,34.0,0.0,2.6774681375570166,2.6774681375570166,0.0,0.384759543251387,3.3019234593252924,1.218402408023981,3.0008691659663977,1.4845044278786357,2.2170024041367893,52.121493160213305,99.95362856480408,99.95362856480408,0,0.0,0.0,0.0,4.0,1.0,2.0,19.0,2.0,9.0,18.5892,0.0,18.5892
1,-0.4999999999999997,0.12186934340514746,8,0.4666666666666667,2022-08-26 00:28:00.000,0,0.0,1,2.384253493795711,2.384253493795711,0.0,1236.2031962436818,1236.2031962436818,0.0,28.55391463240301,28.55391463240301,0.0,1,0.7367756748913514,0.7367756748913514,0.0,388.0,388.0,0.0,25.60731154376921,25.60731154376921,0.0,13.353735308524532,38.82231508712772,38.61593235779996,26.656909030813782,1491.190231862182,23.93404918769641,1,0.0861592699945698,0.0861592699945698,0.0,1956.8931846044648,1956.8931846044648,0.0,1.0098057269542182,1.0098057269542182,0.0,1,0.0021158659545582,0.0021158659545582,0.0,10.0,10.0,0.0,0.8739497959818944,0.8739497959818944,0.0,0.0566413703594852,0.8886200341812477,0.2507550241813721,0.960699802724402,0.0628780821522005,0.4888369572917865,1,0.0378512026688184,0.0378512026688184,0.0,4.0,4.0,0.0,76.1167603464213,76.1167603464213,0.0,1,25.25214571610921,25.25214571610921,0.0,3115.548425599706,3115.548425599706,0.0,50.26769032407287,50.26769032407287,0.0,23.09845227224155,85.12616117328648,72.52481057223184,67.59180209689761,5259.848148538111,46.6653431803279,1,0.0399355271894492,0.0399355271894492,0.0,301.34386577813257,301.34386577813257,0.0,3.253533380177577,3.253533380177577,0.0,1,0.232827985289707,0.232827985289707,0.0,1481.4082458164692,1481.4082458164692,0.0,1.7511593514007853,1.7511593514007853,0.0,0.2744470195553051,2.5792780489475917,0.9564789742125606,2.5190975395457453,0.914852028110712,1.4141794894310138,58.775794110827725,99.95362856480408,99.95362856480408,0,0.0,0.0,0.0,2.0,1.0,1.0,12.0,0.0,12.0,16.6309,5.5436,11.0873
1,-0.8660254037844385,-0.9600498543859289,9,19.083333333333332,2022-09-20 19:05:00.000,0,0.0,1,0.0645255653533034,0.0645255653533034,0.0,2.0,2.0,0.0,28.12307835279783,28.12307835279783,0.0,1,1.273490330697392,1.273490330697392,0.0,1702.8433284509872,1702.8433284509872,0.0,22.23919394358568,22.23919394358568,0.0,13.773433406483056,50.80316740143834,60.11143743103705,23.414245938632824,3613.3849100254815,21.14407957956297,1,0.0002684168676742,0.0002684168676742,0.0,2.0,2.0,0.0,0.9351349289626306,0.9351349289626306,0.0,1,0.0532820946308552,0.0532820946308552,0.0,1578.0946464142562,1578.0946464142562,0.0,0.8630220914709485,0.8630220914709485,0.0,0.0464831673811623,0.8358686231873363,0.2468901283459885,0.8979003441629339,0.0609547354746987,0.4531038889468831,1,6.79836199559648,6.79836199559648,0.0,4.0,4.0,0.0,141.21322799611642,141.21322799611642,0.0,1,301.3091451235978,301.3091451235978,0.0,3898.555424157418,3898.555424157418,0.0,41.95482611037474,41.95482611037474,0.0,50.65902755747821,192.3028354724601,270.542585537595,53.94867329284295,73193.29058936692,39.23792480377023,1,0.0050545884377477,0.0050545884377477,0.0,2.0,2.0,0.0,4.133634227823536,4.133634227823536,0.0,1,0.786690296934808,0.786690296934808,0.0,3153.5117019656345,3153.5117019656345,0.0,2.7552123863879325,2.7552123863879325,0.0,0.6242568370813552,3.6442087425891465,4.305865590033959,3.347889952563079,18.540478479438494,2.2929827237341764,52.863436123348016,99.95362856480408,99.95362856480408,0,0.0,0.0,0.0,23.0,11.0,11.0,16.0,8.0,8.0,47.8217,0.0,35.8663
1,-0.8660254037844385,-0.4146932426562386,9,13.633333333333333,2022-09-27 13:38:00.000,0,0.0,1,0.0921617780879699,0.0921617780879699,0.0,2.0,2.0,0.0,61.03269443679931,61.03269443679931,0.0,1,1.7365625903151347,1.7365625903151347,0.0,472.0,472.0,0.0,25.2329708134784,25.2329708134784,0.0,9.78362974004094,40.97889153062529,27.062971874664218,34.54055616852682,732.4044466888665,22.963599996574544,1,0.0002248649958633,0.0002248649958633,0.0,2.0,2.0,0.0,0.95589197942057,0.95589197942057,0.0,1,0.0280701282292239,0.0280701282292239,0.0,244.0,244.0,0.0,0.5823976656137463,0.5823976656137463,0.0,0.0448829110381947,0.7391289843560908,0.2496677570526554,0.7804010586694307,0.0623339889117037,0.3671581284540093,1,261.8170898738097,261.8170898738097,0.0,2251.3879292101083,2251.3879292101083,0.0,494.7870507535791,494.7870507535791,0.0,1,2.5265627228710485,2.5265627228710485,0.0,962.66258515005,962.66258515005,0.0,94.06800822061264,94.06800822061264,0.0,27.64869208847628,280.81504215465753,191.77332339929623,230.21592570479703,36777.00756761106,88.82575700756522,1,1.3763933622051208,1.3763933622051208,0.0,2556.460379921797,2556.460379921797,0.0,3.270730121253488,3.270730121253488,0.0,1,0.101345897080584,0.101345897080584,0.0,983.3795995568807,983.3795995568807,0.0,1.820520125742424,1.820520125742424,0.0,0.2629422792736227,2.3432898901523216,0.8481762255517549,2.02754678092537,0.7194029095912213,1.564326340358736,60.42198006028286,99.95362856480408,99.95362856480408,0,0.0,0.0,0.0,3.0,0.0,3.0,16.0,7.0,7.0,15.0019,8.0723,8.0723
1,-1.0,-0.9063077870366503,10,19.666666666666668,2022-10-12 19:40:00.000,0,0.0,1,0.0587011594685051,0.0587011594685051,0.0,6.0,6.0,0.0,62.36935233201881,62.36935233201881,0.0,1,2.061501464069181,2.061501464069181,0.0,1636.2105804827047,1636.2105804827047,0.0,29.49806227407996,29.49806227407996,0.0,5.012629190970164,41.55932853445592,22.868185092213235,34.05050025976854,522.9538894117237,28.436453398376887,1,3.146988209290491e-05,3.146988209290491e-05,0.0,2.0,2.0,0.0,1.4785929278829302,1.4785929278829302,0.0,1,0.1176179977629712,0.1176179977629712,0.0,1516.3239658589027,1516.3239658589027,0.0,0.7850232178395601,0.7850232178395601,0.0,0.055065242955544,0.9686363177538292,0.3385356382694007,0.9925221390249797,0.1146063783784705,0.5019134925190402,1,0.0420599057888466,0.0420599057888466,0.0,2.0,2.0,0.0,247.11580000400085,247.11580000400085,0.0,2,3.3482483515692394,6.6864722287946,3.33822387722536,707.5706963892567,1413.1413927785134,705.5706963892567,142.18611876375053,139.05138905731994,3.1347297064305906,30.72790873835401,191.72671817045116,119.77187416658738,170.7854100506319,14345.301841376842,129.41897783028767,1,0.0004427121480095,0.0004427121480095,0.0,4.0,4.0,0.0,2.2193229472619125,2.2193229472619125,0.0,1,0.314790694004639,0.314790694004639,0.0,3008.4446666534755,3008.4446666534755,0.0,1.3765326033573435,1.3765326033573435,0.0,0.1642635066827115,1.6819297716258037,0.4098294629260669,1.55579228301737,0.1679601886822684,1.2653487576277134,100.02318571759795,99.95362856480408,99.95362856480408,0,0.0,0.0,0.0,1.0,0.0,1.0,8.0,0.0,8.0,64.0284,0.0,56.9141
1,-1.0,-0.898794046299167,10,19.733333333333334,2022-10-26 19:44:00.000,0,0.0,1,0.7448625844045722,0.7448625844045722,0.0,480.0,480.0,0.0,47.124268919135424,47.124268919135424,0.0,1,0.306936035015525,0.306936035015525,0.0,210.0,210.0,0.0,21.867102397523688,21.867102397523688,0.0,4.950674092671617,36.0889162915522,15.806016199851156,34.7861173209742,249.8301481099572,20.490450998821256,1,0.0082913115732073,0.0082913115732073,0.0,256.0,256.0,0.0,0.8651441871607299,0.8651441871607299,0.0,1,0.0967278246799228,0.0967278246799228,0.0,936.0,936.0,0.0,0.6865713700945757,0.6865713700945757,0.0,0.0332188388527252,0.7445846385977971,0.2048325541030818,0.7946112927865238,0.0419563752203919,0.4342660207552622,1,4.461668093019597,4.461668093019597,0.0,88.0,88.0,0.0,259.35370850481627,259.35370850481627,0.0,1,12.051476818371867,12.051476818371867,0.0,2406.3466523191164,2406.3466523191164,0.0,30.32665891094293,30.32665891094293,0.0,20.779354120058866,111.3809179394842,119.31464934611098,46.4710438844288,14235.985548585422,27.610395926755604,1,0.2798955290917773,0.2798955290917773,0.0,1117.392620992378,1117.392620992378,0.0,3.669516547798864,3.669516547798864,0.0,1,0.4701911548043926,0.4701911548043926,0.0,1879.344381485185,1879.344381485185,0.0,2.8889524115570517,2.8889524115570517,0.0,0.3029119811027915,3.236212995388081,0.8397289558319694,3.2032259105158367,0.7051447192626497,2.258629145301565,64.87363783909113,99.95362856480408,99.95362856480408,0,0.0,0.0,0.0,10.0,8.0,8.0,23.0,9.0,9.0,0.0,0.0,0.0
1,-0.866025403784439,-0.898794046299167,11,19.733333333333334,2022-11-05 19:44:00.000,0,0.0,1,0.0389308384622211,0.0389308384622211,0.0,4.0,4.0,0.0,28.67000975303853,28.67000975303853,0.0,1,1.968852698274258,1.968852698274258,0.0,874.0,874.0,0.0,26.662226216302056,26.662226216302056,0.0,26.419586885468064,33.47185313998536,128.80614772520045,24.91213583359529,16591.02369180616,20.645976387289867,1,0.0520516905989586,0.0520516905989586,0.0,718.0,718.0,0.0,0.7563186213682928,0.7563186213682928,0.0,1,0.0005755790540683,0.0005755790540683,0.0,2.0,2.0,0.0,0.6396343708159744,0.6396343708159744,0.0,0.0626317662749576,0.6273929558749314,0.2678299693483181,0.58674257093056,0.071732892481121,0.2999205519890878,1,8.804570335492855,8.804570335492855,0.0,2265.647205175659,2265.647205175659,0.0,64.42414152516739,64.42414152516739,0.0,1,5.346060878968572,5.346060878968572,0.0,2740.931126814478,2740.931126814478,0.0,55.61957118967453,55.61957118967453,0.0,23.37115142517069,65.44272676521804,168.47376306788226,58.8419046954364,28383.408842252924,45.575697991939606,1,0.0649043820174348,0.0649043820174348,0.0,366.7375415864999,366.7375415864999,0.0,2.57907408561217,2.57907408561217,0.0,1,0.2222443686367592,0.2222443686367592,0.0,3030.258033313671,3030.258033313671,0.0,2.035619473439917,2.035619473439917,0.0,0.4471750588506295,2.554136270332961,1.5121209471270851,2.2674256290806967,2.286509758740513,1.7399243663005437,21.006260143751447,99.95362856480408,99.95362856480408,0,0.0,0.0,0.0,6.0,2.0,2.0,0.0,0.0,0.0,26.061,13.0305,13.0305
1,-0.866025403784439,-0.898794046299167,11,19.733333333333334,2022-11-15 19:44:00.000,0,0.0,1,2.5161707880759465,2.5161707880759465,0.0,1459.7828359415844,1459.7828359415844,0.0,31.146651322755893,31.146651322755893,0.0,1,4.114363548190212,4.114363548190212,0.0,1812.5879158767216,1812.5879158767216,0.0,24.59550532946306,24.59550532946306,0.0,8.358702242593433,35.14244922558283,23.3209843709555,27.55454933300554,543.8683120303507,21.663909495628378,1,0.0888422058144302,0.0888422058144302,0.0,3439.2659128262558,3439.2659128262558,0.0,0.8533693014842796,0.8533693014842796,0.0,1,0.0009274647472995,0.0009274647472995,0.0,10.0,10.0,0.0,0.6883049455688145,0.6883049455688145,0.0,0.061997293417629,0.7777689940909907,0.2590340835113062,0.8075411471448192,0.0670986564205423,0.4053879938311062,1,20.05511647314907,20.05511647314907,0.0,1509.738376642823,1509.738376642823,0.0,158.62611702006544,158.62611702006544,0.0,1,0.0161986233888455,0.0161986233888455,0.0,2.0,2.0,0.0,88.43331210094561,88.43331210094561,0.0,11.444975068712491,129.44672810957937,40.13923471715711,122.3877168017468,1611.1581636790304,86.05118796662111,1,0.1104842724452828,0.1104842724452828,0.0,2586.9863350161168,2586.9863350161168,0.0,2.802158956536391,2.802158956536391,0.0,1,0.0387586660502168,0.0387586660502168,0.0,885.0,885.0,0.0,2.0383174099031534,2.0383174099031534,0.0,0.2662192269886919,2.554490627689157,0.5927369991482748,2.507639945353557,0.3513371501593019,1.8217629210985795,89.10271272895896,99.95362856480408,99.95362856480408,0,0.0,0.0,0.0,1.0,0.0,1.0,0.0,0.0,0.0,34.2776,17.1388,17.1388
0,0.0,0.7460573750616994,1,3.216666666666667,2023-01-12 03:13:00.000,0,0.0,1,7.517345882145463,7.517345882145463,0.0,370.3843122341995,370.3843122341995,0.0,97.52115621794326,97.52115621794326,0.0,1,1.5034335207577598,1.5034335207577598,0.0,927.0,927.0,0.0,32.26583095990379,32.26583095990379,0.0,51.6327372260125,85.29788670896983,107.47900809004337,44.0027905439032,11551.737180019603,28.61038609785308,1,0.0933497948238686,0.0933497948238686,0.0,276.0,276.0,0.0,1.1092852606456385,1.1092852606456385,0.0,1,0.0031908613718875,0.0031908613718875,0.0,12.0,12.0,0.0,0.8280632290696192,0.8280632290696192,0.0,0.135175581989129,0.8900012416786641,0.3591072856394497,0.8980997873433892,0.1289580425993333,0.4264393673627404,1,412.4409679635535,412.4409679635535,0.0,2445.557113891747,2445.557113891747,0.0,669.3964130248387,669.3964130248387,0.0,1,10.70240173589346,10.70240173589346,0.0,697.4814565969202,697.4814565969202,0.0,188.30323507357437,188.30323507357437,0.0,115.65602346799822,425.980742592814,386.44047149672906,253.90809565462635,149336.23801061427,161.21843595112796,1,0.4764300627513407,0.4764300627513407,0.0,1985.2574953106573,1985.2574953106573,0.0,2.6501473510704225,2.6501473510704225,0.0,2,0.0970248389494266,0.1939399962723773,0.0969151573229507,923.2895929086015,1841.579185817203,918.2895929086015,1.7788187947893044,1.733987120958592,0.0448316738307124,0.5254389643590104,2.23723139489878,1.7903559196620191,2.0729704858009588,3.205374319068835,1.4736834211244607,57.66287966612567,99.79132854161836,99.95362856480408,0,0.0,0.0,0.0,10.0,2.0,5.0,0.0,0.0,0.0,0.0,0.0,0.0
0,0.0,0.5807029557109398,1,2.3666666666666667,2023-01-27 02:22:00.000,0,0.0,1,4.789050523546663,4.789050523546663,0.0,115.87324828192806,115.87324828192806,0.0,66.4926837175696,66.4926837175696,0.0,1,0.0823370492572337,0.0823370492572337,0.0,6.0,6.0,0.0,39.32072673659342,39.32072673659342,0.0,28.606106923908207,62.73646712975069,64.78955737464437,45.61959268742022,4197.686744802336,31.346328906671012,1,0.0941895297990542,0.0941895297990542,0.0,1659.0698402432072,1659.0698402432072,0.0,0.7813565003517916,0.7813565003517916,0.0,1,0.0775940488644356,0.0775940488644356,0.0,621.1044192400889,621.1044192400889,0.0,0.6242393589792142,0.6242393589792142,0.0,0.0525701447889521,0.6812308193888967,0.2338776339994654,0.7016765589134657,0.0546987476851879,0.3482716029514296,1,121.48342757423347,121.48342757423347,0.0,4130.230486558571,4130.230486558571,0.0,316.54620220229765,316.54620220229765,0.0,1,0.0219256123706657,0.0219256123706657,0.0,2.0,2.0,0.0,183.22167445222047,183.22167445222047,0.0,89.31715601066576,305.1760181610944,227.49194773052608,241.2449738089754,51752.5862822284,149.41388808002787,1,0.948266875326766,0.948266875326766,0.0,1875.6890940970304,1875.6890940970304,0.0,3.9925006835373065,3.9925006835373065,0.0,1,0.6575980648253799,0.6575980648253799,0.0,1881.3069608859944,1881.3069608859944,0.0,3.0442338082105405,3.0442338082105405,0.0,0.4728342821707222,3.549702092472645,1.0964572715980223,3.4462942133723,1.2022185484401793,2.2189599458448264,58.72942267563182,99.8840714120102,99.95362856480408,0,0.0,0.0,0.0,15.0,6.0,6.0,0.0,0.0,0.0,5.177,0.0,5.177
0,0.49999999999999994,-0.9575713608048146,2,19.116666666666667,2023-02-09 19:07:00.000,0,0.0,1,0.0211629440858729,0.0211629440858729,0.0,2.0,2.0,0.0,73.51589359127229,73.51589359127229,0.0,1,3.099017051628941,3.099017051628941,0.0,1103.6076008482491,1103.6076008482491,0.0,58.503835281274256,58.503835281274256,0.0,29.693602676718303,79.48248941109999,76.48791845940444,66.46569526575647,5850.401670252502,52.693559088147815,1,0.001095649485058,0.001095649485058,0.0,16.0,16.0,0.0,1.0231441096189706,1.0231441096189706,0.0,1,0.0002261352430095,0.0002261352430095,0.0,2.0,2.0,0.0,0.908497435617014,0.908497435617014,0.0,0.0694507666881002,0.9185226227547332,0.2535126534010405,0.94463953735364,0.0642686654344361,0.5409930229304148,1,67.61370890569543,67.61370890569543,0.0,2537.776260734007,2537.776260734007,0.0,376.7485800031905,376.7485800031905,0.0,1,21.23481838921708,21.23481838921708,0.0,1642.372761235447,1642.372761235447,0.0,277.3967919028256,277.3967919028256,0.0,66.66596089807204,343.3203041135108,172.29250126681032,310.3714501348056,29684.70599277384,240.51076565391003,2,0.0517441769663129,0.0995820285236468,0.0478378515573338,149.5,294.0,144.5,3.6817191328743366,3.92968739938295,0.2479682665086138,1,0.4764989074038381,0.4764989074038381,0.0,3032.580036241609,3032.580036241609,0.0,2.710457545960726,2.710457545960726,0.0,0.5488536897806492,3.1980134735312418,1.1885910969068347,3.0698091372718515,1.4127487956461928,2.2393411932377263,61.00162300023185,99.7217713888245,99.95362856480408,0,0.0,0.0,0.0,6.0,3.0,3.0,0.0,0.0,0.0,0.0,0.0,0.0
0,0.8660254037844386,0.7040147244559682,3,2.9833333333333334,2023-03-24 02:59:00.000,0,0.0,1,0.0148882459031867,0.0148882459031867,0.0,6.0,6.0,0.0,39.57245751073909,39.57245751073909,0.0,1,1.730741104801382,1.730741104801382,0.0,1507.700680363736,1507.700680363736,0.0,37.55033188845367,37.55033188845367,0.0,17.20801834244061,42.93901220670402,32.41789191920446,38.282879727701086,1050.9197164852217,31.975410694546024,1,0.0762816338935399,0.0762816338935399,0.0,548.0,548.0,0.0,0.664754524913401,0.664754524913401,0.0,1,0.0806272258550465,0.0806272258550465,0.0,1717.9732513271956,1717.9732513271956,0.0,0.5447893383654852,0.5447893383654852,0.0,0.0573477022940859,0.5872939842283176,0.1945338268740969,0.5990756274145118,0.0378434097982811,0.3102416188606623,1,57.299841776420806,57.299841776420806,0.0,3482.7976505218444,3482.7976505218444,0.0,338.6849991667688,338.6849991667688,0.0,1,4.349241627748427,4.349241627748427,0.0,120.0,120.0,0.0,268.4444498607984,268.4444498607984,0.0,79.5602776010461,336.123182278094,159.28380447748262,307.8962958250978,25371.33036882091,233.0685604668376,2,0.1208254843053846,0.2006563461004136,0.0798308617950289,413.1138257080688,706.2276514161376,293.1138257080688,3.9548350550971447,4.033382012407307,0.0785469573101618,1,0.0180942862153736,0.0180942862153736,0.0,54.0,54.0,0.0,2.5865478951609964,2.5865478951609964,0.0,9.223733699464509,5.057736624879509,77.15412184579075,3.400267652956102,5952.758517795127,1.8069568237370937,59.81915140273591,99.69858567122652,99.95362856480408,0,0.0,0.0,0.0,7.0,3.0,3.0,3.0,0.0,3.0,0.0,0.0,0.0
0,1.0,0.7040147244559682,4,2.9833333333333334,2023-04-03 02:59:00.000,0,0.0,1,1.5161407879080642,1.5161407879080642,0.0,1882.510258943791,1882.510258943791,0.0,41.460292082159086,41.460292082159086,0.0,1,0.0512235053686254,0.0512235053686254,0.0,32.0,32.0,0.0,34.8078914851789,34.8078914851789,0.0,16.45080517132364,43.66185134829036,45.36618609078743,39.579934434978426,2058.090840423955,32.13098874014048,1,0.1228002708677515,0.1228002708677515,0.0,1809.3031130133215,1809.3031130133215,0.0,0.703931341442269,0.703931341442269,0.0,1,0.1371198109933602,0.1371198109933602,0.0,917.216319251856,917.216319251856,0.0,0.560506419095377,0.560506419095377,0.0,0.0475256469050109,0.6358095293846612,0.1974075530855833,0.6425785033106872,0.0389697420152373,0.3504540186655123,1,29.206094611841053,29.206094611841053,0.0,3381.609973017906,3381.609973017906,0.0,255.5883363044412,255.5883363044412,0.0,1,12.921225948933994,12.921225948933994,0.0,540.0,540.0,0.0,218.1348982573584,218.1348982573584,0.0,28.29432912478128,249.95603010350524,103.0717484976078,242.26414077406983,10623.785338354117,194.6642939156324,2,0.0228393197067209,0.0432538730758853,0.0204145533691644,121.94122294396492,241.88244588792983,119.94122294396492,2.9010778919093907,2.95312450480104,0.0520466128916492,1,0.3225337188453485,0.3225337188453485,0.0,3393.8334541607387,3393.8334541607387,0.0,2.4163368746928517,2.4163368746928517,0.0,28.15300210453656,7.347302102768532,135.13103311335473,2.603765281133403,18260.39611028257,1.895993666708869,69.64989566427082,98.37699976814282,99.95362856480408,0,0.0,0.0,0.0,3.0,1.0,2.0,0.0,0.0,0.0,0.0,0.0,0.0
1,-0.866025403784439,0.2798290140309927,11,10.916666666666666,2023-11-09 10:55:00.000,0,0.0,1,0.012473089086427,0.012473089086427,0.0,6.0,6.0,0.0,67.03875858408063,67.03875858408063,0.0,1,11.397877701380716,11.397877701380716,0.0,2662.25111081014,2662.25111081014,0.0,27.09714966375348,27.09714966375348,0.0,10.459676039175012,45.2558841368078,26.919472323990853,35.303433706698684,724.6579902021095,25.759856724742207,1,0.1778255399767325,0.1778255399767325,0.0,717.0559161423599,717.0559161423599,0.0,1.2068592565261,1.2068592565261,0.0,1,0.1541635769950897,0.1541635769950897,0.0,3519.1851866209804,3519.1851866209804,0.0,0.8695469525446977,0.8695469525446977,0.0,0.1042235813805211,0.9451215246311392,0.3293263301465283,0.9337516518390644,0.1084558317277801,0.5135688440764066,1,19.985685768566555,19.985685768566555,0.0,302.0,302.0,0.0,576.2378807168205,576.2378807168205,0.0,1,180.34170609922612,180.34170609922612,0.0,3229.204865937845,3229.204865937845,0.0,121.2095619409339,121.2095619409339,0.0,73.22023829722282,319.5778026407216,232.12965573917205,247.20663457082927,53884.17707358653,112.61146433671678,1,0.0016564681356849,0.0016564681356849,0.0,4.0,4.0,0.0,1.76804760369949,1.76804760369949,0.0,1,0.0277684580322811,0.0277684580322811,0.0,917.3541597350464,917.3541597350464,0.0,0.7575042634628455,0.7575042634628455,0.0,9.574040638279122,2.9368718759912387,85.52579674950624,0.9003509781021728,7314.661909637854,0.7075495540712546,100.02318571759795,99.35079990725713,99.95362856480408,0,0.0,0.0,0.0,6.0,0.0,5.0,0.0,0.0,0.0,20.0914,0.0,20.0914
1,-0.866025403784439,0.6190939493098339,11,2.55,2023-11-23 02:33:00.000,0,0.0,1,112.43855433179058,112.43855433179058,0.0,3958.223967667729,3958.223967667729,0.0,206.1491195307501,206.1491195307501,0.0,1,0.0390149590441666,0.0390149590441666,0.0,6.0,6.0,0.0,86.6582524768606,86.6582524768606,0.0,22.42379002786505,140.4625833256476,87.32712470489531,113.0696994593494,7626.0267092243375,46.59466574280464,1,1.0183999556359806,1.0183999556359806,0.0,4104.978261796701,4104.978261796701,0.0,2.424258167685545,2.424258167685545,0.0,1,0.0318936789796213,0.0318936789796213,0.0,94.0,94.0,0.0,1.3011673576688956,1.3011673576688956,0.0,0.2125407393938741,1.9092795848620336,0.8050055677245598,1.8523399283123485,0.6480339640675408,0.9086008505025176,1,888.2813457192052,888.2813457192052,0.0,4296.542623108574,4296.542623108574,0.0,1765.0452637041765,1765.0452637041765,0.0,1,0.0320596435086599,0.0320596435086599,0.0,2.0,2.0,0.0,941.9044583509084,941.9044583509084,0.0,175.5337816361553,1268.981733644922,697.3667392642299,1122.7836395654952,486320.3690320243,432.8213013655852,1,0.2098515092298996,0.2098515092298996,0.0,1636.262914777506,1636.262914777506,0.0,0.9727152928449232,0.9727152928449232,0.0,2,0.0002343025303286,0.0002869131335735,5.261060324490696e-05,20.69273452135508,39.38546904271016,18.69273452135508,0.5550325294740328,0.5363704095563716,0.0186621199176612,0.0959093977301545,0.7316790931707827,0.3091256051260913,0.6381800375232283,0.0955586397445721,0.4674850066428807,100.02318571759795,99.8840714120102,99.95362856480408,0,0.0,0.0,0.0,13.0,6.0,6.0,0.0,0.0,0.0,26.9341,26.9341,26.9341
0,0.0,-0.0610485395348565,1,12.233333333333333,2024-01-20 12:14:00.000,0,0.0,1,1.854305055003884,1.854305055003884,0.0,316.0,316.0,0.0,47.991400410288975,47.991400410288975,0.0,1,4.794771368856615,4.794771368856615,0.0,2444.70843320348,2444.70843320348,0.0,43.03189890017296,43.03189890017296,0.0,10.073765726989947,50.55044482304781,16.645283047749107,45.38359408022773,277.06544773968375,37.85862879350598,1,0.0659042140583997,0.0659042140583997,0.0,836.0,836.0,0.0,0.9114867120468624,0.9114867120468624,0.0,1,0.0779639220064223,0.0779639220064223,0.0,828.9087681616224,828.9087681616224,0.0,0.82269255782182,0.82269255782182,0.0,0.0530850964981506,0.8395604910478243,0.2199399887494585,0.877568909633333,0.0483735986511119,0.4970129002083202,1,0.1688022558752209,0.1688022558752209,0.0,26.0,26.0,0.0,428.0086213426057,428.0086213426057,0.0,1,43.82268256331912,43.82268256331912,0.0,3182.951998942736,3182.951998942736,0.0,364.3967873728138,364.3967873728138,0.0,28.25767626089496,400.29618055641936,60.40572891875083,393.7107368319206,3648.85208620561,333.52931736269005,1,0.0042638166039887,0.0042638166039887,0.0,6.0,6.0,0.0,2.363312488425377,2.363312488425377,0.0,1,0.4435921848466138,0.4435921848466138,0.0,3161.547408604604,3161.547408604604,0.0,1.683116523607274,1.683116523607274,0.0,0.3164651091008751,1.957033917439348,0.6585564565235928,1.8821108900745016,0.4336966064289109,1.139142431876916,61.58126594018085,83.58451194064457,83.58451194064457,0,0.0,0.0,0.0,0.0,0.0,0.0,0.0,0.0,0.0,0.0,0.0,0.0
0,0.0,0.9006982393225879,1,4.283333333333333,2024-01-30 04:17:00.000,0,0.0,1,14.876475056553032,14.876475056553032,0.0,793.7229637849571,793.7229637849571,0.0,85.77456236751885,85.77456236751885,0.0,1,32.706117341083655,32.706117341083655,0.0,2240.592133112706,2240.592133112706,0.0,51.47768367875565,51.47768367875565,0.0,25.80581255119748,78.78902564092039,84.8639108008793,70.73072177687015,7201.8833564195975,33.49137867187304,1,0.1115712533186732,0.1115712533186732,0.0,1653.7729765093222,1653.7729765093222,0.0,0.9497367890739644,0.9497367890739644,0.0,1,0.0002047386004742,0.0002047386004742,0.0,2.0,2.0,0.0,0.7720451625545529,0.7720451625545529,0.0,0.0567327617048358,0.8371195009292994,0.2218064619936376,0.8704147077284047,0.049198106582135,0.5110390242230546,1,77.66579334641528,77.66579334641528,0.0,1562.098605980262,1562.098605980262,0.0,404.358344368453,404.358344368453,0.0,1,0.0823832843802847,0.0823832843802847,0.0,14.0,14.0,0.0,236.91491937532044,236.91491937532044,0.0,59.90218265676657,350.3573303694581,214.09058042822195,322.84420213876604,45834.77662809297,229.29024821237437,1,0.7146697961051176,0.7146697961051176,0.0,1712.9825606847658,1712.9825606847658,0.0,2.7613655262735883,2.7613655262735883,0.0,1,0.0044065917223714,0.0044065917223714,0.0,50.0,50.0,0.0,1.4614005337086962,1.4614005337086962,0.0,0.3716094052608899,2.17782672332656,0.94477183659097,1.95158838469425,0.8925938232154743,1.1764112648421083,60.76976582425226,80.47762578251798,80.47762578251798,0,0.0,0.0,0.0,0.0,0.0,0.0,2.0,0.0,2.0,0.0,0.0,0.0
0,0.49999999999999994,-0.6122172800344494,2,21.483333333333334,2024-02-12 21:29:00.000,0,0.0,1,0.0087315289740033,0.0087315289740033,0.0,2.0,2.0,0.0,32.47686920939008,32.47686920939008,0.0,1,0.0088272415458412,0.0088272415458412,0.0,8.0,8.0,0.0,24.59227390450815,24.59227390450815,0.0,11.201290065131111,33.978180511956985,21.28781676964255,27.03860045779701,453.1711428178746,21.96185401255212,1,0.0119602485494251,0.0119602485494251,0.0,116.0,116.0,0.0,0.7661761866697965,0.7661761866697965,0.0,1,0.1135530518001882,0.1135530518001882,0.0,848.2130200011215,848.2130200011215,0.0,0.6327728213733806,0.6327728213733806,0.0,0.041292505769012,0.663611061665376,0.1821934573228492,0.710107500318208,0.0331944558912528,0.3735537627877452,1,2.5385649164518327,2.5385649164518327,0.0,156.0,156.0,0.0,241.2431873810042,241.2431873810042,0.0,1,5.937651666779672,5.937651666779672,0.0,994.0,994.0,0.0,113.72939131673373,113.72939131673373,0.0,19.540846635503154,172.3146651264571,65.42626457975015,152.26186996567014,4280.596096859469,108.55373211239956,2,0.0113971401197909,0.019938480737184,0.008541340617393,26.0,48.0,22.0,2.586378033920393,2.633575882018403,0.0471978480980097,1,0.0668123210467179,0.0668123210467179,0.0,430.0,430.0,0.0,0.8130401975208135,0.8130401975208135,0.0,0.2860485177498966,1.9261854783636805,0.8257317370885209,1.9243636347034567,0.6818329016352261,0.8079492698130367,58.61349408764202,91.56039879434267,91.56039879434267,0,4.0,1.0,3.0,20.0,7.0,7.0,12.0,6.0,6.0,0.0,0.0,0.0
0,0.8660254037844386,0.9753423205085127,3,5.15,2024-03-12 05:09:00.000,0,0.0,1,1.0642133355861958,1.0642133355861958,0.0,684.0,684.0,0.0,37.11929489795084,37.11929489795084,0.0,1,0.7481293804933316,0.7481293804933316,0.0,292.28814152707554,292.28814152707554,0.0,27.58179544515316,27.58179544515316,0.0,56.38493989087766,42.38251225902339,150.3401899000071,33.72208201509218,22602.1726991702,24.836593847353328,1,0.1488326817412177,0.1488326817412177,0.0,479.7349550135512,479.7349550135512,0.0,1.0312155076404586,1.0312155076404586,0.0,1,0.0088643789586423,0.0088643789586423,0.0,476.0,476.0,0.0,0.6479908205280753,0.6479908205280753,0.0,0.0683724356392954,0.7647942378588952,0.2762489941356186,0.7182083214816121,0.076313506760941,0.4153098599418606,0,0.0,0.0,0.0,0.0,0.0,0.0,0.0,0.0,0.0,0,0.0,0.0,0.0,0.0,0.0,0.0,0.0,0.0,0.0,0.0,0.0,0.0,0.0,0.0,0.0,0,0.0,0.0,0.0,0.0,0.0,0.0,0.0,0.0,0.0,0,0.0,0.0,0.0,0.0,0.0,0.0,0.0,0.0,0.0,0.0,0.0,0.0,0.0,0.0,0.0,52.51565035937862,0.0,0.0,0,3.0,0.0,2.0,7.0,0.0,4.0,3.0,2.0,2.0,0.0,0.0,0.0
0,1.0,0.8503522249955627,4,3.8833333333333333,2024-04-12 03:53:00.000,0,0.0,1,0.223475233366976,0.223475233366976,0.0,148.0,148.0,0.0,33.28489374021066,33.28489374021066,0.0,1,0.0263928445026522,0.0263928445026522,0.0,16.0,16.0,0.0,32.08752409888538,32.08752409888538,0.0,12.460942718667908,35.00869678214806,29.617554550932677,31.317484853216968,877.1995375774727,23.79811424329569,1,0.0763254421605966,0.0763254421605966,0.0,991.0,991.0,0.0,0.9478946260762128,0.9478946260762128,0.0,1,0.017990792025318,0.017990792025318,0.0,146.0,146.0,0.0,0.8691650587737391,0.8691650587737391,0.0,0.1109664454450107,0.8047268149479894,0.3884061313081436,0.7780686033695899,0.1508593228377588,0.3447835916647933,0,0.0,0.0,0.0,0.0,0.0,0.0,0.0,0.0,0.0,0,0.0,0.0,0.0,0.0,0.0,0.0,0.0,0.0,0.0,0.0,0.0,0.0,0.0,0.0,0.0,0,0.0,0.0,0.0,0.0,0.0,0.0,0.0,0.0,0.0,0,0.0,0.0,0.0,0.0,0.0,0.0,0.0,0.0,0.0,0.0,0.0,0.0,0.0,0.0,0.0,26.45490377927197,0.0,0.0,0,2.0,2.0,2.0,0.0,0.0,0.0,6.0,0.0,5.0,0.2276,0.2276,0.2276
1,0.8660254037844387,-0.984040697646291,5,18.683333333333334,2024-05-03 18:41:00.000,0,0.0,1,1.3548083202056205,1.3548083202056205,0.0,34.0,34.0,0.0,535.9646507200102,535.9646507200102,0.0,1,0.5774712679972254,0.5774712679972254,0.0,2.0,2.0,0.0,369.0596448515669,369.0596448515669,0.0,41.15035190742311,450.1567136649303,136.25610396523004,457.5451930953162,18565.725867783574,261.7458974709804,1,0.0024603339837714,0.0024603339837714,0.0,2.0,2.0,0.0,5.434506093651708,5.434506093651708,0.0,1,0.2949893562485055,0.2949893562485055,0.0,528.0,528.0,0.0,3.988107590507857,3.988107590507857,0.0,0.3314594107108479,4.633206054171684,1.3966768773288367,4.74580294598716,1.9507062996650304,2.561314430196837,0,0.0,0.0,0.0,0.0,0.0,0.0,0.0,0.0,0.0,0,0.0,0.0,0.0,0.0,0.0,0.0,0.0,0.0,0.0,0.0,0.0,0.0,0.0,0.0,0.0,0,0.0,0.0,0.0,0.0,0.0,0.0,0.0,0.0,0.0,0,0.0,0.0,0.0,0.0,0.0,0.0,0.0,0.0,0.0,0.0,0.0,0.0,0.0,0.0,0.0,55.06607929515418,0.0,0.0,0,6.0,1.0,5.0,2.0,2.0,2.0,0.0,0.0,0.0,6.1378,0.0,6.1378
1,0.8660254037844387,-0.923879532511287,5,19.5,2024-05-24 19:30:00.000,0,0.0,1,0.0101664385229334,0.0101664385229334,0.0,2.0,2.0,0.0,27.389806176106585,27.389806176106585,0.0,1,0.2525639045953056,0.2525639045953056,0.0,664.0,664.0,0.0,26.618697758300478,26.618697758300478,0.0,14.731183599570734,39.46183794621252,36.89238769121313,29.572184384185565,1361.048269558774,21.650662497526778,1,5.6965406763809234e-05,5.6965406763809234e-05,0.0,4.0,4.0,0.0,0.5942616522920888,0.5942616522920888,0.0,1,0.0259323766311928,0.0259323766311928,0.0,726.0,726.0,0.0,0.5584131815201234,0.5584131815201234,0.0,0.0842317772188766,0.712247888125663,0.3087873188634504,0.7100369256989458,0.0953496082908782,0.2918573042254359,1,136.9526619350598,136.9526619350598,0.0,1624.8627281442648,1624.8627281442648,0.0,282.40403494285977,282.40403494285977,0.0,1,1.3114580826105566,1.3114580826105566,0.0,68.0,68.0,0.0,90.21152446353656,90.21152446353656,0.0,22.322025502937777,209.13585845013515,128.79276160822886,169.53908589637314,16587.575442674068,92.63720889433525,1,0.0170710524169275,0.0170710524169275,0.0,74.0,74.0,0.0,1.3648318970903046,1.3648318970903046,0.0,2,0.0001701884254004,0.0001992548913957,2.906646599526441e-05,2.0,2.0,0.0,0.9532200639149246,0.9380727197009068,0.0151473442140178,0.1103050434013328,1.1144190653388375,0.3004232579569571,1.065248787741221,0.0902541339214724,0.8378988701846586,19.52237421748203,90.40111291444472,90.40111291444472,0,1.0,0.0,1.0,19.0,3.0,11.0,4.0,2.0,2.0,10.0598,10.0598,10.0598
1,0.5000000000000003,-0.923879532511287,6,19.5,2024-06-03 19:30:00.000,0,0.0,1,4.308801596262462,4.308801596262462,0.0,1572.2360137184046,1572.2360137184046,0.0,67.91775757861258,67.91775757861258,0.0,1,5.8198484989002,5.8198484989002,0.0,458.0,458.0,0.0,56.65355928713838,56.65355928713838,0.0,11.741037368496944,67.17775733741647,24.955779303106556,64.93578871623832,622.7909206253613,50.484440653128274,1,0.0410578528894989,0.0410578528894989,0.0,56.0,56.0,0.0,2.4489222145935243,2.4489222145935243,0.0,1,0.0313788126956284,0.0313788126956284,0.0,148.0,148.0,0.0,1.4661517160876345,1.4661517160876345,0.0,0.2018893840705333,1.797949208650139,0.7681744688347358,1.7140003146033602,0.5900920145695285,0.8170773480749353,1,0.0169943917501314,0.0169943917501314,0.0,2.0,2.0,0.0,514.18033025912,514.18033025912,0.0,1,0.8072810386780702,0.8072810386780702,0.0,46.0,46.0,0.0,465.9113313696906,465.9113313696906,0.0,13.388904902105558,474.9101152068983,60.75002518359309,483.9654439387176,3690.565559807195,376.7211058183584,1,0.0006794877122209,0.0006794877122209,0.0,12.0,12.0,0.0,1.5694567542912374,1.5694567542912374,0.0,1,0.1187777407928454,0.1187777407928454,0.0,2146.095036141605,2146.095036141605,0.0,1.2250345280172437,1.2250345280172437,0.0,0.114491349953583,1.4739224908185522,0.3441066904850193,1.3465756463903515,0.1184094144365528,1.1285534688718974,49.31602133086019,60.32923718989103,60.32923718989103,0,3.0,1.0,2.0,5.0,2.0,2.0,1.0,0.0,1.0,19.5001,0.0,19.5001
1,1.2246467991473532e-16,0.917060074385124,7,4.433333333333334,2024-07-13 04:26:00.000,0,0.0,1,14.901916687293664,14.901916687293664,0.0,372.0,372.0,0.0,234.2430644276997,234.2430644276997,0.0,1,56.143149817575775,56.143149817575775,0.0,1164.267813828512,1164.267813828512,0.0,97.30345255824965,97.30345255824965,0.0,33.454445355517215,192.5447603768466,116.12835504692076,188.45307285179112,13485.794845903689,51.39787275342199,1,0.2310766632033534,0.2310766632033534,0.0,1476.625618295608,1476.625618295608,0.0,1.228615385226194,1.228615385226194,0.0,1,0.0877901453827345,0.0877901453827345,0.0,553.0,553.0,0.0,0.8753011958391153,0.8753011958391153,0.0,0.1410805351658433,1.1031813489877609,0.5560037647433855,1.0090682511220057,0.309140186408818,0.4142428691431136,1,308.7129225801053,308.7129225801053,0.0,2194.759677187524,2194.759677187524,0.0,1301.9174611015198,1301.9174611015198,0.0,1,0.3150446021916195,0.3150446021916195,0.0,2.0,2.0,0.0,1004.6981380790852,1004.6981380790852,0.0,108.63757234909198,1097.1543652412947,520.6674292925778,1105.748299155549,271094.5719261416,379.7077870144651,1,0.0611308189000325,0.0611308189000325,0.0,142.0,142.0,0.0,3.2234446070052125,3.2234446070052125,0.0,1,0.9436239134924264,0.9436239134924264,0.0,1926.691399733331,1926.691399733331,0.0,1.8665048288466997,1.8665048288466997,0.0,0.2552609324277983,2.6526929581911944,1.1682439908602145,2.462392349187856,1.364794022181001,1.3153541681669474,54.57917922559703,56.94412242058892,56.94412242058892,0,0.0,0.0,0.0,0.0,0.0,0.0,0.0,0.0,0.0,22.9185,4.6364,18.2821
1,1.2246467991473532e-16,0.5037739770455262,7,2.0166666666666666,2024-07-29 02:01:00.000,0,0.0,1,0.1419753592247161,0.1419753592247161,0.0,4.0,4.0,0.0,593.0204714097586,593.0204714097586,0.0,1,91.79224585879749,91.79224585879749,0.0,1562.8765645870128,1562.8765645870128,0.0,129.67124771113694,129.67124771113694,0.0,84.68625448425753,359.7186333669165,336.7730829378662,237.7233849961869,113416.10939147492,74.67741369720412,1,4.9645481942750536e-05,4.9645481942750536e-05,0.0,2.0,2.0,0.0,1.8691179981081687,1.8691179981081687,0.0,1,0.1554504817452436,0.1554504817452436,0.0,733.0,733.0,0.0,0.6428004506551209,0.6428004506551209,0.0,0.1758550260677902,1.2462461114607677,0.8180402636158403,0.993358515503598,0.6691898728966734,0.3998855738881566,1,80.33633024473602,80.33633024473602,0.0,170.0,170.0,0.0,2441.275160157914,2441.275160157914,0.0,1,0.5532298839814871,0.5532298839814871,0.0,2.0,2.0,0.0,364.7114451594462,364.7114451594462,0.0,195.40452472920975,1293.816727181576,1070.2414717614497,1037.61389675556,1145416.807878114,265.2930181179753,2,0.0200023571168952,0.0399259031466558,0.0199235460297606,139.0,276.0,137.0,4.029242288477738,4.138731235777439,0.1094889472997011,2,0.0023450902910002,0.0044414921472482,0.0020964018562479,7.0,12.0,5.0,3.2783643768012816,3.081657371531186,0.1967070052700956,0.2458992571134222,3.674262061167175,0.7106916109135828,3.739050476547236,0.5050825658229433,2.664462336353542,58.98446556920936,87.24785532112219,87.24785532112219,0,0.0,0.0,0.0,2.0,2.0,2.0,4.0,0.0,4.0,29.868900000000004,0.0,22.4017
1,-0.4999999999999997,0.9523957996432784,8,4.816666666666666,2024-08-19 04:49:00.000,0,0.0,1,89.08653925055393,89.08653925055393,0.0,1325.2804977914996,1325.2804977914996,0.0,155.0434618843408,155.0434618843408,0.0,1,2.75535797992286,2.75535797992286,0.0,640.0,640.0,0.0,26.14559096543303,26.14559096543303,0.0,29.6311950615202,86.78960448412533,84.00155210172069,37.42033249894945,7056.260755498097,23.040404464664125,1,0.0905507590005824,0.0905507590005824,0.0,1707.9001355812134,1707.9001355812134,0.0,0.8289724735432663,0.8289724735432663,0.0,1,0.0487112137144298,0.0487112137144298,0.0,760.0296885747848,760.0296885747848,0.0,0.7067230281037109,0.7067230281037109,0.0,0.1051820437998096,0.7669169405949456,0.2663213319833136,0.768808892599048,0.0709270518693663,0.423492645548021,1,16.7900038602138,16.7900038602138,0.0,234.0,234.0,0.0,608.3892599114066,608.3892599114066,0.0,1,2.2791529794320127,2.2791529794320127,0.0,406.0,406.0,0.0,69.74458341436473,69.74458341436473,0.0,105.14663737821552,256.75867673988034,280.57593955457526,95.3753554393614,78722.85785693268,61.39226239876001,1,0.1215072196896351,0.1215072196896351,0.0,1705.6340366994823,1705.6340366994823,0.0,2.834276396107722,2.834276396107722,0.0,1,0.0006606624663887,0.0006606624663887,0.0,4.0,4.0,0.0,1.543034729516349,1.543034729516349,0.0,0.1810534685965156,2.3157559760697217,0.6458483545046597,2.4295666102208906,0.4171200970163766,1.3891051702931303,61.69719452817065,87.94342684906098,87.94342684906098,0,0.0,0.0,0.0,1.0,1.0,1.0,3.0,0.0,2.0,55.286,18.4287,27.643
1,-0.4999999999999997,0.9523957996432784,8,4.816666666666666,2024-08-29 04:49:00.000,0,0.0,1,0.8380374861858542,0.8380374861858542,0.0,58.0,58.0,0.0,46.00363319630704,46.00363319630704,0.0,1,1.535545098546475,1.535545098546475,0.0,150.0,150.0,0.0,24.468585634115804,24.468585634115804,0.0,31.145622606331823,52.2703263872309,75.11319281658918,33.128384184567054,5641.991735102103,22.347569367743507,1,0.0804573268033306,0.0804573268033306,0.0,2405.75268235435,2405.75268235435,0.0,0.816244561040572,0.816244561040572,0.0,1,0.0001730472839428,0.0001730472839428,0.0,2.0,2.0,0.0,0.7357872342372413,0.7357872342372413,0.0,0.054285942333125,0.7487295439950947,0.2182508810131692,0.7833511325940073,0.0476334470630245,0.4238389168131193,1,4.5997998494969465,4.5997998494969465,0.0,22.0,22.0,0.0,189.98378821616816,189.98378821616816,0.0,1,101.69573163092495,101.69573163092495,0.0,4281.981035490818,4281.981035490818,0.0,93.94677787075328,93.94677787075328,0.0,49.887838000085466,166.76035483856924,180.1565431771107,107.37285307663134,32456.380049526157,73.82691615637354,1,0.0005142902694283,0.0005142902694283,0.0,2.0,2.0,0.0,2.424069073825009,2.424069073825009,0.0,1,0.862622419134496,0.862622419134496,0.0,3987.160230105462,3987.160230105462,0.0,1.4328423349831918,1.4328423349831918,0.0,0.5154891783578426,2.1246842331521254,2.3114343533546937,1.9531916878102025,5.342728769868231,1.1807464812887636,56.03987943426849,99.95362856480408,99.95362856480408,0,3.0,0.0,2.0,0.0,0.0,0.0,5.0,0.0,3.0,19.2235,3.3073,10.1281
1,-0.8660254037844385,0.35836794954530066,9,10.6,2024-09-11 10:36:00.000,0,0.0,1,0.0487202808798983,0.0487202808798983,0.0,4.0,4.0,0.0,44.35956850491265,44.35956850491265,0.0,1,0.0089282050635333,0.0089282050635333,0.0,2.0,2.0,0.0,35.81874367878553,35.81874367878553,0.0,14.602183030501244,55.44784072000552,47.6546000130405,45.45181335163669,2270.96090240288,32.50064098572805,1,0.0015171127531873,0.0015171127531873,0.0,28.0,28.0,0.0,0.840167820811786,0.840167820811786,0.0,1,0.0125892626423274,0.0125892626423274,0.0,889.0,889.0,0.0,0.7984836889246327,0.7984836889246327,0.0,0.0476277791267648,0.7739156949388825,0.191008152801676,0.8131739437634143,0.0364841144367084,0.4747140486946051,1,115.59005225540167,115.59005225540167,0.0,2753.796091059893,2753.796091059893,0.0,297.14448299214257,297.14448299214257,0.0,1,0.7798006414553385,0.7798006414553385,0.0,66.0,66.0,0.0,94.0573507490047,94.0573507490047,0.0,42.879445576497616,234.06310367282552,192.334354995016,182.012218540436,36992.504111348826,89.41198821563559,1,0.0323096717736746,0.0323096717736746,0.0,46.0,46.0,0.0,3.90723469692655,3.90723469692655,0.0,1,0.4137314491257455,0.4137314491257455,0.0,1521.8450593423242,1521.8450593423242,0.0,1.9248438759983104,1.9248438759983104,0.0,0.2527326490955473,2.5879160426072976,1.1148858885768085,2.3292713475904723,1.2429705445476995,1.437262862579238,27.428703918386272,99.95362856480408,99.95362856480408,0,19.0,19.0,19.0,0.0,0.0,0.0,12.0,3.0,6.0,51.6279,10.3256,30.9767
1,-0.8660254037844385,0.90630778703665,9,7.666666666666667,2024-09-24 07:40:00.000,0,0.0,1,1.0918332080008355,1.0918332080008355,0.0,496.0606190665161,496.0606190665161,0.0,38.54184282609053,38.54184282609053,0.0,1,0.3279678595655539,0.3279678595655539,0.0,98.0,98.0,0.0,33.7862087680663,33.7862087680663,0.0,18.8001202955335,46.1717555246095,32.96716760189895,36.270731430006784,1086.8341396916958,25.729911269180636,1,0.0946181075732429,0.0946181075732429,0.0,1627.6831246948564,1627.6831246948564,0.0,0.8616616476424188,0.8616616476424188,0.0,1,0.0563530261628033,0.0563530261628033,0.0,484.0,484.0,0.0,0.7278904343896768,0.7278904343896768,0.0,0.0738016026949101,0.7640172989911189,0.3646978721223354,0.7904520176227727,0.1330045379305593,0.2803867498193982,1,17.706514078730436,17.706514078730436,0.0,2588.4539563178955,2588.4539563178955,0.0,102.10460359655131,102.10460359655131,0.0,1,0.0848079276678817,0.0848079276678817,0.0,2.0,2.0,0.0,83.83615559976218,83.83615559976218,0.0,13.95748218090218,101.48395531625567,59.07220677284957,91.0544458300425,3489.5256130142943,56.49315366629392,1,0.0079965630910869,0.0079965630910869,0.0,8.0,8.0,0.0,4.818196966389047,4.818196966389047,0.0,1,1.7374013314888428,1.7374013314888428,0.0,3202.1047305972115,3202.1047305972115,0.0,2.159776832525588,2.159776832525588,0.0,0.3934744110793656,3.4168747515590803,1.3882734454699552,3.3712321251167663,1.927303159397021,1.7132999160690607,51.68096452585208,99.95362856480408,99.95362856480408,0,2.0,0.0,2.0,4.0,0.0,4.0,4.0,0.0,4.0,52.2704,17.4235,34.8469
1,-1.0,0.8503522249955628,10,8.116666666666667,2024-10-03 08:07:00.000,0,0.0,1,0.1491439684606454,0.1491439684606454,0.0,104.0,104.0,0.0,29.176956807142364,29.176956807142364,0.0,1,0.7109781263675146,0.7109781263675146,0.0,214.0,214.0,0.0,25.828036697076296,25.828036697076296,0.0,37.912287508189245,45.13537270994207,68.05597532124149,29.07051032660667,4631.615776925431,21.617469604180474,1,0.0242256843269133,0.0242256843269133,0.0,372.0,372.0,0.0,0.685734358314914,0.685734358314914,0.0,1,0.0365641242956346,0.0365641242956346,0.0,875.0,875.0,0.0,0.6465417233322343,0.6465417233322343,0.0,0.0610731211289379,0.6242162773491134,0.2674324909734326,0.6668114699751458,0.0715201372282551,0.240551014156411,1,2.8041821367536386,2.8041821367536386,0.0,194.0,194.0,0.0,84.89149991636472,84.89149991636472,0.0,1,35.696464258841786,35.696464258841786,0.0,2668.518425874438,2668.518425874438,0.0,47.44245936490661,47.44245936490661,0.0,17.23853231139417,76.71688699508881,60.33152716222988,61.77091947630254,3639.8931697268818,42.37227519429712,1,1.6126388483974816,1.6126388483974816,0.0,3610.570638499769,3610.570638499769,0.0,5.4191416942129855,5.4191416942129855,0.0,1,0.034501094191579,0.034501094191579,0.0,54.0,54.0,0.0,3.499467123189464,3.499467123189464,0.0,0.4930479782882151,4.322584383488463,1.3771994234388294,4.101863817709346,1.8966782519202443,2.6509962002699994,26.87224669603524,99.95362856480408,99.95362856480408,0,2.0,0.0,1.0,3.0,1.0,2.0,7.0,2.0,5.0,113.1891,25.9902,49.9269
1,-1.0,-0.9304175679820242,10,16.566666666666666,2024-10-13 16:34:00.000,0,0.0,1,1.10942368041583,1.10942368041583,0.0,244.0,244.0,0.0,43.5324966944448,43.5324966944448,0.0,1,0.961343182675762,0.961343182675762,0.0,90.0,90.0,0.0,31.16345601973892,31.16345601973892,0.0,603.3971758498159,155.45583473241695,2722.6961075160148,35.16883844860308,7413074.093882859,23.09929145771173,1,0.0259379835693381,0.0259379835693381,0.0,209.44460888619335,209.44460888619335,0.0,0.757833908178083,0.757833908178083,0.0,1,0.0474712819143033,0.0474712819143033,0.0,338.0,338.0,0.0,0.6758773692994566,0.6758773692994566,0.0,0.0972066424489822,0.6356289878047559,0.2811879849386878,0.6999806054951042,0.0790666828738797,0.2368150004133307,1,6.39093574971659,6.39093574971659,0.0,108.0,108.0,0.0,178.62693258774016,178.62693258774016,0.0,1,8.955811135595624,8.955811135595624,0.0,888.0,888.0,0.0,70.04579844045503,70.04579844045503,0.0,246.8069021084106,168.709517741366,747.1170584385327,112.3265946526594,558183.8990098459,63.6742981958655,1,0.097071580587575,0.097071580587575,0.0,636.0468006084898,636.0468006084898,0.0,3.4348052258849164,3.4348052258849164,0.0,1,0.1313885713982103,0.1313885713982103,0.0,518.1029509127467,518.1029509127467,0.0,2.277642974443621,2.277642974443621,0.0,0.929708823905416,3.050115840812664,2.7995726164066115,2.829799413343788,7.837606834533759,1.9003343644364823,39.531648504521215,99.90725712960815,99.95362856480408,0,5.0,2.0,2.0,7.0,2.0,4.0,7.0,0.0,5.0,68.9347,26.191,26.191
1,-1.0,0.18223552549214772,10,11.3,2024-10-25 11:18:00.000,0,0.0,1,3.284419840943343,3.284419840943343,0.0,454.0,454.0,0.0,34.1085317442772,34.1085317442772,0.0,1,3.542478514258274,3.542478514258274,0.0,1592.8174782332594,1592.8174782332594,0.0,25.23826126615761,25.23826126615761,0.0,25.418517139963644,36.71367670971313,29.05819226771189,28.063932980449167,844.3785378673113,22.46649274022722,1,0.1382218382991753,0.1382218382991753,0.0,1771.0933002395664,1771.0933002395664,0.0,0.7676836945272543,0.7676836945272543,0.0,1,0.2178282747772872,0.2178282747772872,0.0,715.9217898338397,715.9217898338397,0.0,0.5267990095260046,0.5267990095260046,0.0,0.0470456907360937,0.6199444478670288,0.2702613290457689,0.7154459141567153,0.0730411859775853,0.2342590533272009,1,11.73165546310794,11.73165546310794,0.0,1913.3344375254285,1913.3344375254285,0.0,99.0162886275933,99.0162886275933,0.0,1,4.797339887616076,4.797339887616076,0.0,604.0,604.0,0.0,80.59453447229227,80.59453447229227,0.0,20.97418210344735,97.59822145363782,55.442070235611766,90.52765483024989,3073.823152010508,68.2226884537128,1,0.0351875346325663,0.0351875346325663,0.0,98.0,98.0,0.0,3.041034768496788,3.041034768496788,0.0,1,0.3118506558352893,0.3118506558352893,0.0,2105.799185530593,2105.799185530593,0.0,2.378470994512364,2.378470994512364,0.0,0.3169703469863704,2.687261880018154,0.6069785026304101,2.584023518928074,0.3684229026554547,2.0559496615331367,54.57917922559703,99.95362856480408,99.95362856480408,0,3.0,0.0,3.0,2.0,2.0,2.0,7.0,1.0,5.0,10.2924,5.1462,5.1462
1,-0.866025403784439,0.42656873990145827,11,1.6833333333333333,2024-11-24 01:41:00.000,0,0.0,1,2.344830786164664,2.344830786164664,0.0,310.0,310.0,0.0,166.63022941719413,166.63022941719413,0.0,1,0.0135672184656385,0.0135672184656385,0.0,2.0,2.0,0.0,127.48467684873582,127.48467684873582,0.0,14.756136400706984,149.16997380067482,40.3569547459245,146.87732964024346,1628.683796364598,101.82801040599136,1,0.0002897271955926,0.0002897271955926,0.0,2.0,2.0,0.0,1.393199188878768,1.393199188878768,0.0,1,0.1013306579580911,0.1013306579580911,0.0,126.0,126.0,0.0,0.9164047062275268,0.9164047062275268,0.0,0.089541902424459,1.0728244327793273,0.4845164511139592,1.1495153692770228,0.2347561914000656,0.3368872308654657,1,124.6711462731696,124.6711462731696,0.0,3409.2468564344667,3409.2468564344667,0.0,672.8684521230061,672.8684521230061,0.0,1,0.4945418712623564,0.4945418712623564,0.0,8.0,8.0,0.0,480.14323141118086,480.14323141118086,0.0,42.57151256352078,602.9612702078479,124.23227697629936,607.2343435215598,15433.65864271596,447.0101609983054,1,0.1476213361528389,0.1476213361528389,0.0,1147.177226234311,1147.177226234311,0.0,4.143967537415808,4.143967537415808,0.0,2,0.0010841692857987,0.0020530473184683,0.0009688780326695,9.5,10.0,0.5,3.117336935206078,3.059375991796604,0.0579609434094736,0.3084954046009944,3.533402888170061,0.7090971485708715,3.4548928649253474,0.5028187661113406,2.6353125563583992,52.5852075121725,99.95362856480408,99.95362856480408,0,0.0,0.0,0.0,0.0,0.0,0.0,1.0,0.0,1.0,61.0224,0.0,61.0224
0,-0.5000000000000004,0.42656873990145827,12,1.6833333333333333,2024-12-04 01:41:00.000,0,0.0,1,16.343471064680614,16.343471064680614,0.0,1064.2561714448782,1064.2561714448782,0.0,96.87384230513214,96.87384230513214,0.0,1,0.8671805541561639,0.8671805541561639,0.0,104.0,104.0,0.0,73.40296699612767,73.40296699612767,0.0,20.47765175393355,99.0514031668339,48.35237303766581,84.8310396258519,2337.9519783735923,63.336970072597474,1,0.0498252518399979,0.0498252518399979,0.0,556.0,556.0,0.0,1.609241703985474,1.609241703985474,0.0,1,0.2857223485220492,0.2857223485220492,0.0,738.0621399611564,738.0621399611564,0.0,1.1813023515790797,1.1813023515790797,0.0,0.0724272715155868,1.3680948242191262,0.4223462915706011,1.491561412984919,0.1783763900034392,0.6948978577477288,1,119.13497301055298,119.13497301055298,0.0,2014.167429908596,2014.167429908596,0.0,471.46174649445135,471.46174649445135,0.0,1,16.74958918105085,16.74958918105085,0.0,949.3906649671926,949.3906649671926,0.0,278.6139163305834,278.6139163305834,0.0,49.84979985874424,389.884892386532,163.06564637858992,351.4111319521347,26590.40502886734,240.8074730442962,1,0.6033416761757517,0.6033416761757517,0.0,1895.4948314170488,1895.4948314170488,0.0,3.4671881504465114,3.4671881504465114,0.0,1,0.0029821817343527,0.0029821817343527,0.0,10.0,10.0,0.0,2.509961471042682,2.509961471042682,0.0,0.400565642861371,3.17712092982388,0.9279278492258536,2.951792263853864,0.8610500933689187,2.2681217966193303,53.00255042893578,99.95362856480408,99.95362856480408,0,0.0,0.0,0.0,0.0,0.0,0.0,7.0,2.0,4.0,10.5733,10.5733,10.5733
0,-0.5000000000000004,0.42656873990145827,12,1.6833333333333333,2024-12-14 01:41:00.000,0,0.0,1,21.953361136805512,21.953361136805512,0.0,1594.5885799143257,1594.5885799143257,0.0,170.23775563258812,170.23775563258812,0.0,1,0.1009587496964172,0.1009587496964172,0.0,6.0,6.0,0.0,148.2843944957826,148.2843944957826,0.0,11.322986454135282,147.80152998620414,40.69382557332702,148.12335408332825,1655.987439792364,93.36836220497872,1,0.0281164224557479,0.0281164224557479,0.0,142.0,142.0,0.0,1.433840971359399,1.433840971359399,0.0,1,0.1622780515272524,0.1622780515272524,0.0,707.4925628496032,707.4925628496032,0.0,1.0431451906660894,1.0431451906660894,0.0,0.0575938856846275,1.1756577084195328,0.3484665539862948,1.220586905188262,0.1214289392470833,0.6690282372281299,1,147.1846247599458,147.1846247599458,0.0,2274.5307063446103,2274.5307063446103,0.0,749.2061812306599,749.2061812306599,0.0,1,12.60280791043624,12.60280791043624,0.0,708.0671722920433,708.0671722920433,0.0,332.6947222129993,332.6947222129993,0.0,41.35064231742342,587.1445500792721,187.8266389161584,594.1014620042457,35278.84628654094,321.317146149367,1,0.8673501820332774,0.8673501820332774,0.0,1903.907254529307,1903.907254529307,0.0,3.8384396687296336,3.8384396687296336,0.0,1,0.0474426985728917,0.0474426985728917,0.0,456.0,456.0,0.0,2.422800691992245,2.422800691992245,0.0,0.352081053481805,3.3139580146037324,0.9186388498113988,3.1379018189589063,0.8438973363828094,2.247546870180237,55.854393693484816,99.28124275446324,99.28124275446324,0,1.0,0.0,1.0,1.0,0.0,1.0,0.0,0.0,0.0,0.0,0.0,0.0
